# merge_scores mode=fair doms=ja,code,en weights=ja=1,code=1,en=1
# layer	expert	score	hits	mean
0	9	128.000000	0	0.000000
0	28	127.000000	0	0.000000
0	56	126.000000	0	0.000000
0	106	125.000000	0	0.000000
0	115	124.000000	0	0.000000
0	75	123.000000	0	0.000000
0	36	122.000000	0	0.000000
0	91	121.000000	0	0.000000
0	114	120.000000	0	0.000000
0	39	119.000000	0	0.000000
0	96	118.000000	0	0.000000
0	64	117.000000	0	0.000000
0	120	116.000000	0	0.000000
0	54	115.000000	0	0.000000
0	65	114.000000	0	0.000000
0	95	113.000000	0	0.000000
0	126	112.000000	0	0.000000
0	90	111.000000	0	0.000000
0	87	110.000000	0	0.000000
0	3	109.000000	0	0.000000
0	42	108.000000	0	0.000000
0	77	107.000000	0	0.000000
0	82	106.000000	0	0.000000
0	78	105.000000	0	0.000000
0	67	104.000000	0	0.000000
0	5	103.000000	0	0.000000
0	124	102.000000	0	0.000000
0	69	101.000000	0	0.000000
0	103	100.000000	0	0.000000
0	99	99.000000	0	0.000000
0	30	98.000000	0	0.000000
0	33	97.000000	0	0.000000
0	59	96.000000	0	0.000000
0	93	95.000000	0	0.000000
0	113	94.000000	0	0.000000
0	34	93.000000	0	0.000000
0	31	92.000000	0	0.000000
0	122	91.000000	0	0.000000
0	125	90.000000	0	0.000000
0	81	89.000000	0	0.000000
0	23	88.000000	0	0.000000
0	105	87.000000	0	0.000000
0	43	86.000000	0	0.000000
0	104	85.000000	0	0.000000
0	52	84.000000	0	0.000000
0	98	83.000000	0	0.000000
0	110	82.000000	0	0.000000
0	13	81.000000	0	0.000000
0	107	80.000000	0	0.000000
0	73	79.000000	0	0.000000
0	119	78.000000	0	0.000000
0	72	77.000000	0	0.000000
0	1	76.000000	0	0.000000
0	20	75.000000	0	0.000000
0	76	74.000000	0	0.000000
0	26	73.000000	0	0.000000
0	2	72.000000	0	0.000000
0	60	71.000000	0	0.000000
0	127	70.000000	0	0.000000
0	68	69.000000	0	0.000000
0	102	68.000000	0	0.000000
0	35	67.000000	0	0.000000
0	15	66.000000	0	0.000000
0	63	65.000000	0	0.000000
0	17	64.000000	0	0.000000
0	40	63.000000	0	0.000000
0	29	62.000000	0	0.000000
0	97	61.000000	0	0.000000
0	37	60.000000	0	0.000000
0	112	59.000000	0	0.000000
0	88	58.000000	0	0.000000
0	4	57.000000	0	0.000000
0	57	56.000000	0	0.000000
0	41	55.000000	0	0.000000
0	12	54.000000	0	0.000000
0	10	53.000000	0	0.000000
0	25	52.000000	0	0.000000
0	62	51.000000	0	0.000000
0	45	50.000000	0	0.000000
0	21	49.000000	0	0.000000
0	109	48.000000	0	0.000000
0	48	47.000000	0	0.000000
0	50	46.000000	0	0.000000
0	117	45.000000	0	0.000000
0	0	44.000000	0	0.000000
0	70	43.000000	0	0.000000
0	83	42.000000	0	0.000000
0	61	41.000000	0	0.000000
0	8	40.000000	0	0.000000
0	100	39.000000	0	0.000000
0	24	38.000000	0	0.000000
0	32	37.000000	0	0.000000
0	27	36.000000	0	0.000000
0	38	35.000000	0	0.000000
0	86	34.000000	0	0.000000
0	47	33.000000	0	0.000000
0	51	32.000000	0	0.000000
0	53	31.000000	0	0.000000
0	123	30.000000	0	0.000000
0	49	29.000000	0	0.000000
0	121	28.000000	0	0.000000
0	116	27.000000	0	0.000000
0	85	26.000000	0	0.000000
0	16	25.000000	0	0.000000
0	84	24.000000	0	0.000000
0	44	23.000000	0	0.000000
0	58	22.000000	0	0.000000
0	11	21.000000	0	0.000000
0	18	20.000000	0	0.000000
0	89	19.000000	0	0.000000
0	80	18.000000	0	0.000000
0	55	17.000000	0	0.000000
0	92	16.000000	0	0.000000
0	7	15.000000	0	0.000000
0	101	14.000000	0	0.000000
0	22	13.000000	0	0.000000
0	118	12.000000	0	0.000000
0	111	11.000000	0	0.000000
0	66	10.000000	0	0.000000
0	6	9.000000	0	0.000000
0	71	8.000000	0	0.000000
0	46	7.000000	0	0.000000
0	79	6.000000	0	0.000000
0	94	5.000000	0	0.000000
0	74	4.000000	0	0.000000
0	108	3.000000	0	0.000000
0	14	2.000000	0	0.000000
0	19	1.000000	0	0.000000
1	68	128.000000	0	0.000000
1	51	127.000000	0	0.000000
1	10	126.000000	0	0.000000
1	122	125.000000	0	0.000000
1	110	124.000000	0	0.000000
1	41	123.000000	0	0.000000
1	71	122.000000	0	0.000000
1	63	121.000000	0	0.000000
1	12	120.000000	0	0.000000
1	53	119.000000	0	0.000000
1	61	118.000000	0	0.000000
1	48	117.000000	0	0.000000
1	43	116.000000	0	0.000000
1	55	115.000000	0	0.000000
1	83	114.000000	0	0.000000
1	35	113.000000	0	0.000000
1	19	112.000000	0	0.000000
1	86	111.000000	0	0.000000
1	120	110.000000	0	0.000000
1	75	109.000000	0	0.000000
1	79	108.000000	0	0.000000
1	74	107.000000	0	0.000000
1	125	106.000000	0	0.000000
1	78	105.000000	0	0.000000
1	23	104.000000	0	0.000000
1	118	103.000000	0	0.000000
1	94	102.000000	0	0.000000
1	107	101.000000	0	0.000000
1	84	100.000000	0	0.000000
1	70	99.000000	0	0.000000
1	60	98.000000	0	0.000000
1	96	97.000000	0	0.000000
1	100	96.000000	0	0.000000
1	31	95.000000	0	0.000000
1	9	94.000000	0	0.000000
1	38	93.000000	0	0.000000
1	27	92.000000	0	0.000000
1	108	91.000000	0	0.000000
1	6	90.000000	0	0.000000
1	113	89.000000	0	0.000000
1	59	88.000000	0	0.000000
1	99	87.000000	0	0.000000
1	65	86.000000	0	0.000000
1	8	85.000000	0	0.000000
1	88	84.000000	0	0.000000
1	33	83.000000	0	0.000000
1	114	82.000000	0	0.000000
1	29	81.000000	0	0.000000
1	98	80.000000	0	0.000000
1	104	79.000000	0	0.000000
1	28	78.000000	0	0.000000
1	58	77.000000	0	0.000000
1	2	76.000000	0	0.000000
1	50	75.000000	0	0.000000
1	89	74.000000	0	0.000000
1	32	73.000000	0	0.000000
1	45	72.000000	0	0.000000
1	16	71.000000	0	0.000000
1	117	70.000000	0	0.000000
1	17	69.000000	0	0.000000
1	93	68.000000	0	0.000000
1	67	67.000000	0	0.000000
1	14	66.000000	0	0.000000
1	119	65.000000	0	0.000000
1	18	64.000000	0	0.000000
1	39	63.000000	0	0.000000
1	81	62.000000	0	0.000000
1	13	61.000000	0	0.000000
1	85	60.000000	0	0.000000
1	97	59.000000	0	0.000000
1	116	58.000000	0	0.000000
1	1	57.000000	0	0.000000
1	101	56.000000	0	0.000000
1	11	55.000000	0	0.000000
1	91	54.000000	0	0.000000
1	26	53.000000	0	0.000000
1	105	52.000000	0	0.000000
1	52	51.000000	0	0.000000
1	37	50.000000	0	0.000000
1	90	49.000000	0	0.000000
1	127	48.000000	0	0.000000
1	77	47.000000	0	0.000000
1	106	46.000000	0	0.000000
1	82	45.000000	0	0.000000
1	57	44.000000	0	0.000000
1	49	43.000000	0	0.000000
1	103	42.000000	0	0.000000
1	20	41.000000	0	0.000000
1	73	40.000000	0	0.000000
1	115	39.000000	0	0.000000
1	21	38.000000	0	0.000000
1	7	37.000000	0	0.000000
1	47	36.000000	0	0.000000
1	30	35.000000	0	0.000000
1	25	34.000000	0	0.000000
1	36	33.000000	0	0.000000
1	4	32.000000	0	0.000000
1	66	31.000000	0	0.000000
1	46	30.000000	0	0.000000
1	121	29.000000	0	0.000000
1	34	28.000000	0	0.000000
1	3	27.000000	0	0.000000
1	80	26.000000	0	0.000000
1	126	25.000000	0	0.000000
1	44	24.000000	0	0.000000
1	62	23.000000	0	0.000000
1	109	22.000000	0	0.000000
1	5	21.000000	0	0.000000
1	54	20.000000	0	0.000000
1	123	19.000000	0	0.000000
1	24	18.000000	0	0.000000
1	76	17.000000	0	0.000000
1	56	16.000000	0	0.000000
1	15	15.000000	0	0.000000
1	0	14.000000	0	0.000000
1	111	13.000000	0	0.000000
1	87	12.000000	0	0.000000
1	40	11.000000	0	0.000000
1	64	10.000000	0	0.000000
1	112	9.000000	0	0.000000
1	22	8.000000	0	0.000000
1	92	7.000000	0	0.000000
1	124	6.000000	0	0.000000
1	102	5.000000	0	0.000000
1	42	4.000000	0	0.000000
1	95	3.000000	0	0.000000
1	69	2.000000	0	0.000000
1	72	1.000000	0	0.000000
2	92	128.000000	0	0.000000
2	42	127.000000	0	0.000000
2	64	126.000000	0	0.000000
2	26	125.000000	0	0.000000
2	125	124.000000	0	0.000000
2	4	123.000000	0	0.000000
2	104	122.000000	0	0.000000
2	65	121.000000	0	0.000000
2	76	120.000000	0	0.000000
2	43	119.000000	0	0.000000
2	66	118.000000	0	0.000000
2	90	117.000000	0	0.000000
2	60	116.000000	0	0.000000
2	96	115.000000	0	0.000000
2	116	114.000000	0	0.000000
2	16	113.000000	0	0.000000
2	117	112.000000	0	0.000000
2	49	111.000000	0	0.000000
2	30	110.000000	0	0.000000
2	119	109.000000	0	0.000000
2	54	108.000000	0	0.000000
2	91	107.000000	0	0.000000
2	45	106.000000	0	0.000000
2	29	105.000000	0	0.000000
2	68	104.000000	0	0.000000
2	113	103.000000	0	0.000000
2	79	102.000000	0	0.000000
2	122	101.000000	0	0.000000
2	78	100.000000	0	0.000000
2	14	99.000000	0	0.000000
2	88	98.000000	0	0.000000
2	39	97.000000	0	0.000000
2	70	96.000000	0	0.000000
2	53	95.000000	0	0.000000
2	23	94.000000	0	0.000000
2	40	93.000000	0	0.000000
2	106	92.000000	0	0.000000
2	52	91.000000	0	0.000000
2	51	90.000000	0	0.000000
2	80	89.000000	0	0.000000
2	24	88.000000	0	0.000000
2	94	87.000000	0	0.000000
2	121	86.000000	0	0.000000
2	5	85.000000	0	0.000000
2	8	84.000000	0	0.000000
2	46	83.000000	0	0.000000
2	44	82.000000	0	0.000000
2	123	81.000000	0	0.000000
2	93	80.000000	0	0.000000
2	31	79.000000	0	0.000000
2	67	78.000000	0	0.000000
2	120	77.000000	0	0.000000
2	3	76.000000	0	0.000000
2	73	75.000000	0	0.000000
2	118	74.000000	0	0.000000
2	111	73.000000	0	0.000000
2	100	72.000000	0	0.000000
2	28	71.000000	0	0.000000
2	75	70.000000	0	0.000000
2	69	69.000000	0	0.000000
2	84	68.000000	0	0.000000
2	99	67.000000	0	0.000000
2	59	66.000000	0	0.000000
2	7	65.000000	0	0.000000
2	77	64.000000	0	0.000000
2	126	63.000000	0	0.000000
2	124	62.000000	0	0.000000
2	115	61.000000	0	0.000000
2	9	60.000000	0	0.000000
2	2	59.000000	0	0.000000
2	87	58.000000	0	0.000000
2	101	57.000000	0	0.000000
2	48	56.000000	0	0.000000
2	41	55.000000	0	0.000000
2	15	54.000000	0	0.000000
2	71	53.000000	0	0.000000
2	38	52.000000	0	0.000000
2	89	51.000000	0	0.000000
2	50	50.000000	0	0.000000
2	86	49.000000	0	0.000000
2	6	48.000000	0	0.000000
2	82	47.000000	0	0.000000
2	112	46.000000	0	0.000000
2	33	45.000000	0	0.000000
2	107	44.000000	0	0.000000
2	62	43.000000	0	0.000000
2	103	42.000000	0	0.000000
2	0	41.000000	0	0.000000
2	35	40.000000	0	0.000000
2	47	39.000000	0	0.000000
2	127	38.000000	0	0.000000
2	19	37.000000	0	0.000000
2	74	36.000000	0	0.000000
2	1	35.000000	0	0.000000
2	97	34.000000	0	0.000000
2	36	33.000000	0	0.000000
2	12	32.000000	0	0.000000
2	22	31.000000	0	0.000000
2	114	30.000000	0	0.000000
2	13	29.000000	0	0.000000
2	85	28.000000	0	0.000000
2	34	27.000000	0	0.000000
2	55	26.000000	0	0.000000
2	25	25.000000	0	0.000000
2	57	24.000000	0	0.000000
2	21	23.000000	0	0.000000
2	63	22.000000	0	0.000000
2	81	21.000000	0	0.000000
2	58	20.000000	0	0.000000
2	102	19.000000	0	0.000000
2	98	18.000000	0	0.000000
2	27	17.000000	0	0.000000
2	10	16.000000	0	0.000000
2	37	15.000000	0	0.000000
2	109	14.000000	0	0.000000
2	11	13.000000	0	0.000000
2	95	12.000000	0	0.000000
2	17	11.000000	0	0.000000
2	83	10.000000	0	0.000000
2	108	9.000000	0	0.000000
2	32	8.000000	0	0.000000
2	56	7.000000	0	0.000000
2	110	6.000000	0	0.000000
2	105	5.000000	0	0.000000
2	61	4.000000	0	0.000000
2	72	3.000000	0	0.000000
2	18	2.000000	0	0.000000
2	20	1.000000	0	0.000000
3	82	128.000000	0	0.000000
3	100	127.000000	0	0.000000
3	25	126.000000	0	0.000000
3	57	125.000000	0	0.000000
3	93	124.000000	0	0.000000
3	73	123.000000	0	0.000000
3	8	122.000000	0	0.000000
3	78	121.000000	0	0.000000
3	54	120.000000	0	0.000000
3	111	119.000000	0	0.000000
3	106	118.000000	0	0.000000
3	102	117.000000	0	0.000000
3	15	116.000000	0	0.000000
3	70	115.000000	0	0.000000
3	107	114.000000	0	0.000000
3	89	113.000000	0	0.000000
3	127	112.000000	0	0.000000
3	44	111.000000	0	0.000000
3	76	110.000000	0	0.000000
3	110	109.000000	0	0.000000
3	10	108.000000	0	0.000000
3	38	107.000000	0	0.000000
3	64	106.000000	0	0.000000
3	48	105.000000	0	0.000000
3	52	104.000000	0	0.000000
3	81	103.000000	0	0.000000
3	95	102.000000	0	0.000000
3	74	101.000000	0	0.000000
3	6	100.000000	0	0.000000
3	17	99.000000	0	0.000000
3	1	98.000000	0	0.000000
3	65	97.000000	0	0.000000
3	124	96.000000	0	0.000000
3	26	95.000000	0	0.000000
3	43	94.000000	0	0.000000
3	7	93.000000	0	0.000000
3	96	92.000000	0	0.000000
3	79	91.000000	0	0.000000
3	11	90.000000	0	0.000000
3	62	89.000000	0	0.000000
3	63	88.000000	0	0.000000
3	77	87.000000	0	0.000000
3	33	86.000000	0	0.000000
3	13	85.000000	0	0.000000
3	61	84.000000	0	0.000000
3	58	83.000000	0	0.000000
3	104	82.000000	0	0.000000
3	19	81.000000	0	0.000000
3	92	80.000000	0	0.000000
3	31	79.000000	0	0.000000
3	28	78.000000	0	0.000000
3	24	77.000000	0	0.000000
3	123	76.000000	0	0.000000
3	86	75.000000	0	0.000000
3	75	74.000000	0	0.000000
3	34	73.000000	0	0.000000
3	90	72.000000	0	0.000000
3	85	71.000000	0	0.000000
3	59	70.000000	0	0.000000
3	21	69.000000	0	0.000000
3	72	68.000000	0	0.000000
3	4	67.000000	0	0.000000
3	40	66.000000	0	0.000000
3	29	65.000000	0	0.000000
3	97	64.000000	0	0.000000
3	126	63.000000	0	0.000000
3	121	62.000000	0	0.000000
3	103	61.000000	0	0.000000
3	18	60.000000	0	0.000000
3	91	59.000000	0	0.000000
3	14	58.000000	0	0.000000
3	105	57.000000	0	0.000000
3	3	56.000000	0	0.000000
3	36	55.000000	0	0.000000
3	12	54.000000	0	0.000000
3	5	53.000000	0	0.000000
3	60	52.000000	0	0.000000
3	49	51.000000	0	0.000000
3	37	50.000000	0	0.000000
3	80	49.000000	0	0.000000
3	45	48.000000	0	0.000000
3	41	47.000000	0	0.000000
3	47	46.000000	0	0.000000
3	16	45.000000	0	0.000000
3	53	44.000000	0	0.000000
3	119	43.000000	0	0.000000
3	115	42.000000	0	0.000000
3	9	41.000000	0	0.000000
3	94	40.000000	0	0.000000
3	122	39.000000	0	0.000000
3	88	38.000000	0	0.000000
3	118	37.000000	0	0.000000
3	112	36.000000	0	0.000000
3	116	35.000000	0	0.000000
3	2	34.000000	0	0.000000
3	27	33.000000	0	0.000000
3	20	32.000000	0	0.000000
3	56	31.000000	0	0.000000
3	55	30.000000	0	0.000000
3	35	29.000000	0	0.000000
3	46	28.000000	0	0.000000
3	42	27.000000	0	0.000000
3	23	26.000000	0	0.000000
3	120	25.000000	0	0.000000
3	108	24.000000	0	0.000000
3	71	23.000000	0	0.000000
3	99	22.000000	0	0.000000
3	117	21.000000	0	0.000000
3	109	20.000000	0	0.000000
3	83	19.000000	0	0.000000
3	84	18.000000	0	0.000000
3	50	17.000000	0	0.000000
3	114	16.000000	0	0.000000
3	32	15.000000	0	0.000000
3	101	14.000000	0	0.000000
3	87	13.000000	0	0.000000
3	0	12.000000	0	0.000000
3	67	11.000000	0	0.000000
3	66	10.000000	0	0.000000
3	113	9.000000	0	0.000000
3	22	8.000000	0	0.000000
3	69	7.000000	0	0.000000
3	39	6.000000	0	0.000000
3	51	5.000000	0	0.000000
3	30	4.000000	0	0.000000
3	98	3.000000	0	0.000000
3	68	2.000000	0	0.000000
3	125	1.000000	0	0.000000
4	7	128.000000	0	0.000000
4	84	127.000000	0	0.000000
4	51	126.000000	0	0.000000
4	57	125.000000	0	0.000000
4	113	124.000000	0	0.000000
4	70	123.000000	0	0.000000
4	36	122.000000	0	0.000000
4	11	121.000000	0	0.000000
4	102	120.000000	0	0.000000
4	78	119.000000	0	0.000000
4	39	118.000000	0	0.000000
4	35	117.000000	0	0.000000
4	46	116.000000	0	0.000000
4	63	115.000000	0	0.000000
4	74	114.000000	0	0.000000
4	123	113.000000	0	0.000000
4	79	112.000000	0	0.000000
4	37	111.000000	0	0.000000
4	32	110.000000	0	0.000000
4	111	109.000000	0	0.000000
4	85	108.000000	0	0.000000
4	1	107.000000	0	0.000000
4	3	106.000000	0	0.000000
4	91	105.000000	0	0.000000
4	126	104.000000	0	0.000000
4	10	103.000000	0	0.000000
4	48	102.000000	0	0.000000
4	87	101.000000	0	0.000000
4	27	100.000000	0	0.000000
4	76	99.000000	0	0.000000
4	49	98.000000	0	0.000000
4	60	97.000000	0	0.000000
4	103	96.000000	0	0.000000
4	104	95.000000	0	0.000000
4	40	94.000000	0	0.000000
4	125	93.000000	0	0.000000
4	22	92.000000	0	0.000000
4	4	91.000000	0	0.000000
4	0	90.000000	0	0.000000
4	75	89.000000	0	0.000000
4	25	88.000000	0	0.000000
4	99	87.000000	0	0.000000
4	96	86.000000	0	0.000000
4	54	85.000000	0	0.000000
4	21	84.000000	0	0.000000
4	116	83.000000	0	0.000000
4	118	82.000000	0	0.000000
4	82	81.000000	0	0.000000
4	106	80.000000	0	0.000000
4	94	79.000000	0	0.000000
4	5	78.000000	0	0.000000
4	29	77.000000	0	0.000000
4	50	76.000000	0	0.000000
4	77	75.000000	0	0.000000
4	81	74.000000	0	0.000000
4	18	73.000000	0	0.000000
4	47	72.000000	0	0.000000
4	66	71.000000	0	0.000000
4	16	70.000000	0	0.000000
4	67	69.000000	0	0.000000
4	73	68.000000	0	0.000000
4	97	67.000000	0	0.000000
4	2	66.000000	0	0.000000
4	52	65.000000	0	0.000000
4	115	64.000000	0	0.000000
4	83	63.000000	0	0.000000
4	17	62.000000	0	0.000000
4	101	61.000000	0	0.000000
4	62	60.000000	0	0.000000
4	56	59.000000	0	0.000000
4	92	58.000000	0	0.000000
4	6	57.000000	0	0.000000
4	38	56.000000	0	0.000000
4	30	55.000000	0	0.000000
4	98	54.000000	0	0.000000
4	33	53.000000	0	0.000000
4	105	52.000000	0	0.000000
4	71	51.000000	0	0.000000
4	23	50.000000	0	0.000000
4	68	49.000000	0	0.000000
4	14	48.000000	0	0.000000
4	117	47.000000	0	0.000000
4	45	46.000000	0	0.000000
4	9	45.000000	0	0.000000
4	86	44.000000	0	0.000000
4	119	43.000000	0	0.000000
4	88	42.000000	0	0.000000
4	64	41.000000	0	0.000000
4	31	40.000000	0	0.000000
4	34	39.000000	0	0.000000
4	122	38.000000	0	0.000000
4	69	37.000000	0	0.000000
4	20	36.000000	0	0.000000
4	43	35.000000	0	0.000000
4	90	34.000000	0	0.000000
4	15	33.000000	0	0.000000
4	120	32.000000	0	0.000000
4	127	31.000000	0	0.000000
4	93	30.000000	0	0.000000
4	53	29.000000	0	0.000000
4	72	28.000000	0	0.000000
4	58	27.000000	0	0.000000
4	114	26.000000	0	0.000000
4	19	25.000000	0	0.000000
4	44	24.000000	0	0.000000
4	112	23.000000	0	0.000000
4	28	22.000000	0	0.000000
4	107	21.000000	0	0.000000
4	110	20.000000	0	0.000000
4	42	19.000000	0	0.000000
4	59	18.000000	0	0.000000
4	55	17.000000	0	0.000000
4	13	16.000000	0	0.000000
4	89	15.000000	0	0.000000
4	65	14.000000	0	0.000000
4	108	13.000000	0	0.000000
4	95	12.000000	0	0.000000
4	8	11.000000	0	0.000000
4	61	10.000000	0	0.000000
4	24	9.000000	0	0.000000
4	12	8.000000	0	0.000000
4	100	7.000000	0	0.000000
4	124	6.000000	0	0.000000
4	26	5.000000	0	0.000000
4	41	4.000000	0	0.000000
4	121	3.000000	0	0.000000
4	109	2.000000	0	0.000000
4	80	1.000000	0	0.000000
5	12	128.000000	0	0.000000
5	31	127.000000	0	0.000000
5	55	126.000000	0	0.000000
5	127	125.000000	0	0.000000
5	2	124.000000	0	0.000000
5	79	123.000000	0	0.000000
5	3	122.000000	0	0.000000
5	99	121.000000	0	0.000000
5	92	120.000000	0	0.000000
5	11	119.000000	0	0.000000
5	97	118.000000	0	0.000000
5	57	117.000000	0	0.000000
5	71	116.000000	0	0.000000
5	33	115.000000	0	0.000000
5	111	114.000000	0	0.000000
5	77	113.000000	0	0.000000
5	90	112.000000	0	0.000000
5	121	111.000000	0	0.000000
5	112	110.000000	0	0.000000
5	5	109.000000	0	0.000000
5	89	108.000000	0	0.000000
5	105	107.000000	0	0.000000
5	28	106.000000	0	0.000000
5	60	105.000000	0	0.000000
5	75	104.000000	0	0.000000
5	56	103.000000	0	0.000000
5	80	102.000000	0	0.000000
5	26	101.000000	0	0.000000
5	115	100.000000	0	0.000000
5	48	99.000000	0	0.000000
5	47	98.000000	0	0.000000
5	122	97.000000	0	0.000000
5	40	96.000000	0	0.000000
5	30	95.000000	0	0.000000
5	16	94.000000	0	0.000000
5	14	93.000000	0	0.000000
5	54	92.000000	0	0.000000
5	42	91.000000	0	0.000000
5	70	90.000000	0	0.000000
5	51	89.000000	0	0.000000
5	38	88.000000	0	0.000000
5	125	87.000000	0	0.000000
5	93	86.000000	0	0.000000
5	98	85.000000	0	0.000000
5	85	84.000000	0	0.000000
5	107	83.000000	0	0.000000
5	110	82.000000	0	0.000000
5	22	81.000000	0	0.000000
5	27	80.000000	0	0.000000
5	13	79.000000	0	0.000000
5	78	78.000000	0	0.000000
5	0	77.000000	0	0.000000
5	96	76.000000	0	0.000000
5	126	75.000000	0	0.000000
5	35	74.000000	0	0.000000
5	18	73.000000	0	0.000000
5	108	72.000000	0	0.000000
5	10	71.000000	0	0.000000
5	66	70.000000	0	0.000000
5	103	69.000000	0	0.000000
5	119	68.000000	0	0.000000
5	1	67.000000	0	0.000000
5	87	66.000000	0	0.000000
5	116	65.000000	0	0.000000
5	43	64.000000	0	0.000000
5	34	63.000000	0	0.000000
5	41	62.000000	0	0.000000
5	63	61.000000	0	0.000000
5	25	60.000000	0	0.000000
5	61	59.000000	0	0.000000
5	58	58.000000	0	0.000000
5	64	57.000000	0	0.000000
5	102	56.000000	0	0.000000
5	37	55.000000	0	0.000000
5	49	54.000000	0	0.000000
5	50	53.000000	0	0.000000
5	6	52.000000	0	0.000000
5	68	51.000000	0	0.000000
5	73	50.000000	0	0.000000
5	59	49.000000	0	0.000000
5	39	48.000000	0	0.000000
5	82	47.000000	0	0.000000
5	123	46.000000	0	0.000000
5	117	45.000000	0	0.000000
5	45	44.000000	0	0.000000
5	109	43.000000	0	0.000000
5	24	42.000000	0	0.000000
5	84	41.000000	0	0.000000
5	7	40.000000	0	0.000000
5	76	39.000000	0	0.000000
5	74	38.000000	0	0.000000
5	83	37.000000	0	0.000000
5	72	36.000000	0	0.000000
5	101	35.000000	0	0.000000
5	113	34.000000	0	0.000000
5	124	33.000000	0	0.000000
5	100	32.000000	0	0.000000
5	8	31.000000	0	0.000000
5	94	30.000000	0	0.000000
5	86	29.000000	0	0.000000
5	53	28.000000	0	0.000000
5	104	27.000000	0	0.000000
5	95	26.000000	0	0.000000
5	88	25.000000	0	0.000000
5	67	24.000000	0	0.000000
5	91	23.000000	0	0.000000
5	106	22.000000	0	0.000000
5	36	21.000000	0	0.000000
5	17	20.000000	0	0.000000
5	44	19.000000	0	0.000000
5	19	18.000000	0	0.000000
5	20	17.000000	0	0.000000
5	114	16.000000	0	0.000000
5	23	15.000000	0	0.000000
5	62	14.000000	0	0.000000
5	46	13.000000	0	0.000000
5	32	12.000000	0	0.000000
5	65	11.000000	0	0.000000
5	29	10.000000	0	0.000000
5	52	9.000000	0	0.000000
5	81	8.000000	0	0.000000
5	9	7.000000	0	0.000000
5	120	6.000000	0	0.000000
5	69	5.000000	0	0.000000
5	15	4.000000	0	0.000000
5	21	3.000000	0	0.000000
5	4	2.000000	0	0.000000
5	118	1.000000	0	0.000000
6	104	128.000000	0	0.000000
6	113	127.000000	0	0.000000
6	23	126.000000	0	0.000000
6	89	125.000000	0	0.000000
6	36	124.000000	0	0.000000
6	21	123.000000	0	0.000000
6	63	122.000000	0	0.000000
6	32	121.000000	0	0.000000
6	22	120.000000	0	0.000000
6	59	119.000000	0	0.000000
6	14	118.000000	0	0.000000
6	80	117.000000	0	0.000000
6	56	116.000000	0	0.000000
6	110	115.000000	0	0.000000
6	70	114.000000	0	0.000000
6	100	113.000000	0	0.000000
6	90	112.000000	0	0.000000
6	13	111.000000	0	0.000000
6	51	110.000000	0	0.000000
6	39	109.000000	0	0.000000
6	42	108.000000	0	0.000000
6	115	107.000000	0	0.000000
6	68	106.000000	0	0.000000
6	97	105.000000	0	0.000000
6	123	104.000000	0	0.000000
6	5	103.000000	0	0.000000
6	46	102.000000	0	0.000000
6	127	101.000000	0	0.000000
6	20	100.000000	0	0.000000
6	125	99.000000	0	0.000000
6	45	98.000000	0	0.000000
6	86	97.000000	0	0.000000
6	52	96.000000	0	0.000000
6	40	95.000000	0	0.000000
6	54	94.000000	0	0.000000
6	17	93.000000	0	0.000000
6	105	92.000000	0	0.000000
6	64	91.000000	0	0.000000
6	91	90.000000	0	0.000000
6	41	89.000000	0	0.000000
6	74	88.000000	0	0.000000
6	119	87.000000	0	0.000000
6	81	86.000000	0	0.000000
6	96	85.000000	0	0.000000
6	10	84.000000	0	0.000000
6	60	83.000000	0	0.000000
6	67	82.000000	0	0.000000
6	30	81.000000	0	0.000000
6	34	80.000000	0	0.000000
6	102	79.000000	0	0.000000
6	85	78.000000	0	0.000000
6	27	77.000000	0	0.000000
6	103	76.000000	0	0.000000
6	87	75.000000	0	0.000000
6	35	74.000000	0	0.000000
6	93	73.000000	0	0.000000
6	55	72.000000	0	0.000000
6	26	71.000000	0	0.000000
6	58	70.000000	0	0.000000
6	98	69.000000	0	0.000000
6	99	68.000000	0	0.000000
6	65	67.000000	0	0.000000
6	94	66.000000	0	0.000000
6	78	65.000000	0	0.000000
6	75	64.000000	0	0.000000
6	109	63.000000	0	0.000000
6	83	62.000000	0	0.000000
6	66	61.000000	0	0.000000
6	38	60.000000	0	0.000000
6	8	59.000000	0	0.000000
6	1	58.000000	0	0.000000
6	19	57.000000	0	0.000000
6	79	56.000000	0	0.000000
6	44	55.000000	0	0.000000
6	6	54.000000	0	0.000000
6	111	53.000000	0	0.000000
6	88	52.000000	0	0.000000
6	72	51.000000	0	0.000000
6	77	50.000000	0	0.000000
6	76	49.000000	0	0.000000
6	0	48.000000	0	0.000000
6	116	47.000000	0	0.000000
6	107	46.000000	0	0.000000
6	126	45.000000	0	0.000000
6	62	44.000000	0	0.000000
6	7	43.000000	0	0.000000
6	108	42.000000	0	0.000000
6	71	41.000000	0	0.000000
6	29	40.000000	0	0.000000
6	31	39.000000	0	0.000000
6	24	38.000000	0	0.000000
6	3	37.000000	0	0.000000
6	9	36.000000	0	0.000000
6	25	35.000000	0	0.000000
6	47	34.000000	0	0.000000
6	4	33.000000	0	0.000000
6	69	32.000000	0	0.000000
6	73	31.000000	0	0.000000
6	49	30.000000	0	0.000000
6	118	29.000000	0	0.000000
6	82	28.000000	0	0.000000
6	33	27.000000	0	0.000000
6	16	26.000000	0	0.000000
6	101	25.000000	0	0.000000
6	106	24.000000	0	0.000000
6	2	23.000000	0	0.000000
6	28	22.000000	0	0.000000
6	122	21.000000	0	0.000000
6	121	20.000000	0	0.000000
6	50	19.000000	0	0.000000
6	124	18.000000	0	0.000000
6	18	17.000000	0	0.000000
6	53	16.000000	0	0.000000
6	61	15.000000	0	0.000000
6	43	14.000000	0	0.000000
6	37	13.000000	0	0.000000
6	120	12.000000	0	0.000000
6	15	11.000000	0	0.000000
6	114	10.000000	0	0.000000
6	84	9.000000	0	0.000000
6	95	8.000000	0	0.000000
6	57	7.000000	0	0.000000
6	48	6.000000	0	0.000000
6	11	5.000000	0	0.000000
6	117	4.000000	0	0.000000
6	12	3.000000	0	0.000000
6	92	2.000000	0	0.000000
6	112	1.000000	0	0.000000
7	28	128.000000	0	0.000000
7	100	127.000000	0	0.000000
7	0	126.000000	0	0.000000
7	26	125.000000	0	0.000000
7	33	124.000000	0	0.000000
7	9	123.000000	0	0.000000
7	5	122.000000	0	0.000000
7	50	121.000000	0	0.000000
7	105	120.000000	0	0.000000
7	51	119.000000	0	0.000000
7	1	118.000000	0	0.000000
7	71	117.000000	0	0.000000
7	34	116.000000	0	0.000000
7	110	115.000000	0	0.000000
7	108	114.000000	0	0.000000
7	85	113.000000	0	0.000000
7	103	112.000000	0	0.000000
7	48	111.000000	0	0.000000
7	118	110.000000	0	0.000000
7	31	109.000000	0	0.000000
7	58	108.000000	0	0.000000
7	78	107.000000	0	0.000000
7	106	106.000000	0	0.000000
7	6	105.000000	0	0.000000
7	82	104.000000	0	0.000000
7	117	103.000000	0	0.000000
7	68	102.000000	0	0.000000
7	91	101.000000	0	0.000000
7	60	100.000000	0	0.000000
7	107	99.000000	0	0.000000
7	89	98.000000	0	0.000000
7	97	97.000000	0	0.000000
7	4	96.000000	0	0.000000
7	63	95.000000	0	0.000000
7	53	94.000000	0	0.000000
7	55	93.000000	0	0.000000
7	49	92.000000	0	0.000000
7	13	91.000000	0	0.000000
7	86	90.000000	0	0.000000
7	115	89.000000	0	0.000000
7	73	88.000000	0	0.000000
7	57	87.000000	0	0.000000
7	87	86.000000	0	0.000000
7	121	85.000000	0	0.000000
7	43	84.000000	0	0.000000
7	74	83.000000	0	0.000000
7	62	82.000000	0	0.000000
7	8	81.000000	0	0.000000
7	72	80.000000	0	0.000000
7	98	79.000000	0	0.000000
7	7	78.000000	0	0.000000
7	47	77.000000	0	0.000000
7	27	76.000000	0	0.000000
7	101	75.000000	0	0.000000
7	70	74.000000	0	0.000000
7	88	73.000000	0	0.000000
7	77	72.000000	0	0.000000
7	120	71.000000	0	0.000000
7	95	70.000000	0	0.000000
7	39	69.000000	0	0.000000
7	2	68.000000	0	0.000000
7	44	67.000000	0	0.000000
7	81	66.000000	0	0.000000
7	94	65.000000	0	0.000000
7	45	64.000000	0	0.000000
7	30	63.000000	0	0.000000
7	32	62.000000	0	0.000000
7	127	61.000000	0	0.000000
7	23	60.000000	0	0.000000
7	93	59.000000	0	0.000000
7	116	58.000000	0	0.000000
7	64	57.000000	0	0.000000
7	90	56.000000	0	0.000000
7	61	55.000000	0	0.000000
7	124	54.000000	0	0.000000
7	16	53.000000	0	0.000000
7	111	52.000000	0	0.000000
7	113	51.000000	0	0.000000
7	3	50.000000	0	0.000000
7	42	49.000000	0	0.000000
7	29	48.000000	0	0.000000
7	92	47.000000	0	0.000000
7	24	46.000000	0	0.000000
7	112	45.000000	0	0.000000
7	36	44.000000	0	0.000000
7	59	43.000000	0	0.000000
7	10	42.000000	0	0.000000
7	96	41.000000	0	0.000000
7	40	40.000000	0	0.000000
7	67	39.000000	0	0.000000
7	20	38.000000	0	0.000000
7	19	37.000000	0	0.000000
7	69	36.000000	0	0.000000
7	123	35.000000	0	0.000000
7	125	34.000000	0	0.000000
7	14	33.000000	0	0.000000
7	109	32.000000	0	0.000000
7	104	31.000000	0	0.000000
7	38	30.000000	0	0.000000
7	79	29.000000	0	0.000000
7	21	28.000000	0	0.000000
7	122	27.000000	0	0.000000
7	66	26.000000	0	0.000000
7	52	25.000000	0	0.000000
7	12	24.000000	0	0.000000
7	35	23.000000	0	0.000000
7	17	22.000000	0	0.000000
7	126	21.000000	0	0.000000
7	75	20.000000	0	0.000000
7	56	19.000000	0	0.000000
7	83	18.000000	0	0.000000
7	54	17.000000	0	0.000000
7	18	16.000000	0	0.000000
7	80	15.000000	0	0.000000
7	46	14.000000	0	0.000000
7	76	13.000000	0	0.000000
7	25	12.000000	0	0.000000
7	22	11.000000	0	0.000000
7	114	10.000000	0	0.000000
7	11	9.000000	0	0.000000
7	37	8.000000	0	0.000000
7	99	7.000000	0	0.000000
7	41	6.000000	0	0.000000
7	15	5.000000	0	0.000000
7	84	4.000000	0	0.000000
7	102	3.000000	0	0.000000
7	65	2.000000	0	0.000000
7	119	1.000000	0	0.000000
8	13	128.000000	0	0.000000
8	7	127.000000	0	0.000000
8	44	126.000000	0	0.000000
8	35	125.000000	0	0.000000
8	31	124.000000	0	0.000000
8	32	123.000000	0	0.000000
8	43	122.000000	0	0.000000
8	108	121.000000	0	0.000000
8	64	120.000000	0	0.000000
8	100	119.000000	0	0.000000
8	41	118.000000	0	0.000000
8	79	117.000000	0	0.000000
8	127	116.000000	0	0.000000
8	59	115.000000	0	0.000000
8	63	114.000000	0	0.000000
8	122	113.000000	0	0.000000
8	54	112.000000	0	0.000000
8	34	111.000000	0	0.000000
8	38	110.000000	0	0.000000
8	46	109.000000	0	0.000000
8	55	108.000000	0	0.000000
8	103	107.000000	0	0.000000
8	60	106.000000	0	0.000000
8	47	105.000000	0	0.000000
8	1	104.000000	0	0.000000
8	5	103.000000	0	0.000000
8	56	102.000000	0	0.000000
8	36	101.000000	0	0.000000
8	89	100.000000	0	0.000000
8	106	99.000000	0	0.000000
8	99	98.000000	0	0.000000
8	96	97.000000	0	0.000000
8	126	96.000000	0	0.000000
8	61	95.000000	0	0.000000
8	73	94.000000	0	0.000000
8	84	93.000000	0	0.000000
8	81	92.000000	0	0.000000
8	27	91.000000	0	0.000000
8	111	90.000000	0	0.000000
8	28	89.000000	0	0.000000
8	87	88.000000	0	0.000000
8	86	87.000000	0	0.000000
8	94	86.000000	0	0.000000
8	15	85.000000	0	0.000000
8	49	84.000000	0	0.000000
8	90	83.000000	0	0.000000
8	97	82.000000	0	0.000000
8	24	81.000000	0	0.000000
8	77	80.000000	0	0.000000
8	70	79.000000	0	0.000000
8	121	78.000000	0	0.000000
8	22	77.000000	0	0.000000
8	52	76.000000	0	0.000000
8	95	75.000000	0	0.000000
8	66	74.000000	0	0.000000
8	67	73.000000	0	0.000000
8	58	72.000000	0	0.000000
8	125	71.000000	0	0.000000
8	4	70.000000	0	0.000000
8	72	69.000000	0	0.000000
8	80	68.000000	0	0.000000
8	42	67.000000	0	0.000000
8	104	66.000000	0	0.000000
8	16	65.000000	0	0.000000
8	98	64.000000	0	0.000000
8	2	63.000000	0	0.000000
8	116	62.000000	0	0.000000
8	20	61.000000	0	0.000000
8	30	60.000000	0	0.000000
8	17	59.000000	0	0.000000
8	3	58.000000	0	0.000000
8	18	57.000000	0	0.000000
8	57	56.000000	0	0.000000
8	76	55.000000	0	0.000000
8	14	54.000000	0	0.000000
8	6	53.000000	0	0.000000
8	83	52.000000	0	0.000000
8	19	51.000000	0	0.000000
8	21	50.000000	0	0.000000
8	93	49.000000	0	0.000000
8	92	48.000000	0	0.000000
8	109	47.000000	0	0.000000
8	51	46.000000	0	0.000000
8	33	45.000000	0	0.000000
8	50	44.000000	0	0.000000
8	39	43.000000	0	0.000000
8	37	42.000000	0	0.000000
8	102	41.000000	0	0.000000
8	123	40.000000	0	0.000000
8	88	39.000000	0	0.000000
8	124	38.000000	0	0.000000
8	45	37.000000	0	0.000000
8	71	36.000000	0	0.000000
8	65	35.000000	0	0.000000
8	82	34.000000	0	0.000000
8	8	33.000000	0	0.000000
8	69	32.000000	0	0.000000
8	105	31.000000	0	0.000000
8	117	30.000000	0	0.000000
8	53	29.000000	0	0.000000
8	10	28.000000	0	0.000000
8	74	27.000000	0	0.000000
8	113	26.000000	0	0.000000
8	23	25.000000	0	0.000000
8	0	24.000000	0	0.000000
8	101	23.000000	0	0.000000
8	120	22.000000	0	0.000000
8	25	21.000000	0	0.000000
8	29	20.000000	0	0.000000
8	40	19.000000	0	0.000000
8	91	18.000000	0	0.000000
8	62	17.000000	0	0.000000
8	11	16.000000	0	0.000000
8	68	15.000000	0	0.000000
8	112	14.000000	0	0.000000
8	110	13.000000	0	0.000000
8	119	12.000000	0	0.000000
8	118	11.000000	0	0.000000
8	48	10.000000	0	0.000000
8	78	9.000000	0	0.000000
8	114	8.000000	0	0.000000
8	85	7.000000	0	0.000000
8	115	6.000000	0	0.000000
8	107	5.000000	0	0.000000
8	26	4.000000	0	0.000000
8	12	3.000000	0	0.000000
8	9	2.000000	0	0.000000
8	75	1.000000	0	0.000000
9	20	128.000000	0	0.000000
9	54	127.000000	0	0.000000
9	76	126.000000	0	0.000000
9	93	125.000000	0	0.000000
9	17	124.000000	0	0.000000
9	112	123.000000	0	0.000000
9	121	122.000000	0	0.000000
9	71	121.000000	0	0.000000
9	33	120.000000	0	0.000000
9	74	119.000000	0	0.000000
9	80	118.000000	0	0.000000
9	127	117.000000	0	0.000000
9	3	116.000000	0	0.000000
9	68	115.000000	0	0.000000
9	22	114.000000	0	0.000000
9	35	113.000000	0	0.000000
9	12	112.000000	0	0.000000
9	36	111.000000	0	0.000000
9	97	110.000000	0	0.000000
9	82	109.000000	0	0.000000
9	83	108.000000	0	0.000000
9	62	107.000000	0	0.000000
9	29	106.000000	0	0.000000
9	102	105.000000	0	0.000000
9	48	104.000000	0	0.000000
9	116	103.000000	0	0.000000
9	59	102.000000	0	0.000000
9	94	101.000000	0	0.000000
9	30	100.000000	0	0.000000
9	57	99.000000	0	0.000000
9	105	98.000000	0	0.000000
9	111	97.000000	0	0.000000
9	52	96.000000	0	0.000000
9	40	95.000000	0	0.000000
9	7	94.000000	0	0.000000
9	75	93.000000	0	0.000000
9	43	92.000000	0	0.000000
9	1	91.000000	0	0.000000
9	99	90.000000	0	0.000000
9	0	89.000000	0	0.000000
9	110	88.000000	0	0.000000
9	96	87.000000	0	0.000000
9	31	86.000000	0	0.000000
9	50	85.000000	0	0.000000
9	32	84.000000	0	0.000000
9	65	83.000000	0	0.000000
9	98	82.000000	0	0.000000
9	61	81.000000	0	0.000000
9	100	80.000000	0	0.000000
9	85	79.000000	0	0.000000
9	79	78.000000	0	0.000000
9	49	77.000000	0	0.000000
9	66	76.000000	0	0.000000
9	118	75.000000	0	0.000000
9	106	74.000000	0	0.000000
9	72	73.000000	0	0.000000
9	89	72.000000	0	0.000000
9	101	71.000000	0	0.000000
9	60	70.000000	0	0.000000
9	9	69.000000	0	0.000000
9	90	68.000000	0	0.000000
9	113	67.000000	0	0.000000
9	41	66.000000	0	0.000000
9	78	65.000000	0	0.000000
9	104	64.000000	0	0.000000
9	109	63.000000	0	0.000000
9	27	62.000000	0	0.000000
9	37	61.000000	0	0.000000
9	114	60.000000	0	0.000000
9	45	59.000000	0	0.000000
9	117	58.000000	0	0.000000
9	26	57.000000	0	0.000000
9	24	56.000000	0	0.000000
9	87	55.000000	0	0.000000
9	88	54.000000	0	0.000000
9	86	53.000000	0	0.000000
9	95	52.000000	0	0.000000
9	25	51.000000	0	0.000000
9	11	50.000000	0	0.000000
9	51	49.000000	0	0.000000
9	23	48.000000	0	0.000000
9	103	47.000000	0	0.000000
9	42	46.000000	0	0.000000
9	16	45.000000	0	0.000000
9	5	44.000000	0	0.000000
9	122	43.000000	0	0.000000
9	108	42.000000	0	0.000000
9	126	41.000000	0	0.000000
9	46	40.000000	0	0.000000
9	84	39.000000	0	0.000000
9	38	38.000000	0	0.000000
9	10	37.000000	0	0.000000
9	39	36.000000	0	0.000000
9	28	35.000000	0	0.000000
9	34	34.000000	0	0.000000
9	125	33.000000	0	0.000000
9	55	32.000000	0	0.000000
9	15	31.000000	0	0.000000
9	81	30.000000	0	0.000000
9	6	29.000000	0	0.000000
9	2	28.000000	0	0.000000
9	107	27.000000	0	0.000000
9	13	26.000000	0	0.000000
9	77	25.000000	0	0.000000
9	92	24.000000	0	0.000000
9	8	23.000000	0	0.000000
9	120	22.000000	0	0.000000
9	67	21.000000	0	0.000000
9	53	20.000000	0	0.000000
9	69	19.000000	0	0.000000
9	124	18.000000	0	0.000000
9	115	17.000000	0	0.000000
9	119	16.000000	0	0.000000
9	14	15.000000	0	0.000000
9	91	14.000000	0	0.000000
9	21	13.000000	0	0.000000
9	63	12.000000	0	0.000000
9	18	11.000000	0	0.000000
9	70	10.000000	0	0.000000
9	56	9.000000	0	0.000000
9	4	8.000000	0	0.000000
9	44	7.000000	0	0.000000
9	58	6.000000	0	0.000000
9	64	5.000000	0	0.000000
9	47	4.000000	0	0.000000
9	19	3.000000	0	0.000000
9	73	2.000000	0	0.000000
9	123	1.000000	0	0.000000
10	7	128.000000	0	0.000000
10	104	127.000000	0	0.000000
10	18	126.000000	0	0.000000
10	47	125.000000	0	0.000000
10	25	124.000000	0	0.000000
10	117	123.000000	0	0.000000
10	94	122.000000	0	0.000000
10	79	121.000000	0	0.000000
10	40	120.000000	0	0.000000
10	57	119.000000	0	0.000000
10	82	118.000000	0	0.000000
10	49	117.000000	0	0.000000
10	91	116.000000	0	0.000000
10	72	115.000000	0	0.000000
10	120	114.000000	0	0.000000
10	0	113.000000	0	0.000000
10	85	112.000000	0	0.000000
10	111	111.000000	0	0.000000
10	4	110.000000	0	0.000000
10	41	109.000000	0	0.000000
10	125	108.000000	0	0.000000
10	39	107.000000	0	0.000000
10	69	106.000000	0	0.000000
10	71	105.000000	0	0.000000
10	76	104.000000	0	0.000000
10	43	103.000000	0	0.000000
10	119	102.000000	0	0.000000
10	21	101.000000	0	0.000000
10	30	100.000000	0	0.000000
10	28	99.000000	0	0.000000
10	13	98.000000	0	0.000000
10	101	97.000000	0	0.000000
10	50	96.000000	0	0.000000
10	86	95.000000	0	0.000000
10	15	94.000000	0	0.000000
10	99	93.000000	0	0.000000
10	124	92.000000	0	0.000000
10	20	91.000000	0	0.000000
10	14	90.000000	0	0.000000
10	60	89.000000	0	0.000000
10	55	88.000000	0	0.000000
10	73	87.000000	0	0.000000
10	90	86.000000	0	0.000000
10	95	85.000000	0	0.000000
10	51	84.000000	0	0.000000
10	77	83.000000	0	0.000000
10	107	82.000000	0	0.000000
10	109	81.000000	0	0.000000
10	100	80.000000	0	0.000000
10	27	79.000000	0	0.000000
10	17	78.000000	0	0.000000
10	108	77.000000	0	0.000000
10	118	76.000000	0	0.000000
10	106	75.000000	0	0.000000
10	2	74.000000	0	0.000000
10	123	73.000000	0	0.000000
10	62	72.000000	0	0.000000
10	44	71.000000	0	0.000000
10	33	70.000000	0	0.000000
10	35	69.000000	0	0.000000
10	26	68.000000	0	0.000000
10	70	67.000000	0	0.000000
10	61	66.000000	0	0.000000
10	64	65.000000	0	0.000000
10	45	64.000000	0	0.000000
10	37	63.000000	0	0.000000
10	122	62.000000	0	0.000000
10	83	61.000000	0	0.000000
10	112	60.000000	0	0.000000
10	93	59.000000	0	0.000000
10	16	58.000000	0	0.000000
10	65	57.000000	0	0.000000
10	88	56.000000	0	0.000000
10	105	55.000000	0	0.000000
10	110	54.000000	0	0.000000
10	46	53.000000	0	0.000000
10	113	52.000000	0	0.000000
10	29	51.000000	0	0.000000
10	87	50.000000	0	0.000000
10	103	49.000000	0	0.000000
10	80	48.000000	0	0.000000
10	59	47.000000	0	0.000000
10	31	46.000000	0	0.000000
10	63	45.000000	0	0.000000
10	52	44.000000	0	0.000000
10	97	43.000000	0	0.000000
10	1	42.000000	0	0.000000
10	81	41.000000	0	0.000000
10	24	40.000000	0	0.000000
10	10	39.000000	0	0.000000
10	53	38.000000	0	0.000000
10	74	37.000000	0	0.000000
10	98	36.000000	0	0.000000
10	127	35.000000	0	0.000000
10	84	34.000000	0	0.000000
10	3	33.000000	0	0.000000
10	89	32.000000	0	0.000000
10	126	31.000000	0	0.000000
10	58	30.000000	0	0.000000
10	116	29.000000	0	0.000000
10	36	28.000000	0	0.000000
10	12	27.000000	0	0.000000
10	121	26.000000	0	0.000000
10	22	25.000000	0	0.000000
10	96	24.000000	0	0.000000
10	66	23.000000	0	0.000000
10	5	22.000000	0	0.000000
10	92	21.000000	0	0.000000
10	19	20.000000	0	0.000000
10	34	19.000000	0	0.000000
10	68	18.000000	0	0.000000
10	8	17.000000	0	0.000000
10	67	16.000000	0	0.000000
10	42	15.000000	0	0.000000
10	102	14.000000	0	0.000000
10	54	13.000000	0	0.000000
10	56	12.000000	0	0.000000
10	75	11.000000	0	0.000000
10	11	10.000000	0	0.000000
10	48	9.000000	0	0.000000
10	114	8.000000	0	0.000000
10	78	7.000000	0	0.000000
10	38	6.000000	0	0.000000
10	32	5.000000	0	0.000000
10	115	4.000000	0	0.000000
10	9	3.000000	0	0.000000
10	23	2.000000	0	0.000000
10	6	1.000000	0	0.000000
11	20	128.000000	0	0.000000
11	88	127.000000	0	0.000000
11	115	126.000000	0	0.000000
11	30	125.000000	0	0.000000
11	60	124.000000	0	0.000000
11	34	123.000000	0	0.000000
11	105	122.000000	0	0.000000
11	73	121.000000	0	0.000000
11	57	120.000000	0	0.000000
11	85	119.000000	0	0.000000
11	80	118.000000	0	0.000000
11	59	117.000000	0	0.000000
11	16	116.000000	0	0.000000
11	39	115.000000	0	0.000000
11	58	114.000000	0	0.000000
11	48	113.000000	0	0.000000
11	94	112.000000	0	0.000000
11	102	111.000000	0	0.000000
11	74	110.000000	0	0.000000
11	100	109.000000	0	0.000000
11	119	108.000000	0	0.000000
11	69	107.000000	0	0.000000
11	86	106.000000	0	0.000000
11	126	105.000000	0	0.000000
11	79	104.000000	0	0.000000
11	93	103.000000	0	0.000000
11	50	102.000000	0	0.000000
11	46	101.000000	0	0.000000
11	83	100.000000	0	0.000000
11	97	99.000000	0	0.000000
11	64	98.000000	0	0.000000
11	45	97.000000	0	0.000000
11	19	96.000000	0	0.000000
11	13	95.000000	0	0.000000
11	103	94.000000	0	0.000000
11	26	93.000000	0	0.000000
11	8	92.000000	0	0.000000
11	18	91.000000	0	0.000000
11	106	90.000000	0	0.000000
11	99	89.000000	0	0.000000
11	1	88.000000	0	0.000000
11	92	87.000000	0	0.000000
11	122	86.000000	0	0.000000
11	111	85.000000	0	0.000000
11	63	84.000000	0	0.000000
11	35	83.000000	0	0.000000
11	55	82.000000	0	0.000000
11	98	81.000000	0	0.000000
11	89	80.000000	0	0.000000
11	54	79.000000	0	0.000000
11	61	78.000000	0	0.000000
11	78	77.000000	0	0.000000
11	49	76.000000	0	0.000000
11	42	75.000000	0	0.000000
11	90	74.000000	0	0.000000
11	68	73.000000	0	0.000000
11	91	72.000000	0	0.000000
11	47	71.000000	0	0.000000
11	14	70.000000	0	0.000000
11	29	69.000000	0	0.000000
11	25	68.000000	0	0.000000
11	5	67.000000	0	0.000000
11	71	66.000000	0	0.000000
11	81	65.000000	0	0.000000
11	43	64.000000	0	0.000000
11	51	63.000000	0	0.000000
11	70	62.000000	0	0.000000
11	40	61.000000	0	0.000000
11	33	60.000000	0	0.000000
11	116	59.000000	0	0.000000
11	53	58.000000	0	0.000000
11	56	57.000000	0	0.000000
11	87	56.000000	0	0.000000
11	24	55.000000	0	0.000000
11	84	54.000000	0	0.000000
11	37	53.000000	0	0.000000
11	10	52.000000	0	0.000000
11	114	51.000000	0	0.000000
11	109	50.000000	0	0.000000
11	95	49.000000	0	0.000000
11	113	48.000000	0	0.000000
11	32	47.000000	0	0.000000
11	27	46.000000	0	0.000000
11	67	45.000000	0	0.000000
11	65	44.000000	0	0.000000
11	107	43.000000	0	0.000000
11	6	42.000000	0	0.000000
11	101	41.000000	0	0.000000
11	62	40.000000	0	0.000000
11	76	39.000000	0	0.000000
11	0	38.000000	0	0.000000
11	3	37.000000	0	0.000000
11	127	36.000000	0	0.000000
11	41	35.000000	0	0.000000
11	72	34.000000	0	0.000000
11	21	33.000000	0	0.000000
11	110	32.000000	0	0.000000
11	52	31.000000	0	0.000000
11	96	30.000000	0	0.000000
11	75	29.000000	0	0.000000
11	22	28.000000	0	0.000000
11	44	27.000000	0	0.000000
11	125	26.000000	0	0.000000
11	120	25.000000	0	0.000000
11	112	24.000000	0	0.000000
11	12	23.000000	0	0.000000
11	15	22.000000	0	0.000000
11	117	21.000000	0	0.000000
11	124	20.000000	0	0.000000
11	104	19.000000	0	0.000000
11	7	18.000000	0	0.000000
11	82	17.000000	0	0.000000
11	36	16.000000	0	0.000000
11	118	15.000000	0	0.000000
11	11	14.000000	0	0.000000
11	121	13.000000	0	0.000000
11	17	12.000000	0	0.000000
11	123	11.000000	0	0.000000
11	2	10.000000	0	0.000000
11	108	9.000000	0	0.000000
11	77	8.000000	0	0.000000
11	28	7.000000	0	0.000000
11	38	6.000000	0	0.000000
11	23	5.000000	0	0.000000
11	31	4.000000	0	0.000000
11	66	3.000000	0	0.000000
11	9	2.000000	0	0.000000
11	4	1.000000	0	0.000000
12	22	128.000000	0	0.000000
12	82	127.000000	0	0.000000
12	34	126.000000	0	0.000000
12	31	125.000000	0	0.000000
12	46	124.000000	0	0.000000
12	10	123.000000	0	0.000000
12	119	122.000000	0	0.000000
12	2	121.000000	0	0.000000
12	81	120.000000	0	0.000000
12	115	119.000000	0	0.000000
12	32	118.000000	0	0.000000
12	12	117.000000	0	0.000000
12	95	116.000000	0	0.000000
12	86	115.000000	0	0.000000
12	36	114.000000	0	0.000000
12	76	113.000000	0	0.000000
12	61	112.000000	0	0.000000
12	72	111.000000	0	0.000000
12	97	110.000000	0	0.000000
12	67	109.000000	0	0.000000
12	27	108.000000	0	0.000000
12	16	107.000000	0	0.000000
12	126	106.000000	0	0.000000
12	53	105.000000	0	0.000000
12	103	104.000000	0	0.000000
12	1	103.000000	0	0.000000
12	51	102.000000	0	0.000000
12	87	101.000000	0	0.000000
12	60	100.000000	0	0.000000
12	41	99.000000	0	0.000000
12	127	98.000000	0	0.000000
12	112	97.000000	0	0.000000
12	14	96.000000	0	0.000000
12	116	95.000000	0	0.000000
12	94	94.000000	0	0.000000
12	69	93.000000	0	0.000000
12	63	92.000000	0	0.000000
12	88	91.000000	0	0.000000
12	52	90.000000	0	0.000000
12	80	89.000000	0	0.000000
12	99	88.000000	0	0.000000
12	29	87.000000	0	0.000000
12	4	86.000000	0	0.000000
12	5	85.000000	0	0.000000
12	9	84.000000	0	0.000000
12	26	83.000000	0	0.000000
12	58	82.000000	0	0.000000
12	107	81.000000	0	0.000000
12	0	80.000000	0	0.000000
12	30	79.000000	0	0.000000
12	35	78.000000	0	0.000000
12	121	77.000000	0	0.000000
12	100	76.000000	0	0.000000
12	24	75.000000	0	0.000000
12	55	74.000000	0	0.000000
12	7	73.000000	0	0.000000
12	101	72.000000	0	0.000000
12	38	71.000000	0	0.000000
12	123	70.000000	0	0.000000
12	124	69.000000	0	0.000000
12	74	68.000000	0	0.000000
12	42	67.000000	0	0.000000
12	17	66.000000	0	0.000000
12	105	65.000000	0	0.000000
12	68	64.000000	0	0.000000
12	65	63.000000	0	0.000000
12	15	62.000000	0	0.000000
12	23	61.000000	0	0.000000
12	118	60.000000	0	0.000000
12	64	59.000000	0	0.000000
12	89	58.000000	0	0.000000
12	79	57.000000	0	0.000000
12	73	56.000000	0	0.000000
12	120	55.000000	0	0.000000
12	117	54.000000	0	0.000000
12	43	53.000000	0	0.000000
12	21	52.000000	0	0.000000
12	66	51.000000	0	0.000000
12	102	50.000000	0	0.000000
12	98	49.000000	0	0.000000
12	8	48.000000	0	0.000000
12	109	47.000000	0	0.000000
12	114	46.000000	0	0.000000
12	92	45.000000	0	0.000000
12	62	44.000000	0	0.000000
12	125	43.000000	0	0.000000
12	85	42.000000	0	0.000000
12	111	41.000000	0	0.000000
12	83	40.000000	0	0.000000
12	40	39.000000	0	0.000000
12	37	38.000000	0	0.000000
12	78	37.000000	0	0.000000
12	54	36.000000	0	0.000000
12	57	35.000000	0	0.000000
12	75	34.000000	0	0.000000
12	20	33.000000	0	0.000000
12	56	32.000000	0	0.000000
12	108	31.000000	0	0.000000
12	91	30.000000	0	0.000000
12	47	29.000000	0	0.000000
12	3	28.000000	0	0.000000
12	110	27.000000	0	0.000000
12	33	26.000000	0	0.000000
12	44	25.000000	0	0.000000
12	28	24.000000	0	0.000000
12	70	23.000000	0	0.000000
12	13	22.000000	0	0.000000
12	96	21.000000	0	0.000000
12	48	20.000000	0	0.000000
12	71	19.000000	0	0.000000
12	18	18.000000	0	0.000000
12	59	17.000000	0	0.000000
12	6	16.000000	0	0.000000
12	49	15.000000	0	0.000000
12	77	14.000000	0	0.000000
12	90	13.000000	0	0.000000
12	11	12.000000	0	0.000000
12	19	11.000000	0	0.000000
12	106	10.000000	0	0.000000
12	50	9.000000	0	0.000000
12	122	8.000000	0	0.000000
12	84	7.000000	0	0.000000
12	113	6.000000	0	0.000000
12	39	5.000000	0	0.000000
12	93	4.000000	0	0.000000
12	45	3.000000	0	0.000000
12	25	2.000000	0	0.000000
12	104	1.000000	0	0.000000
13	29	128.000000	0	0.000000
13	70	127.000000	0	0.000000
13	106	126.000000	0	0.000000
13	5	125.000000	0	0.000000
13	46	124.000000	0	0.000000
13	10	123.000000	0	0.000000
13	94	122.000000	0	0.000000
13	78	121.000000	0	0.000000
13	79	120.000000	0	0.000000
13	39	119.000000	0	0.000000
13	112	118.000000	0	0.000000
13	56	117.000000	0	0.000000
13	9	116.000000	0	0.000000
13	40	115.000000	0	0.000000
13	2	114.000000	0	0.000000
13	3	113.000000	0	0.000000
13	6	112.000000	0	0.000000
13	7	111.000000	0	0.000000
13	66	110.000000	0	0.000000
13	45	109.000000	0	0.000000
13	24	108.000000	0	0.000000
13	44	107.000000	0	0.000000
13	62	106.000000	0	0.000000
13	102	105.000000	0	0.000000
13	77	104.000000	0	0.000000
13	96	103.000000	0	0.000000
13	123	102.000000	0	0.000000
13	81	101.000000	0	0.000000
13	98	100.000000	0	0.000000
13	54	99.000000	0	0.000000
13	41	98.000000	0	0.000000
13	59	97.000000	0	0.000000
13	101	96.000000	0	0.000000
13	90	95.000000	0	0.000000
13	55	94.000000	0	0.000000
13	104	93.000000	0	0.000000
13	22	92.000000	0	0.000000
13	17	91.000000	0	0.000000
13	109	90.000000	0	0.000000
13	100	89.000000	0	0.000000
13	75	88.000000	0	0.000000
13	80	87.000000	0	0.000000
13	121	86.000000	0	0.000000
13	67	85.000000	0	0.000000
13	95	84.000000	0	0.000000
13	49	83.000000	0	0.000000
13	47	82.000000	0	0.000000
13	120	81.000000	0	0.000000
13	83	80.000000	0	0.000000
13	92	79.000000	0	0.000000
13	32	78.000000	0	0.000000
13	82	77.000000	0	0.000000
13	12	76.000000	0	0.000000
13	4	75.000000	0	0.000000
13	89	74.000000	0	0.000000
13	28	73.000000	0	0.000000
13	48	72.000000	0	0.000000
13	8	71.000000	0	0.000000
13	16	70.000000	0	0.000000
13	36	69.000000	0	0.000000
13	26	68.000000	0	0.000000
13	115	67.000000	0	0.000000
13	113	66.000000	0	0.000000
13	125	65.000000	0	0.000000
13	19	64.000000	0	0.000000
13	60	63.000000	0	0.000000
13	57	62.000000	0	0.000000
13	61	61.000000	0	0.000000
13	21	60.000000	0	0.000000
13	71	59.000000	0	0.000000
13	15	58.000000	0	0.000000
13	107	57.000000	0	0.000000
13	76	56.000000	0	0.000000
13	1	55.000000	0	0.000000
13	118	54.000000	0	0.000000
13	38	53.000000	0	0.000000
13	43	52.000000	0	0.000000
13	127	51.000000	0	0.000000
13	37	50.000000	0	0.000000
13	50	49.000000	0	0.000000
13	91	48.000000	0	0.000000
13	124	47.000000	0	0.000000
13	35	46.000000	0	0.000000
13	0	45.000000	0	0.000000
13	103	44.000000	0	0.000000
13	52	43.000000	0	0.000000
13	85	42.000000	0	0.000000
13	116	41.000000	0	0.000000
13	33	40.000000	0	0.000000
13	65	39.000000	0	0.000000
13	68	38.000000	0	0.000000
13	31	37.000000	0	0.000000
13	14	36.000000	0	0.000000
13	108	35.000000	0	0.000000
13	25	34.000000	0	0.000000
13	93	33.000000	0	0.000000
13	42	32.000000	0	0.000000
13	84	31.000000	0	0.000000
13	73	30.000000	0	0.000000
13	58	29.000000	0	0.000000
13	119	28.000000	0	0.000000
13	114	27.000000	0	0.000000
13	88	26.000000	0	0.000000
13	117	25.000000	0	0.000000
13	87	24.000000	0	0.000000
13	97	23.000000	0	0.000000
13	110	22.000000	0	0.000000
13	23	21.000000	0	0.000000
13	51	20.000000	0	0.000000
13	20	19.000000	0	0.000000
13	105	18.000000	0	0.000000
13	69	17.000000	0	0.000000
13	122	16.000000	0	0.000000
13	13	15.000000	0	0.000000
13	74	14.000000	0	0.000000
13	27	13.000000	0	0.000000
13	63	12.000000	0	0.000000
13	34	11.000000	0	0.000000
13	64	10.000000	0	0.000000
13	30	9.000000	0	0.000000
13	111	8.000000	0	0.000000
13	11	7.000000	0	0.000000
13	126	6.000000	0	0.000000
13	86	5.000000	0	0.000000
13	18	4.000000	0	0.000000
13	53	3.000000	0	0.000000
13	72	2.000000	0	0.000000
13	99	1.000000	0	0.000000
14	54	128.000000	0	0.000000
14	120	127.000000	0	0.000000
14	3	126.000000	0	0.000000
14	41	125.000000	0	0.000000
14	111	124.000000	0	0.000000
14	55	123.000000	0	0.000000
14	122	122.000000	0	0.000000
14	0	121.000000	0	0.000000
14	112	120.000000	0	0.000000
14	23	119.000000	0	0.000000
14	117	118.000000	0	0.000000
14	39	117.000000	0	0.000000
14	25	116.000000	0	0.000000
14	42	115.000000	0	0.000000
14	57	114.000000	0	0.000000
14	45	113.000000	0	0.000000
14	34	112.000000	0	0.000000
14	106	111.000000	0	0.000000
14	69	110.000000	0	0.000000
14	88	109.000000	0	0.000000
14	26	108.000000	0	0.000000
14	1	107.000000	0	0.000000
14	38	106.000000	0	0.000000
14	75	105.000000	0	0.000000
14	65	104.000000	0	0.000000
14	115	103.000000	0	0.000000
14	68	102.000000	0	0.000000
14	32	101.000000	0	0.000000
14	8	100.000000	0	0.000000
14	64	99.000000	0	0.000000
14	101	98.000000	0	0.000000
14	33	97.000000	0	0.000000
14	44	96.000000	0	0.000000
14	124	95.000000	0	0.000000
14	48	94.000000	0	0.000000
14	47	93.000000	0	0.000000
14	56	92.000000	0	0.000000
14	7	91.000000	0	0.000000
14	53	90.000000	0	0.000000
14	15	89.000000	0	0.000000
14	82	88.000000	0	0.000000
14	52	87.000000	0	0.000000
14	102	86.000000	0	0.000000
14	61	85.000000	0	0.000000
14	16	84.000000	0	0.000000
14	119	83.000000	0	0.000000
14	85	82.000000	0	0.000000
14	62	81.000000	0	0.000000
14	20	80.000000	0	0.000000
14	4	79.000000	0	0.000000
14	29	78.000000	0	0.000000
14	6	77.000000	0	0.000000
14	104	76.000000	0	0.000000
14	28	75.000000	0	0.000000
14	78	74.000000	0	0.000000
14	24	73.000000	0	0.000000
14	31	72.000000	0	0.000000
14	10	71.000000	0	0.000000
14	94	70.000000	0	0.000000
14	43	69.000000	0	0.000000
14	18	68.000000	0	0.000000
14	96	67.000000	0	0.000000
14	84	66.000000	0	0.000000
14	95	65.000000	0	0.000000
14	60	64.000000	0	0.000000
14	100	63.000000	0	0.000000
14	118	62.000000	0	0.000000
14	36	61.000000	0	0.000000
14	49	60.000000	0	0.000000
14	80	59.000000	0	0.000000
14	30	58.000000	0	0.000000
14	110	57.000000	0	0.000000
14	22	56.000000	0	0.000000
14	123	55.000000	0	0.000000
14	12	54.000000	0	0.000000
14	105	53.000000	0	0.000000
14	93	52.000000	0	0.000000
14	92	51.000000	0	0.000000
14	17	50.000000	0	0.000000
14	79	49.000000	0	0.000000
14	107	48.000000	0	0.000000
14	126	47.000000	0	0.000000
14	87	46.000000	0	0.000000
14	46	45.000000	0	0.000000
14	99	44.000000	0	0.000000
14	125	43.000000	0	0.000000
14	71	42.000000	0	0.000000
14	2	41.000000	0	0.000000
14	108	40.000000	0	0.000000
14	97	39.000000	0	0.000000
14	5	38.000000	0	0.000000
14	76	37.000000	0	0.000000
14	81	36.000000	0	0.000000
14	121	35.000000	0	0.000000
14	21	34.000000	0	0.000000
14	59	33.000000	0	0.000000
14	14	32.000000	0	0.000000
14	109	31.000000	0	0.000000
14	98	30.000000	0	0.000000
14	9	29.000000	0	0.000000
14	51	28.000000	0	0.000000
14	13	27.000000	0	0.000000
14	67	26.000000	0	0.000000
14	11	25.000000	0	0.000000
14	40	24.000000	0	0.000000
14	27	23.000000	0	0.000000
14	37	22.000000	0	0.000000
14	86	21.000000	0	0.000000
14	63	20.000000	0	0.000000
14	83	19.000000	0	0.000000
14	19	18.000000	0	0.000000
14	50	17.000000	0	0.000000
14	127	16.000000	0	0.000000
14	35	15.000000	0	0.000000
14	90	14.000000	0	0.000000
14	66	13.000000	0	0.000000
14	89	12.000000	0	0.000000
14	77	11.000000	0	0.000000
14	116	10.000000	0	0.000000
14	58	9.000000	0	0.000000
14	113	8.000000	0	0.000000
14	114	7.000000	0	0.000000
14	91	6.000000	0	0.000000
14	74	5.000000	0	0.000000
14	72	4.000000	0	0.000000
14	103	3.000000	0	0.000000
14	70	2.000000	0	0.000000
14	73	1.000000	0	0.000000
15	75	128.000000	0	0.000000
15	66	127.000000	0	0.000000
15	40	126.000000	0	0.000000
15	93	125.000000	0	0.000000
15	113	124.000000	0	0.000000
15	17	123.000000	0	0.000000
15	97	122.000000	0	0.000000
15	6	121.000000	0	0.000000
15	42	120.000000	0	0.000000
15	121	119.000000	0	0.000000
15	46	118.000000	0	0.000000
15	76	117.000000	0	0.000000
15	32	116.000000	0	0.000000
15	74	115.000000	0	0.000000
15	71	114.000000	0	0.000000
15	89	113.000000	0	0.000000
15	43	112.000000	0	0.000000
15	16	111.000000	0	0.000000
15	18	110.000000	0	0.000000
15	114	109.000000	0	0.000000
15	3	108.000000	0	0.000000
15	98	107.000000	0	0.000000
15	123	106.000000	0	0.000000
15	52	105.000000	0	0.000000
15	87	104.000000	0	0.000000
15	95	103.000000	0	0.000000
15	47	102.000000	0	0.000000
15	50	101.000000	0	0.000000
15	112	100.000000	0	0.000000
15	35	99.000000	0	0.000000
15	77	98.000000	0	0.000000
15	53	97.000000	0	0.000000
15	34	96.000000	0	0.000000
15	92	95.000000	0	0.000000
15	120	94.000000	0	0.000000
15	62	93.000000	0	0.000000
15	1	92.000000	0	0.000000
15	19	91.000000	0	0.000000
15	69	90.000000	0	0.000000
15	100	89.000000	0	0.000000
15	80	88.000000	0	0.000000
15	110	87.000000	0	0.000000
15	104	86.000000	0	0.000000
15	85	85.000000	0	0.000000
15	37	84.000000	0	0.000000
15	36	83.000000	0	0.000000
15	94	82.000000	0	0.000000
15	29	81.000000	0	0.000000
15	84	80.000000	0	0.000000
15	7	79.000000	0	0.000000
15	8	78.000000	0	0.000000
15	28	77.000000	0	0.000000
15	72	76.000000	0	0.000000
15	65	75.000000	0	0.000000
15	41	74.000000	0	0.000000
15	91	73.000000	0	0.000000
15	78	72.000000	0	0.000000
15	20	71.000000	0	0.000000
15	101	70.000000	0	0.000000
15	82	69.000000	0	0.000000
15	54	68.000000	0	0.000000
15	125	67.000000	0	0.000000
15	30	66.000000	0	0.000000
15	58	65.000000	0	0.000000
15	57	64.000000	0	0.000000
15	105	63.000000	0	0.000000
15	106	62.000000	0	0.000000
15	55	61.000000	0	0.000000
15	115	60.000000	0	0.000000
15	61	59.000000	0	0.000000
15	2	58.000000	0	0.000000
15	86	57.000000	0	0.000000
15	31	56.000000	0	0.000000
15	107	55.000000	0	0.000000
15	126	54.000000	0	0.000000
15	0	53.000000	0	0.000000
15	60	52.000000	0	0.000000
15	70	51.000000	0	0.000000
15	56	50.000000	0	0.000000
15	27	49.000000	0	0.000000
15	49	48.000000	0	0.000000
15	23	47.000000	0	0.000000
15	51	46.000000	0	0.000000
15	90	45.000000	0	0.000000
15	45	44.000000	0	0.000000
15	5	43.000000	0	0.000000
15	33	42.000000	0	0.000000
15	68	41.000000	0	0.000000
15	4	40.000000	0	0.000000
15	25	39.000000	0	0.000000
15	83	38.000000	0	0.000000
15	81	37.000000	0	0.000000
15	109	36.000000	0	0.000000
15	103	35.000000	0	0.000000
15	10	34.000000	0	0.000000
15	79	33.000000	0	0.000000
15	119	32.000000	0	0.000000
15	63	31.000000	0	0.000000
15	116	30.000000	0	0.000000
15	64	29.000000	0	0.000000
15	122	28.000000	0	0.000000
15	14	27.000000	0	0.000000
15	48	26.000000	0	0.000000
15	127	25.000000	0	0.000000
15	26	24.000000	0	0.000000
15	96	23.000000	0	0.000000
15	11	22.000000	0	0.000000
15	108	21.000000	0	0.000000
15	67	20.000000	0	0.000000
15	9	19.000000	0	0.000000
15	22	18.000000	0	0.000000
15	111	17.000000	0	0.000000
15	59	16.000000	0	0.000000
15	124	15.000000	0	0.000000
15	13	14.000000	0	0.000000
15	21	13.000000	0	0.000000
15	102	12.000000	0	0.000000
15	39	11.000000	0	0.000000
15	24	10.000000	0	0.000000
15	118	9.000000	0	0.000000
15	117	8.000000	0	0.000000
15	12	7.000000	0	0.000000
15	73	6.000000	0	0.000000
15	38	5.000000	0	0.000000
15	88	4.000000	0	0.000000
15	99	3.000000	0	0.000000
15	15	2.000000	0	0.000000
15	44	1.000000	0	0.000000
16	1	128.000000	0	0.000000
16	120	127.000000	0	0.000000
16	14	126.000000	0	0.000000
16	59	125.000000	0	0.000000
16	67	124.000000	0	0.000000
16	30	123.000000	0	0.000000
16	125	122.000000	0	0.000000
16	84	121.000000	0	0.000000
16	21	120.000000	0	0.000000
16	127	119.000000	0	0.000000
16	45	118.000000	0	0.000000
16	89	117.000000	0	0.000000
16	38	116.000000	0	0.000000
16	80	115.000000	0	0.000000
16	47	114.000000	0	0.000000
16	85	113.000000	0	0.000000
16	75	112.000000	0	0.000000
16	5	111.000000	0	0.000000
16	31	110.000000	0	0.000000
16	19	109.000000	0	0.000000
16	114	108.000000	0	0.000000
16	61	107.000000	0	0.000000
16	26	106.000000	0	0.000000
16	109	105.000000	0	0.000000
16	88	104.000000	0	0.000000
16	99	103.000000	0	0.000000
16	16	102.000000	0	0.000000
16	27	101.000000	0	0.000000
16	102	100.000000	0	0.000000
16	92	99.000000	0	0.000000
16	83	98.000000	0	0.000000
16	108	97.000000	0	0.000000
16	105	96.000000	0	0.000000
16	6	95.000000	0	0.000000
16	78	94.000000	0	0.000000
16	76	93.000000	0	0.000000
16	8	92.000000	0	0.000000
16	58	91.000000	0	0.000000
16	123	90.000000	0	0.000000
16	90	89.000000	0	0.000000
16	13	88.000000	0	0.000000
16	65	87.000000	0	0.000000
16	43	86.000000	0	0.000000
16	101	85.000000	0	0.000000
16	23	84.000000	0	0.000000
16	115	83.000000	0	0.000000
16	28	82.000000	0	0.000000
16	41	81.000000	0	0.000000
16	121	80.000000	0	0.000000
16	93	79.000000	0	0.000000
16	124	78.000000	0	0.000000
16	110	77.000000	0	0.000000
16	50	76.000000	0	0.000000
16	70	75.000000	0	0.000000
16	11	74.000000	0	0.000000
16	0	73.000000	0	0.000000
16	94	72.000000	0	0.000000
16	69	71.000000	0	0.000000
16	51	70.000000	0	0.000000
16	56	69.000000	0	0.000000
16	126	68.000000	0	0.000000
16	40	67.000000	0	0.000000
16	106	66.000000	0	0.000000
16	33	65.000000	0	0.000000
16	119	64.000000	0	0.000000
16	60	63.000000	0	0.000000
16	35	62.000000	0	0.000000
16	20	61.000000	0	0.000000
16	81	60.000000	0	0.000000
16	18	59.000000	0	0.000000
16	44	58.000000	0	0.000000
16	104	57.000000	0	0.000000
16	111	56.000000	0	0.000000
16	29	55.000000	0	0.000000
16	42	54.000000	0	0.000000
16	96	53.000000	0	0.000000
16	122	52.000000	0	0.000000
16	39	51.000000	0	0.000000
16	15	50.000000	0	0.000000
16	112	49.000000	0	0.000000
16	77	48.000000	0	0.000000
16	117	47.000000	0	0.000000
16	52	46.000000	0	0.000000
16	91	45.000000	0	0.000000
16	24	44.000000	0	0.000000
16	36	43.000000	0	0.000000
16	64	42.000000	0	0.000000
16	79	41.000000	0	0.000000
16	68	40.000000	0	0.000000
16	4	39.000000	0	0.000000
16	32	38.000000	0	0.000000
16	46	37.000000	0	0.000000
16	103	36.000000	0	0.000000
16	55	35.000000	0	0.000000
16	66	34.000000	0	0.000000
16	116	33.000000	0	0.000000
16	54	32.000000	0	0.000000
16	7	31.000000	0	0.000000
16	82	30.000000	0	0.000000
16	17	29.000000	0	0.000000
16	113	28.000000	0	0.000000
16	95	27.000000	0	0.000000
16	74	26.000000	0	0.000000
16	37	25.000000	0	0.000000
16	97	24.000000	0	0.000000
16	48	23.000000	0	0.000000
16	100	22.000000	0	0.000000
16	57	21.000000	0	0.000000
16	98	20.000000	0	0.000000
16	25	19.000000	0	0.000000
16	73	18.000000	0	0.000000
16	53	17.000000	0	0.000000
16	49	16.000000	0	0.000000
16	9	15.000000	0	0.000000
16	12	14.000000	0	0.000000
16	86	13.000000	0	0.000000
16	71	12.000000	0	0.000000
16	2	11.000000	0	0.000000
16	22	10.000000	0	0.000000
16	10	9.000000	0	0.000000
16	72	8.000000	0	0.000000
16	63	7.000000	0	0.000000
16	3	6.000000	0	0.000000
16	62	5.000000	0	0.000000
16	34	4.000000	0	0.000000
16	118	3.000000	0	0.000000
16	87	2.000000	0	0.000000
16	107	1.000000	0	0.000000
17	101	128.000000	0	0.000000
17	23	127.000000	0	0.000000
17	9	126.000000	0	0.000000
17	77	125.000000	0	0.000000
17	117	124.000000	0	0.000000
17	121	123.000000	0	0.000000
17	18	122.000000	0	0.000000
17	17	121.000000	0	0.000000
17	25	120.000000	0	0.000000
17	27	119.000000	0	0.000000
17	112	118.000000	0	0.000000
17	16	117.000000	0	0.000000
17	103	116.000000	0	0.000000
17	98	115.000000	0	0.000000
17	36	114.000000	0	0.000000
17	82	113.000000	0	0.000000
17	67	112.000000	0	0.000000
17	1	111.000000	0	0.000000
17	107	110.000000	0	0.000000
17	71	109.000000	0	0.000000
17	66	108.000000	0	0.000000
17	113	107.000000	0	0.000000
17	45	106.000000	0	0.000000
17	81	105.000000	0	0.000000
17	5	104.000000	0	0.000000
17	41	103.000000	0	0.000000
17	106	102.000000	0	0.000000
17	19	101.000000	0	0.000000
17	108	100.000000	0	0.000000
17	53	99.000000	0	0.000000
17	116	98.000000	0	0.000000
17	65	97.000000	0	0.000000
17	26	96.000000	0	0.000000
17	100	95.000000	0	0.000000
17	43	94.000000	0	0.000000
17	84	93.000000	0	0.000000
17	2	92.000000	0	0.000000
17	24	91.000000	0	0.000000
17	110	90.000000	0	0.000000
17	6	89.000000	0	0.000000
17	85	88.000000	0	0.000000
17	54	87.000000	0	0.000000
17	62	86.000000	0	0.000000
17	91	85.000000	0	0.000000
17	64	84.000000	0	0.000000
17	111	83.000000	0	0.000000
17	11	82.000000	0	0.000000
17	15	81.000000	0	0.000000
17	14	80.000000	0	0.000000
17	57	79.000000	0	0.000000
17	0	78.000000	0	0.000000
17	70	77.000000	0	0.000000
17	44	76.000000	0	0.000000
17	61	75.000000	0	0.000000
17	92	74.000000	0	0.000000
17	50	73.000000	0	0.000000
17	20	72.000000	0	0.000000
17	102	71.000000	0	0.000000
17	120	70.000000	0	0.000000
17	12	69.000000	0	0.000000
17	39	68.000000	0	0.000000
17	79	67.000000	0	0.000000
17	86	66.000000	0	0.000000
17	127	65.000000	0	0.000000
17	31	64.000000	0	0.000000
17	30	63.000000	0	0.000000
17	42	62.000000	0	0.000000
17	63	61.000000	0	0.000000
17	72	60.000000	0	0.000000
17	32	59.000000	0	0.000000
17	58	58.000000	0	0.000000
17	68	57.000000	0	0.000000
17	83	56.000000	0	0.000000
17	115	55.000000	0	0.000000
17	126	54.000000	0	0.000000
17	75	53.000000	0	0.000000
17	69	52.000000	0	0.000000
17	46	51.000000	0	0.000000
17	34	50.000000	0	0.000000
17	3	49.000000	0	0.000000
17	49	48.000000	0	0.000000
17	59	47.000000	0	0.000000
17	78	46.000000	0	0.000000
17	29	45.000000	0	0.000000
17	125	44.000000	0	0.000000
17	55	43.000000	0	0.000000
17	99	42.000000	0	0.000000
17	118	41.000000	0	0.000000
17	7	40.000000	0	0.000000
17	90	39.000000	0	0.000000
17	97	38.000000	0	0.000000
17	80	37.000000	0	0.000000
17	74	36.000000	0	0.000000
17	10	35.000000	0	0.000000
17	35	34.000000	0	0.000000
17	88	33.000000	0	0.000000
17	123	32.000000	0	0.000000
17	52	31.000000	0	0.000000
17	87	30.000000	0	0.000000
17	28	29.000000	0	0.000000
17	89	28.000000	0	0.000000
17	33	27.000000	0	0.000000
17	73	26.000000	0	0.000000
17	47	25.000000	0	0.000000
17	105	24.000000	0	0.000000
17	48	23.000000	0	0.000000
17	4	22.000000	0	0.000000
17	21	21.000000	0	0.000000
17	119	20.000000	0	0.000000
17	37	19.000000	0	0.000000
17	124	18.000000	0	0.000000
17	22	17.000000	0	0.000000
17	8	16.000000	0	0.000000
17	104	15.000000	0	0.000000
17	109	14.000000	0	0.000000
17	93	13.000000	0	0.000000
17	94	12.000000	0	0.000000
17	38	11.000000	0	0.000000
17	114	10.000000	0	0.000000
17	76	9.000000	0	0.000000
17	13	8.000000	0	0.000000
17	60	7.000000	0	0.000000
17	122	6.000000	0	0.000000
17	96	5.000000	0	0.000000
17	51	4.000000	0	0.000000
17	56	3.000000	0	0.000000
17	40	2.000000	0	0.000000
17	95	1.000000	0	0.000000
18	104	128.000000	0	0.000000
18	113	127.000000	0	0.000000
18	22	126.000000	0	0.000000
18	89	125.000000	0	0.000000
18	32	124.000000	0	0.000000
18	21	123.000000	0	0.000000
18	23	122.000000	0	0.000000
18	110	121.000000	0	0.000000
18	59	120.000000	0	0.000000
18	63	119.000000	0	0.000000
18	90	118.000000	0	0.000000
18	54	117.000000	0	0.000000
18	70	116.000000	0	0.000000
18	30	115.000000	0	0.000000
18	13	114.000000	0	0.000000
18	74	113.000000	0	0.000000
18	125	112.000000	0	0.000000
18	68	111.000000	0	0.000000
18	97	110.000000	0	0.000000
18	64	109.000000	0	0.000000
18	51	108.000000	0	0.000000
18	119	107.000000	0	0.000000
18	5	106.000000	0	0.000000
18	42	105.000000	0	0.000000
18	14	104.000000	0	0.000000
18	111	103.000000	0	0.000000
18	36	102.000000	0	0.000000
18	127	101.000000	0	0.000000
18	81	100.000000	0	0.000000
18	41	99.000000	0	0.000000
18	52	98.000000	0	0.000000
18	45	97.000000	0	0.000000
18	123	96.000000	0	0.000000
18	56	95.000000	0	0.000000
18	80	94.000000	0	0.000000
18	39	93.000000	0	0.000000
18	66	92.000000	0	0.000000
18	34	91.000000	0	0.000000
18	102	90.000000	0	0.000000
18	100	89.000000	0	0.000000
18	35	88.000000	0	0.000000
18	87	87.000000	0	0.000000
18	91	86.000000	0	0.000000
18	86	85.000000	0	0.000000
18	96	84.000000	0	0.000000
18	17	83.000000	0	0.000000
18	40	82.000000	0	0.000000
18	58	81.000000	0	0.000000
18	67	80.000000	0	0.000000
18	10	79.000000	0	0.000000
18	19	78.000000	0	0.000000
18	105	77.000000	0	0.000000
18	115	76.000000	0	0.000000
18	60	75.000000	0	0.000000
18	26	74.000000	0	0.000000
18	65	73.000000	0	0.000000
18	55	72.000000	0	0.000000
18	79	71.000000	0	0.000000
18	85	70.000000	0	0.000000
18	27	69.000000	0	0.000000
18	103	68.000000	0	0.000000
18	93	67.000000	0	0.000000
18	44	66.000000	0	0.000000
18	78	65.000000	0	0.000000
18	46	64.000000	0	0.000000
18	126	63.000000	0	0.000000
18	77	62.000000	0	0.000000
18	109	61.000000	0	0.000000
18	88	60.000000	0	0.000000
18	20	59.000000	0	0.000000
18	24	58.000000	0	0.000000
18	3	57.000000	0	0.000000
18	94	56.000000	0	0.000000
18	0	55.000000	0	0.000000
18	98	54.000000	0	0.000000
18	75	53.000000	0	0.000000
18	6	52.000000	0	0.000000
18	8	51.000000	0	0.000000
18	72	50.000000	0	0.000000
18	107	49.000000	0	0.000000
18	76	48.000000	0	0.000000
18	62	47.000000	0	0.000000
18	9	46.000000	0	0.000000
18	1	45.000000	0	0.000000
18	69	44.000000	0	0.000000
18	116	43.000000	0	0.000000
18	122	42.000000	0	0.000000
18	33	41.000000	0	0.000000
18	82	40.000000	0	0.000000
18	4	39.000000	0	0.000000
18	38	38.000000	0	0.000000
18	108	37.000000	0	0.000000
18	47	36.000000	0	0.000000
18	49	35.000000	0	0.000000
18	25	34.000000	0	0.000000
18	31	33.000000	0	0.000000
18	99	32.000000	0	0.000000
18	118	31.000000	0	0.000000
18	101	30.000000	0	0.000000
18	43	29.000000	0	0.000000
18	29	28.000000	0	0.000000
18	73	27.000000	0	0.000000
18	71	26.000000	0	0.000000
18	12	25.000000	0	0.000000
18	28	24.000000	0	0.000000
18	50	23.000000	0	0.000000
18	7	22.000000	0	0.000000
18	83	21.000000	0	0.000000
18	106	20.000000	0	0.000000
18	16	19.000000	0	0.000000
18	61	18.000000	0	0.000000
18	57	17.000000	0	0.000000
18	124	16.000000	0	0.000000
18	15	15.000000	0	0.000000
18	95	14.000000	0	0.000000
18	2	13.000000	0	0.000000
18	114	12.000000	0	0.000000
18	120	11.000000	0	0.000000
18	37	10.000000	0	0.000000
18	121	9.000000	0	0.000000
18	11	8.000000	0	0.000000
18	53	7.000000	0	0.000000
18	18	6.000000	0	0.000000
18	112	5.000000	0	0.000000
18	84	4.000000	0	0.000000
18	117	3.000000	0	0.000000
18	92	2.000000	0	0.000000
18	48	1.000000	0	0.000000
19	28	128.000000	0	0.000000
19	100	127.000000	0	0.000000
19	0	126.000000	0	0.000000
19	33	125.000000	0	0.000000
19	34	124.000000	0	0.000000
19	105	123.000000	0	0.000000
19	5	122.000000	0	0.000000
19	9	121.000000	0	0.000000
19	85	120.000000	0	0.000000
19	108	119.000000	0	0.000000
19	31	118.000000	0	0.000000
19	57	117.000000	0	0.000000
19	26	116.000000	0	0.000000
19	1	115.000000	0	0.000000
19	71	114.000000	0	0.000000
19	51	113.000000	0	0.000000
19	82	112.000000	0	0.000000
19	68	111.000000	0	0.000000
19	107	110.000000	0	0.000000
19	50	109.000000	0	0.000000
19	48	108.000000	0	0.000000
19	118	107.000000	0	0.000000
19	78	106.000000	0	0.000000
19	106	105.000000	0	0.000000
19	103	104.000000	0	0.000000
19	58	103.000000	0	0.000000
19	98	102.000000	0	0.000000
19	117	101.000000	0	0.000000
19	53	100.000000	0	0.000000
19	115	99.000000	0	0.000000
19	89	98.000000	0	0.000000
19	44	97.000000	0	0.000000
19	55	96.000000	0	0.000000
19	49	95.000000	0	0.000000
19	39	94.000000	0	0.000000
19	4	93.000000	0	0.000000
19	62	92.000000	0	0.000000
19	60	91.000000	0	0.000000
19	13	90.000000	0	0.000000
19	77	89.000000	0	0.000000
19	81	88.000000	0	0.000000
19	88	87.000000	0	0.000000
19	110	86.000000	0	0.000000
19	59	85.000000	0	0.000000
19	90	84.000000	0	0.000000
19	86	83.000000	0	0.000000
19	32	82.000000	0	0.000000
19	63	81.000000	0	0.000000
19	30	80.000000	0	0.000000
19	74	79.000000	0	0.000000
19	43	78.000000	0	0.000000
19	116	77.000000	0	0.000000
19	19	76.000000	0	0.000000
19	8	75.000000	0	0.000000
19	91	74.000000	0	0.000000
19	6	73.000000	0	0.000000
19	23	72.000000	0	0.000000
19	45	71.000000	0	0.000000
19	97	70.000000	0	0.000000
19	47	69.000000	0	0.000000
19	95	68.000000	0	0.000000
19	16	67.000000	0	0.000000
19	7	66.000000	0	0.000000
19	73	65.000000	0	0.000000
19	29	64.000000	0	0.000000
19	120	63.000000	0	0.000000
19	61	62.000000	0	0.000000
19	67	61.000000	0	0.000000
19	101	60.000000	0	0.000000
19	127	59.000000	0	0.000000
19	123	58.000000	0	0.000000
19	96	57.000000	0	0.000000
19	112	56.000000	0	0.000000
19	36	55.000000	0	0.000000
19	87	54.000000	0	0.000000
19	70	53.000000	0	0.000000
19	72	52.000000	0	0.000000
19	64	51.000000	0	0.000000
19	3	50.000000	0	0.000000
19	113	49.000000	0	0.000000
19	24	48.000000	0	0.000000
19	2	47.000000	0	0.000000
19	27	46.000000	0	0.000000
19	94	45.000000	0	0.000000
19	75	44.000000	0	0.000000
19	93	43.000000	0	0.000000
19	92	42.000000	0	0.000000
19	20	41.000000	0	0.000000
19	69	40.000000	0	0.000000
19	21	39.000000	0	0.000000
19	124	38.000000	0	0.000000
19	111	37.000000	0	0.000000
19	56	36.000000	0	0.000000
19	40	35.000000	0	0.000000
19	42	34.000000	0	0.000000
19	14	33.000000	0	0.000000
19	109	32.000000	0	0.000000
19	121	31.000000	0	0.000000
19	66	30.000000	0	0.000000
19	122	29.000000	0	0.000000
19	12	28.000000	0	0.000000
19	10	27.000000	0	0.000000
19	38	26.000000	0	0.000000
19	80	25.000000	0	0.000000
19	17	24.000000	0	0.000000
19	25	23.000000	0	0.000000
19	46	22.000000	0	0.000000
19	125	21.000000	0	0.000000
19	52	20.000000	0	0.000000
19	104	19.000000	0	0.000000
19	76	18.000000	0	0.000000
19	126	17.000000	0	0.000000
19	54	16.000000	0	0.000000
19	83	15.000000	0	0.000000
19	35	14.000000	0	0.000000
19	18	13.000000	0	0.000000
19	79	12.000000	0	0.000000
19	99	11.000000	0	0.000000
19	119	10.000000	0	0.000000
19	37	9.000000	0	0.000000
19	11	8.000000	0	0.000000
19	41	7.000000	0	0.000000
19	114	6.000000	0	0.000000
19	22	5.000000	0	0.000000
19	15	4.000000	0	0.000000
19	84	3.000000	0	0.000000
19	65	2.000000	0	0.000000
19	102	1.000000	0	0.000000
20	38	128.000000	0	0.000000
20	44	127.000000	0	0.000000
20	31	126.000000	0	0.000000
20	43	125.000000	0	0.000000
20	32	124.000000	0	0.000000
20	22	123.000000	0	0.000000
20	7	122.000000	0	0.000000
20	108	121.000000	0	0.000000
20	13	120.000000	0	0.000000
20	100	119.000000	0	0.000000
20	41	118.000000	0	0.000000
20	64	117.000000	0	0.000000
20	122	116.000000	0	0.000000
20	63	115.000000	0	0.000000
20	54	114.000000	0	0.000000
20	79	113.000000	0	0.000000
20	34	112.000000	0	0.000000
20	35	111.000000	0	0.000000
20	106	110.000000	0	0.000000
20	47	109.000000	0	0.000000
20	97	108.000000	0	0.000000
20	59	107.000000	0	0.000000
20	127	106.000000	0	0.000000
20	60	105.000000	0	0.000000
20	56	104.000000	0	0.000000
20	15	103.000000	0	0.000000
20	96	102.000000	0	0.000000
20	72	101.000000	0	0.000000
20	77	100.000000	0	0.000000
20	58	99.000000	0	0.000000
20	17	98.000000	0	0.000000
20	39	97.000000	0	0.000000
20	1	96.000000	0	0.000000
20	111	95.000000	0	0.000000
20	61	94.000000	0	0.000000
20	84	93.000000	0	0.000000
20	90	92.000000	0	0.000000
20	103	91.000000	0	0.000000
20	89	90.000000	0	0.000000
20	55	89.000000	0	0.000000
20	121	88.000000	0	0.000000
20	94	87.000000	0	0.000000
20	82	86.000000	0	0.000000
20	73	85.000000	0	0.000000
20	86	84.000000	0	0.000000
20	46	83.000000	0	0.000000
20	81	82.000000	0	0.000000
20	95	81.000000	0	0.000000
20	87	80.000000	0	0.000000
20	126	79.000000	0	0.000000
20	49	78.000000	0	0.000000
20	70	77.000000	0	0.000000
20	66	76.000000	0	0.000000
20	53	75.000000	0	0.000000
20	14	74.000000	0	0.000000
20	93	73.000000	0	0.000000
20	104	72.000000	0	0.000000
20	24	71.000000	0	0.000000
20	36	70.000000	0	0.000000
20	52	69.000000	0	0.000000
20	21	68.000000	0	0.000000
20	4	67.000000	0	0.000000
20	20	66.000000	0	0.000000
20	76	65.000000	0	0.000000
20	5	64.000000	0	0.000000
20	16	63.000000	0	0.000000
20	18	62.000000	0	0.000000
20	102	61.000000	0	0.000000
20	99	60.000000	0	0.000000
20	30	59.000000	0	0.000000
20	98	58.000000	0	0.000000
20	105	57.000000	0	0.000000
20	83	56.000000	0	0.000000
20	28	55.000000	0	0.000000
20	6	54.000000	0	0.000000
20	42	53.000000	0	0.000000
20	65	52.000000	0	0.000000
20	57	51.000000	0	0.000000
20	45	50.000000	0	0.000000
20	50	49.000000	0	0.000000
20	80	48.000000	0	0.000000
20	37	47.000000	0	0.000000
20	2	46.000000	0	0.000000
20	116	45.000000	0	0.000000
20	125	44.000000	0	0.000000
20	101	43.000000	0	0.000000
20	27	42.000000	0	0.000000
20	124	41.000000	0	0.000000
20	123	40.000000	0	0.000000
20	117	39.000000	0	0.000000
20	67	38.000000	0	0.000000
20	69	37.000000	0	0.000000
20	114	36.000000	0	0.000000
20	88	35.000000	0	0.000000
20	8	34.000000	0	0.000000
20	19	33.000000	0	0.000000
20	91	32.000000	0	0.000000
20	113	31.000000	0	0.000000
20	33	30.000000	0	0.000000
20	51	29.000000	0	0.000000
20	3	28.000000	0	0.000000
20	71	27.000000	0	0.000000
20	23	26.000000	0	0.000000
20	11	25.000000	0	0.000000
20	74	24.000000	0	0.000000
20	92	23.000000	0	0.000000
20	40	22.000000	0	0.000000
20	109	21.000000	0	0.000000
20	110	20.000000	0	0.000000
20	120	19.000000	0	0.000000
20	25	18.000000	0	0.000000
20	68	17.000000	0	0.000000
20	10	16.000000	0	0.000000
20	112	15.000000	0	0.000000
20	48	14.000000	0	0.000000
20	29	13.000000	0	0.000000
20	85	12.000000	0	0.000000
20	9	11.000000	0	0.000000
20	62	10.000000	0	0.000000
20	119	9.000000	0	0.000000
20	107	8.000000	0	0.000000
20	78	7.000000	0	0.000000
20	118	6.000000	0	0.000000
20	12	5.000000	0	0.000000
20	115	4.000000	0	0.000000
20	0	3.000000	0	0.000000
20	26	2.000000	0	0.000000
20	75	1.000000	0	0.000000
21	112	128.000000	0	0.000000
21	76	127.000000	0	0.000000
21	93	126.000000	0	0.000000
21	82	125.000000	0	0.000000
21	54	124.000000	0	0.000000
21	17	123.000000	0	0.000000
21	69	122.000000	0	0.000000
21	20	121.000000	0	0.000000
21	68	120.000000	0	0.000000
21	80	119.000000	0	0.000000
21	121	118.000000	0	0.000000
21	33	117.000000	0	0.000000
21	59	116.000000	0	0.000000
21	71	115.000000	0	0.000000
21	23	114.000000	0	0.000000
21	36	113.000000	0	0.000000
21	111	112.000000	0	0.000000
21	12	111.000000	0	0.000000
21	3	110.000000	0	0.000000
21	35	109.000000	0	0.000000
21	102	108.000000	0	0.000000
21	74	107.000000	0	0.000000
21	127	106.000000	0	0.000000
21	97	105.000000	0	0.000000
21	29	104.000000	0	0.000000
21	106	103.000000	0	0.000000
21	83	102.000000	0	0.000000
21	99	101.000000	0	0.000000
21	52	100.000000	0	0.000000
21	7	99.000000	0	0.000000
21	31	98.000000	0	0.000000
21	116	97.000000	0	0.000000
21	0	96.000000	0	0.000000
21	48	95.000000	0	0.000000
21	118	94.000000	0	0.000000
21	61	93.000000	0	0.000000
21	94	92.000000	0	0.000000
21	100	91.000000	0	0.000000
21	22	90.000000	0	0.000000
21	40	89.000000	0	0.000000
21	9	88.000000	0	0.000000
21	105	87.000000	0	0.000000
21	30	86.000000	0	0.000000
21	60	85.000000	0	0.000000
21	50	84.000000	0	0.000000
21	66	83.000000	0	0.000000
21	125	82.000000	0	0.000000
21	96	81.000000	0	0.000000
21	98	80.000000	0	0.000000
21	79	79.000000	0	0.000000
21	49	78.000000	0	0.000000
21	85	77.000000	0	0.000000
21	89	76.000000	0	0.000000
21	16	75.000000	0	0.000000
21	43	74.000000	0	0.000000
21	110	73.000000	0	0.000000
21	72	72.000000	0	0.000000
21	62	71.000000	0	0.000000
21	122	70.000000	0	0.000000
21	78	69.000000	0	0.000000
21	37	68.000000	0	0.000000
21	57	67.000000	0	0.000000
21	90	66.000000	0	0.000000
21	65	65.000000	0	0.000000
21	41	64.000000	0	0.000000
21	75	63.000000	0	0.000000
21	86	62.000000	0	0.000000
21	1	61.000000	0	0.000000
21	27	60.000000	0	0.000000
21	104	59.000000	0	0.000000
21	5	58.000000	0	0.000000
21	114	57.000000	0	0.000000
21	117	56.000000	0	0.000000
21	45	55.000000	0	0.000000
21	24	54.000000	0	0.000000
21	87	53.000000	0	0.000000
21	95	52.000000	0	0.000000
21	103	51.000000	0	0.000000
21	32	50.000000	0	0.000000
21	26	49.000000	0	0.000000
21	92	48.000000	0	0.000000
21	13	47.000000	0	0.000000
21	113	46.000000	0	0.000000
21	42	45.000000	0	0.000000
21	47	44.000000	0	0.000000
21	46	43.000000	0	0.000000
21	11	42.000000	0	0.000000
21	108	41.000000	0	0.000000
21	84	40.000000	0	0.000000
21	107	39.000000	0	0.000000
21	25	38.000000	0	0.000000
21	51	37.000000	0	0.000000
21	10	36.000000	0	0.000000
21	88	35.000000	0	0.000000
21	38	34.000000	0	0.000000
21	2	33.000000	0	0.000000
21	34	32.000000	0	0.000000
21	126	31.000000	0	0.000000
21	28	30.000000	0	0.000000
21	55	29.000000	0	0.000000
21	39	28.000000	0	0.000000
21	6	27.000000	0	0.000000
21	81	26.000000	0	0.000000
21	101	25.000000	0	0.000000
21	8	24.000000	0	0.000000
21	15	23.000000	0	0.000000
21	120	22.000000	0	0.000000
21	124	21.000000	0	0.000000
21	14	20.000000	0	0.000000
21	77	19.000000	0	0.000000
21	115	18.000000	0	0.000000
21	67	17.000000	0	0.000000
21	119	16.000000	0	0.000000
21	53	15.000000	0	0.000000
21	91	14.000000	0	0.000000
21	18	13.000000	0	0.000000
21	21	12.000000	0	0.000000
21	56	11.000000	0	0.000000
21	63	10.000000	0	0.000000
21	70	9.000000	0	0.000000
21	44	8.000000	0	0.000000
21	58	7.000000	0	0.000000
21	64	6.000000	0	0.000000
21	73	5.000000	0	0.000000
21	19	4.000000	0	0.000000
21	109	3.000000	0	0.000000
21	4	2.000000	0	0.000000
21	123	1.000000	0	0.000000
22	7	128.000000	0	0.000000
22	47	127.000000	0	0.000000
22	18	126.000000	0	0.000000
22	69	125.000000	0	0.000000
22	104	124.000000	0	0.000000
22	49	123.000000	0	0.000000
22	106	122.000000	0	0.000000
22	94	121.000000	0	0.000000
22	117	120.000000	0	0.000000
22	50	119.000000	0	0.000000
22	20	118.000000	0	0.000000
22	4	117.000000	0	0.000000
22	79	116.000000	0	0.000000
22	25	115.000000	0	0.000000
22	112	114.000000	0	0.000000
22	17	113.000000	0	0.000000
22	119	112.000000	0	0.000000
22	91	111.000000	0	0.000000
22	39	110.000000	0	0.000000
22	21	109.000000	0	0.000000
22	99	108.000000	0	0.000000
22	55	107.000000	0	0.000000
22	40	106.000000	0	0.000000
22	57	105.000000	0	0.000000
22	125	104.000000	0	0.000000
22	86	103.000000	0	0.000000
22	98	102.000000	0	0.000000
22	44	101.000000	0	0.000000
22	85	100.000000	0	0.000000
22	43	99.000000	0	0.000000
22	105	98.000000	0	0.000000
22	27	97.000000	0	0.000000
22	111	96.000000	0	0.000000
22	61	95.000000	0	0.000000
22	36	94.000000	0	0.000000
22	82	93.000000	0	0.000000
22	41	92.000000	0	0.000000
22	124	91.000000	0	0.000000
22	120	90.000000	0	0.000000
22	0	89.000000	0	0.000000
22	62	88.000000	0	0.000000
22	19	87.000000	0	0.000000
22	88	86.000000	0	0.000000
22	28	85.000000	0	0.000000
22	76	84.000000	0	0.000000
22	13	83.000000	0	0.000000
22	33	82.000000	0	0.000000
22	9	81.000000	0	0.000000
22	15	80.000000	0	0.000000
22	16	79.000000	0	0.000000
22	90	78.000000	0	0.000000
22	95	77.000000	0	0.000000
22	71	76.000000	0	0.000000
22	31	75.000000	0	0.000000
22	30	74.000000	0	0.000000
22	26	73.000000	0	0.000000
22	72	72.000000	0	0.000000
22	107	71.000000	0	0.000000
22	23	70.000000	0	0.000000
22	108	69.000000	0	0.000000
22	37	68.000000	0	0.000000
22	101	67.000000	0	0.000000
22	14	66.000000	0	0.000000
22	113	65.000000	0	0.000000
22	100	64.000000	0	0.000000
22	73	63.000000	0	0.000000
22	64	62.000000	0	0.000000
22	51	61.000000	0	0.000000
22	87	60.000000	0	0.000000
22	103	59.000000	0	0.000000
22	70	58.000000	0	0.000000
22	63	57.000000	0	0.000000
22	2	56.000000	0	0.000000
22	65	55.000000	0	0.000000
22	52	54.000000	0	0.000000
22	56	53.000000	0	0.000000
22	109	52.000000	0	0.000000
22	122	51.000000	0	0.000000
22	45	50.000000	0	0.000000
22	97	49.000000	0	0.000000
22	110	48.000000	0	0.000000
22	127	47.000000	0	0.000000
22	35	46.000000	0	0.000000
22	92	45.000000	0	0.000000
22	93	44.000000	0	0.000000
22	66	43.000000	0	0.000000
22	59	42.000000	0	0.000000
22	123	41.000000	0	0.000000
22	46	40.000000	0	0.000000
22	68	39.000000	0	0.000000
22	58	38.000000	0	0.000000
22	126	37.000000	0	0.000000
22	29	36.000000	0	0.000000
22	12	35.000000	0	0.000000
22	10	34.000000	0	0.000000
22	74	33.000000	0	0.000000
22	83	32.000000	0	0.000000
22	78	31.000000	0	0.000000
22	5	30.000000	0	0.000000
22	24	29.000000	0	0.000000
22	84	28.000000	0	0.000000
22	1	27.000000	0	0.000000
22	118	26.000000	0	0.000000
22	80	25.000000	0	0.000000
22	116	24.000000	0	0.000000
22	81	23.000000	0	0.000000
22	121	22.000000	0	0.000000
22	96	21.000000	0	0.000000
22	22	20.000000	0	0.000000
22	6	19.000000	0	0.000000
22	48	18.000000	0	0.000000
22	60	17.000000	0	0.000000
22	54	16.000000	0	0.000000
22	3	15.000000	0	0.000000
22	34	14.000000	0	0.000000
22	67	13.000000	0	0.000000
22	102	12.000000	0	0.000000
22	77	11.000000	0	0.000000
22	38	10.000000	0	0.000000
22	53	9.000000	0	0.000000
22	42	8.000000	0	0.000000
22	75	7.000000	0	0.000000
22	8	6.000000	0	0.000000
22	11	5.000000	0	0.000000
22	115	4.000000	0	0.000000
22	114	3.000000	0	0.000000
22	32	2.000000	0	0.000000
22	89	1.000000	0	0.000000
23	20	128.000000	0	0.000000
23	88	127.000000	0	0.000000
23	115	126.000000	0	0.000000
23	106	125.000000	0	0.000000
23	59	124.000000	0	0.000000
23	60	123.000000	0	0.000000
23	57	122.000000	0	0.000000
23	85	121.000000	0	0.000000
23	30	120.000000	0	0.000000
23	74	119.000000	0	0.000000
23	99	118.000000	0	0.000000
23	119	117.000000	0	0.000000
23	105	116.000000	0	0.000000
23	37	115.000000	0	0.000000
23	80	114.000000	0	0.000000
23	97	113.000000	0	0.000000
23	46	112.000000	0	0.000000
23	34	111.000000	0	0.000000
23	14	110.000000	0	0.000000
23	58	109.000000	0	0.000000
23	93	108.000000	0	0.000000
23	94	107.000000	0	0.000000
23	96	106.000000	0	0.000000
23	122	105.000000	0	0.000000
23	54	104.000000	0	0.000000
23	100	103.000000	0	0.000000
23	68	102.000000	0	0.000000
23	18	101.000000	0	0.000000
23	79	100.000000	0	0.000000
23	90	99.000000	0	0.000000
23	98	98.000000	0	0.000000
23	73	97.000000	0	0.000000
23	45	96.000000	0	0.000000
23	48	95.000000	0	0.000000
23	69	94.000000	0	0.000000
23	39	93.000000	0	0.000000
23	61	92.000000	0	0.000000
23	92	91.000000	0	0.000000
23	91	90.000000	0	0.000000
23	24	89.000000	0	0.000000
23	49	88.000000	0	0.000000
23	55	87.000000	0	0.000000
23	23	86.000000	0	0.000000
23	50	85.000000	0	0.000000
23	126	84.000000	0	0.000000
23	86	83.000000	0	0.000000
23	19	82.000000	0	0.000000
23	13	81.000000	0	0.000000
23	116	80.000000	0	0.000000
23	1	79.000000	0	0.000000
23	43	78.000000	0	0.000000
23	103	77.000000	0	0.000000
23	16	76.000000	0	0.000000
23	64	75.000000	0	0.000000
23	40	74.000000	0	0.000000
23	8	73.000000	0	0.000000
23	63	72.000000	0	0.000000
23	26	71.000000	0	0.000000
23	42	70.000000	0	0.000000
23	51	69.000000	0	0.000000
23	29	68.000000	0	0.000000
23	35	67.000000	0	0.000000
23	22	66.000000	0	0.000000
23	3	65.000000	0	0.000000
23	111	64.000000	0	0.000000
23	102	63.000000	0	0.000000
23	25	62.000000	0	0.000000
23	5	61.000000	0	0.000000
23	125	60.000000	0	0.000000
23	81	59.000000	0	0.000000
23	72	58.000000	0	0.000000
23	56	57.000000	0	0.000000
23	70	56.000000	0	0.000000
23	53	55.000000	0	0.000000
23	89	54.000000	0	0.000000
23	21	53.000000	0	0.000000
23	84	52.000000	0	0.000000
23	71	51.000000	0	0.000000
23	87	50.000000	0	0.000000
23	32	49.000000	0	0.000000
23	95	48.000000	0	0.000000
23	6	47.000000	0	0.000000
23	7	46.000000	0	0.000000
23	10	45.000000	0	0.000000
23	47	44.000000	0	0.000000
23	0	43.000000	0	0.000000
23	9	42.000000	0	0.000000
23	67	41.000000	0	0.000000
23	65	40.000000	0	0.000000
23	78	39.000000	0	0.000000
23	107	38.000000	0	0.000000
23	52	37.000000	0	0.000000
23	27	36.000000	0	0.000000
23	33	35.000000	0	0.000000
23	76	34.000000	0	0.000000
23	113	33.000000	0	0.000000
23	109	32.000000	0	0.000000
23	114	31.000000	0	0.000000
23	75	30.000000	0	0.000000
23	41	29.000000	0	0.000000
23	62	28.000000	0	0.000000
23	110	27.000000	0	0.000000
23	44	26.000000	0	0.000000
23	112	25.000000	0	0.000000
23	101	24.000000	0	0.000000
23	120	23.000000	0	0.000000
23	4	22.000000	0	0.000000
23	15	21.000000	0	0.000000
23	121	20.000000	0	0.000000
23	12	19.000000	0	0.000000
23	36	18.000000	0	0.000000
23	127	17.000000	0	0.000000
23	117	16.000000	0	0.000000
23	83	15.000000	0	0.000000
23	11	14.000000	0	0.000000
23	118	13.000000	0	0.000000
23	82	12.000000	0	0.000000
23	17	11.000000	0	0.000000
23	2	10.000000	0	0.000000
23	104	9.000000	0	0.000000
23	124	8.000000	0	0.000000
23	31	7.000000	0	0.000000
23	123	6.000000	0	0.000000
23	108	5.000000	0	0.000000
23	28	4.000000	0	0.000000
23	77	3.000000	0	0.000000
23	38	2.000000	0	0.000000
23	66	1.000000	0	0.000000
24	22	128.000000	0	0.000000
24	82	127.000000	0	0.000000
24	34	126.000000	0	0.000000
24	31	125.000000	0	0.000000
24	86	124.000000	0	0.000000
24	2	123.000000	0	0.000000
24	119	122.000000	0	0.000000
24	29	121.000000	0	0.000000
24	46	120.000000	0	0.000000
24	52	119.000000	0	0.000000
24	112	118.000000	0	0.000000
24	127	117.000000	0	0.000000
24	41	116.000000	0	0.000000
24	32	115.000000	0	0.000000
24	81	114.000000	0	0.000000
24	115	113.000000	0	0.000000
24	99	112.000000	0	0.000000
24	10	111.000000	0	0.000000
24	12	110.000000	0	0.000000
24	27	109.000000	0	0.000000
24	64	108.000000	0	0.000000
24	72	107.000000	0	0.000000
24	73	106.000000	0	0.000000
24	97	105.000000	0	0.000000
24	65	104.000000	0	0.000000
24	14	103.000000	0	0.000000
24	5	102.000000	0	0.000000
24	58	101.000000	0	0.000000
24	4	100.000000	0	0.000000
24	38	99.000000	0	0.000000
24	88	98.000000	0	0.000000
24	116	97.000000	0	0.000000
24	61	96.000000	0	0.000000
24	67	95.000000	0	0.000000
24	15	94.000000	0	0.000000
24	43	93.000000	0	0.000000
24	51	92.000000	0	0.000000
24	87	91.000000	0	0.000000
24	76	90.000000	0	0.000000
24	23	89.000000	0	0.000000
24	53	88.000000	0	0.000000
24	63	87.000000	0	0.000000
24	94	86.000000	0	0.000000
24	69	85.000000	0	0.000000
24	118	84.000000	0	0.000000
24	126	83.000000	0	0.000000
24	121	82.000000	0	0.000000
24	30	81.000000	0	0.000000
24	17	80.000000	0	0.000000
24	80	79.000000	0	0.000000
24	95	78.000000	0	0.000000
24	42	77.000000	0	0.000000
24	35	76.000000	0	0.000000
24	26	75.000000	0	0.000000
24	71	74.000000	0	0.000000
24	36	73.000000	0	0.000000
24	74	72.000000	0	0.000000
24	60	71.000000	0	0.000000
24	68	70.000000	0	0.000000
24	0	69.000000	0	0.000000
24	123	68.000000	0	0.000000
24	55	67.000000	0	0.000000
24	100	66.000000	0	0.000000
24	102	65.000000	0	0.000000
24	107	64.000000	0	0.000000
24	101	63.000000	0	0.000000
24	75	62.000000	0	0.000000
24	21	61.000000	0	0.000000
24	105	60.000000	0	0.000000
24	25	59.000000	0	0.000000
24	124	58.000000	0	0.000000
24	111	57.000000	0	0.000000
24	7	56.000000	0	0.000000
24	79	55.000000	0	0.000000
24	117	54.000000	0	0.000000
24	89	53.000000	0	0.000000
24	114	52.000000	0	0.000000
24	24	51.000000	0	0.000000
24	66	50.000000	0	0.000000
24	120	49.000000	0	0.000000
24	1	48.000000	0	0.000000
24	96	47.000000	0	0.000000
24	103	46.000000	0	0.000000
24	85	45.000000	0	0.000000
24	9	44.000000	0	0.000000
24	98	43.000000	0	0.000000
24	109	42.000000	0	0.000000
24	16	41.000000	0	0.000000
24	8	40.000000	0	0.000000
24	92	39.000000	0	0.000000
24	78	38.000000	0	0.000000
24	40	37.000000	0	0.000000
24	108	36.000000	0	0.000000
24	62	35.000000	0	0.000000
24	125	34.000000	0	0.000000
24	83	33.000000	0	0.000000
24	39	32.000000	0	0.000000
24	37	31.000000	0	0.000000
24	49	30.000000	0	0.000000
24	47	29.000000	0	0.000000
24	20	28.000000	0	0.000000
24	110	27.000000	0	0.000000
24	3	26.000000	0	0.000000
24	91	25.000000	0	0.000000
24	56	24.000000	0	0.000000
24	57	23.000000	0	0.000000
24	33	22.000000	0	0.000000
24	54	21.000000	0	0.000000
24	6	20.000000	0	0.000000
24	44	19.000000	0	0.000000
24	28	18.000000	0	0.000000
24	11	17.000000	0	0.000000
24	77	16.000000	0	0.000000
24	70	15.000000	0	0.000000
24	90	14.000000	0	0.000000
24	84	13.000000	0	0.000000
24	18	12.000000	0	0.000000
24	122	11.000000	0	0.000000
24	13	10.000000	0	0.000000
24	59	9.000000	0	0.000000
24	113	8.000000	0	0.000000
24	50	7.000000	0	0.000000
24	19	6.000000	0	0.000000
24	106	5.000000	0	0.000000
24	93	4.000000	0	0.000000
24	48	3.000000	0	0.000000
24	45	2.000000	0	0.000000
24	104	1.000000	0	0.000000
25	29	128.000000	0	0.000000
25	104	127.000000	0	0.000000
25	106	126.000000	0	0.000000
25	7	125.000000	0	0.000000
25	5	124.000000	0	0.000000
25	94	123.000000	0	0.000000
25	78	122.000000	0	0.000000
25	45	121.000000	0	0.000000
25	112	120.000000	0	0.000000
25	46	119.000000	0	0.000000
25	10	118.000000	0	0.000000
25	40	117.000000	0	0.000000
25	48	116.000000	0	0.000000
25	101	115.000000	0	0.000000
25	54	114.000000	0	0.000000
25	47	113.000000	0	0.000000
25	56	112.000000	0	0.000000
25	79	111.000000	0	0.000000
25	70	110.000000	0	0.000000
25	15	109.000000	0	0.000000
25	92	108.000000	0	0.000000
25	66	107.000000	0	0.000000
25	90	106.000000	0	0.000000
25	62	105.000000	0	0.000000
25	82	104.000000	0	0.000000
25	125	103.000000	0	0.000000
25	24	102.000000	0	0.000000
25	102	101.000000	0	0.000000
25	9	100.000000	0	0.000000
25	2	99.000000	0	0.000000
25	61	98.000000	0	0.000000
25	127	97.000000	0	0.000000
25	3	96.000000	0	0.000000
25	123	95.000000	0	0.000000
25	6	94.000000	0	0.000000
25	39	93.000000	0	0.000000
25	109	92.000000	0	0.000000
25	96	91.000000	0	0.000000
25	28	90.000000	0	0.000000
25	57	89.000000	0	0.000000
25	100	88.000000	0	0.000000
25	44	87.000000	0	0.000000
25	55	86.000000	0	0.000000
25	77	85.000000	0	0.000000
25	22	84.000000	0	0.000000
25	58	83.000000	0	0.000000
25	75	82.000000	0	0.000000
25	120	81.000000	0	0.000000
25	117	80.000000	0	0.000000
25	121	79.000000	0	0.000000
25	67	78.000000	0	0.000000
25	81	77.000000	0	0.000000
25	91	76.000000	0	0.000000
25	80	75.000000	0	0.000000
25	8	74.000000	0	0.000000
25	41	73.000000	0	0.000000
25	4	72.000000	0	0.000000
25	19	71.000000	0	0.000000
25	98	70.000000	0	0.000000
25	83	69.000000	0	0.000000
25	115	68.000000	0	0.000000
25	103	67.000000	0	0.000000
25	63	66.000000	0	0.000000
25	26	65.000000	0	0.000000
25	12	64.000000	0	0.000000
25	76	63.000000	0	0.000000
25	36	62.000000	0	0.000000
25	73	61.000000	0	0.000000
25	49	60.000000	0	0.000000
25	33	59.000000	0	0.000000
25	118	58.000000	0	0.000000
25	113	57.000000	0	0.000000
25	0	56.000000	0	0.000000
25	89	55.000000	0	0.000000
25	59	54.000000	0	0.000000
25	32	53.000000	0	0.000000
25	95	52.000000	0	0.000000
25	38	51.000000	0	0.000000
25	18	50.000000	0	0.000000
25	60	49.000000	0	0.000000
25	71	48.000000	0	0.000000
25	93	47.000000	0	0.000000
25	35	46.000000	0	0.000000
25	124	45.000000	0	0.000000
25	43	44.000000	0	0.000000
25	17	43.000000	0	0.000000
25	16	42.000000	0	0.000000
25	107	41.000000	0	0.000000
25	20	40.000000	0	0.000000
25	52	39.000000	0	0.000000
25	1	38.000000	0	0.000000
25	85	37.000000	0	0.000000
25	31	36.000000	0	0.000000
25	21	35.000000	0	0.000000
25	14	34.000000	0	0.000000
25	27	33.000000	0	0.000000
25	68	32.000000	0	0.000000
25	119	31.000000	0	0.000000
25	114	30.000000	0	0.000000
25	50	29.000000	0	0.000000
25	65	28.000000	0	0.000000
25	99	27.000000	0	0.000000
25	25	26.000000	0	0.000000
25	84	25.000000	0	0.000000
25	42	24.000000	0	0.000000
25	88	23.000000	0	0.000000
25	110	22.000000	0	0.000000
25	97	21.000000	0	0.000000
25	87	20.000000	0	0.000000
25	122	19.000000	0	0.000000
25	23	18.000000	0	0.000000
25	105	17.000000	0	0.000000
25	37	16.000000	0	0.000000
25	53	15.000000	0	0.000000
25	34	14.000000	0	0.000000
25	30	13.000000	0	0.000000
25	13	12.000000	0	0.000000
25	108	11.000000	0	0.000000
25	11	10.000000	0	0.000000
25	69	9.000000	0	0.000000
25	74	8.000000	0	0.000000
25	51	7.000000	0	0.000000
25	86	6.000000	0	0.000000
25	126	5.000000	0	0.000000
25	111	4.000000	0	0.000000
25	116	3.000000	0	0.000000
25	72	2.000000	0	0.000000
25	64	1.000000	0	0.000000
26	0	128.000000	0	0.000000
26	3	127.000000	0	0.000000
26	120	126.000000	0	0.000000
26	42	125.000000	0	0.000000
26	123	124.000000	0	0.000000
26	55	123.000000	0	0.000000
26	54	122.000000	0	0.000000
26	41	121.000000	0	0.000000
26	1	120.000000	0	0.000000
26	23	119.000000	0	0.000000
26	30	118.000000	0	0.000000
26	106	117.000000	0	0.000000
26	115	116.000000	0	0.000000
26	111	115.000000	0	0.000000
26	112	114.000000	0	0.000000
26	64	113.000000	0	0.000000
26	57	112.000000	0	0.000000
26	65	111.000000	0	0.000000
26	8	110.000000	0	0.000000
26	75	109.000000	0	0.000000
26	32	108.000000	0	0.000000
26	38	107.000000	0	0.000000
26	117	106.000000	0	0.000000
26	34	105.000000	0	0.000000
26	122	104.000000	0	0.000000
26	68	103.000000	0	0.000000
26	92	102.000000	0	0.000000
26	69	101.000000	0	0.000000
26	26	100.000000	0	0.000000
26	82	99.000000	0	0.000000
26	73	98.000000	0	0.000000
26	86	97.000000	0	0.000000
26	56	96.000000	0	0.000000
26	44	95.000000	0	0.000000
26	48	94.000000	0	0.000000
26	119	93.000000	0	0.000000
26	45	92.000000	0	0.000000
26	95	91.000000	0	0.000000
26	101	90.000000	0	0.000000
26	124	89.000000	0	0.000000
26	15	88.000000	0	0.000000
26	47	87.000000	0	0.000000
26	4	86.000000	0	0.000000
26	71	85.000000	0	0.000000
26	66	84.000000	0	0.000000
26	88	83.000000	0	0.000000
26	53	82.000000	0	0.000000
26	7	81.000000	0	0.000000
26	85	80.000000	0	0.000000
26	62	79.000000	0	0.000000
26	17	78.000000	0	0.000000
26	39	77.000000	0	0.000000
26	25	76.000000	0	0.000000
26	16	75.000000	0	0.000000
26	33	74.000000	0	0.000000
26	18	73.000000	0	0.000000
26	22	72.000000	0	0.000000
26	63	71.000000	0	0.000000
26	20	70.000000	0	0.000000
26	14	69.000000	0	0.000000
26	60	68.000000	0	0.000000
26	102	67.000000	0	0.000000
26	28	66.000000	0	0.000000
26	107	65.000000	0	0.000000
26	61	64.000000	0	0.000000
26	84	63.000000	0	0.000000
26	6	62.000000	0	0.000000
26	104	61.000000	0	0.000000
26	100	60.000000	0	0.000000
26	49	59.000000	0	0.000000
26	105	58.000000	0	0.000000
26	36	57.000000	0	0.000000
26	29	56.000000	0	0.000000
26	21	55.000000	0	0.000000
26	80	54.000000	0	0.000000
26	78	53.000000	0	0.000000
26	96	52.000000	0	0.000000
26	10	51.000000	0	0.000000
26	110	50.000000	0	0.000000
26	24	49.000000	0	0.000000
26	52	48.000000	0	0.000000
26	118	47.000000	0	0.000000
26	108	46.000000	0	0.000000
26	12	45.000000	0	0.000000
26	76	44.000000	0	0.000000
26	97	43.000000	0	0.000000
26	79	42.000000	0	0.000000
26	87	41.000000	0	0.000000
26	94	40.000000	0	0.000000
26	43	39.000000	0	0.000000
26	126	38.000000	0	0.000000
26	125	37.000000	0	0.000000
26	67	36.000000	0	0.000000
26	99	35.000000	0	0.000000
26	98	34.000000	0	0.000000
26	46	33.000000	0	0.000000
26	2	32.000000	0	0.000000
26	51	31.000000	0	0.000000
26	31	30.000000	0	0.000000
26	59	29.000000	0	0.000000
26	109	28.000000	0	0.000000
26	121	27.000000	0	0.000000
26	5	26.000000	0	0.000000
26	27	25.000000	0	0.000000
26	93	24.000000	0	0.000000
26	40	23.000000	0	0.000000
26	81	22.000000	0	0.000000
26	37	21.000000	0	0.000000
26	9	20.000000	0	0.000000
26	13	19.000000	0	0.000000
26	50	18.000000	0	0.000000
26	72	17.000000	0	0.000000
26	90	16.000000	0	0.000000
26	19	15.000000	0	0.000000
26	83	14.000000	0	0.000000
26	35	13.000000	0	0.000000
26	127	12.000000	0	0.000000
26	58	11.000000	0	0.000000
26	116	10.000000	0	0.000000
26	11	9.000000	0	0.000000
26	114	8.000000	0	0.000000
26	113	7.000000	0	0.000000
26	89	6.000000	0	0.000000
26	91	5.000000	0	0.000000
26	74	4.000000	0	0.000000
26	77	3.000000	0	0.000000
26	103	2.000000	0	0.000000
26	70	1.000000	0	0.000000
27	75	128.000000	0	0.000000
27	40	127.000000	0	0.000000
27	66	126.000000	0	0.000000
27	97	125.000000	0	0.000000
27	17	124.000000	0	0.000000
27	93	123.000000	0	0.000000
27	42	122.000000	0	0.000000
27	32	121.000000	0	0.000000
27	43	120.000000	0	0.000000
27	121	119.000000	0	0.000000
27	71	118.000000	0	0.000000
27	113	117.000000	0	0.000000
27	76	116.000000	0	0.000000
27	6	115.000000	0	0.000000
27	74	114.000000	0	0.000000
27	95	113.000000	0	0.000000
27	89	112.000000	0	0.000000
27	114	111.000000	0	0.000000
27	58	110.000000	0	0.000000
27	16	109.000000	0	0.000000
27	35	108.000000	0	0.000000
27	46	107.000000	0	0.000000
27	3	106.000000	0	0.000000
27	47	105.000000	0	0.000000
27	98	104.000000	0	0.000000
27	0	103.000000	0	0.000000
27	34	102.000000	0	0.000000
27	92	101.000000	0	0.000000
27	120	100.000000	0	0.000000
27	104	99.000000	0	0.000000
27	77	98.000000	0	0.000000
27	62	97.000000	0	0.000000
27	100	96.000000	0	0.000000
27	123	95.000000	0	0.000000
27	50	94.000000	0	0.000000
27	52	93.000000	0	0.000000
27	112	92.000000	0	0.000000
27	94	91.000000	0	0.000000
27	25	90.000000	0	0.000000
27	126	89.000000	0	0.000000
27	101	88.000000	0	0.000000
27	38	87.000000	0	0.000000
27	1	86.000000	0	0.000000
27	7	85.000000	0	0.000000
27	19	84.000000	0	0.000000
27	18	83.000000	0	0.000000
27	85	82.000000	0	0.000000
27	53	81.000000	0	0.000000
27	82	80.000000	0	0.000000
27	110	79.000000	0	0.000000
27	29	78.000000	0	0.000000
27	37	77.000000	0	0.000000
27	87	76.000000	0	0.000000
27	69	75.000000	0	0.000000
27	106	74.000000	0	0.000000
27	84	73.000000	0	0.000000
27	61	72.000000	0	0.000000
27	41	71.000000	0	0.000000
27	51	70.000000	0	0.000000
27	8	69.000000	0	0.000000
27	36	68.000000	0	0.000000
27	70	67.000000	0	0.000000
27	20	66.000000	0	0.000000
27	78	65.000000	0	0.000000
27	57	64.000000	0	0.000000
27	125	63.000000	0	0.000000
27	80	62.000000	0	0.000000
27	91	61.000000	0	0.000000
27	65	60.000000	0	0.000000
27	45	59.000000	0	0.000000
27	127	58.000000	0	0.000000
27	28	57.000000	0	0.000000
27	30	56.000000	0	0.000000
27	72	55.000000	0	0.000000
27	115	54.000000	0	0.000000
27	48	53.000000	0	0.000000
27	49	52.000000	0	0.000000
27	105	51.000000	0	0.000000
27	23	50.000000	0	0.000000
27	2	49.000000	0	0.000000
27	54	48.000000	0	0.000000
27	60	47.000000	0	0.000000
27	122	46.000000	0	0.000000
27	59	45.000000	0	0.000000
27	55	44.000000	0	0.000000
27	27	43.000000	0	0.000000
27	5	42.000000	0	0.000000
27	56	41.000000	0	0.000000
27	107	40.000000	0	0.000000
27	109	39.000000	0	0.000000
27	86	38.000000	0	0.000000
27	90	37.000000	0	0.000000
27	81	36.000000	0	0.000000
27	33	35.000000	0	0.000000
27	83	34.000000	0	0.000000
27	4	33.000000	0	0.000000
27	63	32.000000	0	0.000000
27	64	31.000000	0	0.000000
27	9	30.000000	0	0.000000
27	79	29.000000	0	0.000000
27	26	28.000000	0	0.000000
27	119	27.000000	0	0.000000
27	11	26.000000	0	0.000000
27	14	25.000000	0	0.000000
27	116	24.000000	0	0.000000
27	103	23.000000	0	0.000000
27	13	22.000000	0	0.000000
27	67	21.000000	0	0.000000
27	124	20.000000	0	0.000000
27	96	19.000000	0	0.000000
27	21	18.000000	0	0.000000
27	10	17.000000	0	0.000000
27	111	16.000000	0	0.000000
27	108	15.000000	0	0.000000
27	24	14.000000	0	0.000000
27	68	13.000000	0	0.000000
27	102	12.000000	0	0.000000
27	22	11.000000	0	0.000000
27	31	10.000000	0	0.000000
27	88	9.000000	0	0.000000
27	118	8.000000	0	0.000000
27	73	7.000000	0	0.000000
27	12	6.000000	0	0.000000
27	39	5.000000	0	0.000000
27	44	4.000000	0	0.000000
27	117	3.000000	0	0.000000
27	15	2.000000	0	0.000000
27	99	1.000000	0	0.000000
28	1	128.000000	0	0.000000
28	120	127.000000	0	0.000000
28	30	126.000000	0	0.000000
28	21	125.000000	0	0.000000
28	67	124.000000	0	0.000000
28	14	123.000000	0	0.000000
28	84	122.000000	0	0.000000
28	31	121.000000	0	0.000000
28	59	120.000000	0	0.000000
28	85	119.000000	0	0.000000
28	127	118.000000	0	0.000000
28	125	117.000000	0	0.000000
28	35	116.000000	0	0.000000
28	80	115.000000	0	0.000000
28	61	114.000000	0	0.000000
28	45	113.000000	0	0.000000
28	99	112.000000	0	0.000000
28	75	111.000000	0	0.000000
28	19	110.000000	0	0.000000
28	47	109.000000	0	0.000000
28	26	108.000000	0	0.000000
28	93	107.000000	0	0.000000
28	16	106.000000	0	0.000000
28	38	105.000000	0	0.000000
28	89	104.000000	0	0.000000
28	114	103.000000	0	0.000000
28	76	102.000000	0	0.000000
28	105	101.000000	0	0.000000
28	102	100.000000	0	0.000000
28	5	99.000000	0	0.000000
28	108	98.000000	0	0.000000
28	0	97.000000	0	0.000000
28	101	96.000000	0	0.000000
28	126	95.000000	0	0.000000
28	78	94.000000	0	0.000000
28	41	93.000000	0	0.000000
28	44	92.000000	0	0.000000
28	92	91.000000	0	0.000000
28	119	90.000000	0	0.000000
28	88	89.000000	0	0.000000
28	27	88.000000	0	0.000000
28	110	87.000000	0	0.000000
28	13	86.000000	0	0.000000
28	56	85.000000	0	0.000000
28	8	84.000000	0	0.000000
28	58	83.000000	0	0.000000
28	123	82.000000	0	0.000000
28	83	81.000000	0	0.000000
28	28	80.000000	0	0.000000
28	94	79.000000	0	0.000000
28	121	78.000000	0	0.000000
28	90	77.000000	0	0.000000
28	109	76.000000	0	0.000000
28	11	75.000000	0	0.000000
28	23	74.000000	0	0.000000
28	81	73.000000	0	0.000000
28	6	72.000000	0	0.000000
28	43	71.000000	0	0.000000
28	39	70.000000	0	0.000000
28	50	69.000000	0	0.000000
28	62	68.000000	0	0.000000
28	51	67.000000	0	0.000000
28	104	66.000000	0	0.000000
28	124	65.000000	0	0.000000
28	69	64.000000	0	0.000000
28	29	63.000000	0	0.000000
28	77	62.000000	0	0.000000
28	70	61.000000	0	0.000000
28	65	60.000000	0	0.000000
28	40	59.000000	0	0.000000
28	82	58.000000	0	0.000000
28	54	57.000000	0	0.000000
28	42	56.000000	0	0.000000
28	52	55.000000	0	0.000000
28	100	54.000000	0	0.000000
28	15	53.000000	0	0.000000
28	111	52.000000	0	0.000000
28	112	51.000000	0	0.000000
28	106	50.000000	0	0.000000
28	60	49.000000	0	0.000000
28	24	48.000000	0	0.000000
28	33	47.000000	0	0.000000
28	122	46.000000	0	0.000000
28	20	45.000000	0	0.000000
28	18	44.000000	0	0.000000
28	86	43.000000	0	0.000000
28	4	42.000000	0	0.000000
28	103	41.000000	0	0.000000
28	46	40.000000	0	0.000000
28	68	39.000000	0	0.000000
28	79	38.000000	0	0.000000
28	48	37.000000	0	0.000000
28	116	36.000000	0	0.000000
28	91	35.000000	0	0.000000
28	37	34.000000	0	0.000000
28	49	33.000000	0	0.000000
28	74	32.000000	0	0.000000
28	55	31.000000	0	0.000000
28	97	30.000000	0	0.000000
28	57	29.000000	0	0.000000
28	7	28.000000	0	0.000000
28	98	27.000000	0	0.000000
28	117	26.000000	0	0.000000
28	36	25.000000	0	0.000000
28	12	24.000000	0	0.000000
28	113	23.000000	0	0.000000
28	32	22.000000	0	0.000000
28	64	21.000000	0	0.000000
28	17	20.000000	0	0.000000
28	115	19.000000	0	0.000000
28	95	18.000000	0	0.000000
28	53	17.000000	0	0.000000
28	73	16.000000	0	0.000000
28	25	15.000000	0	0.000000
28	66	14.000000	0	0.000000
28	10	13.000000	0	0.000000
28	9	12.000000	0	0.000000
28	107	11.000000	0	0.000000
28	96	10.000000	0	0.000000
28	63	9.000000	0	0.000000
28	72	8.000000	0	0.000000
28	34	7.000000	0	0.000000
28	22	6.000000	0	0.000000
28	2	5.000000	0	0.000000
28	71	4.000000	0	0.000000
28	3	3.000000	0	0.000000
28	87	2.000000	0	0.000000
28	118	1.000000	0	0.000000
29	101	128.000000	0	0.000000
29	23	127.000000	0	0.000000
29	77	126.000000	0	0.000000
29	9	125.000000	0	0.000000
29	36	124.000000	0	0.000000
29	113	123.000000	0	0.000000
29	121	122.000000	0	0.000000
29	117	121.000000	0	0.000000
29	25	120.000000	0	0.000000
29	16	119.000000	0	0.000000
29	1	118.000000	0	0.000000
29	27	117.000000	0	0.000000
29	82	116.000000	0	0.000000
29	71	115.000000	0	0.000000
29	112	114.000000	0	0.000000
29	98	113.000000	0	0.000000
29	103	112.000000	0	0.000000
29	116	111.000000	0	0.000000
29	108	110.000000	0	0.000000
29	66	109.000000	0	0.000000
29	100	108.000000	0	0.000000
29	17	107.000000	0	0.000000
29	41	106.000000	0	0.000000
29	45	105.000000	0	0.000000
29	57	104.000000	0	0.000000
29	67	103.000000	0	0.000000
29	18	102.000000	0	0.000000
29	92	101.000000	0	0.000000
29	70	100.000000	0	0.000000
29	5	99.000000	0	0.000000
29	0	98.000000	0	0.000000
29	122	97.000000	0	0.000000
29	62	96.000000	0	0.000000
29	44	95.000000	0	0.000000
29	65	94.000000	0	0.000000
29	43	93.000000	0	0.000000
29	24	92.000000	0	0.000000
29	19	91.000000	0	0.000000
29	6	90.000000	0	0.000000
29	110	89.000000	0	0.000000
29	50	88.000000	0	0.000000
29	79	87.000000	0	0.000000
29	106	86.000000	0	0.000000
29	81	85.000000	0	0.000000
29	26	84.000000	0	0.000000
29	84	83.000000	0	0.000000
29	72	82.000000	0	0.000000
29	2	81.000000	0	0.000000
29	111	80.000000	0	0.000000
29	53	79.000000	0	0.000000
29	12	78.000000	0	0.000000
29	80	77.000000	0	0.000000
29	118	76.000000	0	0.000000
29	61	75.000000	0	0.000000
29	54	74.000000	0	0.000000
29	15	73.000000	0	0.000000
29	91	72.000000	0	0.000000
29	21	71.000000	0	0.000000
29	120	70.000000	0	0.000000
29	11	69.000000	0	0.000000
29	127	68.000000	0	0.000000
29	30	67.000000	0	0.000000
29	90	66.000000	0	0.000000
29	85	65.000000	0	0.000000
29	64	64.000000	0	0.000000
29	86	63.000000	0	0.000000
29	42	62.000000	0	0.000000
29	68	61.000000	0	0.000000
29	88	60.000000	0	0.000000
29	75	59.000000	0	0.000000
29	20	58.000000	0	0.000000
29	99	57.000000	0	0.000000
29	58	56.000000	0	0.000000
29	39	55.000000	0	0.000000
29	14	54.000000	0	0.000000
29	34	53.000000	0	0.000000
29	73	52.000000	0	0.000000
29	10	51.000000	0	0.000000
29	35	50.000000	0	0.000000
29	7	49.000000	0	0.000000
29	46	48.000000	0	0.000000
29	3	47.000000	0	0.000000
29	32	46.000000	0	0.000000
29	55	45.000000	0	0.000000
29	31	44.000000	0	0.000000
29	126	43.000000	0	0.000000
29	107	42.000000	0	0.000000
29	63	41.000000	0	0.000000
29	83	40.000000	0	0.000000
29	97	39.000000	0	0.000000
29	102	38.000000	0	0.000000
29	49	37.000000	0	0.000000
29	124	36.000000	0	0.000000
29	125	35.000000	0	0.000000
29	105	34.000000	0	0.000000
29	69	33.000000	0	0.000000
29	115	32.000000	0	0.000000
29	52	31.000000	0	0.000000
29	123	30.000000	0	0.000000
29	29	29.000000	0	0.000000
29	59	28.000000	0	0.000000
29	93	27.000000	0	0.000000
29	78	26.000000	0	0.000000
29	33	25.000000	0	0.000000
29	8	24.000000	0	0.000000
29	47	23.000000	0	0.000000
29	28	22.000000	0	0.000000
29	89	21.000000	0	0.000000
29	22	20.000000	0	0.000000
29	74	19.000000	0	0.000000
29	48	18.000000	0	0.000000
29	87	17.000000	0	0.000000
29	4	16.000000	0	0.000000
29	119	15.000000	0	0.000000
29	37	14.000000	0	0.000000
29	38	13.000000	0	0.000000
29	13	12.000000	0	0.000000
29	76	11.000000	0	0.000000
29	94	10.000000	0	0.000000
29	60	9.000000	0	0.000000
29	40	8.000000	0	0.000000
29	109	7.000000	0	0.000000
29	104	6.000000	0	0.000000
29	96	5.000000	0	0.000000
29	114	4.000000	0	0.000000
29	51	3.000000	0	0.000000
29	56	2.000000	0	0.000000
29	95	1.000000	0	0.000000
30	104	128.000000	0	0.000000
30	113	127.000000	0	0.000000
30	22	126.000000	0	0.000000
30	23	125.000000	0	0.000000
30	21	124.000000	0	0.000000
30	32	123.000000	0	0.000000
30	89	122.000000	0	0.000000
30	74	121.000000	0	0.000000
30	63	120.000000	0	0.000000
30	59	119.000000	0	0.000000
30	54	118.000000	0	0.000000
30	90	117.000000	0	0.000000
30	70	116.000000	0	0.000000
30	14	115.000000	0	0.000000
30	127	114.000000	0	0.000000
30	68	113.000000	0	0.000000
30	119	112.000000	0	0.000000
30	80	111.000000	0	0.000000
30	125	110.000000	0	0.000000
30	51	109.000000	0	0.000000
30	39	108.000000	0	0.000000
30	123	107.000000	0	0.000000
30	45	106.000000	0	0.000000
30	87	105.000000	0	0.000000
30	17	104.000000	0	0.000000
30	97	103.000000	0	0.000000
30	110	102.000000	0	0.000000
30	66	101.000000	0	0.000000
30	100	100.000000	0	0.000000
30	46	99.000000	0	0.000000
30	5	98.000000	0	0.000000
30	41	97.000000	0	0.000000
30	102	96.000000	0	0.000000
30	56	95.000000	0	0.000000
30	42	94.000000	0	0.000000
30	96	93.000000	0	0.000000
30	30	92.000000	0	0.000000
30	115	91.000000	0	0.000000
30	81	90.000000	0	0.000000
30	36	89.000000	0	0.000000
30	118	88.000000	0	0.000000
30	10	87.000000	0	0.000000
30	91	86.000000	0	0.000000
30	34	85.000000	0	0.000000
30	13	84.000000	0	0.000000
30	67	83.000000	0	0.000000
30	58	82.000000	0	0.000000
30	52	81.000000	0	0.000000
30	111	80.000000	0	0.000000
30	105	79.000000	0	0.000000
30	65	78.000000	0	0.000000
30	40	77.000000	0	0.000000
30	93	76.000000	0	0.000000
30	26	75.000000	0	0.000000
30	77	74.000000	0	0.000000
30	126	73.000000	0	0.000000
30	64	72.000000	0	0.000000
30	35	71.000000	0	0.000000
30	24	70.000000	0	0.000000
30	85	69.000000	0	0.000000
30	109	68.000000	0	0.000000
30	78	67.000000	0	0.000000
30	20	66.000000	0	0.000000
30	86	65.000000	0	0.000000
30	108	64.000000	0	0.000000
30	103	63.000000	0	0.000000
30	3	62.000000	0	0.000000
30	0	61.000000	0	0.000000
30	98	60.000000	0	0.000000
30	44	59.000000	0	0.000000
30	83	58.000000	0	0.000000
30	1	57.000000	0	0.000000
30	27	56.000000	0	0.000000
30	72	55.000000	0	0.000000
30	94	54.000000	0	0.000000
30	122	53.000000	0	0.000000
30	19	52.000000	0	0.000000
30	107	51.000000	0	0.000000
30	33	50.000000	0	0.000000
30	60	49.000000	0	0.000000
30	75	48.000000	0	0.000000
30	6	47.000000	0	0.000000
30	76	46.000000	0	0.000000
30	55	45.000000	0	0.000000
30	88	44.000000	0	0.000000
30	62	43.000000	0	0.000000
30	99	42.000000	0	0.000000
30	82	41.000000	0	0.000000
30	49	40.000000	0	0.000000
30	116	39.000000	0	0.000000
30	4	38.000000	0	0.000000
30	12	37.000000	0	0.000000
30	112	36.000000	0	0.000000
30	29	35.000000	0	0.000000
30	69	34.000000	0	0.000000
30	38	33.000000	0	0.000000
30	101	32.000000	0	0.000000
30	8	31.000000	0	0.000000
30	25	30.000000	0	0.000000
30	31	29.000000	0	0.000000
30	114	28.000000	0	0.000000
30	47	27.000000	0	0.000000
30	43	26.000000	0	0.000000
30	50	25.000000	0	0.000000
30	79	24.000000	0	0.000000
30	28	23.000000	0	0.000000
30	71	22.000000	0	0.000000
30	73	21.000000	0	0.000000
30	9	20.000000	0	0.000000
30	7	19.000000	0	0.000000
30	15	18.000000	0	0.000000
30	95	17.000000	0	0.000000
30	106	16.000000	0	0.000000
30	121	15.000000	0	0.000000
30	120	14.000000	0	0.000000
30	11	13.000000	0	0.000000
30	18	12.000000	0	0.000000
30	16	11.000000	0	0.000000
30	2	10.000000	0	0.000000
30	61	9.000000	0	0.000000
30	57	8.000000	0	0.000000
30	124	7.000000	0	0.000000
30	37	6.000000	0	0.000000
30	92	5.000000	0	0.000000
30	84	4.000000	0	0.000000
30	117	3.000000	0	0.000000
30	53	2.000000	0	0.000000
30	48	1.000000	0	0.000000
31	28	128.000000	0	0.000000
31	33	127.000000	0	0.000000
31	0	126.000000	0	0.000000
31	100	125.000000	0	0.000000
31	34	124.000000	0	0.000000
31	105	123.000000	0	0.000000
31	5	122.000000	0	0.000000
31	85	121.000000	0	0.000000
31	78	120.000000	0	0.000000
31	108	119.000000	0	0.000000
31	9	118.000000	0	0.000000
31	56	117.000000	0	0.000000
31	1	116.000000	0	0.000000
31	26	115.000000	0	0.000000
31	118	114.000000	0	0.000000
31	107	113.000000	0	0.000000
31	82	112.000000	0	0.000000
31	68	111.000000	0	0.000000
31	57	110.000000	0	0.000000
31	106	109.000000	0	0.000000
31	51	108.000000	0	0.000000
31	44	107.000000	0	0.000000
31	23	106.000000	0	0.000000
31	58	105.000000	0	0.000000
31	103	104.000000	0	0.000000
31	48	103.000000	0	0.000000
31	31	102.000000	0	0.000000
31	77	101.000000	0	0.000000
31	89	100.000000	0	0.000000
31	6	99.000000	0	0.000000
31	53	98.000000	0	0.000000
31	50	97.000000	0	0.000000
31	71	96.000000	0	0.000000
31	74	95.000000	0	0.000000
31	63	94.000000	0	0.000000
31	13	93.000000	0	0.000000
31	117	92.000000	0	0.000000
31	97	91.000000	0	0.000000
31	32	90.000000	0	0.000000
31	88	89.000000	0	0.000000
31	110	88.000000	0	0.000000
31	90	87.000000	0	0.000000
31	112	86.000000	0	0.000000
31	86	85.000000	0	0.000000
31	73	84.000000	0	0.000000
31	43	83.000000	0	0.000000
31	61	82.000000	0	0.000000
31	120	81.000000	0	0.000000
31	49	80.000000	0	0.000000
31	29	79.000000	0	0.000000
31	55	78.000000	0	0.000000
31	98	77.000000	0	0.000000
31	4	76.000000	0	0.000000
31	8	75.000000	0	0.000000
31	70	74.000000	0	0.000000
31	62	73.000000	0	0.000000
31	91	72.000000	0	0.000000
31	81	71.000000	0	0.000000
31	16	70.000000	0	0.000000
31	7	69.000000	0	0.000000
31	47	68.000000	0	0.000000
31	69	67.000000	0	0.000000
31	39	66.000000	0	0.000000
31	116	65.000000	0	0.000000
31	19	64.000000	0	0.000000
31	27	63.000000	0	0.000000
31	75	62.000000	0	0.000000
31	101	61.000000	0	0.000000
31	60	60.000000	0	0.000000
31	45	59.000000	0	0.000000
31	113	58.000000	0	0.000000
31	115	57.000000	0	0.000000
31	59	56.000000	0	0.000000
31	92	55.000000	0	0.000000
31	127	54.000000	0	0.000000
31	2	53.000000	0	0.000000
31	64	52.000000	0	0.000000
31	123	51.000000	0	0.000000
31	21	50.000000	0	0.000000
31	67	49.000000	0	0.000000
31	30	48.000000	0	0.000000
31	111	47.000000	0	0.000000
31	20	46.000000	0	0.000000
31	36	45.000000	0	0.000000
31	66	44.000000	0	0.000000
31	95	43.000000	0	0.000000
31	96	42.000000	0	0.000000
31	72	41.000000	0	0.000000
31	42	40.000000	0	0.000000
31	124	39.000000	0	0.000000
31	12	38.000000	0	0.000000
31	10	37.000000	0	0.000000
31	109	36.000000	0	0.000000
31	38	35.000000	0	0.000000
31	14	34.000000	0	0.000000
31	94	33.000000	0	0.000000
31	3	32.000000	0	0.000000
31	24	31.000000	0	0.000000
31	46	30.000000	0	0.000000
31	18	29.000000	0	0.000000
31	126	28.000000	0	0.000000
31	122	27.000000	0	0.000000
31	17	26.000000	0	0.000000
31	79	25.000000	0	0.000000
31	87	24.000000	0	0.000000
31	93	23.000000	0	0.000000
31	54	22.000000	0	0.000000
31	40	21.000000	0	0.000000
31	104	20.000000	0	0.000000
31	76	19.000000	0	0.000000
31	121	18.000000	0	0.000000
31	80	17.000000	0	0.000000
31	83	16.000000	0	0.000000
31	52	15.000000	0	0.000000
31	125	14.000000	0	0.000000
31	35	13.000000	0	0.000000
31	25	12.000000	0	0.000000
31	114	11.000000	0	0.000000
31	99	10.000000	0	0.000000
31	119	9.000000	0	0.000000
31	15	8.000000	0	0.000000
31	84	7.000000	0	0.000000
31	11	6.000000	0	0.000000
31	37	5.000000	0	0.000000
31	22	4.000000	0	0.000000
31	102	3.000000	0	0.000000
31	41	2.000000	0	0.000000
31	65	1.000000	0	0.000000
32	38	128.000000	0	0.000000
32	44	127.000000	0	0.000000
32	31	126.000000	0	0.000000
32	13	125.000000	0	0.000000
32	32	124.000000	0	0.000000
32	7	123.000000	0	0.000000
32	100	122.000000	0	0.000000
32	43	121.000000	0	0.000000
32	108	120.000000	0	0.000000
32	97	119.000000	0	0.000000
32	35	118.000000	0	0.000000
32	34	117.000000	0	0.000000
32	22	116.000000	0	0.000000
32	54	115.000000	0	0.000000
32	63	114.000000	0	0.000000
32	56	113.000000	0	0.000000
32	79	112.000000	0	0.000000
32	41	111.000000	0	0.000000
32	17	110.000000	0	0.000000
32	77	109.000000	0	0.000000
32	64	108.000000	0	0.000000
32	55	107.000000	0	0.000000
32	58	106.000000	0	0.000000
32	111	105.000000	0	0.000000
32	122	104.000000	0	0.000000
32	47	103.000000	0	0.000000
32	60	102.000000	0	0.000000
32	103	101.000000	0	0.000000
32	73	100.000000	0	0.000000
32	86	99.000000	0	0.000000
32	59	98.000000	0	0.000000
32	61	97.000000	0	0.000000
32	96	96.000000	0	0.000000
32	9	95.000000	0	0.000000
32	90	94.000000	0	0.000000
32	106	93.000000	0	0.000000
32	1	92.000000	0	0.000000
32	53	91.000000	0	0.000000
32	20	90.000000	0	0.000000
32	127	89.000000	0	0.000000
32	87	88.000000	0	0.000000
32	39	87.000000	0	0.000000
32	89	86.000000	0	0.000000
32	72	85.000000	0	0.000000
32	21	84.000000	0	0.000000
32	121	83.000000	0	0.000000
32	49	82.000000	0	0.000000
32	95	81.000000	0	0.000000
32	126	80.000000	0	0.000000
32	93	79.000000	0	0.000000
32	70	78.000000	0	0.000000
32	65	77.000000	0	0.000000
32	30	76.000000	0	0.000000
32	66	75.000000	0	0.000000
32	5	74.000000	0	0.000000
32	81	73.000000	0	0.000000
32	76	72.000000	0	0.000000
32	102	71.000000	0	0.000000
32	4	70.000000	0	0.000000
32	46	69.000000	0	0.000000
32	52	68.000000	0	0.000000
32	24	67.000000	0	0.000000
32	104	66.000000	0	0.000000
32	16	65.000000	0	0.000000
32	82	64.000000	0	0.000000
32	83	63.000000	0	0.000000
32	99	62.000000	0	0.000000
32	15	61.000000	0	0.000000
32	2	60.000000	0	0.000000
32	6	59.000000	0	0.000000
32	94	58.000000	0	0.000000
32	84	57.000000	0	0.000000
32	105	56.000000	0	0.000000
32	98	55.000000	0	0.000000
32	28	54.000000	0	0.000000
32	36	53.000000	0	0.000000
32	80	52.000000	0	0.000000
32	50	51.000000	0	0.000000
32	113	50.000000	0	0.000000
32	92	49.000000	0	0.000000
32	123	48.000000	0	0.000000
32	27	47.000000	0	0.000000
32	114	46.000000	0	0.000000
32	124	45.000000	0	0.000000
32	125	44.000000	0	0.000000
32	67	43.000000	0	0.000000
32	117	42.000000	0	0.000000
32	45	41.000000	0	0.000000
32	69	40.000000	0	0.000000
32	101	39.000000	0	0.000000
32	19	38.000000	0	0.000000
32	14	37.000000	0	0.000000
32	109	36.000000	0	0.000000
32	33	35.000000	0	0.000000
32	57	34.000000	0	0.000000
32	8	33.000000	0	0.000000
32	18	32.000000	0	0.000000
32	37	31.000000	0	0.000000
32	23	30.000000	0	0.000000
32	88	29.000000	0	0.000000
32	68	28.000000	0	0.000000
32	11	27.000000	0	0.000000
32	116	26.000000	0	0.000000
32	42	25.000000	0	0.000000
32	91	24.000000	0	0.000000
32	71	23.000000	0	0.000000
32	74	22.000000	0	0.000000
32	120	21.000000	0	0.000000
32	110	20.000000	0	0.000000
32	51	19.000000	0	0.000000
32	3	18.000000	0	0.000000
32	40	17.000000	0	0.000000
32	10	16.000000	0	0.000000
32	25	15.000000	0	0.000000
32	118	14.000000	0	0.000000
32	85	13.000000	0	0.000000
32	29	12.000000	0	0.000000
32	48	11.000000	0	0.000000
32	112	10.000000	0	0.000000
32	78	9.000000	0	0.000000
32	62	8.000000	0	0.000000
32	119	7.000000	0	0.000000
32	0	6.000000	0	0.000000
32	75	5.000000	0	0.000000
32	107	4.000000	0	0.000000
32	12	3.000000	0	0.000000
32	26	2.000000	0	0.000000
32	115	1.000000	0	0.000000
33	20	128.000000	0	0.000000
33	93	127.000000	0	0.000000
33	76	126.000000	0	0.000000
33	36	125.000000	0	0.000000
33	69	124.000000	0	0.000000
33	82	123.000000	0	0.000000
33	111	122.000000	0	0.000000
33	112	121.000000	0	0.000000
33	3	120.000000	0	0.000000
33	23	119.000000	0	0.000000
33	17	118.000000	0	0.000000
33	121	117.000000	0	0.000000
33	33	116.000000	0	0.000000
33	80	115.000000	0	0.000000
33	29	114.000000	0	0.000000
33	59	113.000000	0	0.000000
33	12	112.000000	0	0.000000
33	71	111.000000	0	0.000000
33	68	110.000000	0	0.000000
33	97	109.000000	0	0.000000
33	127	108.000000	0	0.000000
33	74	107.000000	0	0.000000
33	102	106.000000	0	0.000000
33	100	105.000000	0	0.000000
33	99	104.000000	0	0.000000
33	54	103.000000	0	0.000000
33	116	102.000000	0	0.000000
33	7	101.000000	0	0.000000
33	83	100.000000	0	0.000000
33	16	99.000000	0	0.000000
33	35	98.000000	0	0.000000
33	106	97.000000	0	0.000000
33	30	96.000000	0	0.000000
33	32	95.000000	0	0.000000
33	125	94.000000	0	0.000000
33	52	93.000000	0	0.000000
33	66	92.000000	0	0.000000
33	31	91.000000	0	0.000000
33	94	90.000000	0	0.000000
33	40	89.000000	0	0.000000
33	85	88.000000	0	0.000000
33	105	87.000000	0	0.000000
33	50	86.000000	0	0.000000
33	60	85.000000	0	0.000000
33	48	84.000000	0	0.000000
33	22	83.000000	0	0.000000
33	61	82.000000	0	0.000000
33	96	81.000000	0	0.000000
33	98	80.000000	0	0.000000
33	89	79.000000	0	0.000000
33	72	78.000000	0	0.000000
33	41	77.000000	0	0.000000
33	57	76.000000	0	0.000000
33	49	75.000000	0	0.000000
33	0	74.000000	0	0.000000
33	95	73.000000	0	0.000000
33	62	72.000000	0	0.000000
33	47	71.000000	0	0.000000
33	37	70.000000	0	0.000000
33	78	69.000000	0	0.000000
33	1	68.000000	0	0.000000
33	75	67.000000	0	0.000000
33	79	66.000000	0	0.000000
33	118	65.000000	0	0.000000
33	86	64.000000	0	0.000000
33	92	63.000000	0	0.000000
33	110	62.000000	0	0.000000
33	90	61.000000	0	0.000000
33	9	60.000000	0	0.000000
33	43	59.000000	0	0.000000
33	26	58.000000	0	0.000000
33	122	57.000000	0	0.000000
33	13	56.000000	0	0.000000
33	24	55.000000	0	0.000000
33	27	54.000000	0	0.000000
33	104	53.000000	0	0.000000
33	114	52.000000	0	0.000000
33	5	51.000000	0	0.000000
33	42	50.000000	0	0.000000
33	45	49.000000	0	0.000000
33	113	48.000000	0	0.000000
33	117	47.000000	0	0.000000
33	87	46.000000	0	0.000000
33	46	45.000000	0	0.000000
33	11	44.000000	0	0.000000
33	65	43.000000	0	0.000000
33	38	42.000000	0	0.000000
33	10	41.000000	0	0.000000
33	107	40.000000	0	0.000000
33	34	39.000000	0	0.000000
33	28	38.000000	0	0.000000
33	84	37.000000	0	0.000000
33	6	36.000000	0	0.000000
33	126	35.000000	0	0.000000
33	2	34.000000	0	0.000000
33	39	33.000000	0	0.000000
33	101	32.000000	0	0.000000
33	103	31.000000	0	0.000000
33	51	30.000000	0	0.000000
33	108	29.000000	0	0.000000
33	55	28.000000	0	0.000000
33	8	27.000000	0	0.000000
33	88	26.000000	0	0.000000
33	81	25.000000	0	0.000000
33	53	24.000000	0	0.000000
33	14	23.000000	0	0.000000
33	63	22.000000	0	0.000000
33	25	21.000000	0	0.000000
33	109	20.000000	0	0.000000
33	115	19.000000	0	0.000000
33	124	18.000000	0	0.000000
33	15	17.000000	0	0.000000
33	120	16.000000	0	0.000000
33	44	15.000000	0	0.000000
33	67	14.000000	0	0.000000
33	56	13.000000	0	0.000000
33	77	12.000000	0	0.000000
33	91	11.000000	0	0.000000
33	18	10.000000	0	0.000000
33	21	9.000000	0	0.000000
33	58	8.000000	0	0.000000
33	70	7.000000	0	0.000000
33	119	6.000000	0	0.000000
33	19	5.000000	0	0.000000
33	4	4.000000	0	0.000000
33	73	3.000000	0	0.000000
33	64	2.000000	0	0.000000
33	123	1.000000	0	0.000000
34	7	128.000000	0	0.000000
34	69	127.000000	0	0.000000
34	17	126.000000	0	0.000000
34	47	125.000000	0	0.000000
34	106	124.000000	0	0.000000
34	18	123.000000	0	0.000000
34	117	122.000000	0	0.000000
34	104	121.000000	0	0.000000
34	94	120.000000	0	0.000000
34	49	119.000000	0	0.000000
34	25	118.000000	0	0.000000
34	21	117.000000	0	0.000000
34	91	116.000000	0	0.000000
34	9	115.000000	0	0.000000
34	79	114.000000	0	0.000000
34	85	113.000000	0	0.000000
34	16	112.000000	0	0.000000
34	125	111.000000	0	0.000000
34	4	110.000000	0	0.000000
34	119	109.000000	0	0.000000
34	98	108.000000	0	0.000000
34	0	107.000000	0	0.000000
34	27	106.000000	0	0.000000
34	82	105.000000	0	0.000000
34	33	104.000000	0	0.000000
34	44	103.000000	0	0.000000
34	40	102.000000	0	0.000000
34	55	101.000000	0	0.000000
34	71	100.000000	0	0.000000
34	57	99.000000	0	0.000000
34	103	98.000000	0	0.000000
34	120	97.000000	0	0.000000
34	124	96.000000	0	0.000000
34	36	95.000000	0	0.000000
34	63	94.000000	0	0.000000
34	118	93.000000	0	0.000000
34	90	92.000000	0	0.000000
34	76	91.000000	0	0.000000
34	112	90.000000	0	0.000000
34	111	89.000000	0	0.000000
34	50	88.000000	0	0.000000
34	99	87.000000	0	0.000000
34	28	86.000000	0	0.000000
34	41	85.000000	0	0.000000
34	43	84.000000	0	0.000000
34	73	83.000000	0	0.000000
34	56	82.000000	0	0.000000
34	39	81.000000	0	0.000000
34	72	80.000000	0	0.000000
34	30	79.000000	0	0.000000
34	20	78.000000	0	0.000000
34	2	77.000000	0	0.000000
34	19	76.000000	0	0.000000
34	13	75.000000	0	0.000000
34	15	74.000000	0	0.000000
34	14	73.000000	0	0.000000
34	95	72.000000	0	0.000000
34	87	71.000000	0	0.000000
34	31	70.000000	0	0.000000
34	83	69.000000	0	0.000000
34	37	68.000000	0	0.000000
34	86	67.000000	0	0.000000
34	78	66.000000	0	0.000000
34	105	65.000000	0	0.000000
34	100	64.000000	0	0.000000
34	107	63.000000	0	0.000000
34	51	62.000000	0	0.000000
34	59	61.000000	0	0.000000
34	23	60.000000	0	0.000000
34	109	59.000000	0	0.000000
34	110	58.000000	0	0.000000
34	88	57.000000	0	0.000000
34	26	56.000000	0	0.000000
34	127	55.000000	0	0.000000
34	45	54.000000	0	0.000000
34	101	53.000000	0	0.000000
34	52	52.000000	0	0.000000
34	64	51.000000	0	0.000000
34	70	50.000000	0	0.000000
34	108	49.000000	0	0.000000
34	122	48.000000	0	0.000000
34	61	47.000000	0	0.000000
34	65	46.000000	0	0.000000
34	66	45.000000	0	0.000000
34	77	44.000000	0	0.000000
34	29	43.000000	0	0.000000
34	126	42.000000	0	0.000000
34	46	41.000000	0	0.000000
34	12	40.000000	0	0.000000
34	35	39.000000	0	0.000000
34	93	38.000000	0	0.000000
34	62	37.000000	0	0.000000
34	113	36.000000	0	0.000000
34	6	35.000000	0	0.000000
34	68	34.000000	0	0.000000
34	84	33.000000	0	0.000000
34	48	32.000000	0	0.000000
34	58	31.000000	0	0.000000
34	24	30.000000	0	0.000000
34	123	29.000000	0	0.000000
34	89	28.000000	0	0.000000
34	92	27.000000	0	0.000000
34	81	26.000000	0	0.000000
34	74	25.000000	0	0.000000
34	97	24.000000	0	0.000000
34	10	23.000000	0	0.000000
34	116	22.000000	0	0.000000
34	22	21.000000	0	0.000000
34	5	20.000000	0	0.000000
34	96	19.000000	0	0.000000
34	121	18.000000	0	0.000000
34	80	17.000000	0	0.000000
34	1	16.000000	0	0.000000
34	34	15.000000	0	0.000000
34	60	14.000000	0	0.000000
34	75	13.000000	0	0.000000
34	54	12.000000	0	0.000000
34	42	11.000000	0	0.000000
34	38	10.000000	0	0.000000
34	3	9.000000	0	0.000000
34	67	8.000000	0	0.000000
34	114	7.000000	0	0.000000
34	102	6.000000	0	0.000000
34	115	5.000000	0	0.000000
34	8	4.000000	0	0.000000
34	11	3.000000	0	0.000000
34	32	2.000000	0	0.000000
34	53	1.000000	0	0.000000
35	20	128.000000	0	0.000000
35	88	127.000000	0	0.000000
35	115	126.000000	0	0.000000
35	106	125.000000	0	0.000000
35	59	124.000000	0	0.000000
35	60	123.000000	0	0.000000
35	57	122.000000	0	0.000000
35	85	121.000000	0	0.000000
35	74	120.000000	0	0.000000
35	99	119.000000	0	0.000000
35	119	118.000000	0	0.000000
35	58	117.000000	0	0.000000
35	90	116.000000	0	0.000000
35	102	115.000000	0	0.000000
35	34	114.000000	0	0.000000
35	4	113.000000	0	0.000000
35	18	112.000000	0	0.000000
35	25	111.000000	0	0.000000
35	45	110.000000	0	0.000000
35	46	109.000000	0	0.000000
35	54	108.000000	0	0.000000
35	26	107.000000	0	0.000000
35	93	106.000000	0	0.000000
35	13	105.000000	0	0.000000
35	73	104.000000	0	0.000000
35	94	103.000000	0	0.000000
35	109	102.000000	0	0.000000
35	80	101.000000	0	0.000000
35	55	100.000000	0	0.000000
35	105	99.000000	0	0.000000
35	14	98.000000	0	0.000000
35	100	97.000000	0	0.000000
35	48	96.000000	0	0.000000
35	92	95.000000	0	0.000000
35	30	94.000000	0	0.000000
35	50	93.000000	0	0.000000
35	91	92.000000	0	0.000000
35	97	91.000000	0	0.000000
35	69	90.000000	0	0.000000
35	23	89.000000	0	0.000000
35	37	88.000000	0	0.000000
35	63	87.000000	0	0.000000
35	42	86.000000	0	0.000000
35	86	85.000000	0	0.000000
35	126	84.000000	0	0.000000
35	72	83.000000	0	0.000000
35	125	82.000000	0	0.000000
35	68	81.000000	0	0.000000
35	1	80.000000	0	0.000000
35	79	79.000000	0	0.000000
35	3	78.000000	0	0.000000
35	51	77.000000	0	0.000000
35	40	76.000000	0	0.000000
35	103	75.000000	0	0.000000
35	111	74.000000	0	0.000000
35	24	73.000000	0	0.000000
35	19	72.000000	0	0.000000
35	16	71.000000	0	0.000000
35	39	70.000000	0	0.000000
35	71	69.000000	0	0.000000
35	98	68.000000	0	0.000000
35	81	67.000000	0	0.000000
35	47	66.000000	0	0.000000
35	35	65.000000	0	0.000000
35	29	64.000000	0	0.000000
35	5	63.000000	0	0.000000
35	53	62.000000	0	0.000000
35	8	61.000000	0	0.000000
35	70	60.000000	0	0.000000
35	61	59.000000	0	0.000000
35	49	58.000000	0	0.000000
35	56	57.000000	0	0.000000
35	64	56.000000	0	0.000000
35	78	55.000000	0	0.000000
35	95	54.000000	0	0.000000
35	65	53.000000	0	0.000000
35	96	52.000000	0	0.000000
35	52	51.000000	0	0.000000
35	9	50.000000	0	0.000000
35	87	49.000000	0	0.000000
35	84	48.000000	0	0.000000
35	116	47.000000	0	0.000000
35	6	46.000000	0	0.000000
35	43	45.000000	0	0.000000
35	113	44.000000	0	0.000000
35	122	43.000000	0	0.000000
35	10	42.000000	0	0.000000
35	89	41.000000	0	0.000000
35	31	40.000000	0	0.000000
35	22	39.000000	0	0.000000
35	33	38.000000	0	0.000000
35	76	37.000000	0	0.000000
35	32	36.000000	0	0.000000
35	7	35.000000	0	0.000000
35	67	34.000000	0	0.000000
35	27	33.000000	0	0.000000
35	83	32.000000	0	0.000000
35	107	31.000000	0	0.000000
35	110	30.000000	0	0.000000
35	75	29.000000	0	0.000000
35	21	28.000000	0	0.000000
35	121	27.000000	0	0.000000
35	62	26.000000	0	0.000000
35	41	25.000000	0	0.000000
35	0	24.000000	0	0.000000
35	114	23.000000	0	0.000000
35	36	22.000000	0	0.000000
35	112	21.000000	0	0.000000
35	120	20.000000	0	0.000000
35	11	19.000000	0	0.000000
35	108	18.000000	0	0.000000
35	15	17.000000	0	0.000000
35	101	16.000000	0	0.000000
35	117	15.000000	0	0.000000
35	127	14.000000	0	0.000000
35	124	13.000000	0	0.000000
35	104	12.000000	0	0.000000
35	12	11.000000	0	0.000000
35	118	10.000000	0	0.000000
35	77	9.000000	0	0.000000
35	44	8.000000	0	0.000000
35	17	7.000000	0	0.000000
35	28	6.000000	0	0.000000
35	123	5.000000	0	0.000000
35	2	4.000000	0	0.000000
35	82	3.000000	0	0.000000
35	66	2.000000	0	0.000000
35	38	1.000000	0	0.000000
36	22	128.000000	0	0.000000
36	86	127.000000	0	0.000000
36	34	126.000000	0	0.000000
36	31	125.000000	0	0.000000
36	2	124.000000	0	0.000000
36	81	123.000000	0	0.000000
36	73	122.000000	0	0.000000
36	82	121.000000	0	0.000000
36	4	120.000000	0	0.000000
36	72	119.000000	0	0.000000
36	46	118.000000	0	0.000000
36	1	117.000000	0	0.000000
36	127	116.000000	0	0.000000
36	10	115.000000	0	0.000000
36	103	114.000000	0	0.000000
36	119	113.000000	0	0.000000
36	27	112.000000	0	0.000000
36	88	111.000000	0	0.000000
36	32	110.000000	0	0.000000
36	14	109.000000	0	0.000000
36	112	108.000000	0	0.000000
36	5	107.000000	0	0.000000
36	65	106.000000	0	0.000000
36	41	105.000000	0	0.000000
36	121	104.000000	0	0.000000
36	69	103.000000	0	0.000000
36	16	102.000000	0	0.000000
36	23	101.000000	0	0.000000
36	36	100.000000	0	0.000000
36	12	99.000000	0	0.000000
36	115	98.000000	0	0.000000
36	94	97.000000	0	0.000000
36	53	96.000000	0	0.000000
36	64	95.000000	0	0.000000
36	99	94.000000	0	0.000000
36	29	93.000000	0	0.000000
36	38	92.000000	0	0.000000
36	0	91.000000	0	0.000000
36	126	90.000000	0	0.000000
36	61	89.000000	0	0.000000
36	67	88.000000	0	0.000000
36	97	87.000000	0	0.000000
36	87	86.000000	0	0.000000
36	71	85.000000	0	0.000000
36	68	84.000000	0	0.000000
36	96	83.000000	0	0.000000
36	7	82.000000	0	0.000000
36	51	81.000000	0	0.000000
36	107	80.000000	0	0.000000
36	40	79.000000	0	0.000000
36	63	78.000000	0	0.000000
36	21	77.000000	0	0.000000
36	55	76.000000	0	0.000000
36	80	75.000000	0	0.000000
36	79	74.000000	0	0.000000
36	117	73.000000	0	0.000000
36	111	72.000000	0	0.000000
36	52	71.000000	0	0.000000
36	35	70.000000	0	0.000000
36	102	69.000000	0	0.000000
36	60	68.000000	0	0.000000
36	42	67.000000	0	0.000000
36	101	66.000000	0	0.000000
36	118	65.000000	0	0.000000
36	17	64.000000	0	0.000000
36	66	63.000000	0	0.000000
36	24	62.000000	0	0.000000
36	125	61.000000	0	0.000000
36	108	60.000000	0	0.000000
36	15	59.000000	0	0.000000
36	92	58.000000	0	0.000000
36	123	57.000000	0	0.000000
36	105	56.000000	0	0.000000
36	26	55.000000	0	0.000000
36	116	54.000000	0	0.000000
36	124	53.000000	0	0.000000
36	58	52.000000	0	0.000000
36	89	51.000000	0	0.000000
36	120	50.000000	0	0.000000
36	30	49.000000	0	0.000000
36	95	48.000000	0	0.000000
36	98	47.000000	0	0.000000
36	9	46.000000	0	0.000000
36	25	45.000000	0	0.000000
36	109	44.000000	0	0.000000
36	100	43.000000	0	0.000000
36	39	42.000000	0	0.000000
36	43	41.000000	0	0.000000
36	8	40.000000	0	0.000000
36	78	39.000000	0	0.000000
36	74	38.000000	0	0.000000
36	83	37.000000	0	0.000000
36	114	36.000000	0	0.000000
36	85	35.000000	0	0.000000
36	33	34.000000	0	0.000000
36	91	33.000000	0	0.000000
36	20	32.000000	0	0.000000
36	75	31.000000	0	0.000000
36	47	30.000000	0	0.000000
36	3	29.000000	0	0.000000
36	62	28.000000	0	0.000000
36	76	27.000000	0	0.000000
36	37	26.000000	0	0.000000
36	18	25.000000	0	0.000000
36	54	24.000000	0	0.000000
36	56	23.000000	0	0.000000
36	28	22.000000	0	0.000000
36	11	21.000000	0	0.000000
36	49	20.000000	0	0.000000
36	84	19.000000	0	0.000000
36	70	18.000000	0	0.000000
36	122	17.000000	0	0.000000
36	110	16.000000	0	0.000000
36	57	15.000000	0	0.000000
36	44	14.000000	0	0.000000
36	104	13.000000	0	0.000000
36	59	12.000000	0	0.000000
36	106	11.000000	0	0.000000
36	90	10.000000	0	0.000000
36	77	9.000000	0	0.000000
36	50	8.000000	0	0.000000
36	19	7.000000	0	0.000000
36	13	6.000000	0	0.000000
36	48	5.000000	0	0.000000
36	6	4.000000	0	0.000000
36	93	3.000000	0	0.000000
36	45	2.000000	0	0.000000
36	113	1.000000	0	0.000000
37	29	128.000000	0	0.000000
37	48	127.000000	0	0.000000
37	106	126.000000	0	0.000000
37	46	125.000000	0	0.000000
37	104	124.000000	0	0.000000
37	7	123.000000	0	0.000000
37	78	122.000000	0	0.000000
37	112	121.000000	0	0.000000
37	94	120.000000	0	0.000000
37	66	119.000000	0	0.000000
37	10	118.000000	0	0.000000
37	9	117.000000	0	0.000000
37	24	116.000000	0	0.000000
37	56	115.000000	0	0.000000
37	41	114.000000	0	0.000000
37	3	113.000000	0	0.000000
37	62	112.000000	0	0.000000
37	79	111.000000	0	0.000000
37	40	110.000000	0	0.000000
37	45	109.000000	0	0.000000
37	5	108.000000	0	0.000000
37	121	107.000000	0	0.000000
37	102	106.000000	0	0.000000
37	127	105.000000	0	0.000000
37	116	104.000000	0	0.000000
37	90	103.000000	0	0.000000
37	57	102.000000	0	0.000000
37	123	101.000000	0	0.000000
37	54	100.000000	0	0.000000
37	93	99.000000	0	0.000000
37	44	98.000000	0	0.000000
37	61	97.000000	0	0.000000
37	92	96.000000	0	0.000000
37	117	95.000000	0	0.000000
37	100	94.000000	0	0.000000
37	6	93.000000	0	0.000000
37	17	92.000000	0	0.000000
37	15	91.000000	0	0.000000
37	75	90.000000	0	0.000000
37	70	89.000000	0	0.000000
37	47	88.000000	0	0.000000
37	109	87.000000	0	0.000000
37	67	86.000000	0	0.000000
37	96	85.000000	0	0.000000
37	120	84.000000	0	0.000000
37	99	83.000000	0	0.000000
37	113	82.000000	0	0.000000
37	39	81.000000	0	0.000000
37	55	80.000000	0	0.000000
37	8	79.000000	0	0.000000
37	12	78.000000	0	0.000000
37	37	77.000000	0	0.000000
37	49	76.000000	0	0.000000
37	4	75.000000	0	0.000000
37	19	74.000000	0	0.000000
37	20	73.000000	0	0.000000
37	2	72.000000	0	0.000000
37	77	71.000000	0	0.000000
37	81	70.000000	0	0.000000
37	95	69.000000	0	0.000000
37	80	68.000000	0	0.000000
37	59	67.000000	0	0.000000
37	98	66.000000	0	0.000000
37	22	65.000000	0	0.000000
37	101	64.000000	0	0.000000
37	26	63.000000	0	0.000000
37	36	62.000000	0	0.000000
37	52	61.000000	0	0.000000
37	33	60.000000	0	0.000000
37	16	59.000000	0	0.000000
37	38	58.000000	0	0.000000
37	82	57.000000	0	0.000000
37	63	56.000000	0	0.000000
37	103	55.000000	0	0.000000
37	28	54.000000	0	0.000000
37	58	53.000000	0	0.000000
37	118	52.000000	0	0.000000
37	108	51.000000	0	0.000000
37	31	50.000000	0	0.000000
37	83	49.000000	0	0.000000
37	18	48.000000	0	0.000000
37	43	47.000000	0	0.000000
37	125	46.000000	0	0.000000
37	91	45.000000	0	0.000000
37	0	44.000000	0	0.000000
37	32	43.000000	0	0.000000
37	60	42.000000	0	0.000000
37	23	41.000000	0	0.000000
37	107	40.000000	0	0.000000
37	35	39.000000	0	0.000000
37	65	38.000000	0	0.000000
37	76	37.000000	0	0.000000
37	89	36.000000	0	0.000000
37	73	35.000000	0	0.000000
37	85	34.000000	0	0.000000
37	1	33.000000	0	0.000000
37	124	32.000000	0	0.000000
37	21	31.000000	0	0.000000
37	27	30.000000	0	0.000000
37	115	29.000000	0	0.000000
37	119	28.000000	0	0.000000
37	110	27.000000	0	0.000000
37	51	26.000000	0	0.000000
37	114	25.000000	0	0.000000
37	88	24.000000	0	0.000000
37	25	23.000000	0	0.000000
37	122	22.000000	0	0.000000
37	34	21.000000	0	0.000000
37	68	20.000000	0	0.000000
37	84	19.000000	0	0.000000
37	50	18.000000	0	0.000000
37	87	17.000000	0	0.000000
37	14	16.000000	0	0.000000
37	71	15.000000	0	0.000000
37	42	14.000000	0	0.000000
37	97	13.000000	0	0.000000
37	13	12.000000	0	0.000000
37	30	11.000000	0	0.000000
37	105	10.000000	0	0.000000
37	53	9.000000	0	0.000000
37	126	8.000000	0	0.000000
37	11	7.000000	0	0.000000
37	86	6.000000	0	0.000000
37	69	5.000000	0	0.000000
37	74	4.000000	0	0.000000
37	72	3.000000	0	0.000000
37	111	2.000000	0	0.000000
37	64	1.000000	0	0.000000
38	42	128.000000	0	0.000000
38	120	127.000000	0	0.000000
38	55	126.000000	0	0.000000
38	106	125.000000	0	0.000000
38	41	124.000000	0	0.000000
38	54	123.000000	0	0.000000
38	3	122.000000	0	0.000000
38	123	121.000000	0	0.000000
38	94	120.000000	0	0.000000
38	122	119.000000	0	0.000000
38	69	118.000000	0	0.000000
38	35	117.000000	0	0.000000
38	85	116.000000	0	0.000000
38	38	115.000000	0	0.000000
38	1	114.000000	0	0.000000
38	115	113.000000	0	0.000000
38	32	112.000000	0	0.000000
38	23	111.000000	0	0.000000
38	78	110.000000	0	0.000000
38	65	109.000000	0	0.000000
38	57	108.000000	0	0.000000
38	86	107.000000	0	0.000000
38	117	106.000000	0	0.000000
38	68	105.000000	0	0.000000
38	34	104.000000	0	0.000000
38	45	103.000000	0	0.000000
38	101	102.000000	0	0.000000
38	9	101.000000	0	0.000000
38	15	100.000000	0	0.000000
38	112	99.000000	0	0.000000
38	16	98.000000	0	0.000000
38	71	97.000000	0	0.000000
38	18	96.000000	0	0.000000
38	56	95.000000	0	0.000000
38	62	94.000000	0	0.000000
38	0	93.000000	0	0.000000
38	64	92.000000	0	0.000000
38	84	91.000000	0	0.000000
38	66	90.000000	0	0.000000
38	92	89.000000	0	0.000000
38	124	88.000000	0	0.000000
38	105	87.000000	0	0.000000
38	119	86.000000	0	0.000000
38	80	85.000000	0	0.000000
38	4	84.000000	0	0.000000
38	26	83.000000	0	0.000000
38	47	82.000000	0	0.000000
38	21	81.000000	0	0.000000
38	22	80.000000	0	0.000000
38	33	79.000000	0	0.000000
38	20	78.000000	0	0.000000
38	125	77.000000	0	0.000000
38	63	76.000000	0	0.000000
38	28	75.000000	0	0.000000
38	17	74.000000	0	0.000000
38	25	73.000000	0	0.000000
38	73	72.000000	0	0.000000
38	60	71.000000	0	0.000000
38	48	70.000000	0	0.000000
38	104	69.000000	0	0.000000
38	102	68.000000	0	0.000000
38	126	67.000000	0	0.000000
38	53	66.000000	0	0.000000
38	61	65.000000	0	0.000000
38	82	64.000000	0	0.000000
38	14	63.000000	0	0.000000
38	7	62.000000	0	0.000000
38	10	61.000000	0	0.000000
38	72	60.000000	0	0.000000
38	44	59.000000	0	0.000000
38	100	58.000000	0	0.000000
38	67	57.000000	0	0.000000
38	46	56.000000	0	0.000000
38	12	55.000000	0	0.000000
38	79	54.000000	0	0.000000
38	39	53.000000	0	0.000000
38	43	52.000000	0	0.000000
38	52	51.000000	0	0.000000
38	87	50.000000	0	0.000000
38	88	49.000000	0	0.000000
38	111	48.000000	0	0.000000
38	118	47.000000	0	0.000000
38	98	46.000000	0	0.000000
38	108	45.000000	0	0.000000
38	75	44.000000	0	0.000000
38	49	43.000000	0	0.000000
38	8	42.000000	0	0.000000
38	96	41.000000	0	0.000000
38	29	40.000000	0	0.000000
38	51	39.000000	0	0.000000
38	24	38.000000	0	0.000000
38	90	37.000000	0	0.000000
38	2	36.000000	0	0.000000
38	81	35.000000	0	0.000000
38	99	34.000000	0	0.000000
38	97	33.000000	0	0.000000
38	36	32.000000	0	0.000000
38	121	31.000000	0	0.000000
38	30	30.000000	0	0.000000
38	11	29.000000	0	0.000000
38	58	28.000000	0	0.000000
38	27	27.000000	0	0.000000
38	59	26.000000	0	0.000000
38	107	25.000000	0	0.000000
38	109	24.000000	0	0.000000
38	110	23.000000	0	0.000000
38	5	22.000000	0	0.000000
38	31	21.000000	0	0.000000
38	95	20.000000	0	0.000000
38	127	19.000000	0	0.000000
38	40	18.000000	0	0.000000
38	83	17.000000	0	0.000000
38	19	16.000000	0	0.000000
38	76	15.000000	0	0.000000
38	113	14.000000	0	0.000000
38	93	13.000000	0	0.000000
38	50	12.000000	0	0.000000
38	91	11.000000	0	0.000000
38	116	10.000000	0	0.000000
38	37	9.000000	0	0.000000
38	13	8.000000	0	0.000000
38	114	7.000000	0	0.000000
38	89	6.000000	0	0.000000
38	6	5.000000	0	0.000000
38	77	4.000000	0	0.000000
38	103	3.000000	0	0.000000
38	74	2.000000	0	0.000000
38	70	1.000000	0	0.000000
39	75	128.000000	0	0.000000
39	40	127.000000	0	0.000000
39	66	126.000000	0	0.000000
39	97	125.000000	0	0.000000
39	17	124.000000	0	0.000000
39	43	123.000000	0	0.000000
39	114	122.000000	0	0.000000
39	32	121.000000	0	0.000000
39	89	120.000000	0	0.000000
39	93	119.000000	0	0.000000
39	6	118.000000	0	0.000000
39	74	117.000000	0	0.000000
39	3	116.000000	0	0.000000
39	121	115.000000	0	0.000000
39	92	114.000000	0	0.000000
39	20	113.000000	0	0.000000
39	100	112.000000	0	0.000000
39	42	111.000000	0	0.000000
39	52	110.000000	0	0.000000
39	34	109.000000	0	0.000000
39	16	108.000000	0	0.000000
39	119	107.000000	0	0.000000
39	113	106.000000	0	0.000000
39	77	105.000000	0	0.000000
39	30	104.000000	0	0.000000
39	122	103.000000	0	0.000000
39	95	102.000000	0	0.000000
39	107	101.000000	0	0.000000
39	106	100.000000	0	0.000000
39	76	99.000000	0	0.000000
39	101	98.000000	0	0.000000
39	47	97.000000	0	0.000000
39	98	96.000000	0	0.000000
39	29	95.000000	0	0.000000
39	51	94.000000	0	0.000000
39	41	93.000000	0	0.000000
39	85	92.000000	0	0.000000
39	46	91.000000	0	0.000000
39	45	90.000000	0	0.000000
39	126	89.000000	0	0.000000
39	19	88.000000	0	0.000000
39	37	87.000000	0	0.000000
39	60	86.000000	0	0.000000
39	72	85.000000	0	0.000000
39	87	84.000000	0	0.000000
39	62	83.000000	0	0.000000
39	61	82.000000	0	0.000000
39	0	81.000000	0	0.000000
39	71	80.000000	0	0.000000
39	112	79.000000	0	0.000000
39	94	78.000000	0	0.000000
39	78	77.000000	0	0.000000
39	123	76.000000	0	0.000000
39	25	75.000000	0	0.000000
39	70	74.000000	0	0.000000
39	31	73.000000	0	0.000000
39	38	72.000000	0	0.000000
39	125	71.000000	0	0.000000
39	120	70.000000	0	0.000000
39	57	69.000000	0	0.000000
39	80	68.000000	0	0.000000
39	65	67.000000	0	0.000000
39	1	66.000000	0	0.000000
39	69	65.000000	0	0.000000
39	103	64.000000	0	0.000000
39	36	63.000000	0	0.000000
39	49	62.000000	0	0.000000
39	104	61.000000	0	0.000000
39	127	60.000000	0	0.000000
39	28	59.000000	0	0.000000
39	54	58.000000	0	0.000000
39	7	57.000000	0	0.000000
39	2	56.000000	0	0.000000
39	4	55.000000	0	0.000000
39	23	54.000000	0	0.000000
39	105	53.000000	0	0.000000
39	33	52.000000	0	0.000000
39	53	51.000000	0	0.000000
39	90	50.000000	0	0.000000
39	18	49.000000	0	0.000000
39	59	48.000000	0	0.000000
39	115	47.000000	0	0.000000
39	8	46.000000	0	0.000000
39	116	45.000000	0	0.000000
39	27	44.000000	0	0.000000
39	68	43.000000	0	0.000000
39	50	42.000000	0	0.000000
39	110	41.000000	0	0.000000
39	58	40.000000	0	0.000000
39	109	39.000000	0	0.000000
39	5	38.000000	0	0.000000
39	91	37.000000	0	0.000000
39	26	36.000000	0	0.000000
39	48	35.000000	0	0.000000
39	84	34.000000	0	0.000000
39	83	33.000000	0	0.000000
39	35	32.000000	0	0.000000
39	11	31.000000	0	0.000000
39	56	30.000000	0	0.000000
39	81	29.000000	0	0.000000
39	9	28.000000	0	0.000000
39	124	27.000000	0	0.000000
39	82	26.000000	0	0.000000
39	13	25.000000	0	0.000000
39	22	24.000000	0	0.000000
39	96	23.000000	0	0.000000
39	86	22.000000	0	0.000000
39	14	21.000000	0	0.000000
39	63	20.000000	0	0.000000
39	64	19.000000	0	0.000000
39	79	18.000000	0	0.000000
39	12	17.000000	0	0.000000
39	88	16.000000	0	0.000000
39	55	15.000000	0	0.000000
39	108	14.000000	0	0.000000
39	67	13.000000	0	0.000000
39	118	12.000000	0	0.000000
39	10	11.000000	0	0.000000
39	111	10.000000	0	0.000000
39	24	9.000000	0	0.000000
39	73	8.000000	0	0.000000
39	21	7.000000	0	0.000000
39	39	6.000000	0	0.000000
39	117	5.000000	0	0.000000
39	44	4.000000	0	0.000000
39	15	3.000000	0	0.000000
39	99	2.000000	0	0.000000
39	102	1.000000	0	0.000000
40	1	128.000000	0	0.000000
40	14	127.000000	0	0.000000
40	120	126.000000	0	0.000000
40	99	125.000000	0	0.000000
40	30	124.000000	0	0.000000
40	31	123.000000	0	0.000000
40	127	122.000000	0	0.000000
40	21	121.000000	0	0.000000
40	80	120.000000	0	0.000000
40	47	119.000000	0	0.000000
40	115	118.000000	0	0.000000
40	125	117.000000	0	0.000000
40	0	116.000000	0	0.000000
40	75	115.000000	0	0.000000
40	88	114.000000	0	0.000000
40	105	113.000000	0	0.000000
40	61	112.000000	0	0.000000
40	16	111.000000	0	0.000000
40	121	110.000000	0	0.000000
40	84	109.000000	0	0.000000
40	38	108.000000	0	0.000000
40	26	107.000000	0	0.000000
40	108	106.000000	0	0.000000
40	56	105.000000	0	0.000000
40	13	104.000000	0	0.000000
40	59	103.000000	0	0.000000
40	54	102.000000	0	0.000000
40	49	101.000000	0	0.000000
40	44	100.000000	0	0.000000
40	67	99.000000	0	0.000000
40	119	98.000000	0	0.000000
40	114	97.000000	0	0.000000
40	45	96.000000	0	0.000000
40	77	95.000000	0	0.000000
40	5	94.000000	0	0.000000
40	124	93.000000	0	0.000000
40	104	92.000000	0	0.000000
40	109	91.000000	0	0.000000
40	29	90.000000	0	0.000000
40	116	89.000000	0	0.000000
40	90	88.000000	0	0.000000
40	89	87.000000	0	0.000000
40	110	86.000000	0	0.000000
40	123	85.000000	0	0.000000
40	126	84.000000	0	0.000000
40	51	83.000000	0	0.000000
40	85	82.000000	0	0.000000
40	102	81.000000	0	0.000000
40	93	80.000000	0	0.000000
40	43	79.000000	0	0.000000
40	92	78.000000	0	0.000000
40	101	77.000000	0	0.000000
40	8	76.000000	0	0.000000
40	82	75.000000	0	0.000000
40	20	74.000000	0	0.000000
40	58	73.000000	0	0.000000
40	76	72.000000	0	0.000000
40	111	71.000000	0	0.000000
40	39	70.000000	0	0.000000
40	23	69.000000	0	0.000000
40	40	68.000000	0	0.000000
40	35	67.000000	0	0.000000
40	12	66.000000	0	0.000000
40	7	65.000000	0	0.000000
40	112	64.000000	0	0.000000
40	41	63.000000	0	0.000000
40	6	62.000000	0	0.000000
40	100	61.000000	0	0.000000
40	78	60.000000	0	0.000000
40	42	59.000000	0	0.000000
40	15	58.000000	0	0.000000
40	65	57.000000	0	0.000000
40	70	56.000000	0	0.000000
40	81	55.000000	0	0.000000
40	94	54.000000	0	0.000000
40	91	53.000000	0	0.000000
40	60	52.000000	0	0.000000
40	83	51.000000	0	0.000000
40	68	50.000000	0	0.000000
40	55	49.000000	0	0.000000
40	25	48.000000	0	0.000000
40	122	47.000000	0	0.000000
40	4	46.000000	0	0.000000
40	96	45.000000	0	0.000000
40	52	44.000000	0	0.000000
40	69	43.000000	0	0.000000
40	48	42.000000	0	0.000000
40	11	41.000000	0	0.000000
40	106	40.000000	0	0.000000
40	107	39.000000	0	0.000000
40	28	38.000000	0	0.000000
40	33	37.000000	0	0.000000
40	17	36.000000	0	0.000000
40	63	35.000000	0	0.000000
40	73	34.000000	0	0.000000
40	95	33.000000	0	0.000000
40	27	32.000000	0	0.000000
40	64	31.000000	0	0.000000
40	50	30.000000	0	0.000000
40	37	29.000000	0	0.000000
40	36	28.000000	0	0.000000
40	97	27.000000	0	0.000000
40	79	26.000000	0	0.000000
40	10	25.000000	0	0.000000
40	46	24.000000	0	0.000000
40	103	23.000000	0	0.000000
40	74	22.000000	0	0.000000
40	24	21.000000	0	0.000000
40	53	20.000000	0	0.000000
40	22	19.000000	0	0.000000
40	98	18.000000	0	0.000000
40	57	17.000000	0	0.000000
40	66	16.000000	0	0.000000
40	9	15.000000	0	0.000000
40	19	14.000000	0	0.000000
40	72	13.000000	0	0.000000
40	34	12.000000	0	0.000000
40	86	11.000000	0	0.000000
40	71	10.000000	0	0.000000
40	18	9.000000	0	0.000000
40	2	8.000000	0	0.000000
40	87	7.000000	0	0.000000
40	113	6.000000	0	0.000000
40	117	5.000000	0	0.000000
40	62	4.000000	0	0.000000
40	118	3.000000	0	0.000000
40	32	2.000000	0	0.000000
40	3	1.000000	0	0.000000
41	72	128.000000	0	0.000000
41	23	127.000000	0	0.000000
41	77	126.000000	0	0.000000
41	9	125.000000	0	0.000000
41	1	124.000000	0	0.000000
41	121	123.000000	0	0.000000
41	70	122.000000	0	0.000000
41	103	121.000000	0	0.000000
41	0	120.000000	0	0.000000
41	41	119.000000	0	0.000000
41	82	118.000000	0	0.000000
41	101	117.000000	0	0.000000
41	57	116.000000	0	0.000000
41	66	115.000000	0	0.000000
41	108	114.000000	0	0.000000
41	45	113.000000	0	0.000000
41	5	112.000000	0	0.000000
41	14	111.000000	0	0.000000
41	98	110.000000	0	0.000000
41	65	109.000000	0	0.000000
41	92	108.000000	0	0.000000
41	24	107.000000	0	0.000000
41	88	106.000000	0	0.000000
41	61	105.000000	0	0.000000
41	35	104.000000	0	0.000000
41	43	103.000000	0	0.000000
41	12	102.000000	0	0.000000
41	36	101.000000	0	0.000000
41	97	100.000000	0	0.000000
41	80	99.000000	0	0.000000
41	16	98.000000	0	0.000000
41	42	97.000000	0	0.000000
41	2	96.000000	0	0.000000
41	99	95.000000	0	0.000000
41	53	94.000000	0	0.000000
41	67	93.000000	0	0.000000
41	50	92.000000	0	0.000000
41	15	91.000000	0	0.000000
41	11	90.000000	0	0.000000
41	3	89.000000	0	0.000000
41	84	88.000000	0	0.000000
41	71	87.000000	0	0.000000
41	63	86.000000	0	0.000000
41	19	85.000000	0	0.000000
41	112	84.000000	0	0.000000
41	107	83.000000	0	0.000000
41	110	82.000000	0	0.000000
41	122	81.000000	0	0.000000
41	100	80.000000	0	0.000000
41	113	79.000000	0	0.000000
41	64	78.000000	0	0.000000
41	26	77.000000	0	0.000000
41	21	76.000000	0	0.000000
41	69	75.000000	0	0.000000
41	25	74.000000	0	0.000000
41	46	73.000000	0	0.000000
41	44	72.000000	0	0.000000
41	7	71.000000	0	0.000000
41	49	70.000000	0	0.000000
41	30	69.000000	0	0.000000
41	39	68.000000	0	0.000000
41	6	67.000000	0	0.000000
41	17	66.000000	0	0.000000
41	54	65.000000	0	0.000000
41	91	64.000000	0	0.000000
41	126	63.000000	0	0.000000
41	125	62.000000	0	0.000000
41	48	61.000000	0	0.000000
41	90	60.000000	0	0.000000
41	79	59.000000	0	0.000000
41	33	58.000000	0	0.000000
41	86	57.000000	0	0.000000
41	52	56.000000	0	0.000000
41	20	55.000000	0	0.000000
41	117	54.000000	0	0.000000
41	31	53.000000	0	0.000000
41	127	52.000000	0	0.000000
41	18	51.000000	0	0.000000
41	124	50.000000	0	0.000000
41	34	49.000000	0	0.000000
41	106	48.000000	0	0.000000
41	32	47.000000	0	0.000000
41	81	46.000000	0	0.000000
41	62	45.000000	0	0.000000
41	59	44.000000	0	0.000000
41	115	43.000000	0	0.000000
41	55	42.000000	0	0.000000
41	119	41.000000	0	0.000000
41	8	40.000000	0	0.000000
41	116	39.000000	0	0.000000
41	74	38.000000	0	0.000000
41	85	37.000000	0	0.000000
41	75	36.000000	0	0.000000
41	73	35.000000	0	0.000000
41	105	34.000000	0	0.000000
41	68	33.000000	0	0.000000
41	10	32.000000	0	0.000000
41	78	31.000000	0	0.000000
41	118	30.000000	0	0.000000
41	29	29.000000	0	0.000000
41	102	28.000000	0	0.000000
41	58	27.000000	0	0.000000
41	38	26.000000	0	0.000000
41	83	25.000000	0	0.000000
41	28	24.000000	0	0.000000
41	93	23.000000	0	0.000000
41	111	22.000000	0	0.000000
41	89	21.000000	0	0.000000
41	123	20.000000	0	0.000000
41	47	19.000000	0	0.000000
41	120	18.000000	0	0.000000
41	96	17.000000	0	0.000000
41	76	16.000000	0	0.000000
41	13	15.000000	0	0.000000
41	37	14.000000	0	0.000000
41	87	13.000000	0	0.000000
41	22	12.000000	0	0.000000
41	94	11.000000	0	0.000000
41	109	10.000000	0	0.000000
41	56	9.000000	0	0.000000
41	40	8.000000	0	0.000000
41	51	7.000000	0	0.000000
41	104	6.000000	0	0.000000
41	27	5.000000	0	0.000000
41	95	4.000000	0	0.000000
41	4	3.000000	0	0.000000
41	60	2.000000	0	0.000000
41	114	1.000000	0	0.000000
42	97	128.000000	0	0.000000
42	48	127.000000	0	0.000000
42	115	126.000000	0	0.000000
42	71	125.000000	0	0.000000
42	44	124.000000	0	0.000000
42	24	123.000000	0	0.000000
42	29	122.000000	0	0.000000
42	23	121.000000	0	0.000000
42	107	120.000000	0	0.000000
42	54	119.000000	0	0.000000
42	3	118.000000	0	0.000000
42	16	117.000000	0	0.000000
42	89	116.000000	0	0.000000
42	45	115.000000	0	0.000000
42	80	114.000000	0	0.000000
42	126	113.000000	0	0.000000
42	13	112.000000	0	0.000000
42	9	111.000000	0	0.000000
42	86	110.000000	0	0.000000
42	49	109.000000	0	0.000000
42	53	108.000000	0	0.000000
42	55	107.000000	0	0.000000
42	40	106.000000	0	0.000000
42	108	105.000000	0	0.000000
42	117	104.000000	0	0.000000
42	34	103.000000	0	0.000000
42	101	102.000000	0	0.000000
42	8	101.000000	0	0.000000
42	18	100.000000	0	0.000000
42	20	99.000000	0	0.000000
42	102	98.000000	0	0.000000
42	6	97.000000	0	0.000000
42	14	96.000000	0	0.000000
42	113	95.000000	0	0.000000
42	27	94.000000	0	0.000000
42	98	93.000000	0	0.000000
42	85	92.000000	0	0.000000
42	118	91.000000	0	0.000000
42	65	90.000000	0	0.000000
42	74	89.000000	0	0.000000
42	12	88.000000	0	0.000000
42	105	87.000000	0	0.000000
42	75	86.000000	0	0.000000
42	37	85.000000	0	0.000000
42	52	84.000000	0	0.000000
42	103	83.000000	0	0.000000
42	31	82.000000	0	0.000000
42	64	81.000000	0	0.000000
42	56	80.000000	0	0.000000
42	69	79.000000	0	0.000000
42	111	78.000000	0	0.000000
42	47	77.000000	0	0.000000
42	28	76.000000	0	0.000000
42	87	75.000000	0	0.000000
42	125	74.000000	0	0.000000
42	1	73.000000	0	0.000000
42	73	72.000000	0	0.000000
42	39	71.000000	0	0.000000
42	122	70.000000	0	0.000000
42	92	69.000000	0	0.000000
42	17	68.000000	0	0.000000
42	21	67.000000	0	0.000000
42	35	66.000000	0	0.000000
42	90	65.000000	0	0.000000
42	25	64.000000	0	0.000000
42	4	63.000000	0	0.000000
42	99	62.000000	0	0.000000
42	70	61.000000	0	0.000000
42	43	60.000000	0	0.000000
42	123	59.000000	0	0.000000
42	58	58.000000	0	0.000000
42	93	57.000000	0	0.000000
42	10	56.000000	0	0.000000
42	41	55.000000	0	0.000000
42	46	54.000000	0	0.000000
42	114	53.000000	0	0.000000
42	94	52.000000	0	0.000000
42	106	51.000000	0	0.000000
42	119	50.000000	0	0.000000
42	33	49.000000	0	0.000000
42	66	48.000000	0	0.000000
42	60	47.000000	0	0.000000
42	59	46.000000	0	0.000000
42	124	45.000000	0	0.000000
42	22	44.000000	0	0.000000
42	5	43.000000	0	0.000000
42	63	42.000000	0	0.000000
42	50	41.000000	0	0.000000
42	116	40.000000	0	0.000000
42	112	39.000000	0	0.000000
42	77	38.000000	0	0.000000
42	68	37.000000	0	0.000000
42	76	36.000000	0	0.000000
42	2	35.000000	0	0.000000
42	81	34.000000	0	0.000000
42	32	33.000000	0	0.000000
42	91	32.000000	0	0.000000
42	104	31.000000	0	0.000000
42	109	30.000000	0	0.000000
42	30	29.000000	0	0.000000
42	7	28.000000	0	0.000000
42	19	27.000000	0	0.000000
42	38	26.000000	0	0.000000
42	88	25.000000	0	0.000000
42	100	24.000000	0	0.000000
42	120	23.000000	0	0.000000
42	110	22.000000	0	0.000000
42	15	21.000000	0	0.000000
42	84	20.000000	0	0.000000
42	0	19.000000	0	0.000000
42	95	18.000000	0	0.000000
42	57	17.000000	0	0.000000
42	36	16.000000	0	0.000000
42	11	15.000000	0	0.000000
42	72	14.000000	0	0.000000
42	79	13.000000	0	0.000000
42	121	12.000000	0	0.000000
42	42	11.000000	0	0.000000
42	61	10.000000	0	0.000000
42	82	9.000000	0	0.000000
42	67	8.000000	0	0.000000
42	83	7.000000	0	0.000000
42	62	6.000000	0	0.000000
42	127	5.000000	0	0.000000
42	51	4.000000	0	0.000000
42	26	3.000000	0	0.000000
42	78	2.000000	0	0.000000
42	96	1.000000	0	0.000000
43	101	128.000000	0	0.000000
43	68	127.000000	0	0.000000
43	86	126.000000	0	0.000000
43	104	125.000000	0	0.000000
43	100	124.000000	0	0.000000
43	84	123.000000	0	0.000000
43	46	122.000000	0	0.000000
43	126	121.000000	0	0.000000
43	36	120.000000	0	0.000000
43	105	119.000000	0	0.000000
43	5	118.000000	0	0.000000
43	121	117.000000	0	0.000000
43	25	116.000000	0	0.000000
43	58	115.000000	0	0.000000
43	8	114.000000	0	0.000000
43	71	113.000000	0	0.000000
43	76	112.000000	0	0.000000
43	4	111.000000	0	0.000000
43	44	110.000000	0	0.000000
43	67	109.000000	0	0.000000
43	56	108.000000	0	0.000000
43	113	107.000000	0	0.000000
43	120	106.000000	0	0.000000
43	9	105.000000	0	0.000000
43	66	104.000000	0	0.000000
43	26	103.000000	0	0.000000
43	73	102.000000	0	0.000000
43	80	101.000000	0	0.000000
43	87	100.000000	0	0.000000
43	45	99.000000	0	0.000000
43	89	98.000000	0	0.000000
43	16	97.000000	0	0.000000
43	19	96.000000	0	0.000000
43	29	95.000000	0	0.000000
43	20	94.000000	0	0.000000
43	12	93.000000	0	0.000000
43	88	92.000000	0	0.000000
43	107	91.000000	0	0.000000
43	64	90.000000	0	0.000000
43	74	89.000000	0	0.000000
43	65	88.000000	0	0.000000
43	49	87.000000	0	0.000000
43	90	86.000000	0	0.000000
43	81	85.000000	0	0.000000
43	102	84.000000	0	0.000000
43	47	83.000000	0	0.000000
43	125	82.000000	0	0.000000
43	43	81.000000	0	0.000000
43	0	80.000000	0	0.000000
43	37	79.000000	0	0.000000
43	40	78.000000	0	0.000000
43	75	77.000000	0	0.000000
43	24	76.000000	0	0.000000
43	59	75.000000	0	0.000000
43	82	74.000000	0	0.000000
43	77	73.000000	0	0.000000
43	31	72.000000	0	0.000000
43	18	71.000000	0	0.000000
43	6	70.000000	0	0.000000
43	51	69.000000	0	0.000000
43	122	68.000000	0	0.000000
43	83	67.000000	0	0.000000
43	97	66.000000	0	0.000000
43	98	65.000000	0	0.000000
43	41	64.000000	0	0.000000
43	115	63.000000	0	0.000000
43	34	62.000000	0	0.000000
43	7	61.000000	0	0.000000
43	72	60.000000	0	0.000000
43	62	59.000000	0	0.000000
43	91	58.000000	0	0.000000
43	10	57.000000	0	0.000000
43	30	56.000000	0	0.000000
43	2	55.000000	0	0.000000
43	11	54.000000	0	0.000000
43	69	53.000000	0	0.000000
43	53	52.000000	0	0.000000
43	99	51.000000	0	0.000000
43	127	50.000000	0	0.000000
43	61	49.000000	0	0.000000
43	85	48.000000	0	0.000000
43	114	47.000000	0	0.000000
43	117	46.000000	0	0.000000
43	52	45.000000	0	0.000000
43	111	44.000000	0	0.000000
43	54	43.000000	0	0.000000
43	60	42.000000	0	0.000000
43	79	41.000000	0	0.000000
43	70	40.000000	0	0.000000
43	94	39.000000	0	0.000000
43	57	38.000000	0	0.000000
43	112	37.000000	0	0.000000
43	15	36.000000	0	0.000000
43	96	35.000000	0	0.000000
43	123	34.000000	0	0.000000
43	33	33.000000	0	0.000000
43	78	32.000000	0	0.000000
43	22	31.000000	0	0.000000
43	38	30.000000	0	0.000000
43	110	29.000000	0	0.000000
43	42	28.000000	0	0.000000
43	23	27.000000	0	0.000000
43	3	26.000000	0	0.000000
43	32	25.000000	0	0.000000
43	118	24.000000	0	0.000000
43	21	23.000000	0	0.000000
43	35	22.000000	0	0.000000
43	14	21.000000	0	0.000000
43	50	20.000000	0	0.000000
43	28	19.000000	0	0.000000
43	124	18.000000	0	0.000000
43	27	17.000000	0	0.000000
43	106	16.000000	0	0.000000
43	63	15.000000	0	0.000000
43	39	14.000000	0	0.000000
43	55	13.000000	0	0.000000
43	109	12.000000	0	0.000000
43	119	11.000000	0	0.000000
43	108	10.000000	0	0.000000
43	103	9.000000	0	0.000000
43	93	8.000000	0	0.000000
43	48	7.000000	0	0.000000
43	92	6.000000	0	0.000000
43	13	5.000000	0	0.000000
43	1	4.000000	0	0.000000
43	116	3.000000	0	0.000000
43	17	2.000000	0	0.000000
43	95	1.000000	0	0.000000
44	108	128.000000	0	0.000000
44	91	127.000000	0	0.000000
44	27	126.000000	0	0.000000
44	69	125.000000	0	0.000000
44	39	124.000000	0	0.000000
44	31	123.000000	0	0.000000
44	93	122.000000	0	0.000000
44	6	121.000000	0	0.000000
44	28	120.000000	0	0.000000
44	114	119.000000	0	0.000000
44	11	118.000000	0	0.000000
44	106	117.000000	0	0.000000
44	80	116.000000	0	0.000000
44	87	115.000000	0	0.000000
44	107	114.000000	0	0.000000
44	8	113.000000	0	0.000000
44	56	112.000000	0	0.000000
44	54	111.000000	0	0.000000
44	21	110.000000	0	0.000000
44	48	109.000000	0	0.000000
44	92	108.000000	0	0.000000
44	22	107.000000	0	0.000000
44	97	106.000000	0	0.000000
44	9	105.000000	0	0.000000
44	104	104.000000	0	0.000000
44	18	103.000000	0	0.000000
44	88	102.000000	0	0.000000
44	71	101.000000	0	0.000000
44	70	100.000000	0	0.000000
44	53	99.000000	0	0.000000
44	110	98.000000	0	0.000000
44	98	97.000000	0	0.000000
44	13	96.000000	0	0.000000
44	123	95.000000	0	0.000000
44	116	94.000000	0	0.000000
44	58	93.000000	0	0.000000
44	76	92.000000	0	0.000000
44	46	91.000000	0	0.000000
44	45	90.000000	0	0.000000
44	32	89.000000	0	0.000000
44	90	88.000000	0	0.000000
44	62	87.000000	0	0.000000
44	23	86.000000	0	0.000000
44	30	85.000000	0	0.000000
44	73	84.000000	0	0.000000
44	20	83.000000	0	0.000000
44	127	82.000000	0	0.000000
44	3	81.000000	0	0.000000
44	29	80.000000	0	0.000000
44	4	79.000000	0	0.000000
44	55	78.000000	0	0.000000
44	83	77.000000	0	0.000000
44	111	76.000000	0	0.000000
44	81	75.000000	0	0.000000
44	17	74.000000	0	0.000000
44	26	73.000000	0	0.000000
44	36	72.000000	0	0.000000
44	37	71.000000	0	0.000000
44	16	70.000000	0	0.000000
44	59	69.000000	0	0.000000
44	42	68.000000	0	0.000000
44	0	67.000000	0	0.000000
44	1	66.000000	0	0.000000
44	57	65.000000	0	0.000000
44	105	64.000000	0	0.000000
44	112	63.000000	0	0.000000
44	44	62.000000	0	0.000000
44	126	61.000000	0	0.000000
44	47	60.000000	0	0.000000
44	99	59.000000	0	0.000000
44	51	58.000000	0	0.000000
44	94	57.000000	0	0.000000
44	14	56.000000	0	0.000000
44	52	55.000000	0	0.000000
44	64	54.000000	0	0.000000
44	113	53.000000	0	0.000000
44	33	52.000000	0	0.000000
44	101	51.000000	0	0.000000
44	5	50.000000	0	0.000000
44	60	49.000000	0	0.000000
44	43	48.000000	0	0.000000
44	119	47.000000	0	0.000000
44	41	46.000000	0	0.000000
44	122	45.000000	0	0.000000
44	77	44.000000	0	0.000000
44	40	43.000000	0	0.000000
44	96	42.000000	0	0.000000
44	63	41.000000	0	0.000000
44	25	40.000000	0	0.000000
44	19	39.000000	0	0.000000
44	121	38.000000	0	0.000000
44	120	37.000000	0	0.000000
44	125	36.000000	0	0.000000
44	15	35.000000	0	0.000000
44	109	34.000000	0	0.000000
44	38	33.000000	0	0.000000
44	49	32.000000	0	0.000000
44	72	31.000000	0	0.000000
44	117	30.000000	0	0.000000
44	118	29.000000	0	0.000000
44	2	28.000000	0	0.000000
44	102	27.000000	0	0.000000
44	84	26.000000	0	0.000000
44	12	25.000000	0	0.000000
44	68	24.000000	0	0.000000
44	79	23.000000	0	0.000000
44	78	22.000000	0	0.000000
44	74	21.000000	0	0.000000
44	67	20.000000	0	0.000000
44	89	19.000000	0	0.000000
44	34	18.000000	0	0.000000
44	100	17.000000	0	0.000000
44	103	16.000000	0	0.000000
44	82	15.000000	0	0.000000
44	24	14.000000	0	0.000000
44	66	13.000000	0	0.000000
44	115	12.000000	0	0.000000
44	7	11.000000	0	0.000000
44	65	10.000000	0	0.000000
44	95	9.000000	0	0.000000
44	86	8.000000	0	0.000000
44	124	7.000000	0	0.000000
44	35	6.000000	0	0.000000
44	10	5.000000	0	0.000000
44	75	4.000000	0	0.000000
44	50	3.000000	0	0.000000
44	61	2.000000	0	0.000000
44	85	1.000000	0	0.000000
45	69	128.000000	0	0.000000
45	14	127.000000	0	0.000000
45	12	126.000000	0	0.000000
45	27	125.000000	0	0.000000
45	117	124.000000	0	0.000000
45	4	123.000000	0	0.000000
45	20	122.000000	0	0.000000
45	1	121.000000	0	0.000000
45	5	120.000000	0	0.000000
45	37	119.000000	0	0.000000
45	122	118.000000	0	0.000000
45	118	117.000000	0	0.000000
45	22	116.000000	0	0.000000
45	68	115.000000	0	0.000000
45	114	114.000000	0	0.000000
45	44	113.000000	0	0.000000
45	2	112.000000	0	0.000000
45	110	111.000000	0	0.000000
45	87	110.000000	0	0.000000
45	11	109.000000	0	0.000000
45	42	108.000000	0	0.000000
45	29	107.000000	0	0.000000
45	71	106.000000	0	0.000000
45	24	105.000000	0	0.000000
45	91	104.000000	0	0.000000
45	66	103.000000	0	0.000000
45	123	102.000000	0	0.000000
45	84	101.000000	0	0.000000
45	112	100.000000	0	0.000000
45	23	99.000000	0	0.000000
45	64	98.000000	0	0.000000
45	99	97.000000	0	0.000000
45	76	96.000000	0	0.000000
45	70	95.000000	0	0.000000
45	74	94.000000	0	0.000000
45	59	93.000000	0	0.000000
45	46	92.000000	0	0.000000
45	26	91.000000	0	0.000000
45	75	90.000000	0	0.000000
45	48	89.000000	0	0.000000
45	50	88.000000	0	0.000000
45	32	87.000000	0	0.000000
45	38	86.000000	0	0.000000
45	47	85.000000	0	0.000000
45	56	84.000000	0	0.000000
45	62	83.000000	0	0.000000
45	17	82.000000	0	0.000000
45	83	81.000000	0	0.000000
45	82	80.000000	0	0.000000
45	65	79.000000	0	0.000000
45	9	78.000000	0	0.000000
45	125	77.000000	0	0.000000
45	95	76.000000	0	0.000000
45	80	75.000000	0	0.000000
45	54	74.000000	0	0.000000
45	101	73.000000	0	0.000000
45	0	72.000000	0	0.000000
45	45	71.000000	0	0.000000
45	103	70.000000	0	0.000000
45	88	69.000000	0	0.000000
45	104	68.000000	0	0.000000
45	92	67.000000	0	0.000000
45	7	66.000000	0	0.000000
45	51	65.000000	0	0.000000
45	52	64.000000	0	0.000000
45	16	63.000000	0	0.000000
45	124	62.000000	0	0.000000
45	57	61.000000	0	0.000000
45	3	60.000000	0	0.000000
45	100	59.000000	0	0.000000
45	116	58.000000	0	0.000000
45	77	57.000000	0	0.000000
45	127	56.000000	0	0.000000
45	35	55.000000	0	0.000000
45	86	54.000000	0	0.000000
45	115	53.000000	0	0.000000
45	98	52.000000	0	0.000000
45	6	51.000000	0	0.000000
45	67	50.000000	0	0.000000
45	49	49.000000	0	0.000000
45	63	48.000000	0	0.000000
45	33	47.000000	0	0.000000
45	28	46.000000	0	0.000000
45	15	45.000000	0	0.000000
45	89	44.000000	0	0.000000
45	105	43.000000	0	0.000000
45	119	42.000000	0	0.000000
45	94	41.000000	0	0.000000
45	108	40.000000	0	0.000000
45	53	39.000000	0	0.000000
45	34	38.000000	0	0.000000
45	10	37.000000	0	0.000000
45	111	36.000000	0	0.000000
45	41	35.000000	0	0.000000
45	36	34.000000	0	0.000000
45	120	33.000000	0	0.000000
45	93	32.000000	0	0.000000
45	121	31.000000	0	0.000000
45	18	30.000000	0	0.000000
45	73	29.000000	0	0.000000
45	107	28.000000	0	0.000000
45	8	27.000000	0	0.000000
45	31	26.000000	0	0.000000
45	19	25.000000	0	0.000000
45	90	24.000000	0	0.000000
45	97	23.000000	0	0.000000
45	58	22.000000	0	0.000000
45	113	21.000000	0	0.000000
45	25	20.000000	0	0.000000
45	40	19.000000	0	0.000000
45	30	18.000000	0	0.000000
45	43	17.000000	0	0.000000
45	102	16.000000	0	0.000000
45	21	15.000000	0	0.000000
45	13	14.000000	0	0.000000
45	81	13.000000	0	0.000000
45	126	12.000000	0	0.000000
45	61	11.000000	0	0.000000
45	39	10.000000	0	0.000000
45	85	9.000000	0	0.000000
45	79	8.000000	0	0.000000
45	60	7.000000	0	0.000000
45	72	6.000000	0	0.000000
45	78	5.000000	0	0.000000
45	109	4.000000	0	0.000000
45	55	3.000000	0	0.000000
45	96	2.000000	0	0.000000
45	106	1.000000	0	0.000000
46	125	128.000000	0	0.000000
46	55	127.000000	0	0.000000
46	23	126.000000	0	0.000000
46	85	125.000000	0	0.000000
46	52	124.000000	0	0.000000
46	86	123.000000	0	0.000000
46	27	122.000000	0	0.000000
46	117	121.000000	0	0.000000
46	4	120.000000	0	0.000000
46	97	119.000000	0	0.000000
46	60	118.000000	0	0.000000
46	118	117.000000	0	0.000000
46	19	116.000000	0	0.000000
46	47	115.000000	0	0.000000
46	127	114.000000	0	0.000000
46	32	113.000000	0	0.000000
46	25	112.000000	0	0.000000
46	115	111.000000	0	0.000000
46	93	110.000000	0	0.000000
46	96	109.000000	0	0.000000
46	68	108.000000	0	0.000000
46	6	107.000000	0	0.000000
46	94	106.000000	0	0.000000
46	51	105.000000	0	0.000000
46	30	104.000000	0	0.000000
46	40	103.000000	0	0.000000
46	101	102.000000	0	0.000000
46	10	101.000000	0	0.000000
46	91	100.000000	0	0.000000
46	67	99.000000	0	0.000000
46	39	98.000000	0	0.000000
46	3	97.000000	0	0.000000
46	56	96.000000	0	0.000000
46	82	95.000000	0	0.000000
46	80	94.000000	0	0.000000
46	9	93.000000	0	0.000000
46	105	92.000000	0	0.000000
46	124	91.000000	0	0.000000
46	50	90.000000	0	0.000000
46	33	89.000000	0	0.000000
46	77	88.000000	0	0.000000
46	54	87.000000	0	0.000000
46	22	86.000000	0	0.000000
46	16	85.000000	0	0.000000
46	72	84.000000	0	0.000000
46	74	83.000000	0	0.000000
46	104	82.000000	0	0.000000
46	2	81.000000	0	0.000000
46	98	80.000000	0	0.000000
46	73	79.000000	0	0.000000
46	34	78.000000	0	0.000000
46	1	77.000000	0	0.000000
46	26	76.000000	0	0.000000
46	83	75.000000	0	0.000000
46	7	74.000000	0	0.000000
46	5	73.000000	0	0.000000
46	48	72.000000	0	0.000000
46	45	71.000000	0	0.000000
46	29	70.000000	0	0.000000
46	57	69.000000	0	0.000000
46	119	68.000000	0	0.000000
46	43	67.000000	0	0.000000
46	61	66.000000	0	0.000000
46	106	65.000000	0	0.000000
46	11	64.000000	0	0.000000
46	18	63.000000	0	0.000000
46	46	62.000000	0	0.000000
46	121	61.000000	0	0.000000
46	122	60.000000	0	0.000000
46	81	59.000000	0	0.000000
46	76	58.000000	0	0.000000
46	71	57.000000	0	0.000000
46	120	56.000000	0	0.000000
46	35	55.000000	0	0.000000
46	126	54.000000	0	0.000000
46	123	53.000000	0	0.000000
46	38	52.000000	0	0.000000
46	44	51.000000	0	0.000000
46	90	50.000000	0	0.000000
46	114	49.000000	0	0.000000
46	28	48.000000	0	0.000000
46	79	47.000000	0	0.000000
46	14	46.000000	0	0.000000
46	84	45.000000	0	0.000000
46	108	44.000000	0	0.000000
46	75	43.000000	0	0.000000
46	31	42.000000	0	0.000000
46	64	41.000000	0	0.000000
46	37	40.000000	0	0.000000
46	69	39.000000	0	0.000000
46	36	38.000000	0	0.000000
46	100	37.000000	0	0.000000
46	53	36.000000	0	0.000000
46	8	35.000000	0	0.000000
46	99	34.000000	0	0.000000
46	89	33.000000	0	0.000000
46	103	32.000000	0	0.000000
46	102	31.000000	0	0.000000
46	111	30.000000	0	0.000000
46	59	29.000000	0	0.000000
46	13	28.000000	0	0.000000
46	116	27.000000	0	0.000000
46	58	26.000000	0	0.000000
46	0	25.000000	0	0.000000
46	113	24.000000	0	0.000000
46	21	23.000000	0	0.000000
46	78	22.000000	0	0.000000
46	109	21.000000	0	0.000000
46	107	20.000000	0	0.000000
46	110	19.000000	0	0.000000
46	17	18.000000	0	0.000000
46	65	17.000000	0	0.000000
46	15	16.000000	0	0.000000
46	49	15.000000	0	0.000000
46	20	14.000000	0	0.000000
46	87	13.000000	0	0.000000
46	41	12.000000	0	0.000000
46	62	11.000000	0	0.000000
46	42	10.000000	0	0.000000
46	92	9.000000	0	0.000000
46	12	8.000000	0	0.000000
46	63	7.000000	0	0.000000
46	70	6.000000	0	0.000000
46	88	5.000000	0	0.000000
46	112	4.000000	0	0.000000
46	66	3.000000	0	0.000000
46	24	2.000000	0	0.000000
46	95	1.000000	0	0.000000
47	7	128.000000	0	0.000000
47	127	127.000000	0	0.000000
47	126	126.000000	0	0.000000
47	77	125.000000	0	0.000000
47	86	124.000000	0	0.000000
47	1	123.000000	0	0.000000
47	15	122.000000	0	0.000000
47	16	121.000000	0	0.000000
47	56	120.000000	0	0.000000
47	47	119.000000	0	0.000000
47	60	118.000000	0	0.000000
47	32	117.000000	0	0.000000
47	50	116.000000	0	0.000000
47	73	115.000000	0	0.000000
47	62	114.000000	0	0.000000
47	34	113.000000	0	0.000000
47	28	112.000000	0	0.000000
47	85	111.000000	0	0.000000
47	97	110.000000	0	0.000000
47	53	109.000000	0	0.000000
47	74	108.000000	0	0.000000
47	117	107.000000	0	0.000000
47	115	106.000000	0	0.000000
47	90	105.000000	0	0.000000
47	4	104.000000	0	0.000000
47	35	103.000000	0	0.000000
47	25	102.000000	0	0.000000
47	71	101.000000	0	0.000000
47	8	100.000000	0	0.000000
47	102	99.000000	0	0.000000
47	20	98.000000	0	0.000000
47	95	97.000000	0	0.000000
47	83	96.000000	0	0.000000
47	5	95.000000	0	0.000000
47	111	94.000000	0	0.000000
47	3	93.000000	0	0.000000
47	98	92.000000	0	0.000000
47	107	91.000000	0	0.000000
47	82	90.000000	0	0.000000
47	122	89.000000	0	0.000000
47	81	88.000000	0	0.000000
47	31	87.000000	0	0.000000
47	109	86.000000	0	0.000000
47	58	85.000000	0	0.000000
47	101	84.000000	0	0.000000
47	123	83.000000	0	0.000000
47	43	82.000000	0	0.000000
47	2	81.000000	0	0.000000
47	26	80.000000	0	0.000000
47	116	79.000000	0	0.000000
47	21	78.000000	0	0.000000
47	91	77.000000	0	0.000000
47	57	76.000000	0	0.000000
47	125	75.000000	0	0.000000
47	87	74.000000	0	0.000000
47	120	73.000000	0	0.000000
47	42	72.000000	0	0.000000
47	36	71.000000	0	0.000000
47	39	70.000000	0	0.000000
47	68	69.000000	0	0.000000
47	44	68.000000	0	0.000000
47	46	67.000000	0	0.000000
47	27	66.000000	0	0.000000
47	52	65.000000	0	0.000000
47	124	64.000000	0	0.000000
47	110	63.000000	0	0.000000
47	88	62.000000	0	0.000000
47	92	61.000000	0	0.000000
47	23	60.000000	0	0.000000
47	14	59.000000	0	0.000000
47	66	58.000000	0	0.000000
47	33	57.000000	0	0.000000
47	114	56.000000	0	0.000000
47	6	55.000000	0	0.000000
47	40	54.000000	0	0.000000
47	17	53.000000	0	0.000000
47	121	52.000000	0	0.000000
47	118	51.000000	0	0.000000
47	11	50.000000	0	0.000000
47	0	49.000000	0	0.000000
47	112	48.000000	0	0.000000
47	61	47.000000	0	0.000000
47	48	46.000000	0	0.000000
47	78	45.000000	0	0.000000
47	119	44.000000	0	0.000000
47	80	43.000000	0	0.000000
47	65	42.000000	0	0.000000
47	55	41.000000	0	0.000000
47	105	40.000000	0	0.000000
47	76	39.000000	0	0.000000
47	51	38.000000	0	0.000000
47	54	37.000000	0	0.000000
47	9	36.000000	0	0.000000
47	108	35.000000	0	0.000000
47	18	34.000000	0	0.000000
47	22	33.000000	0	0.000000
47	63	32.000000	0	0.000000
47	72	31.000000	0	0.000000
47	29	30.000000	0	0.000000
47	94	29.000000	0	0.000000
47	106	28.000000	0	0.000000
47	30	27.000000	0	0.000000
47	104	26.000000	0	0.000000
47	37	25.000000	0	0.000000
47	99	24.000000	0	0.000000
47	79	23.000000	0	0.000000
47	103	22.000000	0	0.000000
47	67	21.000000	0	0.000000
47	100	20.000000	0	0.000000
47	49	19.000000	0	0.000000
47	19	18.000000	0	0.000000
47	93	17.000000	0	0.000000
47	96	16.000000	0	0.000000
47	70	15.000000	0	0.000000
47	45	14.000000	0	0.000000
47	10	13.000000	0	0.000000
47	12	12.000000	0	0.000000
47	113	11.000000	0	0.000000
47	24	10.000000	0	0.000000
47	41	9.000000	0	0.000000
47	38	8.000000	0	0.000000
47	13	7.000000	0	0.000000
47	84	6.000000	0	0.000000
47	69	5.000000	0	0.000000
47	64	4.000000	0	0.000000
47	75	3.000000	0	0.000000
47	89	2.000000	0	0.000000
47	59	1.000000	0	0.000000
