# vocab_size=248070
# repo=Qwen/Qwen3.6-35B-A3B
# tokenizer_sha256=5f9e4d4901a92b997e463c1f46055088b6cca5ca61a6522d1b9f64c4bb81cb42
0
1
2
3
4
5
6
7
8
9
10
11
12
13
14
15
16
17
18
19
20
21
22
23
24
25
26
27
28
29
30
31
32
33
34
35
36
37
38
39
40
41
42
43
44
45
46
47
48
49
50
51
52
53
54
55
56
57
58
59
60
61
62
63
64
65
66
67
68
69
70
71
72
73
74
75
76
77
78
79
80
81
82
83
84
85
86
87
88
89
90
91
92
93
94
95
96
97
98
99
100
101
102
103
104
105
106
107
108
109
110
111
112
113
114
115
116
117
118
119
120
121
122
123
124
125
126
127
128
129
130
131
132
133
134
135
136
137
138
139
140
141
142
143
144
145
146
147
148
149
150
151
152
153
154
155
156
157
158
159
160
161
162
163
164
165
166
167
168
169
170
171
172
173
174
175
176
177
178
179
180
181
182
183
184
185
186
187
188
189
190
191
192
193
194
195
196
197
198
199
200
201
202
203
204
205
206
207
208
209
210
211
212
213
214
215
216
217
218
219
220
221
222
223
224
225
226
227
228
229
230
231
232
233
234
235
236
237
238
239
240
241
242
243
244
245
246
247
248
249
250
251
252
253
254
255
256
257
258
259
260
261
262
263
264
265
266
267
268
269
270
271
272
273
274
275
276
277
278
279
280
281
282
283
284
285
286
287
288
289
290
291
292
293
294
295
296
297
298
299
300
301
302
303
304
305
306
307
308
309
310
311
312
313
314
315
316
318
319
320
321
322
323
324
325
326
327
328
329
330
331
332
333
334
335
336
337
338
339
340
341
342
343
344
345
346
347
348
349
350
351
352
353
354
355
356
357
358
359
360
361
362
363
364
365
366
367
368
369
370
371
372
373
374
375
376
377
378
379
380
381
382
383
384
385
386
387
388
389
390
391
392
393
394
395
396
397
398
399
400
401
402
403
404
405
406
407
408
409
410
411
412
413
414
415
416
417
418
419
420
421
422
423
424
425
426
427
428
429
430
431
432
433
434
435
436
437
438
439
440
441
442
443
444
445
446
447
448
449
450
451
452
453
454
455
456
457
458
459
460
461
462
463
464
465
466
467
468
469
470
471
472
473
474
475
476
477
478
479
480
481
482
483
484
485
486
487
488
489
490
491
492
493
494
495
496
497
498
499
500
501
502
503
504
505
506
507
508
509
510
511
512
513
514
515
516
517
518
519
520
521
522
523
524
525
526
527
528
529
530
531
532
533
534
535
536
537
538
539
540
541
542
543
544
545
546
547
548
549
550
551
552
553
554
555
556
557
558
559
560
561
562
563
564
565
566
567
568
569
570
571
572
573
574
575
576
577
578
579
580
581
582
583
585
586
587
588
589
590
591
592
593
594
595
596
597
598
599
600
601
602
603
604
605
606
607
608
609
610
611
612
613
614
615
616
617
618
619
620
621
622
623
624
625
626
627
628
629
630
631
632
633
634
635
636
637
638
639
640
641
642
643
644
645
646
647
648
649
650
651
652
653
654
655
656
657
658
659
660
661
662
663
664
665
666
667
668
669
670
671
672
673
674
675
676
677
678
679
680
681
682
683
684
685
686
687
688
689
690
691
692
693
694
695
696
697
698
699
700
701
702
703
704
705
706
707
708
709
710
711
712
713
714
715
716
717
718
719
720
721
722
723
724
725
726
727
728
729
730
731
732
733
734
735
736
737
738
739
740
741
742
743
744
745
746
747
748
749
750
751
752
753
754
755
756
757
758
759
760
761
762
763
764
765
766
767
768
769
770
771
772
773
776
777
778
779
780
781
782
783
784
785
786
787
788
789
790
791
792
793
794
795
796
797
798
799
800
801
802
803
804
805
806
807
808
809
810
811
812
813
814
815
816
817
818
819
821
822
823
824
825
826
827
828
829
830
831
832
833
834
835
836
837
838
839
840
841
842
843
844
846
847
848
849
850
851
852
853
854
855
856
857
858
859
860
861
862
863
864
866
867
868
869
870
871
872
873
874
875
876
877
878
879
880
881
882
883
884
885
886
887
888
889
890
891
892
893
894
895
896
897
898
899
900
901
902
903
904
905
906
907
908
909
910
911
912
913
914
915
916
917
918
919
920
921
922
923
924
925
926
927
928
929
930
931
932
933
935
936
937
938
939
940
941
942
943
944
945
946
947
948
949
950
951
952
954
955
956
957
958
959
960
961
962
963
964
965
966
967
968
969
970
971
972
973
974
975
976
977
978
979
980
981
982
984
985
986
987
988
989
991
992
993
994
995
996
997
998
999
1000
1001
1002
1003
1004
1005
1006
1007
1008
1009
1010
1011
1012
1013
1014
1015
1016
1017
1018
1019
1020
1021
1022
1023
1024
1025
1026
1027
1028
1029
1030
1031
1032
1034
1035
1036
1037
1038
1039
1040
1041
1042
1043
1044
1045
1046
1047
1048
1049
1050
1051
1052
1053
1054
1055
1056
1057
1058
1059
1060
1061
1062
1063
1064
1065
1066
1067
1068
1070
1071
1072
1073
1074
1075
1076
1077
1078
1079
1080
1081
1082
1083
1084
1085
1086
1087
1088
1089
1090
1091
1092
1093
1094
1095
1096
1097
1098
1099
1100
1101
1102
1103
1104
1105
1106
1107
1109
1110
1111
1112
1113
1114
1115
1116
1117
1118
1119
1120
1121
1122
1123
1124
1125
1126
1127
1128
1129
1130
1131
1132
1133
1134
1135
1136
1137
1138
1139
1140
1141
1142
1143
1144
1145
1146
1147
1148
1149
1150
1151
1152
1153
1154
1155
1156
1157
1158
1159
1160
1161
1162
1163
1164
1165
1166
1167
1168
1170
1171
1172
1173
1174
1175
1176
1178
1179
1180
1181
1182
1183
1184
1185
1186
1187
1188
1189
1190
1191
1192
1193
1194
1195
1196
1197
1198
1199
1200
1201
1202
1203
1204
1205
1206
1207
1208
1209
1210
1211
1212
1213
1214
1215
1216
1217
1218
1219
1220
1221
1222
1223
1224
1225
1226
1227
1228
1229
1231
1232
1233
1234
1235
1236
1237
1238
1239
1240
1241
1242
1243
1244
1245
1246
1247
1248
1249
1250
1251
1252
1253
1254
1255
1256
1257
1258
1259
1260
1261
1262
1263
1264
1265
1266
1267
1268
1269
1270
1271
1272
1273
1274
1275
1276
1277
1278
1279
1280
1281
1282
1283
1284
1285
1286
1287
1288
1289
1290
1291
1292
1293
1294
1295
1296
1297
1298
1299
1300
1301
1302
1303
1304
1305
1306
1307
1308
1310
1311
1312
1313
1314
1315
1316
1317
1318
1319
1320
1321
1322
1323
1324
1325
1326
1327
1328
1329
1330
1331
1332
1333
1334
1335
1336
1337
1338
1339
1340
1341
1342
1343
1344
1345
1346
1347
1348
1349
1350
1351
1352
1353
1354
1355
1356
1357
1358
1360
1361
1362
1363
1364
1365
1366
1367
1368
1369
1370
1371
1372
1373
1374
1375
1376
1377
1378
1379
1380
1381
1382
1383
1384
1385
1386
1387
1388
1389
1390
1391
1392
1393
1394
1395
1396
1397
1400
1401
1402
1403
1404
1405
1406
1407
1408
1409
1410
1411
1412
1413
1414
1415
1416
1417
1418
1419
1420
1421
1422
1423
1424
1425
1426
1427
1428
1429
1430
1432
1433
1434
1435
1436
1437
1438
1439
1440
1441
1442
1443
1444
1445
1446
1447
1448
1449
1450
1451
1452
1453
1454
1455
1456
1457
1458
1459
1460
1461
1462
1463
1464
1465
1466
1467
1468
1469
1470
1471
1472
1473
1474
1475
1476
1477
1478
1479
1480
1481
1482
1483
1484
1485
1486
1487
1488
1489
1490
1492
1493
1494
1495
1496
1497
1498
1499
1500
1501
1502
1503
1505
1506
1507
1508
1509
1510
1511
1512
1513
1514
1515
1516
1517
1518
1519
1520
1521
1522
1523
1524
1525
1526
1527
1528
1529
1530
1531
1532
1533
1534
1535
1536
1537
1538
1539
1540
1541
1542
1543
1544
1545
1546
1547
1548
1549
1550
1551
1552
1553
1554
1555
1556
1557
1558
1559
1560
1561
1562
1563
1564
1565
1566
1567
1568
1569
1570
1571
1572
1573
1574
1575
1576
1577
1578
1579
1580
1581
1582
1583
1584
1585
1586
1587
1588
1589
1590
1591
1592
1593
1594
1595
1596
1597
1598
1599
1600
1601
1602
1603
1604
1605
1606
1607
1608
1609
1610
1611
1612
1613
1614
1615
1616
1617
1618
1619
1620
1622
1623
1624
1625
1626
1627
1628
1629
1630
1631
1632
1633
1634
1635
1636
1637
1638
1639
1640
1641
1642
1643
1644
1645
1646
1647
1648
1649
1650
1651
1652
1653
1654
1655
1656
1657
1658
1659
1660
1661
1662
1663
1664
1665
1666
1667
1668
1669
1670
1671
1672
1673
1674
1675
1676
1677
1678
1679
1680
1681
1682
1683
1684
1685
1686
1687
1688
1689
1690
1691
1692
1693
1694
1695
1696
1697
1698
1699
1700
1701
1702
1703
1704
1705
1706
1707
1708
1709
1710
1711
1712
1713
1714
1715
1716
1717
1718
1719
1720
1721
1722
1723
1724
1725
1726
1727
1728
1729
1730
1731
1732
1733
1734
1736
1737
1738
1739
1740
1741
1742
1743
1744
1745
1746
1747
1748
1749
1750
1752
1753
1754
1755
1756
1757
1759
1760
1761
1762
1763
1764
1765
1766
1767
1768
1769
1770
1771
1772
1773
1774
1775
1776
1777
1778
1779
1780
1781
1782
1783
1784
1785
1786
1787
1788
1789
1790
1791
1792
1793
1794
1795
1796
1797
1798
1799
1800
1801
1802
1803
1804
1805
1806
1807
1808
1809
1810
1811
1812
1813
1814
1815
1816
1817
1818
1819
1820
1821
1822
1823
1824
1825
1826
1827
1828
1829
1830
1831
1832
1833
1834
1835
1836
1837
1838
1839
1840
1841
1842
1843
1844
1845
1846
1847
1848
1849
1850
1851
1852
1853
1854
1855
1856
1857
1858
1859
1860
1861
1862
1864
1865
1866
1867
1868
1869
1870
1871
1873
1874
1875
1876
1877
1878
1879
1880
1881
1882
1883
1884
1885
1886
1887
1888
1889
1890
1891
1892
1893
1894
1895
1896
1897
1898
1899
1900
1901
1902
1904
1905
1906
1907
1908
1910
1911
1912
1913
1914
1915
1916
1917
1918
1919
1920
1921
1922
1923
1924
1925
1926
1927
1928
1929
1930
1931
1932
1933
1934
1935
1936
1937
1938
1939
1940
1941
1942
1943
1944
1945
1946
1947
1948
1949
1950
1951
1952
1953
1954
1955
1956
1957
1958
1959
1960
1962
1964
1965
1966
1967
1968
1970
1971
1972
1973
1974
1975
1976
1977
1978
1979
1980
1981
1982
1983
1984
1985
1986
1987
1988
1989
1990
1991
1992
1993
1994
1995
1996
1997
1998
1999
2000
2001
2002
2003
2004
2005
2006
2007
2008
2009
2010
2011
2012
2013
2014
2015
2017
2018
2019
2020
2021
2022
2023
2024
2025
2027
2028
2029
2030
2031
2032
2033
2034
2035
2036
2037
2038
2039
2040
2041
2043
2044
2045
2046
2047
2048
2049
2050
2051
2052
2053
2054
2055
2056
2057
2058
2059
2060
2061
2063
2064
2065
2066
2067
2068
2069
2070
2071
2072
2073
2074
2075
2076
2077
2078
2079
2080
2081
2082
2083
2084
2085
2086
2087
2088
2089
2090
2091
2092
2093
2094
2095
2096
2097
2098
2099
2100
2101
2103
2104
2105
2106
2107
2108
2109
2110
2111
2112
2113
2114
2115
2116
2117
2118
2119
2120
2121
2122
2123
2124
2125
2126
2127
2128
2129
2130
2131
2132
2133
2134
2135
2136
2137
2138
2139
2140
2141
2143
2144
2145
2146
2147
2148
2149
2150
2151
2152
2153
2154
2155
2156
2157
2158
2159
2160
2161
2162
2163
2164
2165
2166
2167
2168
2169
2170
2171
2172
2173
2174
2175
2176
2177
2178
2179
2180
2181
2182
2184
2185
2186
2187
2188
2189
2190
2191
2192
2193
2194
2195
2196
2197
2198
2199
2200
2201
2202
2203
2204
2205
2206
2208
2209
2210
2211
2212
2213
2214
2215
2216
2217
2218
2219
2220
2221
2222
2223
2224
2225
2226
2227
2228
2229
2230
2231
2232
2233
2234
2235
2236
2237
2238
2239
2241
2242
2243
2244
2246
2247
2248
2249
2250
2251
2252
2253
2254
2255
2256
2257
2258
2259
2260
2261
2262
2263
2264
2265
2266
2267
2269
2270
2271
2272
2273
2274
2275
2276
2277
2278
2279
2280
2282
2283
2284
2285
2286
2287
2288
2290
2291
2292
2293
2294
2295
2296
2297
2298
2299
2300
2301
2302
2303
2304
2305
2306
2307
2308
2309
2310
2311
2312
2313
2314
2315
2316
2317
2318
2319
2320
2321
2322
2323
2324
2325
2327
2328
2329
2330
2331
2332
2333
2334
2335
2336
2337
2338
2339
2340
2341
2342
2343
2344
2345
2346
2347
2348
2349
2350
2351
2353
2354
2355
2356
2357
2358
2359
2360
2361
2362
2363
2364
2365
2366
2367
2368
2369
2370
2372
2373
2374
2375
2376
2377
2378
2379
2380
2381
2382
2383
2384
2386
2387
2388
2389
2390
2391
2392
2393
2394
2395
2396
2397
2398
2399
2400
2401
2402
2403
2404
2405
2406
2407
2408
2410
2411
2412
2413
2414
2416
2418
2420
2421
2422
2423
2424
2425
2426
2427
2428
2429
2430
2431
2432
2433
2434
2435
2436
2437
2438
2439
2440
2441
2442
2443
2444
2445
2446
2447
2448
2450
2452
2453
2454
2455
2456
2457
2458
2459
2460
2461
2462
2463
2464
2465
2466
2467
2468
2469
2470
2471
2472
2473
2475
2476
2477
2478
2479
2480
2481
2482
2483
2484
2485
2486
2487
2488
2489
2490
2491
2492
2493
2494
2495
2496
2497
2498
2499
2500
2501
2502
2503
2504
2505
2506
2507
2508
2509
2510
2511
2512
2513
2514
2515
2516
2517
2518
2519
2520
2521
2522
2523
2524
2525
2526
2527
2528
2529
2530
2531
2532
2533
2534
2535
2536
2537
2538
2539
2540
2541
2542
2543
2544
2545
2546
2547
2548
2549
2550
2551
2552
2553
2554
2555
2556
2557
2558
2559
2560
2561
2562
2563
2564
2565
2566
2567
2568
2569
2570
2571
2572
2573
2574
2575
2576
2577
2578
2579
2580
2581
2582
2583
2585
2586
2587
2588
2589
2590
2591
2592
2593
2594
2595
2596
2597
2598
2599
2600
2601
2602
2603
2604
2605
2606
2607
2608
2609
2610
2611
2612
2613
2614
2615
2616
2617
2618
2619
2621
2622
2623
2624
2625
2626
2627
2628
2629
2630
2631
2632
2633
2634
2635
2636
2637
2638
2639
2640
2641
2642
2643
2644
2645
2646
2647
2648
2649
2650
2651
2652
2653
2654
2655
2657
2658
2659
2660
2661
2662
2663
2664
2665
2666
2667
2668
2669
2670
2671
2673
2674
2675
2676
2677
2678
2679
2680
2681
2682
2683
2685
2686
2687
2688
2689
2690
2691
2692
2693
2694
2695
2696
2697
2698
2699
2700
2701
2702
2703
2704
2705
2706
2707
2708
2709
2710
2711
2712
2713
2714
2715
2716
2717
2718
2719
2720
2721
2722
2723
2724
2725
2726
2727
2729
2730
2731
2732
2733
2734
2736
2737
2738
2739
2740
2741
2742
2743
2744
2745
2746
2747
2748
2749
2750
2751
2752
2753
2754
2755
2756
2757
2758
2759
2760
2761
2762
2763
2764
2765
2766
2767
2768
2769
2770
2771
2772
2773
2774
2775
2776
2777
2778
2779
2780
2781
2782
2783
2784
2785
2786
2787
2788
2789
2790
2791
2792
2793
2794
2795
2796
2797
2798
2799
2800
2801
2802
2803
2804
2805
2806
2807
2809
2810
2812
2813
2814
2815
2816
2817
2818
2820
2821
2822
2823
2824
2825
2826
2827
2828
2829
2830
2831
2832
2833
2834
2835
2836
2837
2838
2839
2840
2841
2842
2843
2844
2845
2846
2847
2848
2849
2850
2851
2852
2854
2855
2856
2857
2858
2859
2860
2861
2862
2863
2864
2865
2867
2868
2869
2870
2871
2872
2873
2874
2875
2876
2877
2878
2879
2880
2881
2882
2883
2884
2885
2887
2888
2889
2890
2891
2892
2893
2894
2895
2896
2897
2898
2899
2900
2902
2903
2904
2905
2906
2907
2908
2909
2910
2911
2912
2913
2914
2915
2916
2917
2918
2919
2920
2921
2922
2923
2924
2925
2926
2928
2929
2930
2931
2932
2933
2935
2936
2937
2938
2939
2940
2941
2942
2943
2944
2945
2946
2947
2948
2949
2950
2951
2952
2953
2954
2955
2956
2957
2958
2959
2960
2961
2962
2963
2964
2965
2966
2967
2968
2969
2971
2972
2973
2974
2975
2976
2977
2978
2979
2980
2981
2982
2983
2984
2985
2986
2987
2988
2989
2990
2991
2992
2993
2994
2995
2996
2997
2998
2999
3000
3001
3002
3003
3004
3005
3006
3007
3008
3009
3010
3012
3013
3014
3015
3016
3017
3018
3019
3020
3021
3022
3023
3024
3025
3026
3027
3028
3029
3030
3031
3032
3033
3034
3035
3036
3037
3038
3039
3040
3041
3042
3043
3044
3045
3046
3047
3048
3049
3050
3051
3052
3053
3054
3055
3056
3057
3058
3059
3060
3061
3062
3063
3064
3065
3066
3067
3069
3070
3071
3072
3073
3074
3075
3076
3077
3078
3079
3080
3081
3082
3083
3084
3085
3086
3087
3088
3089
3090
3091
3092
3093
3094
3095
3096
3097
3098
3099
3100
3101
3102
3103
3105
3106
3107
3108
3109
3110
3111
3112
3113
3114
3115
3117
3118
3120
3122
3123
3124
3125
3126
3127
3128
3129
3130
3131
3132
3133
3134
3135
3136
3137
3138
3139
3140
3141
3143
3144
3145
3146
3147
3148
3149
3150
3151
3152
3153
3154
3155
3156
3157
3158
3159
3160
3161
3162
3163
3164
3165
3166
3167
3168
3170
3171
3172
3173
3174
3175
3176
3177
3178
3179
3180
3181
3182
3183
3184
3185
3186
3187
3188
3189
3190
3191
3192
3193
3194
3195
3196
3197
3198
3199
3200
3201
3202
3203
3204
3205
3207
3208
3209
3210
3212
3213
3214
3215
3216
3217
3218
3219
3221
3222
3223
3224
3225
3226
3228
3229
3230
3231
3232
3233
3234
3235
3237
3238
3239
3240
3241
3242
3243
3244
3245
3246
3247
3248
3250
3251
3252
3253
3254
3255
3256
3257
3258
3259
3260
3262
3263
3264
3266
3267
3268
3269
3270
3271
3272
3273
3274
3275
3276
3277
3278
3279
3280
3281
3282
3283
3284
3285
3286
3287
3288
3289
3290
3291
3293
3294
3295
3296
3297
3298
3299
3300
3301
3302
3303
3304
3305
3306
3307
3308
3309
3310
3311
3312
3313
3314
3315
3316
3317
3318
3319
3320
3321
3322
3323
3324
3325
3326
3327
3328
3329
3330
3331
3332
3333
3334
3335
3336
3337
3338
3339
3340
3341
3342
3343
3344
3345
3346
3347
3348
3349
3350
3351
3352
3354
3355
3356
3357
3359
3360
3361
3362
3363
3364
3365
3366
3367
3368
3369
3370
3371
3372
3373
3374
3375
3376
3377
3378
3379
3380
3381
3382
3383
3384
3385
3386
3387
3388
3389
3390
3391
3392
3393
3394
3395
3396
3397
3398
3399
3400
3401
3402
3403
3404
3405
3406
3407
3408
3409
3410
3411
3412
3413
3414
3415
3416
3417
3418
3419
3420
3421
3422
3423
3424
3425
3426
3427
3428
3429
3430
3431
3432
3433
3434
3435
3436
3437
3438
3439
3440
3442
3443
3444
3445
3446
3447
3448
3449
3450
3451
3452
3453
3455
3456
3457
3458
3459
3460
3461
3462
3463
3464
3465
3466
3467
3468
3469
3470
3471
3472
3473
3474
3476
3477
3478
3479
3480
3481
3482
3483
3485
3486
3487
3488
3489
3490
3491
3492
3493
3494
3495
3496
3497
3498
3499
3500
3501
3502
3503
3504
3505
3506
3507
3508
3509
3510
3511
3512
3513
3514
3515
3516
3517
3518
3519
3520
3521
3522
3523
3524
3525
3526
3527
3528
3529
3530
3531
3533
3534
3535
3536
3537
3538
3539
3540
3541
3542
3543
3544
3545
3546
3547
3548
3549
3550
3551
3552
3553
3554
3555
3556
3557
3558
3559
3560
3561
3562
3563
3564
3565
3566
3567
3568
3569
3570
3571
3572
3573
3574
3575
3576
3577
3578
3579
3580
3581
3583
3584
3585
3586
3587
3588
3589
3590
3591
3593
3594
3595
3596
3597
3598
3599
3600
3601
3602
3603
3604
3605
3606
3608
3609
3610
3611
3612
3613
3614
3615
3616
3617
3618
3619
3620
3621
3622
3623
3624
3625
3626
3627
3628
3629
3630
3631
3632
3633
3634
3635
3636
3637
3638
3639
3641
3642
3643
3644
3645
3646
3648
3649
3650
3651
3652
3653
3654
3655
3656
3657
3658
3659
3660
3661
3662
3663
3664
3665
3666
3667
3668
3669
3670
3672
3674
3675
3676
3677
3678
3679
3680
3681
3682
3683
3684
3686
3687
3689
3690
3691
3692
3693
3694
3695
3696
3697
3699
3700
3701
3702
3703
3704
3705
3706
3707
3708
3709
3710
3711
3712
3713
3714
3715
3716
3717
3718
3719
3720
3721
3722
3723
3724
3725
3726
3727
3728
3729
3730
3731
3732
3733
3734
3736
3737
3738
3739
3740
3741
3742
3743
3744
3745
3746
3747
3748
3749
3750
3751
3752
3753
3754
3755
3756
3757
3758
3759
3760
3761
3762
3763
3764
3765
3766
3767
3768
3769
3770
3771
3772
3773
3775
3776
3777
3778
3779
3780
3781
3782
3783
3785
3786
3787
3788
3789
3790
3791
3792
3793
3794
3795
3796
3797
3798
3799
3800
3801
3802
3803
3804
3805
3806
3807
3808
3809
3810
3811
3812
3813
3814
3815
3816
3817
3818
3819
3820
3821
3822
3823
3825
3826
3827
3828
3829
3830
3831
3832
3833
3834
3835
3836
3837
3838
3839
3840
3841
3842
3843
3844
3845
3847
3848
3849
3850
3851
3852
3853
3854
3855
3856
3857
3858
3859
3860
3861
3862
3863
3864
3865
3866
3867
3868
3869
3870
3871
3872
3874
3875
3876
3878
3879
3881
3882
3883
3884
3885
3886
3887
3888
3889
3890
3891
3892
3895
3896
3897
3899
3900
3901
3902
3903
3904
3905
3906
3907
3908
3909
3910
3911
3912
3913
3914
3915
3916
3917
3918
3919
3920
3921
3922
3923
3924
3925
3926
3927
3928
3929
3930
3931
3933
3934
3935
3936
3937
3938
3939
3940
3941
3942
3943
3944
3945
3946
3947
3948
3949
3950
3951
3952
3953
3954
3955
3956
3957
3958
3959
3960
3961
3962
3963
3964
3965
3966
3967
3968
3969
3970
3971
3972
3973
3974
3975
3976
3977
3978
3979
3980
3981
3982
3983
3984
3985
3986
3987
3988
3989
3990
3991
3992
3993
3994
3995
3996
3997
3998
3999
4000
4001
4002
4003
4004
4005
4006
4007
4008
4009
4010
4011
4012
4013
4014
4015
4016
4017
4018
4019
4020
4021
4022
4023
4024
4025
4026
4027
4028
4029
4030
4031
4032
4033
4034
4035
4036
4037
4038
4039
4040
4041
4042
4043
4044
4045
4046
4047
4048
4049
4050
4051
4052
4053
4054
4055
4056
4057
4058
4059
4060
4061
4062
4063
4064
4065
4066
4067
4068
4069
4070
4071
4072
4073
4074
4075
4076
4077
4078
4079
4080
4081
4082
4083
4084
4086
4087
4088
4089
4090
4091
4092
4093
4094
4095
4096
4097
4098
4099
4100
4101
4102
4104
4105
4106
4107
4108
4109
4110
4111
4112
4114
4115
4116
4117
4118
4119
4120
4121
4122
4123
4124
4125
4126
4127
4128
4129
4130
4131
4132
4133
4134
4135
4136
4137
4138
4139
4140
4141
4142
4143
4144
4145
4146
4147
4148
4149
4150
4151
4152
4154
4155
4156
4157
4158
4159
4160
4161
4162
4163
4164
4165
4166
4167
4168
4169
4170
4171
4172
4173
4174
4175
4176
4177
4178
4179
4180
4181
4182
4183
4184
4185
4186
4188
4189
4190
4191
4192
4193
4194
4195
4196
4197
4199
4201
4202
4203
4204
4205
4206
4207
4208
4209
4210
4211
4212
4213
4216
4217
4218
4219
4220
4221
4222
4223
4224
4225
4226
4227
4228
4229
4230
4232
4233
4234
4235
4236
4237
4238
4239
4240
4241
4242
4243
4244
4245
4246
4247
4248
4249
4251
4252
4254
4255
4256
4257
4258
4259
4260
4261
4262
4263
4264
4265
4266
4267
4268
4269
4270
4271
4272
4273
4274
4275
4276
4277
4278
4279
4281
4282
4283
4284
4285
4286
4288
4289
4290
4291
4292
4293
4294
4295
4296
4297
4299
4300
4302
4303
4304
4306
4307
4308
4309
4310
4311
4312
4313
4314
4315
4316
4317
4318
4319
4320
4321
4322
4323
4324
4325
4327
4328
4329
4330
4331
4332
4333
4334
4335
4336
4337
4338
4339
4340
4341
4342
4343
4344
4345
4346
4347
4348
4350
4351
4352
4353
4354
4355
4356
4357
4358
4359
4360
4361
4362
4363
4364
4366
4368
4369
4370
4371
4372
4373
4374
4375
4376
4377
4378
4379
4380
4381
4382
4383
4384
4385
4386
4387
4389
4390
4391
4392
4393
4394
4395
4396
4397
4398
4399
4400
4401
4402
4403
4404
4405
4406
4407
4409
4410
4412
4413
4414
4415
4416
4417
4418
4419
4420
4421
4422
4423
4424
4425
4426
4427
4428
4429
4430
4431
4432
4433
4434
4435
4436
4437
4438
4439
4440
4441
4442
4443
4444
4445
4447
4448
4449
4450
4451
4452
4454
4455
4456
4457
4458
4459
4460
4461
4462
4463
4464
4465
4466
4467
4468
4469
4470
4471
4472
4473
4474
4475
4476
4477
4478
4479
4480
4481
4482
4483
4484
4485
4486
4487
4488
4489
4490
4492
4493
4494
4495
4496
4497
4498
4499
4500
4501
4502
4503
4504
4505
4506
4507
4508
4509
4510
4511
4512
4514
4515
4516
4517
4518
4519
4520
4521
4522
4523
4524
4525
4526
4528
4529
4530
4531
4532
4533
4534
4535
4536
4537
4539
4540
4541
4542
4543
4544
4545
4546
4547
4548
4549
4550
4551
4552
4553
4554
4555
4556
4557
4558
4559
4560
4561
4562
4563
4564
4565
4566
4567
4568
4570
4571
4572
4573
4574
4575
4576
4577
4578
4580
4581
4582
4583
4584
4585
4586
4587
4588
4589
4590
4591
4592
4593
4594
4595
4596
4598
4599
4600
4601
4602
4603
4604
4605
4606
4607
4608
4609
4610
4611
4612
4613
4614
4615
4616
4617
4618
4619
4620
4621
4622
4623
4624
4625
4626
4627
4628
4629
4630
4631
4632
4633
4634
4635
4636
4637
4638
4639
4640
4641
4642
4643
4644
4645
4647
4649
4650
4651
4652
4653
4654
4655
4656
4657
4658
4659
4660
4661
4662
4663
4664
4665
4666
4667
4669
4670
4671
4672
4673
4674
4675
4676
4677
4678
4679
4680
4681
4682
4683
4684
4686
4687
4688
4689
4690
4691
4692
4693
4694
4695
4696
4697
4698
4699
4700
4701
4702
4703
4704
4705
4706
4707
4708
4709
4710
4711
4712
4713
4714
4715
4716
4717
4718
4719
4721
4722
4723
4724
4725
4726
4727
4729
4730
4731
4732
4733
4734
4735
4736
4737
4738
4740
4741
4742
4744
4745
4746
4747
4748
4749
4750
4751
4752
4753
4754
4755
4756
4757
4758
4759
4761
4762
4763
4764
4765
4766
4767
4768
4769
4770
4771
4772
4773
4774
4775
4776
4777
4778
4779
4780
4781
4782
4783
4784
4785
4786
4787
4788
4789
4790
4791
4792
4793
4794
4795
4796
4797
4798
4799
4800
4801
4802
4803
4804
4805
4806
4807
4808
4809
4810
4811
4813
4814
4815
4816
4817
4818
4820
4821
4822
4823
4824
4826
4827
4828
4829
4830
4831
4832
4833
4834
4835
4836
4837
4838
4839
4840
4841
4842
4843
4844
4845
4846
4847
4848
4849
4850
4851
4852
4853
4854
4855
4856
4858
4859
4860
4861
4862
4863
4864
4866
4867
4868
4869
4871
4873
4874
4875
4876
4878
4879
4880
4881
4882
4883
4884
4885
4886
4887
4888
4889
4890
4891
4892
4893
4895
4896
4897
4898
4899
4900
4902
4903
4904
4905
4906
4907
4908
4909
4910
4911
4912
4913
4914
4915
4916
4917
4918
4919
4920
4921
4922
4923
4924
4925
4927
4928
4929
4930
4931
4933
4935
4936
4937
4938
4939
4941
4942
4944
4945
4946
4947
4948
4949
4950
4951
4952
4953
4954
4955
4956
4958
4960
4961
4962
4963
4964
4965
4967
4968
4970
4971
4972
4973
4974
4976
4977
4978
4979
4980
4981
4982
4983
4984
4985
4986
4987
4988
4989
4990
4991
4992
4993
4994
4995
4996
4997
4998
4999
5000
5001
5002
5003
5004
5005
5006
5007
5008
5009
5010
5011
5012
5013
5014
5015
5016
5017
5018
5019
5020
5021
5022
5024
5025
5026
5027
5028
5029
5030
5031
5032
5033
5034
5036
5037
5038
5039
5040
5041
5042
5043
5044
5045
5046
5047
5048
5049
5050
5051
5052
5053
5054
5055
5056
5057
5058
5059
5060
5061
5062
5064
5065
5066
5067
5068
5069
5070
5071
5072
5073
5074
5075
5076
5077
5078
5079
5081
5082
5083
5084
5085
5086
5087
5088
5089
5090
5091
5092
5093
5094
5095
5096
5097
5098
5099
5101
5102
5103
5104
5105
5106
5107
5108
5109
5110
5111
5112
5113
5114
5115
5116
5117
5118
5119
5120
5121
5122
5124
5125
5126
5127
5128
5129
5130
5131
5132
5133
5134
5135
5136
5137
5138
5139
5140
5141
5142
5143
5144
5145
5146
5147
5148
5149
5150
5151
5152
5154
5155
5157
5158
5159
5160
5161
5162
5163
5164
5165
5166
5167
5168
5169
5170
5171
5173
5174
5175
5176
5177
5179
5180
5181
5182
5183
5184
5185
5186
5187
5188
5189
5190
5191
5192
5193
5194
5195
5196
5197
5198
5199
5200
5201
5202
5203
5204
5205
5206
5207
5208
5209
5210
5211
5212
5213
5214
5215
5216
5217
5218
5219
5221
5222
5223
5224
5225
5226
5227
5228
5229
5230
5231
5232
5233
5235
5236
5237
5238
5240
5241
5242
5243
5244
5245
5246
5247
5248
5251
5252
5253
5254
5255
5256
5257
5258
5259
5260
5261
5262
5263
5264
5265
5266
5267
5268
5269
5270
5271
5272
5273
5274
5275
5276
5277
5278
5279
5280
5281
5282
5283
5284
5285
5286
5287
5288
5289
5290
5291
5292
5293
5295
5296
5297
5298
5299
5300
5301
5302
5303
5304
5305
5306
5307
5308
5309
5310
5312
5313
5314
5315
5316
5317
5318
5319
5320
5321
5323
5324
5325
5326
5327
5328
5330
5331
5332
5333
5334
5335
5337
5339
5340
5341
5342
5343
5344
5345
5346
5347
5348
5349
5350
5351
5352
5353
5354
5355
5356
5357
5358
5359
5360
5361
5362
5363
5364
5365
5366
5367
5368
5369
5370
5371
5372
5373
5374
5375
5376
5377
5378
5379
5380
5381
5382
5383
5384
5385
5386
5387
5388
5389
5390
5391
5392
5394
5395
5396
5397
5398
5399
5400
5401
5402
5403
5404
5405
5406
5407
5408
5409
5411
5413
5414
5415
5416
5417
5418
5419
5420
5423
5424
5425
5426
5427
5428
5429
5430
5432
5433
5434
5435
5436
5437
5438
5439
5440
5441
5442
5443
5444
5445
5446
5447
5448
5449
5450
5451
5452
5453
5454
5455
5456
5457
5458
5459
5460
5461
5462
5463
5464
5466
5467
5468
5469
5471
5472
5473
5474
5475
5476
5477
5478
5479
5480
5481
5482
5483
5484
5485
5486
5487
5488
5489
5490
5491
5492
5493
5494
5495
5497
5498
5499
5500
5501
5502
5503
5505
5506
5507
5508
5509
5510
5511
5512
5514
5515
5516
5517
5518
5521
5522
5523
5524
5525
5526
5527
5528
5529
5530
5531
5532
5533
5534
5535
5536
5537
5538
5539
5540
5541
5542
5543
5544
5545
5546
5547
5548
5549
5550
5551
5552
5553
5555
5557
5558
5559
5560
5561
5562
5563
5564
5565
5566
5567
5568
5570
5571
5572
5574
5575
5576
5577
5578
5579
5581
5582
5583
5584
5585
5586
5587
5588
5589
5590
5591
5592
5593
5594
5595
5596
5597
5598
5599
5600
5601
5602
5603
5604
5605
5606
5607
5608
5609
5610
5611
5612
5613
5614
5615
5617
5618
5619
5620
5621
5622
5623
5624
5625
5626
5627
5628
5629
5630
5631
5632
5633
5634
5636
5637
5638
5639
5640
5641
5642
5643
5644
5645
5646
5647
5648
5649
5650
5651
5652
5653
5654
5655
5656
5657
5658
5659
5660
5661
5662
5664
5666
5667
5668
5670
5671
5672
5673
5674
5675
5676
5677
5678
5679
5680
5681
5682
5683
5684
5685
5686
5687
5688
5689
5690
5691
5692
5693
5694
5695
5696
5697
5698
5699
5701
5702
5703
5704
5705
5706
5707
5708
5709
5710
5711
5712
5713
5714
5715
5716
5717
5718
5720
5721
5722
5723
5724
5725
5726
5727
5728
5730
5731
5732
5733
5734
5736
5737
5738
5739
5740
5741
5742
5743
5745
5746
5747
5748
5749
5750
5751
5752
5753
5754
5755
5756
5757
5758
5759
5761
5762
5763
5764
5765
5766
5767
5768
5769
5770
5771
5772
5774
5775
5776
5777
5778
5779
5780
5781
5782
5783
5784
5785
5786
5787
5788
5789
5790
5791
5792
5793
5794
5795
5796
5797
5798
5799
5800
5801
5802
5803
5804
5805
5807
5808
5809
5810
5812
5813
5814
5815
5816
5817
5818
5819
5820
5821
5822
5823
5824
5825
5826
5827
5828
5829
5830
5832
5833
5834
5836
5837
5838
5839
5840
5841
5842
5843
5844
5846
5847
5848
5849
5850
5851
5852
5853
5854
5855
5856
5857
5860
5861
5862
5863
5864
5865
5866
5867
5868
5869
5870
5871
5872
5874
5875
5876
5877
5878
5879
5880
5882
5883
5886
5887
5888
5889
5890
5891
5893
5894
5895
5896
5898
5899
5900
5901
5902
5903
5904
5905
5906
5907
5908
5909
5910
5911
5912
5913
5914
5915
5916
5917
5918
5919
5920
5921
5922
5923
5924
5925
5926
5927
5928
5929
5930
5931
5932
5933
5934
5935
5936
5937
5938
5939
5940
5941
5943
5944
5945
5946
5947
5948
5951
5952
5953
5954
5955
5956
5957
5958
5959
5961
5962
5963
5964
5966
5968
5969
5970
5971
5972
5973
5974
5975
5976
5977
5978
5979
5980
5981
5982
5983
5984
5985
5986
5987
5988
5989
5990
5991
5992
5994
5995
5996
5997
5998
5999
6000
6001
6003
6004
6005
6006
6007
6008
6009
6011
6012
6013
6014
6015
6016
6017
6018
6019
6020
6021
6022
6024
6025
6026
6027
6028
6029
6030
6031
6032
6033
6034
6036
6037
6038
6039
6040
6041
6042
6043
6044
6045
6046
6047
6048
6049
6050
6051
6052
6053
6054
6055
6056
6057
6058
6059
6060
6061
6062
6063
6064
6065
6066
6067
6068
6069
6070
6071
6072
6073
6074
6075
6077
6078
6079
6080
6081
6082
6084
6085
6086
6087
6088
6089
6090
6091
6092
6093
6094
6095
6096
6097
6098
6099
6100
6101
6102
6103
6104
6105
6106
6107
6108
6109
6110
6111
6112
6113
6114
6115
6116
6117
6118
6119
6121
6122
6123
6124
6125
6126
6127
6128
6129
6130
6131
6132
6133
6134
6135
6136
6137
6138
6139
6140
6141
6142
6143
6144
6146
6147
6148
6149
6150
6151
6152
6153
6154
6156
6157
6158
6160
6161
6162
6163
6164
6165
6166
6167
6168
6169
6170
6171
6172
6173
6174
6175
6176
6177
6178
6179
6180
6182
6183
6184
6185
6186
6187
6188
6189
6190
6191
6192
6193
6194
6195
6196
6197
6198
6199
6201
6202
6203
6204
6205
6206
6207
6208
6209
6210
6211
6212
6213
6214
6215
6216
6217
6218
6220
6221
6222
6223
6224
6225
6226
6227
6228
6229
6230
6231
6232
6233
6234
6235
6236
6237
6238
6239
6240
6241
6242
6243
6244
6245
6246
6248
6249
6250
6251
6252
6253
6254
6255
6256
6257
6258
6259
6260
6261
6262
6263
6264
6265
6266
6267
6268
6269
6272
6273
6275
6276
6277
6278
6279
6280
6281
6282
6283
6284
6285
6286
6287
6288
6289
6290
6291
6292
6293
6294
6295
6296
6297
6298
6299
6301
6302
6304
6305
6306
6308
6309
6310
6311
6312
6313
6314
6315
6316
6318
6319
6320
6321
6322
6323
6324
6325
6326
6327
6328
6329
6330
6331
6332
6333
6334
6335
6336
6337
6338
6339
6340
6341
6342
6343
6344
6345
6347
6348
6349
6350
6351
6352
6353
6354
6355
6356
6357
6358
6359
6360
6361
6362
6363
6364
6365
6367
6368
6369
6371
6373
6374
6375
6376
6377
6378
6379
6380
6381
6382
6383
6384
6385
6386
6387
6388
6390
6391
6392
6393
6394
6395
6396
6397
6398
6399
6400
6401
6402
6403
6404
6405
6406
6407
6408
6409
6410
6411
6412
6414
6415
6416
6418
6419
6420
6421
6422
6424
6425
6426
6427
6428
6429
6430
6431
6433
6434
6435
6436
6437
6438
6439
6440
6441
6442
6443
6445
6446
6447
6448
6449
6450
6451
6452
6453
6454
6455
6456
6457
6458
6459
6461
6462
6463
6464
6466
6467
6468
6469
6470
6471
6472
6473
6474
6475
6476
6477
6478
6479
6480
6481
6482
6483
6484
6485
6486
6487
6488
6489
6491
6492
6493
6494
6495
6496
6497
6498
6500
6501
6502
6503
6504
6505
6507
6508
6509
6510
6511
6512
6513
6514
6515
6516
6517
6518
6519
6520
6521
6522
6523
6525
6526
6527
6528
6529
6530
6531
6532
6533
6534
6535
6536
6537
6538
6539
6540
6541
6542
6543
6544
6545
6546
6547
6548
6549
6550
6551
6552
6553
6554
6555
6556
6557
6558
6559
6560
6561
6562
6563
6564
6565
6566
6567
6568
6569
6570
6571
6572
6573
6574
6575
6576
6577
6578
6579
6580
6581
6582
6583
6584
6585
6587
6588
6589
6590
6591
6592
6593
6594
6595
6596
6597
6599
6600
6601
6602
6603
6604
6605
6607
6608
6609
6610
6611
6612
6613
6614
6615
6616
6617
6618
6620
6621
6622
6623
6624
6625
6627
6628
6629
6630
6631
6632
6633
6634
6635
6636
6637
6638
6639
6640
6641
6642
6643
6644
6645
6646
6647
6648
6649
6650
6651
6652
6653
6654
6655
6656
6657
6658
6659
6660
6661
6662
6663
6664
6665
6666
6667
6668
6669
6670
6672
6673
6674
6676
6677
6679
6680
6681
6683
6684
6686
6687
6688
6689
6691
6692
6693
6694
6695
6696
6697
6698
6699
6700
6701
6702
6703
6704
6705
6706
6707
6708
6709
6710
6711
6712
6713
6714
6715
6716
6717
6718
6719
6720
6721
6722
6723
6724
6725
6726
6727
6728
6729
6730
6731
6733
6734
6735
6736
6737
6738
6739
6740
6741
6742
6743
6744
6745
6746
6747
6748
6749
6750
6751
6752
6755
6756
6757
6758
6759
6760
6761
6762
6763
6764
6765
6766
6767
6768
6769
6770
6771
6773
6774
6775
6776
6777
6778
6779
6780
6781
6782
6783
6784
6787
6788
6789
6790
6791
6792
6794
6795
6796
6797
6799
6800
6801
6802
6803
6804
6805
6806
6807
6808
6809
6810
6811
6812
6813
6814
6815
6816
6817
6818
6819
6820
6821
6823
6824
6825
6826
6829
6830
6832
6833
6834
6835
6836
6837
6838
6839
6840
6841
6842
6843
6844
6845
6846
6847
6848
6849
6850
6851
6852
6853
6854
6855
6856
6857
6858
6859
6860
6861
6862
6863
6864
6865
6866
6867
6868
6869
6870
6871
6872
6873
6874
6875
6876
6878
6879
6880
6881
6882
6884
6885
6886
6887
6889
6891
6892
6893
6895
6897
6898
6900
6901
6902
6903
6905
6906
6907
6908
6909
6910
6911
6912
6913
6914
6915
6916
6917
6918
6920
6921
6922
6923
6924
6925
6926
6927
6928
6929
6930
6931
6932
6933
6934
6935
6936
6937
6940
6941
6942
6943
6944
6945
6946
6947
6948
6949
6950
6951
6952
6953
6954
6957
6958
6959
6960
6961
6962
6964
6965
6966
6967
6968
6969
6970
6971
6972
6973
6974
6975
6976
6977
6978
6979
6980
6982
6983
6984
6985
6986
6987
6988
6989
6990
6991
6992
6993
6994
6995
6996
6999
7001
7002
7003
7004
7005
7006
7007
7008
7009
7010
7011
7012
7013
7014
7016
7017
7018
7019
7020
7021
7022
7023
7024
7025
7026
7027
7028
7029
7030
7031
7032
7033
7034
7035
7036
7037
7038
7039
7040
7041
7042
7043
7044
7045
7047
7048
7049
7050
7051
7052
7053
7054
7055
7056
7057
7058
7059
7060
7061
7062
7063
7064
7065
7066
7067
7068
7070
7071
7072
7073
7074
7075
7076
7077
7078
7079
7080
7081
7082
7083
7085
7086
7087
7088
7090
7091
7092
7093
7094
7095
7096
7097
7098
7099
7101
7102
7104
7105
7106
7107
7108
7109
7110
7111
7112
7113
7114
7115
7116
7117
7119
7120
7121
7122
7123
7124
7125
7126
7127
7128
7129
7130
7131
7132
7133
7134
7135
7136
7139
7141
7142
7143
7144
7145
7146
7147
7148
7149
7150
7151
7152
7153
7154
7155
7156
7157
7158
7159
7160
7161
7162
7164
7165
7166
7167
7168
7169
7170
7171
7172
7173
7174
7175
7176
7177
7178
7179
7181
7182
7183
7185
7186
7187
7188
7189
7190
7191
7192
7193
7194
7195
7196
7198
7199
7200
7202
7203
7204
7205
7206
7207
7208
7209
7210
7211
7213
7214
7217
7218
7219
7220
7222
7223
7224
7225
7226
7227
7228
7229
7230
7231
7232
7233
7234
7236
7238
7239
7240
7241
7242
7243
7244
7245
7246
7247
7248
7249
7250
7251
7252
7253
7255
7256
7258
7259
7260
7261
7262
7263
7265
7267
7268
7269
7270
7271
7272
7274
7276
7277
7278
7279
7280
7281
7283
7284
7285
7286
7287
7288
7289
7290
7291
7294
7295
7296
7297
7298
7299
7300
7301
7302
7303
7304
7305
7306
7307
7308
7309
7310
7313
7314
7315
7316
7317
7318
7319
7320
7321
7322
7324
7325
7326
7327
7328
7329
7330
7331
7332
7333
7334
7335
7336
7337
7338
7339
7340
7341
7342
7343
7344
7345
7346
7347
7348
7349
7350
7351
7352
7353
7354
7355
7356
7357
7358
7359
7360
7361
7363
7364
7365
7366
7367
7368
7369
7370
7371
7372
7373
7374
7375
7376
7379
7380
7381
7382
7383
7384
7385
7386
7387
7389
7390
7391
7392
7393
7394
7395
7396
7397
7398
7401
7402
7403
7404
7406
7407
7408
7409
7410
7411
7412
7413
7415
7416
7417
7418
7419
7420
7421
7423
7424
7426
7427
7428
7429
7430
7431
7432
7433
7434
7435
7436
7437
7438
7439
7440
7441
7442
7444
7445
7447
7448
7449
7450
7451
7453
7454
7455
7457
7458
7459
7460
7461
7462
7463
7464
7465
7466
7467
7468
7469
7470
7472
7473
7474
7476
7477
7478
7479
7480
7481
7482
7483
7484
7485
7486
7487
7489
7491
7492
7493
7494
7495
7496
7497
7498
7499
7500
7501
7502
7503
7504
7505
7506
7508
7509
7510
7511
7512
7513
7514
7515
7516
7519
7520
7521
7522
7523
7524
7525
7526
7527
7528
7529
7530
7531
7532
7533
7534
7535
7536
7537
7538
7539
7540
7541
7542
7543
7544
7545
7546
7547
7548
7549
7551
7552
7553
7554
7555
7556
7557
7558
7559
7560
7561
7563
7564
7565
7566
7567
7568
7569
7570
7571
7572
7573
7574
7575
7576
7578
7579
7580
7581
7582
7583
7584
7585
7586
7587
7588
7589
7590
7591
7592
7593
7594
7595
7596
7597
7598
7601
7602
7603
7604
7605
7606
7607
7608
7609
7610
7611
7612
7613
7614
7615
7616
7617
7618
7620
7621
7622
7624
7625
7626
7627
7628
7629
7632
7633
7634
7635
7636
7637
7638
7639
7640
7641
7642
7643
7644
7645
7647
7648
7649
7650
7651
7652
7653
7654
7655
7656
7657
7658
7659
7660
7661
7662
7663
7664
7665
7666
7667
7669
7670
7671
7672
7673
7674
7675
7676
7677
7678
7679
7681
7682
7683
7684
7685
7686
7687
7689
7690
7691
7692
7693
7694
7695
7696
7697
7698
7699
7700
7701
7703
7704
7705
7706
7707
7708
7709
7711
7712
7713
7714
7715
7716
7717
7718
7719
7720
7721
7722
7723
7724
7725
7726
7727
7728
7729
7730
7731
7732
7733
7734
7735
7736
7737
7738
7739
7740
7741
7742
7743
7744
7745
7746
7747
7748
7749
7750
7751
7752
7753
7754
7755
7756
7757
7758
7760
7761
7762
7763
7764
7765
7766
7767
7768
7770
7771
7772
7773
7775
7776
7777
7778
7779
7780
7781
7782
7783
7784
7785
7786
7787
7788
7789
7790
7791
7792
7793
7794
7795
7796
7797
7798
7799
7800
7802
7803
7804
7805
7806
7807
7808
7809
7810
7811
7812
7813
7815
7819
7820
7821
7822
7823
7824
7825
7826
7827
7828
7829
7830
7831
7832
7833
7834
7835
7836
7837
7838
7839
7840
7841
7842
7843
7844
7847
7848
7849
7850
7851
7852
7853
7854
7855
7856
7857
7859
7860
7861
7862
7863
7864
7865
7866
7867
7869
7870
7871
7872
7873
7874
7875
7876
7877
7878
7879
7880
7881
7883
7884
7885
7886
7887
7888
7889
7890
7891
7892
7893
7894
7895
7896
7897
7898
7899
7900
7902
7903
7904
7905
7906
7907
7909
7910
7911
7912
7913
7914
7915
7916
7917
7918
7919
7920
7921
7922
7923
7925
7926
7927
7928
7929
7930
7931
7932
7933
7934
7935
7936
7937
7939
7940
7941
7942
7943
7944
7945
7946
7947
7948
7949
7950
7952
7953
7954
7955
7956
7957
7960
7962
7963
7964
7965
7966
7967
7968
7969
7970
7972
7973
7974
7975
7976
7977
7978
7979
7980
7981
7982
7984
7985
7986
7987
7988
7990
7991
7993
7994
7995
7998
7999
8000
8001
8002
8003
8005
8006
8007
8008
8009
8010
8012
8013
8014
8015
8016
8017
8018
8019
8020
8021
8022
8023
8024
8025
8026
8027
8028
8029
8030
8032
8033
8034
8036
8037
8038
8039
8040
8041
8042
8043
8044
8045
8046
8047
8049
8050
8051
8052
8053
8054
8055
8056
8057
8058
8059
8060
8061
8062
8063
8064
8065
8066
8068
8069
8070
8071
8072
8074
8075
8076
8077
8078
8079
8080
8081
8082
8083
8084
8085
8086
8087
8088
8090
8091
8092
8094
8095
8096
8097
8098
8099
8100
8101
8102
8103
8104
8105
8106
8107
8108
8109
8111
8112
8113
8114
8115
8116
8117
8119
8120
8121
8122
8123
8125
8126
8127
8128
8129
8130
8131
8132
8134
8135
8136
8137
8138
8139
8140
8141
8142
8143
8144
8145
8146
8147
8148
8149
8150
8151
8152
8153
8154
8155
8156
8157
8158
8159
8160
8161
8162
8163
8164
8165
8166
8167
8168
8169
8170
8171
8172
8173
8174
8176
8177
8178
8179
8180
8181
8182
8184
8185
8186
8187
8188
8189
8190
8191
8192
8193
8194
8195
8196
8197
8198
8199
8200
8201
8202
8203
8204
8205
8206
8207
8208
8209
8210
8211
8213
8214
8215
8216
8217
8218
8219
8220
8221
8222
8223
8224
8225
8226
8227
8228
8229
8230
8231
8232
8233
8234
8235
8236
8237
8238
8239
8240
8241
8242
8243
8244
8245
8246
8248
8249
8250
8251
8252
8253
8254
8255
8256
8259
8260
8261
8262
8263
8264
8265
8266
8267
8268
8269
8270
8271
8273
8274
8275
8276
8279
8280
8281
8282
8283
8284
8285
8286
8287
8288
8289
8290
8291
8292
8293
8294
8295
8297
8298
8299
8300
8302
8303
8304
8305
8306
8307
8308
8309
8310
8311
8312
8313
8315
8316
8317
8318
8319
8320
8321
8322
8323
8324
8325
8326
8327
8328
8329
8330
8332
8333
8334
8335
8336
8337
8338
8339
8340
8341
8342
8343
8344
8345
8346
8347
8348
8350
8351
8352
8353
8354
8355
8357
8358
8359
8360
8361
8362
8363
8364
8365
8366
8367
8368
8369
8371
8372
8373
8374
8376
8377
8378
8379
8380
8381
8382
8383
8384
8385
8386
8387
8388
8389
8390
8391
8392
8393
8394
8395
8396
8397
8398
8399
8400
8401
8402
8403
8404
8405
8406
8407
8408
8409
8410
8411
8412
8413
8415
8416
8417
8418
8419
8420
8421
8422
8423
8425
8426
8427
8428
8429
8430
8431
8432
8433
8434
8435
8436
8437
8438
8439
8440
8441
8442
8443
8444
8445
8446
8448
8449
8450
8451
8452
8453
8454
8455
8456
8457
8458
8459
8460
8461
8462
8463
8464
8465
8466
8467
8468
8469
8470
8471
8472
8473
8474
8475
8476
8477
8478
8479
8480
8481
8482
8483
8484
8485
8486
8487
8488
8489
8490
8491
8492
8494
8495
8496
8497
8498
8499
8500
8501
8502
8503
8504
8505
8506
8507
8508
8509
8510
8511
8512
8513
8515
8516
8517
8519
8520
8521
8523
8524
8525
8526
8527
8528
8529
8530
8531
8532
8533
8534
8535
8536
8537
8539
8540
8541
8543
8544
8545
8546
8547
8548
8549
8550
8551
8552
8553
8554
8555
8556
8557
8558
8559
8560
8561
8562
8563
8564
8565
8566
8568
8569
8570
8571
8572
8573
8574
8577
8578
8580
8581
8582
8583
8584
8585
8586
8587
8588
8589
8590
8591
8592
8593
8594
8595
8597
8598
8599
8600
8601
8602
8604
8605
8606
8608
8609
8610
8611
8612
8613
8614
8615
8616
8617
8618
8619
8620
8621
8622
8623
8624
8625
8626
8627
8628
8629
8630
8632
8633
8634
8635
8636
8637
8638
8639
8640
8642
8643
8644
8645
8646
8647
8648
8649
8650
8652
8653
8654
8655
8656
8657
8658
8659
8660
8661
8662
8663
8665
8666
8667
8668
8669
8670
8671
8672
8673
8674
8677
8678
8679
8680
8681
8682
8683
8684
8685
8686
8687
8688
8689
8690
8691
8692
8693
8694
8695
8697
8698
8699
8700
8701
8702
8703
8704
8705
8707
8708
8709
8710
8712
8713
8714
8716
8717
8719
8720
8721
8722
8723
8724
8725
8727
8728
8729
8731
8732
8733
8734
8735
8736
8737
8738
8739
8740
8741
8742
8743
8744
8745
8746
8747
8748
8749
8750
8751
8753
8754
8755
8756
8757
8758
8759
8760
8761
8762
8764
8765
8766
8767
8769
8770
8771
8772
8773
8775
8776
8777
8778
8779
8780
8781
8782
8783
8784
8785
8786
8788
8789
8790
8791
8792
8793
8794
8795
8796
8797
8798
8799
8800
8801
8802
8803
8804
8805
8806
8807
8808
8809
8810
8811
8812
8813
8814
8815
8816
8817
8818
8820
8821
8823
8825
8826
8827
8828
8829
8831
8833
8834
8835
8836
8837
8838
8839
8840
8841
8842
8843
8844
8845
8846
8847
8848
8849
8850
8851
8852
8853
8854
8855
8856
8857
8858
8859
8860
8861
8862
8863
8864
8865
8866
8868
8869
8870
8871
8872
8873
8874
8875
8876
8877
8878
8879
8880
8881
8882
8883
8884
8885
8886
8887
8888
8889
8890
8891
8892
8893
8894
8895
8896
8897
8898
8900
8901
8902
8903
8904
8905
8906
8907
8908
8910
8911
8912
8913
8914
8915
8916
8917
8918
8919
8920
8921
8922
8923
8924
8925
8926
8927
8928
8929
8930
8931
8932
8933
8934
8936
8937
8938
8940
8941
8943
8944
8945
8946
8947
8948
8949
8950
8951
8952
8953
8955
8956
8957
8958
8959
8960
8961
8962
8963
8964
8965
8966
8967
8968
8969
8970
8971
8972
8973
8974
8976
8977
8978
8979
8980
8981
8982
8983
8984
8985
8987
8988
8989
8990
8991
8992
8993
8994
8995
8996
8997
8998
8999
9000
9002
9003
9004
9005
9006
9007
9008
9009
9010
9011
9012
9013
9014
9015
9016
9017
9018
9019
9020
9021
9022
9023
9024
9026
9027
9028
9029
9030
9031
9032
9033
9034
9035
9036
9037
9038
9039
9040
9041
9042
9043
9044
9045
9046
9047
9048
9049
9050
9052
9053
9054
9055
9056
9057
9059
9060
9061
9062
9063
9064
9065
9066
9067
9069
9070
9071
9072
9073
9074
9075
9076
9077
9078
9079
9080
9082
9083
9084
9085
9086
9087
9088
9089
9090
9091
9092
9093
9094
9095
9096
9097
9098
9099
9100
9101
9102
9103
9104
9106
9107
9108
9109
9110
9111
9112
9113
9114
9115
9116
9117
9118
9119
9120
9121
9122
9123
9124
9125
9128
9129
9131
9132
9133
9134
9135
9136
9137
9138
9139
9140
9141
9142
9143
9144
9145
9146
9147
9148
9149
9150
9151
9152
9153
9154
9155
9156
9157
9158
9159
9160
9162
9163
9164
9165
9166
9167
9168
9169
9170
9171
9172
9173
9174
9175
9176
9178
9180
9181
9182
9183
9184
9185
9186
9187
9188
9189
9190
9191
9192
9193
9194
9195
9196
9197
9199
9200
9201
9202
9203
9204
9205
9206
9207
9208
9209
9210
9212
9213
9214
9215
9216
9217
9218
9219
9220
9221
9222
9223
9226
9227
9228
9229
9230
9231
9232
9233
9235
9236
9237
9238
9239
9240
9241
9242
9244
9245
9247
9248
9249
9250
9251
9252
9253
9254
9255
9257
9258
9259
9261
9262
9263
9264
9265
9266
9267
9268
9269
9270
9272
9273
9274
9276
9277
9278
9279
9280
9281
9282
9283
9284
9285
9286
9287
9289
9290
9292
9293
9295
9296
9297
9298
9299
9300
9301
9302
9303
9304
9305
9306
9307
9308
9309
9310
9311
9312
9314
9317
9318
9319
9321
9322
9324
9325
9326
9327
9328
9331
9332
9333
9334
9335
9336
9337
9338
9339
9340
9341
9342
9343
9344
9345
9347
9348
9349
9350
9351
9352
9353
9354
9355
9356
9357
9358
9361
9362
9363
9364
9366
9367
9368
9369
9370
9371
9372
9373
9374
9375
9376
9377
9378
9379
9380
9381
9383
9384
9385
9386
9387
9388
9389
9390
9391
9392
9393
9394
9395
9397
9398
9399
9400
9401
9402
9403
9404
9405
9406
9407
9408
9409
9410
9411
9412
9413
9414
9415
9416
9417
9418
9419
9420
9421
9422
9423
9424
9425
9426
9427
9428
9430
9431
9432
9433
9434
9435
9437
9439
9440
9441
9442
9443
9444
9445
9446
9447
9449
9450
9451
9452
9453
9454
9455
9456
9457
9459
9460
9461
9462
9463
9464
9465
9466
9467
9468
9469
9470
9471
9472
9473
9474
9475
9476
9477
9478
9479
9480
9481
9482
9483
9484
9485
9486
9487
9488
9490
9491
9492
9493
9494
9495
9496
9497
9498
9499
9500
9501
9502
9503
9504
9506
9508
9509
9510
9511
9512
9513
9514
9515
9516
9517
9518
9520
9521
9522
9523
9524
9525
9526
9527
9528
9529
9531
9532
9533
9534
9535
9536
9537
9538
9539
9540
9541
9542
9543
9544
9545
9546
9548
9550
9551
9552
9553
9555
9556
9557
9558
9559
9560
9561
9562
9563
9564
9565
9566
9568
9569
9570
9571
9572
9573
9574
9575
9576
9577
9579
9580
9581
9583
9584
9585
9586
9588
9589
9590
9591
9592
9593
9594
9596
9597
9598
9599
9600
9601
9602
9603
9604
9605
9607
9608
9609
9610
9611
9612
9613
9614
9615
9616
9617
9618
9619
9620
9621
9622
9623
9624
9625
9626
9627
9628
9629
9630
9632
9633
9634
9635
9636
9637
9638
9639
9640
9641
9642
9643
9645
9646
9648
9649
9650
9651
9652
9653
9655
9656
9657
9658
9659
9660
9662
9663
9664
9665
9666
9667
9668
9669
9670
9671
9672
9673
9674
9675
9676
9677
9679
9680
9681
9682
9684
9685
9686
9687
9688
9689
9690
9691
9692
9693
9694
9695
9696
9697
9698
9699
9700
9701
9703
9704
9705
9707
9708
9709
9710
9711
9712
9713
9714
9715
9716
9718
9720
9721
9722
9723
9724
9725
9726
9727
9728
9729
9730
9731
9732
9733
9734
9735
9736
9737
9738
9739
9740
9742
9743
9744
9745
9746
9747
9749
9750
9751
9752
9753
9754
9755
9757
9758
9760
9761
9762
9763
9764
9766
9767
9768
9769
9770
9771
9772
9773
9774
9775
9776
9777
9778
9779
9780
9781
9782
9783
9784
9785
9786
9787
9788
9789
9790
9791
9793
9795
9796
9797
9798
9799
9800
9801
9802
9803
9805
9806
9807
9808
9809
9810
9811
9812
9813
9814
9815
9816
9817
9818
9819
9821
9822
9823
9824
9825
9826
9827
9828
9830
9831
9832
9833
9834
9835
9836
9837
9838
9839
9840
9842
9843
9844
9845
9846
9847
9848
9849
9850
9851
9852
9853
9854
9855
9856
9857
9858
9859
9860
9861
9862
9863
9865
9867
9868
9869
9870
9871
9872
9873
9874
9875
9877
9878
9879
9880
9882
9883
9884
9885
9886
9888
9889
9890
9892
9893
9894
9895
9896
9897
9899
9900
9902
9903
9904
9905
9906
9907
9908
9909
9910
9911
9912
9913
9914
9915
9916
9918
9919
9920
9922
9923
9926
9927
9928
9929
9930
9931
9932
9933
9934
9936
9937
9938
9939
9940
9941
9943
9944
9945
9946
9947
9948
9949
9950
9951
9952
9953
9954
9955
9956
9958
9959
9960
9961
9962
9963
9964
9965
9966
9967
9968
9969
9970
9971
9973
9974
9975
9976
9977
9978
9979
9980
9981
9982
9984
9985
9986
9987
9988
9989
9990
9991
9992
9994
9995
9996
9997
9998
10000
10001
10002
10003
10004
10005
10006
10008
10009
10010
10011
10012
10013
10014
10015
10016
10017
10018
10020
10021
10022
10024
10025
10027
10028
10029
10030
10031
10032
10033
10034
10035
10036
10037
10038
10039
10040
10041
10042
10044
10045
10046
10047
10049
10050
10052
10053
10054
10055
10056
10057
10058
10060
10061
10062
10063
10064
10065
10066
10067
10069
10070
10071
10072
10073
10074
10076
10077
10078
10079
10080
10082
10083
10084
10085
10086
10087
10088
10089
10090
10091
10092
10094
10095
10096
10098
10101
10102
10103
10104
10105
10106
10107
10108
10110
10112
10113
10114
10115
10116
10117
10118
10119
10120
10121
10122
10123
10124
10125
10126
10127
10128
10130
10131
10132
10133
10134
10135
10137
10138
10139
10140
10141
10142
10143
10144
10146
10147
10149
10150
10151
10152
10153
10155
10156
10158
10159
10160
10161
10162
10163
10164
10165
10166
10167
10168
10169
10170
10172
10173
10174
10175
10176
10177
10178
10179
10180
10181
10182
10183
10184
10185
10186
10187
10188
10189
10190
10191
10192
10193
10194
10195
10196
10197
10198
10199
10200
10201
10202
10203
10204
10205
10206
10207
10208
10209
10210
10211
10212
10213
10216
10217
10218
10219
10220
10222
10223
10226
10228
10229
10230
10231
10232
10233
10234
10235
10236
10237
10238
10239
10240
10241
10242
10243
10244
10245
10246
10247
10248
10249
10250
10252
10253
10254
10255
10256
10257
10258
10259
10260
10261
10262
10263
10264
10265
10266
10267
10268
10269
10270
10271
10272
10273
10274
10275
10276
10277
10278
10279
10280
10281
10282
10283
10284
10286
10287
10288
10289
10290
10291
10292
10293
10294
10295
10296
10297
10298
10299
10300
10301
10302
10303
10304
10305
10306
10307
10308
10309
10310
10311
10312
10313
10314
10315
10316
10317
10318
10319
10320
10321
10322
10323
10324
10325
10326
10327
10329
10330
10331
10332
10333
10335
10336
10337
10338
10339
10340
10341
10342
10343
10344
10345
10346
10347
10348
10349
10350
10351
10352
10354
10355
10356
10357
10358
10361
10362
10364
10365
10366
10368
10369
10370
10371
10372
10373
10374
10375
10376
10377
10378
10379
10380
10381
10382
10383
10384
10385
10386
10388
10390
10391
10392
10393
10394
10396
10397
10398
10399
10400
10401
10402
10403
10404
10405
10406
10407
10408
10410
10411
10412
10413
10414
10415
10416
10417
10418
10419
10420
10424
10425
10426
10427
10428
10429
10430
10431
10432
10433
10434
10435
10436
10437
10438
10439
10440
10441
10442
10445
10446
10447
10449
10450
10451
10452
10453
10454
10455
10456
10457
10458
10459
10460
10461
10462
10463
10464
10465
10466
10467
10468
10469
10470
10471
10472
10473
10474
10475
10476
10477
10478
10479
10480
10481
10482
10483
10484
10485
10486
10487
10488
10489
10490
10491
10492
10493
10494
10495
10497
10498
10499
10500
10501
10502
10503
10504
10505
10506
10507
10509
10510
10511
10512
10513
10514
10515
10516
10517
10518
10519
10520
10521
10522
10523
10524
10525
10526
10527
10528
10529
10530
10532
10533
10534
10535
10536
10537
10538
10539
10540
10541
10542
10543
10544
10545
10546
10547
10548
10549
10550
10551
10552
10553
10556
10557
10558
10559
10560
10561
10562
10563
10564
10565
10568
10569
10570
10572
10573
10574
10576
10577
10578
10579
10580
10582
10583
10584
10585
10586
10587
10588
10589
10590
10591
10592
10593
10594
10596
10597
10598
10600
10601
10602
10603
10604
10605
10606
10607
10608
10610
10611
10612
10613
10614
10615
10616
10617
10618
10619
10620
10621
10623
10624
10625
10626
10627
10628
10629
10630
10631
10632
10633
10634
10635
10636
10637
10638
10639
10640
10641
10642
10643
10644
10646
10647
10648
10649
10650
10652
10653
10654
10655
10657
10658
10659
10660
10661
10662
10663
10664
10665
10666
10669
10670
10672
10673
10674
10675
10676
10677
10678
10679
10680
10681
10682
10684
10685
10686
10689
10690
10691
10692
10693
10694
10695
10696
10697
10698
10699
10700
10701
10702
10703
10705
10706
10708
10709
10710
10711
10712
10713
10715
10716
10717
10719
10720
10721
10722
10723
10724
10725
10727
10728
10729
10730
10731
10732
10733
10734
10735
10736
10737
10738
10739
10740
10741
10742
10743
10744
10746
10747
10749
10750
10751
10752
10753
10754
10755
10756
10757
10758
10759
10760
10761
10762
10763
10764
10765
10766
10767
10768
10769
10770
10771
10772
10773
10774
10775
10776
10777
10778
10779
10781
10782
10783
10784
10785
10786
10787
10788
10789
10790
10791
10793
10794
10795
10796
10798
10799
10800
10804
10805
10806
10807
10808
10809
10810
10811
10812
10813
10814
10815
10816
10817
10818
10819
10820
10822
10824
10825
10826
10827
10828
10829
10831
10832
10833
10834
10835
10836
10837
10838
10839
10840
10841
10842
10843
10844
10845
10846
10847
10849
10850
10851
10852
10853
10854
10856
10857
10858
10859
10860
10861
10862
10863
10864
10865
10866
10867
10868
10869
10872
10874
10875
10876
10877
10878
10879
10880
10881
10882
10883
10884
10885
10886
10887
10888
10889
10890
10892
10893
10894
10895
10896
10897
10898
10899
10900
10901
10902
10903
10904
10906
10907
10908
10910
10911
10912
10913
10914
10916
10917
10918
10919
10920
10921
10922
10923
10924
10925
10926
10927
10928
10929
10930
10931
10932
10933
10934
10936
10937
10938
10939
10940
10941
10942
10944
10945
10947
10948
10949
10950
10951
10952
10953
10954
10956
10957
10958
10959
10960
10961
10962
10963
10964
10965
10966
10967
10968
10969
10970
10971
10972
10973
10975
10976
10977
10978
10979
10980
10981
10982
10984
10985
10986
10988
10989
10990
10992
10993
10994
10995
10996
10997
10999
11000
11002
11004
11006
11007
11008
11009
11010
11012
11013
11015
11016
11017
11018
11020
11021
11022
11023
11024
11025
11026
11028
11029
11030
11031
11033
11034
11035
11036
11038
11039
11040
11041
11043
11044
11045
11046
11047
11048
11049
11051
11052
11053
11055
11057
11058
11059
11060
11062
11063
11064
11065
11066
11067
11068
11069
11071
11072
11073
11074
11075
11076
11077
11078
11079
11080
11081
11083
11084
11085
11086
11087
11088
11089
11090
11091
11092
11093
11094
11095
11096
11097
11098
11099
11100
11101
11102
11103
11105
11106
11107
11108
11109
11111
11112
11113
11114
11116
11117
11118
11119
11120
11121
11122
11123
11124
11125
11126
11127
11128
11129
11130
11131
11132
11133
11134
11135
11136
11137
11139
11140
11141
11142
11143
11144
11145
11146
11147
11148
11149
11150
11151
11152
11153
11154
11155
11156
11157
11158
11159
11160
11161
11162
11163
11164
11165
11166
11167
11168
11169
11170
11171
11172
11173
11174
11176
11177
11178
11179
11180
11181
11182
11183
11184
11185
11187
11188
11189
11190
11191
11192
11193
11194
11195
11196
11197
11198
11201
11202
11203
11204
11205
11206
11207
11208
11209
11210
11211
11212
11214
11215
11216
11217
11218
11219
11220
11221
11222
11223
11224
11225
11227
11228
11229
11230
11231
11232
11233
11234
11235
11236
11238
11239
11240
11241
11242
11243
11244
11245
11246
11247
11248
11249
11250
11251
11252
11253
11254
11255
11256
11257
11258
11261
11262
11263
11264
11265
11266
11267
11268
11269
11271
11272
11273
11274
11276
11277
11278
11279
11280
11282
11283
11284
11285
11286
11287
11288
11290
11291
11292
11293
11294
11296
11297
11298
11299
11300
11301
11302
11304
11305
11306
11307
11308
11310
11311
11312
11313
11314
11315
11316
11317
11318
11319
11320
11321
11322
11323
11324
11325
11326
11328
11329
11330
11331
11332
11333
11334
11335
11336
11337
11338
11339
11340
11341
11342
11343
11344
11345
11346
11347
11348
11349
11350
11351
11352
11353
11354
11355
11356
11357
11358
11359
11360
11361
11362
11363
11365
11366
11367
11368
11369
11370
11371
11372
11373
11375
11376
11377
11378
11381
11382
11383
11384
11385
11386
11387
11388
11389
11390
11391
11393
11394
11395
11396
11397
11398
11399
11400
11401
11402
11404
11405
11406
11407
11408
11409
11411
11412
11413
11414
11415
11416
11419
11420
11421
11422
11423
11424
11425
11426
11427
11428
11429
11430
11431
11432
11433
11434
11435
11436
11437
11438
11439
11440
11441
11442
11443
11444
11446
11447
11448
11450
11451
11452
11453
11454
11455
11456
11457
11458
11459
11460
11461
11464
11465
11466
11467
11468
11469
11471
11472
11474
11475
11477
11478
11480
11481
11482
11483
11484
11486
11488
11489
11490
11491
11492
11493
11494
11495
11496
11497
11498
11500
11501
11502
11503
11504
11505
11506
11507
11508
11509
11510
11511
11513
11514
11516
11517
11518
11519
11521
11523
11524
11525
11527
11528
11529
11531
11532
11533
11534
11535
11536
11537
11538
11539
11540
11541
11542
11543
11544
11545
11546
11547
11548
11549
11550
11551
11552
11553
11554
11555
11556
11557
11559
11560
11561
11562
11563
11564
11565
11566
11567
11568
11569
11570
11571
11572
11573
11574
11576
11577
11578
11579
11580
11581
11583
11585
11587
11590
11591
11592
11593
11594
11595
11596
11597
11598
11599
11600
11601
11602
11603
11604
11605
11606
11607
11608
11609
11610
11611
11613
11614
11615
11616
11617
11618
11619
11620
11621
11622
11625
11626
11627
11628
11629
11630
11631
11632
11633
11634
11635
11636
11637
11638
11639
11640
11641
11642
11643
11644
11645
11646
11647
11648
11650
11651
11652
11653
11654
11655
11656
11657
11658
11659
11660
11661
11662
11663
11664
11665
11666
11667
11668
11669
11670
11671
11672
11673
11674
11675
11676
11677
11678
11679
11680
11681
11683
11684
11686
11687
11688
11689
11690
11691
11692
11693
11694
11695
11696
11697
11698
11699
11701
11702
11703
11704
11705
11706
11707
11708
11709
11710
11712
11715
11716
11717
11718
11719
11720
11721
11722
11723
11725
11726
11727
11728
11729
11730
11731
11733
11734
11735
11736
11737
11740
11741
11742
11743
11744
11745
11746
11747
11748
11750
11751
11752
11753
11754
11755
11756
11758
11759
11760
11761
11762
11763
11764
11765
11766
11767
11768
11770
11771
11772
11774
11775
11776
11777
11778
11779
11780
11781
11782
11783
11784
11785
11786
11787
11788
11789
11790
11791
11792
11794
11795
11796
11797
11798
11799
11800
11801
11802
11803
11804
11805
11806
11807
11808
11809
11810
11811
11812
11813
11814
11815
11816
11817
11818
11819
11820
11821
11822
11823
11824
11825
11827
11828
11829
11831
11832
11833
11834
11835
11836
11837
11838
11839
11840
11842
11843
11844
11845
11846
11847
11848
11849
11851
11852
11853
11854
11855
11856
11857
11858
11861
11862
11863
11864
11865
11866
11868
11869
11870
11871
11872
11873
11874
11875
11876
11877
11878
11879
11880
11881
11882
11883
11884
11885
11886
11888
11889
11890
11891
11892
11893
11894
11895
11896
11897
11898
11899
11900
11901
11902
11903
11905
11906
11908
11909
11910
11911
11912
11913
11914
11915
11916
11918
11919
11920
11921
11923
11924
11925
11926
11927
11928
11930
11931
11932
11933
11936
11937
11938
11939
11940
11941
11942
11943
11944
11946
11947
11948
11949
11950
11951
11952
11953
11954
11955
11956
11957
11958
11959
11960
11961
11962
11963
11964
11965
11966
11967
11968
11969
11971
11972
11973
11974
11975
11976
11977
11978
11979
11980
11982
11983
11984
11985
11986
11987
11988
11990
11991
11992
11993
11994
11995
11996
11997
11998
11999
12000
12001
12002
12003
12004
12005
12006
12008
12010
12011
12013
12015
12017
12018
12019
12021
12022
12023
12024
12025
12026
12029
12030
12031
12033
12034
12035
12036
12037
12039
12040
12041
12043
12044
12045
12046
12047
12048
12050
12051
12052
12053
12054
12055
12056
12057
12058
12059
12060
12061
12062
12064
12065
12066
12067
12068
12069
12070
12071
12072
12073
12074
12076
12077
12078
12079
12080
12081
12082
12083
12084
12085
12086
12087
12088
12089
12090
12091
12092
12093
12095
12096
12097
12098
12099
12100
12101
12102
12103
12104
12105
12106
12107
12109
12110
12112
12113
12114
12115
12116
12117
12118
12119
12120
12121
12123
12124
12125
12126
12128
12129
12130
12131
12132
12133
12134
12135
12136
12137
12138
12140
12141
12142
12143
12144
12145
12146
12147
12148
12149
12150
12151
12152
12153
12154
12155
12156
12157
12158
12159
12160
12161
12162
12163
12164
12165
12167
12168
12169
12170
12171
12172
12173
12174
12176
12177
12178
12179
12180
12181
12182
12183
12184
12185
12186
12187
12188
12189
12190
12191
12192
12193
12194
12195
12196
12197
12198
12199
12200
12201
12202
12203
12204
12205
12206
12207
12208
12210
12211
12215
12216
12217
12218
12219
12220
12221
12222
12223
12224
12225
12226
12227
12228
12229
12230
12231
12232
12233
12234
12235
12236
12237
12238
12239
12240
12241
12242
12243
12244
12246
12247
12248
12249
12250
12252
12253
12254
12255
12258
12259
12260
12261
12262
12263
12264
12265
12266
12268
12269
12270
12271
12272
12273
12274
12275
12277
12278
12279
12281
12282
12283
12284
12285
12286
12287
12288
12289
12290
12291
12292
12293
12294
12295
12296
12297
12298
12300
12301
12302
12303
12304
12305
12306
12307
12308
12309
12310
12311
12312
12313
12314
12315
12316
12317
12319
12320
12321
12322
12323
12325
12326
12327
12331
12332
12333
12334
12335
12336
12337
12338
12339
12340
12341
12342
12343
12344
12345
12346
12347
12348
12350
12351
12352
12353
12354
12355
12356
12357
12358
12360
12361
12362
12363
12364
12365
12366
12367
12368
12369
12370
12373
12375
12376
12377
12378
12379
12380
12381
12383
12386
12387
12388
12389
12390
12391
12392
12394
12395
12396
12397
12398
12399
12400
12401
12402
12404
12405
12406
12407
12408
12410
12412
12413
12414
12415
12416
12417
12418
12419
12420
12421
12422
12423
12424
12425
12426
12427
12429
12430
12431
12432
12433
12434
12435
12436
12437
12439
12441
12442
12443
12444
12445
12447
12448
12449
12450
12451
12452
12453
12454
12456
12458
12459
12460
12461
12462
12463
12464
12465
12466
12467
12468
12470
12471
12472
12473
12474
12475
12476
12477
12478
12480
12481
12482
12483
12484
12485
12488
12489
12490
12491
12492
12493
12494
12495
12496
12497
12498
12499
12500
12501
12502
12503
12504
12505
12506
12507
12508
12509
12510
12511
12512
12513
12514
12515
12516
12517
12518
12519
12520
12521
12522
12523
12524
12525
12526
12527
12528
12529
12530
12531
12533
12534
12535
12536
12537
12538
12539
12540
12541
12542
12543
12544
12545
12546
12547
12548
12549
12550
12551
12552
12553
12555
12556
12557
12558
12559
12560
12561
12562
12563
12564
12566
12567
12568
12569
12570
12571
12572
12573
12574
12576
12577
12578
12579
12580
12581
12583
12584
12585
12586
12587
12588
12589
12590
12591
12593
12594
12595
12596
12597
12601
12603
12604
12606
12607
12609
12610
12611
12612
12613
12614
12615
12616
12617
12618
12619
12620
12621
12622
12623
12624
12625
12626
12627
12628
12629
12630
12631
12633
12634
12635
12636
12638
12639
12640
12641
12642
12643
12644
12646
12647
12648
12649
12650
12651
12652
12653
12654
12655
12656
12659
12660
12661
12662
12663
12664
12665
12668
12669
12671
12672
12673
12674
12675
12676
12678
12679
12680
12681
12682
12683
12684
12688
12689
12690
12692
12693
12694
12695
12696
12697
12698
12700
12701
12702
12704
12705
12706
12707
12709
12711
12712
12713
12714
12715
12716
12717
12718
12719
12720
12721
12722
12723
12724
12725
12726
12727
12728
12731
12732
12733
12735
12736
12737
12738
12739
12740
12741
12742
12743
12744
12745
12747
12748
12749
12750
12751
12752
12753
12754
12755
12756
12757
12758
12759
12760
12761
12763
12764
12765
12767
12768
12769
12770
12771
12772
12773
12774
12775
12776
12777
12778
12779
12780
12781
12782
12784
12785
12786
12787
12788
12789
12791
12792
12793
12794
12795
12796
12797
12798
12799
12800
12801
12802
12803
12804
12805
12806
12807
12808
12809
12811
12812
12813
12815
12816
12817
12819
12820
12821
12822
12823
12824
12825
12826
12827
12828
12829
12830
12832
12833
12834
12836
12837
12838
12840
12841
12842
12843
12844
12845
12846
12847
12848
12849
12850
12851
12852
12853
12854
12855
12856
12857
12858
12859
12861
12863
12864
12865
12866
12867
12868
12869
12870
12871
12872
12873
12874
12875
12876
12877
12878
12880
12881
12882
12883
12884
12887
12888
12889
12891
12892
12893
12894
12895
12896
12897
12898
12899
12900
12901
12903
12904
12905
12906
12907
12908
12909
12910
12911
12912
12913
12914
12915
12917
12918
12919
12920
12922
12923
12924
12925
12927
12928
12929
12930
12931
12932
12933
12934
12935
12936
12937
12938
12939
12940
12941
12942
12943
12944
12945
12946
12948
12949
12950
12951
12952
12953
12954
12955
12957
12958
12959
12960
12961
12962
12963
12964
12965
12967
12968
12969
12971
12973
12974
12975
12976
12977
12980
12981
12982
12983
12984
12985
12986
12987
12988
12991
12993
12994
12995
12996
12997
12998
12999
13000
13001
13002
13003
13004
13005
13006
13007
13009
13011
13012
13013
13014
13015
13016
13017
13019
13021
13022
13023
13024
13026
13028
13029
13030
13031
13033
13034
13035
13037
13038
13039
13040
13041
13042
13043
13044
13045
13046
13047
13048
13049
13050
13051
13053
13054
13055
13056
13057
13059
13060
13061
13062
13063
13064
13065
13066
13067
13068
13069
13071
13072
13073
13075
13076
13077
13079
13080
13081
13082
13083
13084
13085
13086
13087
13088
13089
13090
13091
13092
13093
13094
13095
13096
13097
13098
13099
13100
13101
13102
13103
13104
13105
13106
13107
13108
13109
13110
13112
13113
13114
13116
13117
13118
13120
13121
13122
13123
13125
13126
13127
13128
13129
13131
13135
13136
13138
13139
13140
13141
13142
13143
13144
13145
13146
13147
13148
13150
13151
13153
13154
13155
13156
13157
13158
13159
13160
13161
13162
13163
13164
13165
13166
13167
13168
13170
13171
13172
13173
13175
13176
13177
13178
13179
13180
13181
13183
13184
13185
13186
13187
13188
13190
13192
13193
13194
13196
13197
13198
13199
13200
13201
13202
13203
13204
13205
13207
13208
13209
13210
13211
13212
13213
13214
13215
13216
13217
13218
13219
13220
13222
13223
13224
13226
13227
13228
13229
13230
13232
13233
13234
13235
13236
13237
13238
13239
13240
13242
13243
13244
13245
13246
13248
13249
13250
13251
13252
13253
13254
13255
13256
13258
13259
13260
13261
13262
13263
13264
13265
13266
13267
13268
13270
13271
13272
13273
13274
13276
13278
13279
13280
13281
13282
13283
13284
13285
13286
13288
13289
13290
13292
13293
13295
13296
13299
13301
13303
13305
13306
13307
13308
13309
13310
13311
13312
13315
13316
13317
13318
13319
13320
13322
13323
13324
13325
13326
13328
13329
13330
13331
13332
13333
13335
13336
13337
13338
13340
13341
13343
13345
13346
13347
13348
13350
13351
13352
13353
13354
13355
13357
13358
13359
13360
13362
13363
13364
13365
13366
13367
13368
13369
13370
13371
13372
13373
13374
13375
13376
13377
13378
13379
13380
13382
13383
13384
13385
13386
13387
13388
13389
13390
13391
13392
13393
13394
13395
13396
13397
13398
13399
13400
13402
13404
13405
13406
13407
13408
13409
13410
13411
13412
13413
13414
13415
13416
13418
13419
13420
13421
13422
13423
13424
13425
13426
13427
13428
13429
13430
13432
13433
13434
13435
13436
13437
13438
13439
13440
13441
13442
13443
13445
13446
13448
13449
13450
13451
13452
13453
13454
13455
13456
13457
13458
13459
13460
13462
13464
13465
13468
13469
13470
13471
13473
13474
13475
13477
13478
13479
13480
13481
13482
13483
13484
13485
13486
13487
13488
13491
13492
13493
13494
13495
13496
13497
13498
13499
13500
13501
13502
13503
13504
13505
13506
13507
13508
13509
13511
13512
13513
13514
13515
13518
13519
13520
13521
13522
13523
13525
13527
13528
13529
13532
13533
13534
13535
13536
13537
13538
13539
13540
13541
13542
13543
13544
13545
13546
13547
13548
13550
13553
13554
13555
13556
13557
13558
13559
13560
13561
13562
13563
13565
13566
13567
13568
13569
13570
13571
13572
13573
13574
13575
13576
13577
13578
13579
13580
13581
13582
13583
13584
13585
13586
13587
13589
13590
13591
13592
13593
13594
13595
13596
13597
13598
13600
13601
13602
13604
13605
13606
13607
13608
13609
13610
13611
13612
13613
13614
13615
13616
13617
13618
13620
13621
13624
13625
13626
13627
13628
13630
13631
13632
13633
13634
13635
13636
13637
13638
13639
13640
13641
13642
13643
13644
13646
13647
13648
13649
13650
13651
13652
13653
13654
13655
13657
13658
13660
13661
13662
13663
13664
13665
13666
13667
13668
13669
13670
13671
13672
13673
13674
13675
13676
13677
13679
13680
13681
13682
13683
13684
13685
13686
13687
13688
13689
13690
13692
13693
13695
13696
13697
13698
13699
13701
13702
13704
13705
13706
13707
13708
13709
13710
13711
13712
13713
13714
13715
13716
13717
13718
13721
13722
13723
13724
13725
13726
13727
13728
13729
13730
13731
13732
13733
13734
13736
13738
13741
13742
13744
13745
13746
13747
13748
13749
13750
13751
13752
13753
13755
13756
13757
13758
13759
13760
13761
13762
13763
13764
13765
13766
13767
13768
13769
13771
13772
13773
13775
13776
13777
13778
13779
13780
13781
13783
13784
13785
13786
13787
13788
13789
13791
13792
13793
13795
13797
13798
13799
13800
13801
13802
13803
13804
13805
13806
13807
13808
13809
13810
13811
13812
13813
13816
13817
13818
13819
13820
13822
13823
13826
13827
13829
13830
13831
13832
13833
13834
13835
13837
13838
13839
13840
13841
13842
13843
13844
13846
13847
13849
13850
13851
13852
13853
13854
13855
13856
13857
13859
13860
13861
13862
13863
13864
13865
13866
13867
13868
13870
13873
13874
13875
13876
13877
13878
13879
13880
13881
13882
13883
13884
13885
13887
13888
13890
13891
13892
13893
13894
13895
13896
13897
13898
13899
13900
13901
13902
13903
13904
13905
13906
13907
13908
13909
13910
13911
13912
13913
13914
13915
13917
13919
13920
13921
13923
13924
13925
13926
13927
13928
13929
13932
13933
13934
13935
13936
13938
13939
13940
13941
13942
13943
13944
13945
13946
13947
13948
13949
13950
13951
13952
13954
13955
13957
13958
13959
13960
13961
13962
13963
13964
13965
13966
13967
13968
13969
13970
13971
13972
13973
13974
13975
13976
13977
13978
13979
13980
13981
13982
13983
13984
13985
13986
13987
13988
13989
13990
13991
13992
13993
13995
13996
13998
13999
14000
14002
14003
14004
14005
14006
14007
14008
14009
14010
14011
14012
14013
14014
14015
14016
14018
14019
14020
14021
14022
14023
14024
14025
14026
14027
14029
14030
14031
14032
14034
14035
14036
14037
14038
14039
14040
14041
14042
14043
14044
14045
14046
14047
14048
14050
14051
14053
14054
14055
14056
14058
14059
14060
14061
14063
14064
14065
14066
14067
14068
14069
14070
14071
14072
14073
14074
14075
14076
14077
14078
14079
14080
14081
14082
14083
14084
14085
14086
14087
14088
14089
14090
14091
14092
14093
14094
14095
14097
14098
14102
14103
14105
14106
14107
14108
14109
14110
14111
14112
14113
14114
14115
14116
14118
14119
14120
14121
14122
14124
14125
14127
14128
14129
14130
14131
14132
14133
14134
14135
14136
14137
14138
14139
14141
14142
14143
14144
14145
14146
14147
14148
14149
14151
14152
14153
14154
14155
14156
14157
14159
14160
14161
14162
14163
14164
14165
14166
14167
14168
14169
14170
14171
14172
14173
14174
14175
14176
14177
14178
14179
14180
14181
14182
14183
14184
14185
14186
14188
14189
14190
14191
14192
14193
14194
14195
14196
14197
14198
14199
14201
14202
14203
14204
14205
14206
14208
14209
14210
14211
14212
14213
14214
14215
14217
14218
14219
14220
14221
14223
14225
14226
14227
14228
14229
14230
14231
14233
14234
14235
14237
14238
14239
14240
14241
14242
14243
14244
14245
14246
14247
14248
14249
14250
14251
14252
14254
14255
14256
14257
14258
14259
14260
14261
14262
14263
14264
14265
14266
14267
14268
14269
14270
14271
14272
14273
14274
14276
14279
14280
14281
14282
14283
14284
14285
14287
14288
14289
14290
14292
14293
14294
14296
14297
14299
14300
14302
14304
14306
14307
14308
14309
14311
14312
14313
14314
14315
14318
14320
14321
14322
14323
14325
14326
14327
14328
14330
14331
14332
14333
14334
14335
14336
14337
14338
14340
14341
14342
14343
14344
14345
14346
14347
14348
14349
14351
14352
14354
14356
14358
14359
14360
14361
14362
14363
14365
14367
14369
14371
14372
14373
14374
14375
14376
14377
14378
14379
14380
14381
14382
14384
14385
14386
14387
14388
14389
14390
14392
14393
14394
14395
14396
14397
14398
14399
14400
14402
14403
14404
14405
14406
14407
14408
14409
14410
14411
14412
14413
14414
14416
14417
14418
14419
14420
14421
14422
14423
14426
14427
14428
14429
14430
14431
14432
14434
14435
14436
14437
14438
14440
14441
14442
14443
14444
14445
14446
14447
14448
14449
14450
14452
14453
14454
14455
14456
14457
14458
14459
14460
14461
14463
14464
14465
14466
14467
14468
14469
14470
14471
14472
14473
14475
14476
14477
14478
14479
14480
14481
14482
14484
14485
14486
14488
14489
14490
14493
14495
14496
14497
14498
14499
14500
14501
14502
14503
14504
14505
14506
14507
14508
14511
14512
14513
14514
14515
14517
14518
14519
14520
14522
14523
14524
14525
14526
14527
14528
14529
14531
14532
14533
14534
14535
14536
14537
14540
14541
14542
14543
14544
14545
14546
14547
14548
14549
14551
14552
14553
14554
14555
14556
14557
14558
14559
14560
14561
14562
14563
14565
14566
14567
14569
14570
14571
14572
14573
14574
14575
14576
14577
14578
14580
14581
14583
14585
14586
14587
14588
14589
14590
14591
14593
14594
14595
14596
14597
14598
14599
14600
14601
14602
14603
14605
14606
14607
14608
14609
14610
14611
14612
14613
14615
14616
14617
14618
14619
14620
14621
14622
14623
14625
14626
14627
14628
14629
14630
14631
14632
14634
14635
14636
14637
14639
14641
14642
14643
14644
14645
14646
14647
14648
14649
14650
14652
14653
14654
14656
14657
14658
14661
14663
14664
14665
14667
14668
14669
14670
14671
14672
14673
14674
14676
14677
14678
14679
14680
14681
14683
14685
14687
14688
14689
14690
14691
14692
14693
14695
14696
14697
14698
14700
14701
14702
14703
14704
14705
14706
14707
14708
14709
14710
14711
14712
14713
14714
14715
14716
14717
14718
14720
14721
14722
14725
14726
14727
14728
14730
14731
14732
14733
14734
14735
14736
14737
14738
14739
14740
14741
14742
14743
14744
14745
14746
14748
14749
14750
14751
14752
14753
14754
14755
14756
14757
14758
14759
14760
14761
14762
14763
14764
14765
14767
14768
14770
14772
14773
14774
14775
14777
14778
14780
14781
14782
14783
14784
14785
14786
14787
14788
14789
14790
14791
14792
14793
14794
14795
14796
14798
14799
14800
14801
14802
14803
14804
14805
14807
14808
14809
14810
14811
14812
14813
14814
14815
14816
14817
14818
14819
14820
14821
14822
14823
14824
14825
14826
14827
14828
14829
14830
14832
14833
14834
14835
14836
14837
14838
14839
14840
14841
14842
14844
14845
14846
14848
14849
14850
14851
14852
14853
14855
14856
14857
14858
14859
14860
14861
14862
14863
14864
14865
14866
14867
14868
14870
14871
14872
14873
14874
14876
14877
14880
14881
14882
14883
14884
14885
14886
14887
14888
14889
14890
14891
14892
14893
14894
14895
14896
14897
14898
14899
14903
14904
14905
14906
14907
14908
14909
14910
14911
14912
14913
14914
14915
14916
14917
14918
14920
14921
14922
14923
14926
14927
14928
14930
14931
14932
14933
14934
14935
14936
14937
14938
14939
14940
14942
14943
14944
14945
14946
14947
14949
14950
14951
14952
14953
14955
14958
14959
14960
14961
14962
14963
14965
14967
14968
14969
14970
14971
14972
14973
14974
14975
14976
14977
14978
14979
14980
14981
14982
14984
14985
14986
14987
14988
14989
14991
14992
14993
14995
14996
14999
15001
15002
15003
15004
15005
15006
15007
15009
15010
15011
15013
15014
15015
15016
15018
15019
15020
15023
15024
15025
15027
15028
15029
15030
15031
15032
15034
15035
15036
15038
15039
15040
15041
15043
15044
15045
15046
15047
15048
15049
15050
15052
15053
15055
15056
15057
15058
15059
15060
15062
15064
15065
15067
15069
15070
15071
15072
15074
15076
15077
15078
15080
15081
15082
15083
15085
15087
15088
15089
15090
15092
15093
15094
15095
15096
15097
15098
15099
15103
15104
15105
15106
15107
15108
15109
15110
15112
15113
15114
15115
15116
15117
15119
15120
15121
15122
15123
15124
15125
15127
15128
15129
15130
15131
15132
15133
15134
15135
15136
15137
15139
15141
15142
15144
15146
15147
15149
15150
15152
15153
15155
15156
15157
15158
15160
15161
15162
15163
15164
15165
15166
15167
15168
15169
15170
15171
15173
15174
15175
15176
15177
15178
15180
15181
15183
15184
15186
15190
15191
15192
15193
15194
15196
15197
15198
15199
15200
15201
15202
15203
15204
15205
15206
15207
15208
15209
15210
15211
15212
15213
15214
15215
15216
15217
15218
15220
15221
15222
15225
15226
15227
15228
15229
15230
15232
15233
15234
15235
15236
15237
15238
15239
15240
15243
15244
15245
15246
15247
15248
15249
15250
15251
15252
15254
15256
15257
15259
15260
15261
15262
15263
15264
15265
15267
15268
15269
15270
15271
15272
15273
15275
15277
15278
15279
15282
15284
15285
15286
15288
15289
15291
15292
15293
15294
15295
15296
15297
15298
15299
15300
15301
15303
15304
15305
15306
15308
15309
15310
15311
15312
15313
15314
15315
15316
15317
15318
15319
15320
15321
15322
15323
15324
15325
15326
15327
15328
15329
15330
15331
15332
15333
15334
15335
15336
15337
15338
15339
15340
15341
15342
15344
15345
15346
15347
15348
15349
15350
15352
15353
15354
15355
15359
15360
15361
15363
15364
15365
15367
15369
15370
15371
15373
15374
15375
15376
15377
15378
15379
15380
15381
15382
15383
15384
15385
15386
15387
15388
15389
15390
15391
15392
15393
15394
15395
15396
15397
15399
15400
15401
15402
15403
15405
15406
15407
15408
15410
15411
15412
15414
15415
15416
15417
15418
15420
15421
15422
15424
15425
15426
15427
15428
15429
15430
15431
15432
15433
15434
15435
15436
15437
15438
15439
15440
15441
15443
15444
15445
15446
15448
15449
15450
15451
15452
15453
15454
15455
15458
15460
15462
15463
15464
15465
15466
15468
15469
15470
15471
15472
15473
15474
15477
15478
15480
15481
15482
15483
15484
15485
15486
15487
15488
15491
15492
15493
15494
15495
15496
15497
15499
15500
15501
15503
15504
15505
15506
15507
15510
15511
15512
15513
15514
15515
15516
15518
15519
15521
15522
15523
15524
15525
15526
15527
15528
15529
15530
15531
15532
15533
15535
15537
15539
15540
15541
15542
15544
15545
15546
15547
15548
15549
15550
15551
15552
15553
15554
15555
15556
15558
15559
15560
15561
15562
15563
15564
15565
15566
15567
15569
15570
15571
15572
15573
15574
15575
15576
15577
15578
15579
15580
15581
15582
15584
15585
15586
15588
15589
15590
15591
15592
15593
15594
15595
15596
15597
15598
15599
15600
15601
15603
15604
15605
15606
15607
15608
15609
15610
15611
15612
15613
15614
15615
15616
15617
15618
15619
15620
15621
15622
15623
15624
15625
15626
15627
15628
15629
15630
15631
15632
15633
15634
15635
15636
15637
15640
15641
15642
15643
15644
15645
15646
15647
15648
15649
15650
15651
15653
15654
15656
15657
15659
15660
15661
15662
15663
15664
15665
15666
15667
15669
15670
15672
15673
15674
15675
15676
15677
15678
15679
15680
15681
15682
15683
15684
15685
15686
15687
15688
15689
15690
15692
15693
15694
15695
15696
15697
15698
15699
15700
15702
15703
15704
15705
15706
15707
15708
15710
15711
15714
15715
15716
15717
15718
15719
15720
15721
15722
15723
15724
15725
15727
15728
15729
15731
15732
15733
15734
15735
15736
15737
15738
15739
15740
15741
15742
15743
15745
15746
15747
15748
15749
15750
15751
15752
15754
15756
15758
15759
15761
15762
15764
15765
15766
15767
15768
15769
15770
15771
15772
15773
15774
15775
15776
15777
15778
15780
15781
15782
15783
15784
15785
15786
15787
15788
15789
15790
15792
15793
15794
15795
15796
15797
15799
15802
15803
15804
15805
15806
15808
15809
15810
15811
15812
15813
15814
15815
15816
15817
15818
15822
15823
15824
15825
15827
15828
15829
15830
15831
15832
15833
15835
15836
15837
15838
15839
15840
15841
15842
15843
15844
15845
15846
15847
15848
15849
15850
15851
15853
15854
15855
15856
15859
15860
15861
15862
15864
15865
15866
15867
15869
15872
15873
15874
15875
15876
15877
15878
15879
15880
15881
15882
15883
15884
15885
15886
15887
15888
15889
15891
15892
15893
15894
15895
15896
15897
15898
15899
15900
15902
15903
15904
15905
15906
15907
15908
15909
15910
15911
15912
15915
15917
15918
15919
15920
15921
15922
15923
15924
15925
15926
15927
15928
15929
15930
15932
15933
15934
15936
15937
15941
15943
15944
15945
15946
15947
15948
15949
15950
15951
15952
15953
15955
15956
15957
15958
15959
15960
15961
15962
15963
15964
15965
15966
15967
15968
15969
15970
15972
15973
15974
15976
15977
15979
15981
15982
15983
15984
15985
15987
15988
15989
15990
15991
15992
15993
15994
15995
15996
15997
15998
15999
16000
16001
16002
16004
16007
16009
16010
16011
16012
16014
16015
16016
16017
16018
16019
16020
16021
16022
16023
16024
16025
16026
16027
16028
16029
16030
16031
16032
16033
16035
16036
16037
16038
16039
16040
16041
16042
16043
16044
16045
16046
16047
16048
16049
16050
16051
16052
16053
16056
16057
16058
16059
16060
16061
16062
16063
16064
16065
16066
16067
16068
16069
16070
16071
16073
16075
16076
16077
16078
16079
16080
16082
16083
16085
16086
16087
16088
16089
16091
16092
16093
16094
16095
16096
16097
16098
16099
16100
16101
16102
16103
16104
16105
16106
16107
16108
16109
16110
16111
16112
16113
16114
16115
16116
16117
16118
16119
16120
16121
16122
16124
16125
16126
16127
16128
16129
16131
16133
16134
16136
16137
16138
16139
16140
16141
16142
16143
16144
16145
16146
16147
16148
16149
16150
16152
16153
16154
16155
16156
16157
16158
16159
16160
16161
16162
16163
16164
16165
16166
16167
16168
16169
16170
16171
16172
16173
16174
16175
16177
16178
16179
16182
16183
16184
16185
16186
16187
16188
16190
16191
16192
16194
16195
16196
16197
16198
16200
16201
16202
16204
16205
16207
16208
16209
16211
16212
16213
16214
16215
16218
16219
16220
16221
16222
16223
16224
16228
16229
16230
16231
16232
16233
16234
16235
16236
16237
16238
16239
16240
16241
16242
16243
16244
16245
16246
16247
16248
16249
16250
16251
16252
16253
16254
16256
16257
16258
16261
16262
16263
16267
16268
16270
16274
16275
16276
16277
16278
16279
16280
16282
16283
16284
16285
16288
16289
16290
16293
16294
16295
16296
16297
16298
16299
16300
16301
16302
16303
16305
16306
16307
16308
16309
16310
16311
16312
16314
16315
16317
16318
16319
16321
16323
16324
16325
16326
16327
16328
16329
16330
16331
16332
16333
16335
16336
16337
16338
16340
16341
16343
16345
16346
16347
16348
16349
16350
16351
16352
16353
16354
16355
16356
16357
16359
16360
16362
16364
16365
16366
16367
16368
16369
16371
16375
16376
16377
16378
16379
16381
16382
16383
16384
16385
16386
16387
16388
16389
16392
16393
16394
16395
16396
16397
16398
16399
16400
16401
16402
16403
16404
16405
16406
16407
16408
16409
16410
16411
16412
16413
16414
16415
16416
16417
16418
16419
16420
16421
16422
16423
16424
16425
16427
16428
16429
16430
16431
16432
16433
16434
16435
16436
16439
16440
16441
16442
16443
16444
16445
16447
16448
16450
16451
16452
16453
16454
16455
16456
16457
16461
16463
16465
16466
16467
16468
16469
16470
16471
16472
16473
16474
16475
16476
16477
16478
16480
16482
16484
16485
16487
16488
16489
16490
16491
16492
16493
16494
16495
16496
16499
16500
16501
16502
16503
16504
16505
16506
16507
16508
16509
16510
16511
16513
16515
16516
16517
16518
16519
16520
16521
16522
16523
16524
16525
16526
16527
16528
16529
16531
16532
16534
16535
16536
16538
16539
16540
16541
16542
16543
16545
16546
16547
16548
16549
16550
16551
16552
16553
16555
16556
16558
16559
16560
16561
16562
16563
16565
16566
16568
16569
16570
16572
16573
16574
16575
16576
16577
16578
16579
16580
16582
16583
16585
16586
16587
16588
16589
16590
16591
16592
16593
16594
16595
16597
16598
16599
16600
16602
16603
16604
16606
16607
16609
16610
16611
16612
16613
16614
16615
16617
16618
16619
16620
16621
16622
16623
16624
16626
16627
16628
16629
16630
16631
16632
16635
16637
16638
16639
16640
16641
16642
16643
16644
16645
16646
16647
16648
16651
16653
16654
16655
16656
16657
16658
16659
16661
16663
16664
16665
16666
16668
16670
16672
16673
16674
16675
16676
16677
16679
16681
16682
16683
16684
16686
16687
16688
16689
16690
16691
16692
16693
16694
16695
16696
16697
16698
16699
16701
16703
16705
16706
16707
16708
16709
16710
16711
16712
16713
16714
16716
16717
16718
16719
16720
16721
16722
16723
16724
16725
16727
16728
16731
16732
16734
16735
16737
16738
16739
16740
16741
16742
16743
16744
16746
16747
16748
16749
16751
16752
16753
16754
16756
16757
16758
16759
16760
16761
16762
16763
16764
16765
16766
16768
16769
16770
16771
16772
16773
16775
16777
16778
16779
16781
16782
16783
16784
16785
16786
16787
16788
16789
16790
16792
16793
16794
16796
16798
16799
16800
16802
16803
16804
16806
16807
16808
16809
16810
16811
16812
16813
16814
16815
16817
16818
16819
16820
16821
16822
16823
16825
16826
16827
16828
16829
16832
16833
16834
16836
16838
16839
16842
16843
16845
16846
16847
16849
16850
16852
16853
16855
16856
16857
16858
16859
16860
16862
16863
16864
16865
16866
16867
16868
16870
16871
16872
16873
16874
16875
16876
16878
16879
16880
16881
16883
16884
16887
16888
16890
16891
16892
16893
16894
16897
16898
16899
16900
16901
16902
16903
16904
16905
16906
16908
16909
16910
16911
16912
16913
16914
16915
16916
16917
16920
16921
16922
16923
16924
16927
16928
16929
16930
16932
16933
16935
16936
16937
16939
16940
16941
16942
16943
16944
16946
16947
16950
16951
16952
16953
16954
16955
16956
16957
16958
16959
16960
16961
16962
16963
16964
16965
16966
16967
16968
16969
16970
16971
16973
16974
16975
16976
16978
16979
16980
16981
16982
16983
16984
16985
16986
16987
16988
16989
16991
16993
16995
16996
16998
16999
17000
17002
17003
17004
17005
17006
17008
17009
17010
17011
17012
17015
17016
17017
17018
17019
17020
17021
17022
17023
17024
17027
17028
17029
17030
17031
17032
17034
17038
17039
17040
17041
17043
17044
17045
17046
17047
17049
17051
17052
17053
17055
17058
17059
17060
17061
17062
17063
17064
17065
17066
17067
17068
17069
17070
17071
17072
17073
17075
17076
17077
17078
17079
17080
17081
17082
17083
17084
17085
17086
17087
17088
17089
17090
17091
17092
17093
17094
17096
17097
17098
17099
17100
17101
17102
17106
17107
17108
17109
17110
17111
17113
17114
17115
17116
17117
17118
17120
17121
17122
17123
17125
17126
17128
17129
17131
17132
17133
17134
17135
17136
17139
17140
17141
17142
17143
17145
17146
17147
17149
17150
17151
17152
17154
17155
17156
17157
17158
17159
17161
17162
17163
17164
17165
17166
17167
17168
17169
17171
17172
17173
17174
17175
17176
17177
17180
17181
17182
17184
17185
17186
17187
17188
17190
17191
17192
17193
17195
17196
17197
17198
17199
17200
17201
17203
17204
17205
17206
17207
17208
17209
17210
17211
17212
17214
17216
17217
17218
17219
17220
17221
17223
17225
17227
17228
17230
17232
17233
17234
17235
17236
17237
17238
17239
17240
17241
17243
17244
17245
17246
17247
17248
17249
17251
17252
17253
17254
17257
17260
17261
17263
17264
17265
17266
17267
17268
17269
17270
17272
17273
17274
17275
17277
17278
17279
17280
17281
17282
17283
17284
17285
17287
17288
17289
17290
17291
17292
17293
17294
17295
17296
17297
17298
17299
17300
17302
17303
17304
17305
17306
17307
17308
17309
17310
17311
17312
17313
17314
17315
17316
17317
17318
17319
17320
17321
17322
17323
17324
17325
17326
17328
17330
17331
17332
17333
17334
17335
17336
17338
17340
17342
17344
17345
17346
17347
17349
17350
17352
17353
17354
17356
17357
17358
17359
17360
17362
17363
17364
17365
17366
17367
17368
17369
17370
17371
17373
17374
17375
17376
17377
17378
17379
17380
17381
17383
17384
17385
17386
17387
17388
17389
17391
17393
17394
17395
17396
17397
17398
17399
17401
17402
17403
17404
17405
17407
17410
17411
17413
17414
17415
17416
17418
17420
17422
17424
17425
17426
17427
17429
17430
17431
17432
17434
17435
17437
17438
17439
17440
17441
17443
17444
17445
17447
17448
17450
17452
17453
17454
17455
17457
17458
17459
17461
17462
17463
17464
17465
17466
17467
17469
17470
17471
17472
17473
17474
17476
17477
17479
17480
17481
17482
17483
17484
17485
17487
17488
17489
17490
17491
17492
17494
17495
17496
17497
17498
17500
17501
17502
17503
17504
17506
17507
17508
17509
17510
17511
17512
17513
17514
17515
17516
17517
17519
17521
17523
17525
17526
17527
17528
17529
17530
17531
17532
17533
17534
17535
17538
17539
17540
17541
17542
17543
17544
17545
17546
17547
17548
17549
17550
17551
17553
17554
17555
17556
17557
17558
17559
17560
17561
17562
17563
17564
17565
17566
17567
17568
17571
17572
17573
17574
17575
17576
17577
17578
17579
17580
17582
17583
17584
17585
17587
17588
17589
17590
17591
17592
17593
17594
17596
17597
17598
17599
17600
17601
17602
17603
17604
17605
17606
17607
17608
17609
17610
17612
17614
17615
17616
17617
17619
17620
17621
17622
17623
17624
17625
17627
17628
17629
17631
17633
17634
17635
17636
17637
17638
17639
17640
17641
17642
17643
17644
17645
17646
17648
17650
17651
17652
17653
17654
17655
17656
17657
17658
17659
17661
17663
17664
17666
17667
17668
17669
17670
17671
17672
17673
17674
17675
17676
17677
17678
17679
17680
17681
17682
17683
17684
17685
17686
17689
17690
17691
17692
17693
17695
17696
17697
17699
17701
17702
17703
17704
17705
17706
17708
17710
17711
17714
17717
17720
17722
17723
17724
17726
17727
17728
17730
17731
17732
17733
17735
17736
17737
17738
17739
17740
17741
17742
17743
17745
17746
17748
17749
17750
17751
17752
17754
17756
17758
17759
17760
17761
17762
17763
17764
17765
17767
17768
17769
17770
17771
17772
17773
17774
17775
17776
17778
17779
17781
17782
17784
17785
17786
17787
17788
17789
17790
17791
17792
17793
17794
17795
17796
17797
17798
17799
17800
17801
17802
17803
17804
17805
17806
17807
17809
17810
17811
17812
17814
17815
17818
17819
17820
17821
17822
17824
17825
17826
17827
17828
17829
17830
17831
17832
17833
17834
17835
17836
17839
17840
17841
17843
17844
17845
17848
17849
17851
17852
17853
17854
17855
17856
17857
17860
17861
17863
17864
17865
17866
17867
17869
17870
17872
17873
17874
17875
17877
17878
17880
17881
17882
17883
17884
17885
17886
17887
17888
17891
17892
17893
17896
17897
17898
17899
17900
17904
17905
17906
17907
17908
17910
17911
17912
17914
17915
17916
17917
17918
17919
17920
17921
17922
17923
17925
17926
17927
17928
17929
17930
17931
17932
17933
17934
17935
17936
17938
17939
17940
17942
17943
17944
17948
17950
17951
17952
17953
17954
17955
17956
17957
17958
17959
17960
17961
17962
17963
17964
17965
17967
17968
17969
17970
17971
17972
17973
17974
17975
17976
17977
17978
17981
17982
17983
17985
17986
17987
17991
17992
17994
17997
17998
17999
18000
18001
18002
18003
18004
18005
18006
18007
18008
18009
18011
18013
18014
18016
18017
18018
18020
18021
18022
18023
18024
18025
18027
18028
18029
18030
18031
18032
18034
18035
18036
18037
18038
18039
18040
18041
18042
18043
18044
18046
18047
18048
18049
18050
18051
18052
18053
18054
18055
18056
18057
18058
18060
18061
18063
18065
18066
18068
18069
18070
18071
18072
18073
18074
18075
18076
18077
18078
18080
18081
18082
18083
18084
18085
18086
18087
18088
18089
18090
18091
18092
18093
18094
18095
18097
18098
18099
18100
18101
18102
18103
18104
18106
18107
18108
18109
18110
18112
18113
18114
18115
18116
18117
18118
18119
18120
18121
18124
18125
18126
18128
18130
18131
18132
18133
18134
18135
18136
18137
18138
18139
18140
18141
18142
18143
18144
18145
18146
18147
18148
18149
18150
18151
18153
18154
18155
18156
18157
18158
18160
18162
18163
18164
18165
18166
18167
18168
18169
18170
18171
18172
18173
18174
18175
18176
18177
18178
18179
18180
18182
18183
18184
18185
18186
18187
18188
18189
18191
18193
18194
18195
18196
18197
18198
18199
18200
18202
18203
18204
18205
18206
18207
18209
18211
18212
18213
18214
18216
18217
18218
18220
18221
18222
18223
18225
18226
18227
18229
18230
18231
18232
18233
18234
18235
18236
18237
18238
18239
18240
18241
18242
18243
18244
18245
18247
18248
18251
18252
18253
18254
18255
18258
18259
18260
18261
18264
18266
18267
18268
18270
18271
18274
18275
18276
18277
18278
18279
18280
18282
18283
18284
18285
18287
18288
18289
18290
18291
18293
18294
18295
18296
18297
18299
18300
18301
18303
18304
18305
18306
18307
18308
18309
18310
18311
18313
18315
18316
18318
18319
18320
18322
18323
18324
18326
18327
18328
18329
18330
18331
18332
18333
18334
18335
18336
18337
18340
18342
18343
18344
18346
18347
18348
18349
18350
18351
18352
18353
18354
18356
18357
18358
18364
18365
18368
18369
18370
18372
18373
18374
18375
18376
18377
18378
18379
18381
18382
18383
18384
18385
18387
18388
18389
18390
18391
18392
18393
18394
18395
18396
18397
18398
18400
18402
18403
18404
18405
18407
18408
18409
18410
18411
18412
18413
18414
18415
18417
18418
18420
18421
18422
18423
18424
18425
18426
18427
18428
18430
18431
18432
18433
18434
18435
18436
18439
18440
18443
18444
18445
18447
18448
18450
18451
18452
18453
18455
18456
18457
18458
18459
18460
18461
18462
18463
18464
18465
18466
18467
18468
18469
18470
18471
18472
18473
18475
18476
18477
18478
18479
18480
18483
18484
18485
18486
18487
18488
18489
18491
18492
18493
18494
18496
18497
18498
18499
18500
18502
18503
18504
18505
18506
18507
18508
18509
18511
18512
18513
18514
18515
18516
18517
18518
18519
18520
18521
18522
18523
18524
18525
18526
18527
18528
18530
18531
18532
18533
18534
18535
18536
18537
18538
18539
18541
18542
18543
18544
18545
18546
18547
18548
18549
18550
18551
18552
18553
18554
18555
18556
18557
18558
18559
18560
18561
18562
18563
18564
18565
18566
18567
18568
18569
18570
18571
18574
18575
18576
18577
18578
18579
18581
18583
18585
18586
18587
18588
18590
18591
18592
18593
18594
18597
18599
18600
18601
18602
18603
18605
18606
18607
18608
18609
18610
18612
18613
18614
18615
18616
18617
18618
18619
18622
18623
18624
18626
18627
18630
18631
18632
18633
18635
18636
18637
18638
18639
18641
18642
18643
18644
18645
18646
18647
18648
18650
18652
18653
18654
18655
18656
18657
18658
18659
18660
18661
18662
18664
18666
18667
18668
18669
18670
18671
18673
18674
18675
18676
18677
18678
18679
18680
18682
18683
18684
18685
18686
18687
18689
18690
18691
18692
18693
18694
18695
18696
18697
18698
18700
18701
18702
18704
18705
18706
18707
18708
18709
18710
18712
18713
18714
18715
18716
18717
18718
18720
18721
18722
18723
18724
18725
18726
18727
18729
18730
18731
18732
18733
18734
18735
18736
18737
18738
18739
18740
18741
18744
18746
18748
18749
18750
18751
18752
18754
18755
18756
18757
18758
18760
18761
18762
18763
18764
18765
18766
18767
18768
18769
18770
18771
18772
18773
18774
18775
18776
18777
18778
18779
18781
18782
18783
18784
18785
18786
18788
18790
18791
18792
18794
18795
18796
18797
18798
18799
18800
18801
18802
18804
18805
18807
18808
18809
18810
18811
18813
18814
18815
18816
18817
18818
18819
18820
18821
18823
18824
18826
18828
18830
18831
18833
18834
18835
18836
18837
18838
18839
18840
18842
18843
18844
18845
18849
18850
18851
18853
18854
18855
18856
18857
18858
18859
18861
18862
18863
18864
18865
18866
18867
18868
18869
18870
18871
18872
18873
18874
18877
18878
18879
18880
18881
18882
18883
18884
18886
18887
18888
18889
18890
18892
18893
18894
18895
18896
18897
18898
18899
18900
18901
18904
18905
18906
18907
18908
18909
18910
18911
18912
18913
18915
18916
18917
18919
18920
18921
18922
18924
18925
18926
18927
18928
18929
18931
18932
18933
18934
18935
18936
18937
18938
18939
18940
18941
18942
18943
18944
18945
18946
18948
18949
18950
18951
18952
18953
18954
18955
18957
18958
18959
18960
18961
18962
18963
18964
18966
18967
18970
18971
18972
18973
18974
18975
18976
18977
18978
18979
18980
18981
18982
18983
18984
18985
18986
18987
18988
18989
18990
18991
18992
18995
18997
18998
19000
19001
19002
19003
19007
19008
19009
19011
19012
19013
19014
19015
19017
19018
19019
19020
19022
19024
19025
19026
19027
19028
19029
19030
19033
19034
19036
19037
19038
19039
19040
19041
19042
19043
19044
19046
19047
19048
19049
19051
19052
19053
19054
19055
19056
19057
19058
19059
19060
19061
19062
19064
19065
19066
19067
19068
19069
19070
19072
19073
19074
19076
19077
19078
19079
19080
19081
19083
19084
19086
19087
19088
19089
19090
19092
19094
19095
19096
19097
19098
19099
19100
19101
19102
19103
19104
19105
19106
19107
19108
19109
19110
19111
19113
19114
19115
19116
19117
19119
19120
19121
19122
19123
19124
19125
19126
19128
19129
19130
19132
19133
19135
19136
19137
19138
19139
19140
19141
19142
19143
19144
19145
19146
19147
19148
19149
19150
19151
19152
19153
19154
19156
19157
19158
19159
19161
19162
19163
19164
19166
19167
19168
19169
19170
19171
19172
19173
19174
19175
19176
19177
19178
19179
19180
19181
19182
19183
19185
19186
19187
19188
19189
19191
19192
19193
19194
19195
19196
19197
19200
19201
19204
19205
19206
19207
19208
19209
19210
19211
19212
19213
19214
19215
19216
19217
19220
19221
19222
19223
19225
19226
19227
19228
19229
19231
19232
19233
19234
19235
19237
19238
19239
19241
19242
19245
19246
19248
19249
19251
19252
19253
19254
19255
19256
19257
19258
19260
19261
19262
19263
19264
19265
19266
19267
19268
19269
19270
19271
19272
19274
19275
19276
19277
19278
19280
19281
19282
19283
19285
19286
19287
19288
19290
19291
19292
19293
19294
19296
19297
19298
19300
19301
19303
19304
19305
19306
19307
19308
19310
19312
19313
19314
19315
19316
19317
19318
19319
19320
19321
19322
19324
19329
19330
19331
19332
19333
19334
19335
19336
19337
19338
19340
19341
19342
19343
19344
19345
19346
19347
19348
19349
19350
19351
19352
19353
19354
19355
19356
19357
19359
19360
19361
19363
19364
19366
19367
19369
19370
19371
19372
19373
19375
19376
19379
19381
19382
19383
19386
19387
19388
19389
19390
19391
19392
19394
19395
19396
19397
19398
19401
19402
19403
19404
19405
19406
19407
19408
19409
19410
19411
19413
19417
19418
19420
19421
19422
19423
19424
19425
19426
19427
19428
19429
19432
19433
19434
19435
19438
19440
19441
19442
19444
19446
19447
19448
19449
19451
19452
19453
19454
19455
19457
19458
19459
19460
19461
19462
19463
19464
19465
19466
19468
19470
19471
19473
19474
19478
19480
19481
19482
19483
19484
19487
19488
19489
19490
19492
19493
19494
19495
19496
19498
19499
19500
19501
19502
19503
19504
19505
19506
19507
19508
19509
19510
19512
19515
19516
19517
19518
19521
19522
19524
19525
19527
19528
19529
19530
19531
19532
19533
19534
19535
19536
19537
19538
19539
19541
19542
19543
19545
19548
19549
19551
19552
19553
19555
19556
19557
19558
19559
19560
19561
19562
19564
19565
19566
19567
19568
19569
19570
19572
19573
19574
19575
19576
19577
19579
19580
19581
19582
19583
19584
19586
19588
19589
19591
19592
19593
19594
19595
19597
19598
19599
19601
19603
19604
19605
19606
19610
19611
19612
19613
19615
19616
19617
19619
19620
19621
19622
19623
19625
19626
19627
19628
19629
19630
19631
19632
19633
19634
19635
19636
19638
19639
19641
19643
19644
19645
19646
19647
19649
19650
19651
19652
19653
19654
19655
19659
19660
19661
19662
19663
19664
19666
19667
19668
19669
19670
19671
19672
19673
19674
19675
19677
19678
19680
19681
19682
19684
19685
19686
19687
19688
19689
19691
19692
19693
19694
19695
19697
19698
19699
19700
19703
19704
19705
19706
19707
19708
19710
19711
19712
19713
19715
19716
19717
19718
19719
19720
19722
19723
19724
19725
19726
19727
19729
19730
19731
19733
19735
19736
19739
19740
19741
19742
19743
19745
19747
19748
19749
19750
19752
19753
19755
19757
19760
19763
19764
19765
19766
19767
19768
19769
19772
19773
19775
19776
19779
19781
19782
19783
19784
19785
19786
19787
19788
19789
19790
19792
19793
19794
19795
19796
19797
19798
19799
19800
19802
19803
19804
19805
19806
19807
19808
19809
19810
19811
19813
19814
19815
19816
19818
19820
19821
19822
19823
19824
19825
19826
19827
19829
19830
19831
19832
19833
19834
19835
19837
19839
19841
19842
19843
19845
19846
19847
19848
19849
19850
19851
19852
19854
19855
19856
19857
19858
19859
19860
19861
19862
19863
19864
19865
19866
19867
19868
19869
19870
19871
19872
19873
19874
19875
19877
19878
19879
19881
19882
19883
19884
19886
19887
19888
19889
19890
19891
19892
19893
19895
19896
19898
19899
19900
19902
19903
19904
19905
19908
19910
19911
19912
19913
19914
19915
19916
19917
19918
19919
19920
19921
19922
19923
19926
19927
19929
19930
19931
19932
19933
19934
19936
19939
19941
19942
19943
19946
19947
19949
19950
19951
19952
19953
19954
19956
19957
19958
19959
19960
19961
19963
19964
19965
19968
19969
19970
19973
19974
19976
19977
19978
19979
19980
19981
19982
19983
19984
19985
19986
19987
19989
19990
19991
19992
19994
19995
19996
19997
19998
20000
20001
20002
20003
20004
20005
20006
20007
20009
20010
20011
20012
20013
20014
20015
20016
20017
20018
20019
20021
20022
20023
20024
20025
20026
20028
20029
20030
20031
20032
20034
20035
20036
20038
20040
20042
20043
20044
20045
20046
20049
20050
20051
20052
20053
20054
20056
20057
20058
20059
20060
20061
20063
20064
20065
20066
20067
20068
20069
20070
20071
20072
20073
20074
20075
20076
20077
20078
20079
20080
20084
20085
20086
20087
20088
20089
20090
20091
20092
20093
20094
20095
20097
20098
20099
20100
20101
20102
20103
20104
20105
20106
20107
20108
20109
20110
20111
20112
20113
20114
20115
20116
20117
20120
20121
20122
20123
20124
20125
20126
20127
20128
20129
20130
20131
20132
20134
20135
20138
20139
20140
20142
20143
20144
20146
20147
20148
20149
20151
20152
20153
20155
20156
20158
20159
20160
20161
20162
20165
20166
20167
20168
20169
20170
20171
20172
20173
20174
20175
20178
20179
20180
20181
20182
20183
20184
20185
20186
20188
20189
20190
20191
20192
20193
20194
20195
20196
20197
20199
20201
20203
20204
20205
20206
20207
20208
20209
20211
20212
20213
20214
20215
20216
20218
20219
20220
20222
20224
20225
20226
20228
20230
20231
20232
20233
20234
20235
20236
20238
20239
20240
20243
20245
20249
20250
20251
20253
20254
20255
20256
20257
20259
20260
20263
20264
20265
20266
20267
20269
20270
20271
20273
20274
20275
20276
20277
20278
20279
20280
20281
20282
20283
20284
20285
20286
20287
20288
20290
20292
20293
20295
20296
20297
20302
20304
20306
20307
20308
20309
20310
20311
20312
20314
20315
20316
20317
20318
20319
20321
20323
20325
20327
20328
20329
20330
20331
20332
20333
20334
20335
20336
20337
20338
20340
20341
20342
20343
20344
20345
20346
20347
20348
20351
20352
20353
20355
20356
20357
20358
20359
20361
20362
20363
20364
20365
20366
20367
20368
20369
20370
20371
20372
20374
20375
20376
20377
20378
20379
20380
20381
20382
20383
20384
20385
20386
20387
20388
20389
20390
20391
20392
20394
20395
20396
20397
20398
20400
20403
20404
20405
20406
20407
20408
20409
20411
20412
20413
20414
20415
20416
20417
20419
20420
20421
20422
20423
20424
20425
20427
20428
20430
20432
20434
20437
20438
20439
20440
20441
20442
20443
20444
20446
20447
20449
20450
20452
20453
20454
20455
20456
20457
20459
20460
20461
20463
20464
20465
20466
20467
20468
20469
20470
20472
20473
20475
20476
20477
20478
20479
20480
20481
20482
20483
20484
20485
20487
20488
20489
20490
20491
20494
20495
20496
20497
20498
20499
20500
20501
20502
20503
20505
20506
20507
20508
20509
20510
20511
20512
20513
20514
20515
20516
20518
20519
20520
20521
20522
20523
20524
20525
20527
20529
20531
20533
20535
20536
20537
20538
20539
20540
20541
20542
20543
20545
20546
20547
20548
20549
20550
20551
20552
20554
20555
20557
20558
20559
20560
20561
20562
20563
20564
20565
20566
20567
20568
20569
20570
20571
20572
20573
20575
20576
20577
20579
20580
20583
20584
20585
20586
20587
20588
20589
20590
20591
20592
20593
20594
20596
20597
20598
20599
20600
20604
20606
20607
20608
20609
20610
20611
20612
20613
20614
20615
20616
20617
20618
20619
20620
20621
20622
20623
20624
20626
20627
20629
20630
20631
20632
20633
20634
20635
20636
20637
20639
20640
20641
20643
20644
20645
20648
20649
20650
20651
20652
20653
20654
20655
20656
20657
20658
20659
20660
20661
20662
20663
20664
20665
20667
20668
20670
20671
20672
20673
20674
20675
20676
20677
20678
20679
20680
20682
20683
20684
20685
20688
20692
20693
20694
20695
20696
20699
20701
20702
20703
20704
20706
20707
20708
20710
20711
20713
20714
20715
20716
20717
20719
20720
20722
20723
20724
20725
20726
20727
20728
20729
20730
20731
20732
20733
20734
20735
20736
20737
20738
20739
20740
20741
20742
20743
20744
20747
20748
20749
20750
20751
20752
20753
20754
20755
20756
20757
20758
20759
20761
20762
20763
20764
20765
20766
20767
20768
20769
20770
20771
20772
20773
20774
20775
20776
20777
20779
20780
20781
20782
20783
20784
20785
20787
20788
20789
20790
20791
20792
20794
20795
20796
20797
20798
20799
20800
20801
20802
20803
20804
20805
20806
20807
20808
20809
20810
20812
20814
20815
20816
20817
20818
20819
20820
20821
20822
20825
20826
20827
20828
20829
20830
20832
20833
20834
20836
20837
20838
20841
20843
20844
20846
20847
20848
20849
20850
20851
20852
20853
20854
20855
20856
20857
20858
20859
20860
20861
20863
20864
20865
20866
20868
20869
20871
20872
20874
20875
20876
20877
20878
20880
20882
20884
20885
20886
20887
20889
20890
20891
20892
20893
20895
20897
20898
20899
20901
20903
20904
20905
20906
20908
20910
20911
20912
20913
20915
20918
20919
20920
20921
20922
20923
20924
20926
20927
20928
20930
20932
20933
20934
20935
20937
20939
20940
20941
20943
20945
20946
20947
20948
20949
20950
20951
20952
20953
20954
20955
20956
20957
20958
20959
20960
20961
20965
20966
20967
20968
20969
20970
20971
20972
20973
20974
20975
20978
20979
20980
20981
20982
20983
20984
20986
20987
20988
20990
20991
20993
20994
20996
21000
21001
21002
21003
21004
21006
21007
21008
21009
21010
21013
21015
21016
21018
21019
21021
21023
21024
21025
21026
21027
21029
21030
21031
21033
21034
21035
21036
21037
21038
21040
21041
21042
21044
21046
21047
21048
21049
21050
21051
21054
21055
21057
21059
21061
21062
21063
21064
21066
21067
21068
21070
21072
21073
21074
21076
21077
21078
21079
21080
21081
21083
21084
21085
21087
21090
21091
21092
21093
21094
21095
21096
21097
21098
21099
21100
21101
21102
21103
21104
21105
21106
21107
21108
21109
21110
21111
21112
21113
21114
21115
21116
21117
21118
21119
21121
21122
21123
21124
21125
21126
21127
21128
21129
21130
21131
21132
21133
21134
21135
21136
21137
21138
21139
21141
21142
21143
21144
21145
21146
21147
21148
21149
21150
21151
21152
21153
21154
21155
21156
21157
21158
21159
21160
21161
21163
21164
21165
21166
21169
21170
21172
21173
21175
21176
21177
21178
21179
21180
21181
21182
21183
21184
21185
21186
21187
21188
21189
21190
21191
21192
21193
21194
21195
21196
21197
21199
21200
21201
21202
21204
21205
21206
21207
21208
21209
21211
21213
21214
21215
21216
21217
21218
21219
21220
21221
21223
21226
21227
21228
21231
21232
21233
21234
21235
21236
21237
21238
21239
21240
21241
21243
21244
21245
21246
21248
21249
21250
21251
21252
21253
21254
21255
21256
21257
21258
21259
21260
21261
21262
21263
21264
21265
21267
21268
21269
21270
21272
21273
21274
21275
21276
21278
21279
21280
21281
21282
21284
21285
21286
21288
21289
21291
21292
21293
21295
21296
21297
21298
21299
21300
21301
21303
21304
21306
21307
21309
21310
21311
21312
21314
21316
21317
21318
21320
21321
21322
21323
21324
21325
21326
21327
21328
21329
21330
21332
21333
21334
21335
21337
21339
21340
21341
21342
21343
21344
21345
21346
21349
21350
21351
21352
21353
21354
21355
21356
21358
21359
21360
21362
21363
21365
21368
21369
21370
21371
21372
21373
21374
21375
21377
21378
21379
21380
21381
21382
21383
21384
21385
21386
21387
21388
21390
21391
21392
21394
21395
21397
21398
21399
21400
21401
21402
21403
21405
21406
21407
21408
21409
21410
21412
21413
21414
21415
21419
21420
21421
21422
21423
21425
21426
21427
21428
21429
21431
21432
21433
21434
21435
21436
21437
21439
21440
21441
21442
21443
21444
21446
21449
21450
21451
21452
21453
21454
21455
21456
21458
21459
21460
21461
21463
21464
21466
21470
21471
21472
21473
21474
21475
21477
21478
21479
21480
21482
21483
21484
21485
21486
21487
21489
21490
21492
21493
21495
21496
21497
21498
21500
21502
21503
21504
21505
21506
21510
21511
21512
21513
21514
21515
21516
21517
21518
21520
21521
21525
21527
21528
21530
21531
21532
21533
21534
21535
21536
21537
21538
21539
21541
21542
21543
21544
21545
21546
21547
21548
21549
21550
21551
21553
21555
21556
21557
21558
21559
21560
21561
21562
21563
21564
21566
21567
21568
21569
21571
21572
21573
21574
21575
21576
21577
21578
21579
21580
21582
21583
21585
21586
21587
21588
21589
21590
21591
21592
21593
21595
21597
21598
21599
21600
21601
21602
21603
21604
21605
21606
21607
21608
21610
21611
21612
21613
21614
21616
21617
21618
21619
21620
21621
21622
21623
21624
21627
21628
21629
21630
21631
21632
21633
21634
21635
21637
21638
21639
21640
21641
21642
21643
21645
21646
21647
21648
21649
21650
21652
21653
21654
21655
21656
21657
21658
21660
21661
21662
21664
21665
21666
21668
21670
21671
21672
21674
21675
21676
21678
21679
21680
21681
21682
21683
21684
21685
21687
21688
21689
21690
21691
21692
21693
21694
21695
21696
21697
21698
21700
21701
21703
21704
21706
21707
21708
21709
21710
21711
21712
21714
21715
21716
21717
21719
21720
21721
21722
21725
21726
21727
21728
21729
21730
21731
21733
21734
21735
21736
21737
21738
21739
21740
21741
21742
21744
21745
21746
21747
21748
21750
21751
21753
21754
21755
21756
21758
21759
21760
21761
21762
21764
21765
21766
21767
21768
21769
21772
21773
21774
21775
21776
21777
21778
21779
21780
21782
21784
21785
21786
21788
21789
21790
21792
21793
21794
21795
21796
21798
21800
21801
21803
21804
21805
21806
21808
21809
21810
21811
21812
21813
21814
21815
21816
21817
21818
21819
21820
21821
21822
21823
21824
21825
21826
21827
21828
21831
21832
21833
21835
21838
21840
21842
21843
21844
21845
21846
21848
21849
21850
21851
21852
21853
21854
21855
21856
21857
21858
21859
21860
21861
21863
21864
21866
21867
21869
21870
21871
21872
21873
21874
21875
21876
21877
21878
21879
21880
21881
21883
21884
21885
21886
21887
21888
21891
21892
21893
21894
21895
21896
21898
21899
21900
21901
21902
21903
21904
21905
21906
21907
21908
21909
21910
21912
21914
21915
21916
21917
21918
21921
21922
21924
21926
21927
21928
21929
21930
21931
21933
21934
21935
21936
21938
21939
21941
21943
21944
21945
21947
21948
21949
21950
21951
21952
21953
21954
21955
21956
21957
21959
21960
21962
21963
21964
21965
21966
21968
21969
21970
21972
21973
21974
21976
21977
21979
21981
21982
21983
21985
21986
21987
21988
21989
21990
21991
21992
21993
21994
21995
21997
21998
21999
22000
22001
22002
22003
22004
22005
22006
22007
22008
22009
22013
22014
22015
22016
22017
22019
22020
22021
22022
22023
22024
22025
22026
22027
22028
22030
22031
22032
22033
22034
22035
22036
22037
22038
22039
22040
22041
22042
22043
22044
22045
22048
22049
22050
22052
22053
22054
22057
22060
22061
22062
22063
22066
22067
22068
22070
22071
22072
22073
22076
22077
22080
22081
22082
22084
22085
22086
22087
22088
22089
22090
22091
22092
22093
22094
22095
22096
22098
22099
22100
22101
22102
22103
22104
22105
22106
22107
22108
22109
22112
22113
22114
22115
22116
22117
22120
22121
22124
22125
22126
22127
22128
22129
22130
22131
22132
22133
22134
22135
22136
22137
22139
22140
22141
22142
22143
22144
22145
22147
22149
22150
22151
22152
22153
22154
22155
22156
22157
22158
22160
22161
22162
22163
22164
22165
22166
22167
22168
22170
22171
22172
22174
22175
22176
22177
22178
22179
22180
22181
22182
22183
22184
22185
22186
22187
22188
22189
22191
22193
22194
22195
22196
22197
22199
22200
22201
22203
22205
22206
22207
22208
22209
22210
22211
22212
22213
22214
22217
22218
22219
22220
22221
22223
22225
22226
22228
22230
22231
22232
22233
22234
22235
22236
22237
22238
22239
22240
22241
22242
22243
22244
22245
22246
22247
22248
22250
22251
22253
22254
22255
22256
22257
22258
22259
22260
22262
22263
22265
22266
22267
22268
22269
22270
22272
22273
22274
22275
22276
22277
22278
22279
22281
22282
22283
22284
22285
22286
22287
22289
22290
22291
22292
22293
22294
22295
22296
22298
22299
22300
22301
22302
22304
22305
22306
22307
22308
22309
22310
22312
22313
22315
22316
22317
22318
22319
22320
22321
22322
22323
22324
22325
22326
22327
22328
22329
22330
22331
22332
22333
22334
22335
22336
22337
22338
22339
22341
22342
22343
22344
22345
22347
22348
22349
22350
22351
22353
22355
22356
22358
22359
22360
22361
22362
22365
22367
22368
22369
22370
22371
22372
22373
22374
22375
22377
22378
22379
22380
22381
22382
22383
22384
22385
22386
22387
22390
22391
22392
22393
22394
22395
22396
22397
22399
22400
22402
22403
22405
22408
22409
22411
22412
22413
22414
22415
22416
22417
22418
22419
22421
22422
22423
22424
22425
22426
22427
22428
22430
22431
22432
22433
22434
22435
22436
22437
22439
22440
22441
22442
22443
22444
22445
22446
22447
22449
22450
22451
22452
22453
22455
22456
22458
22459
22460
22461
22462
22463
22464
22465
22466
22467
22468
22469
22470
22471
22472
22474
22475
22476
22477
22478
22480
22481
22482
22483
22484
22485
22486
22487
22488
22491
22492
22493
22494
22495
22496
22497
22498
22499
22500
22502
22503
22505
22506
22507
22510
22511
22512
22513
22515
22516
22517
22518
22519
22522
22523
22524
22525
22526
22527
22528
22529
22530
22532
22533
22534
22535
22536
22537
22538
22540
22541
22542
22543
22544
22545
22546
22549
22550
22551
22552
22553
22555
22556
22557
22558
22559
22560
22561
22562
22563
22564
22565
22567
22569
22570
22571
22572
22573
22575
22576
22577
22578
22579
22580
22581
22582
22583
22584
22585
22586
22587
22588
22589
22590
22591
22592
22593
22595
22596
22597
22598
22599
22600
22602
22604
22605
22606
22608
22609
22610
22611
22612
22613
22614
22615
22618
22619
22621
22623
22624
22625
22626
22627
22628
22629
22630
22631
22632
22633
22634
22635
22636
22637
22638
22639
22640
22641
22643
22644
22645
22646
22648
22649
22651
22652
22654
22655
22656
22657
22658
22659
22660
22661
22662
22663
22664
22665
22666
22668
22669
22670
22671
22672
22673
22674
22675
22676
22677
22678
22679
22680
22682
22683
22684
22685
22686
22687
22690
22693
22695
22696
22698
22699
22700
22702
22703
22706
22707
22709
22711
22713
22714
22715
22716
22717
22718
22720
22721
22723
22724
22725
22728
22729
22730
22731
22732
22735
22736
22737
22738
22739
22740
22741
22742
22743
22744
22746
22749
22750
22751
22753
22754
22755
22756
22757
22759
22760
22761
22762
22763
22764
22765
22766
22767
22768
22770
22771
22772
22773
22774
22775
22776
22777
22778
22779
22780
22782
22783
22784
22785
22786
22787
22788
22790
22791
22792
22793
22794
22796
22797
22799
22800
22801
22802
22804
22805
22806
22807
22809
22810
22811
22812
22814
22815
22816
22817
22819
22820
22822
22823
22824
22825
22826
22827
22828
22830
22832
22833
22834
22835
22836
22838
22839
22840
22841
22842
22844
22845
22846
22847
22848
22852
22854
22855
22856
22857
22858
22860
22861
22862
22863
22864
22865
22866
22867
22868
22869
22870
22871
22872
22873
22874
22875
22876
22878
22879
22880
22881
22882
22885
22887
22888
22889
22890
22891
22892
22893
22895
22897
22898
22900
22901
22902
22903
22904
22905
22906
22907
22908
22909
22910
22911
22912
22914
22916
22917
22918
22919
22921
22922
22924
22926
22927
22928
22929
22931
22933
22934
22936
22937
22939
22940
22941
22942
22943
22944
22945
22946
22947
22948
22949
22950
22951
22952
22953
22955
22956
22957
22958
22960
22961
22962
22963
22965
22966
22967
22968
22969
22973
22975
22977
22979
22980
22981
22982
22983
22984
22985
22986
22987
22988
22990
22991
22992
22993
22994
22995
22996
22997
22998
22999
23000
23001
23002
23003
23004
23005
23006
23007
23008
23009
23010
23011
23012
23014
23016
23017
23018
23021
23022
23023
23024
23025
23027
23028
23029
23030
23032
23033
23035
23036
23037
23038
23040
23041
23043
23044
23045
23046
23047
23049
23050
23053
23057
23058
23059
23060
23061
23064
23065
23066
23067
23069
23070
23071
23072
23073
23074
23075
23076
23077
23079
23080
23081
23082
23083
23084
23085
23086
23087
23088
23092
23093
23094
23095
23097
23098
23099
23101
23102
23103
23104
23105
23107
23110
23111
23112
23113
23114
23115
23116
23117
23118
23119
23120
23121
23122
23123
23124
23128
23129
23130
23132
23133
23134
23135
23136
23140
23141
23142
23143
23144
23145
23146
23152
23153
23154
23155
23156
23157
23158
23159
23160
23161
23162
23163
23164
23165
23166
23167
23168
23169
23170
23172
23173
23174
23176
23177
23178
23180
23181
23182
23183
23184
23185
23186
23187
23189
23190
23191
23192
23193
23194
23195
23197
23198
23199
23200
23201
23202
23203
23204
23205
23206
23208
23209
23210
23211
23212
23213
23214
23215
23217
23218
23219
23220
23221
23222
23223
23225
23226
23227
23229
23232
23233
23235
23237
23238
23239
23240
23241
23243
23244
23245
23246
23248
23249
23250
23251
23252
23254
23255
23256
23257
23258
23259
23260
23261
23262
23263
23264
23267
23268
23269
23270
23271
23272
23273
23274
23275
23276
23277
23278
23279
23280
23281
23282
23283
23284
23285
23286
23287
23288
23290
23291
23292
23294
23295
23297
23298
23299
23301
23302
23303
23304
23305
23307
23308
23310
23311
23312
23314
23315
23316
23317
23318
23320
23322
23323
23324
23325
23326
23327
23329
23330
23331
23334
23335
23336
23338
23339
23341
23342
23343
23344
23345
23346
23349
23351
23352
23353
23354
23355
23356
23357
23358
23359
23360
23361
23362
23364
23367
23368
23369
23371
23372
23373
23374
23377
23378
23379
23380
23381
23382
23383
23384
23386
23389
23391
23393
23394
23395
23396
23397
23398
23399
23400
23401
23402
23403
23405
23407
23408
23409
23410
23411
23412
23413
23414
23416
23417
23419
23422
23423
23424
23425
23426
23428
23429
23431
23432
23435
23436
23437
23438
23439
23442
23443
23444
23446
23447
23448
23449
23450
23451
23452
23454
23456
23457
23459
23461
23464
23465
23466
23468
23469
23470
23471
23472
23474
23475
23476
23477
23478
23479
23480
23481
23482
23483
23484
23485
23486
23487
23488
23489
23492
23493
23494
23495
23496
23497
23498
23499
23501
23502
23505
23506
23507
23508
23509
23510
23511
23512
23513
23515
23516
23517
23520
23521
23522
23523
23524
23525
23526
23527
23529
23530
23531
23532
23533
23534
23535
23536
23538
23540
23542
23543
23546
23547
23548
23549
23551
23553
23554
23556
23557
23559
23560
23561
23562
23563
23564
23566
23568
23570
23571
23572
23573
23575
23576
23577
23578
23579
23580
23581
23582
23583
23585
23586
23587
23588
23589
23590
23592
23595
23596
23597
23598
23600
23601
23602
23603
23604
23605
23606
23607
23608
23609
23610
23611
23613
23614
23615
23616
23617
23618
23619
23620
23622
23625
23626
23628
23629
23630
23631
23632
23633
23634
23635
23636
23637
23638
23639
23640
23641
23642
23643
23644
23647
23648
23649
23650
23652
23653
23655
23657
23658
23659
23661
23662
23663
23664
23665
23667
23668
23669
23670
23672
23673
23674
23675
23676
23677
23678
23679
23680
23681
23682
23683
23684
23685
23686
23688
23689
23690
23692
23693
23695
23697
23698
23699
23700
23702
23703
23704
23705
23706
23708
23709
23713
23714
23715
23716
23717
23718
23719
23720
23721
23722
23723
23724
23725
23726
23727
23728
23729
23730
23731
23733
23734
23735
23736
23737
23738
23739
23740
23741
23742
23743
23744
23746
23747
23748
23749
23750
23751
23752
23753
23755
23756
23757
23758
23759
23760
23761
23762
23763
23764
23765
23767
23768
23769
23770
23771
23772
23773
23774
23775
23776
23777
23778
23779
23782
23783
23785
23786
23787
23790
23791
23792
23793
23794
23795
23796
23797
23799
23800
23801
23802
23804
23805
23806
23807
23808
23809
23810
23811
23812
23814
23815
23816
23818
23819
23820
23822
23823
23825
23826
23827
23828
23829
23830
23831
23832
23833
23834
23835
23836
23837
23838
23839
23841
23842
23843
23845
23846
23847
23848
23849
23850
23851
23852
23853
23854
23855
23856
23857
23859
23860
23861
23862
23864
23866
23867
23868
23870
23871
23872
23873
23874
23875
23877
23879
23880
23883
23884
23886
23890
23891
23892
23893
23894
23895
23896
23897
23898
23899
23900
23901
23903
23907
23908
23909
23910
23912
23913
23914
23915
23917
23918
23919
23920
23921
23922
23925
23926
23927
23928
23929
23930
23932
23934
23935
23936
23937
23938
23940
23941
23942
23944
23945
23946
23949
23950
23951
23952
23953
23954
23956
23957
23958
23959
23960
23961
23963
23964
23965
23966
23967
23968
23969
23970
23971
23972
23973
23975
23977
23978
23980
23981
23982
23985
23986
23987
23989
23991
23994
23995
23996
23997
24001
24002
24003
24004
24006
24007
24008
24009
24010
24011
24012
24013
24014
24015
24016
24019
24020
24021
24022
24023
24024
24025
24026
24027
24028
24029
24030
24031
24033
24034
24036
24037
24038
24039
24040
24041
24043
24046
24047
24048
24049
24050
24051
24052
24053
24054
24056
24057
24058
24059
24060
24061
24062
24063
24065
24066
24067
24068
24072
24073
24074
24075
24076
24077
24078
24079
24080
24081
24082
24083
24084
24086
24087
24088
24089
24090
24091
24092
24093
24094
24095
24096
24098
24100
24101
24102
24103
24104
24105
24106
24108
24109
24110
24112
24113
24115
24116
24117
24118
24119
24120
24121
24122
24123
24124
24125
24126
24127
24128
24129
24132
24133
24136
24137
24138
24140
24141
24142
24145
24146
24147
24148
24149
24150
24151
24152
24153
24154
24155
24156
24157
24158
24159
24160
24161
24162
24163
24164
24165
24166
24167
24168
24169
24170
24171
24173
24175
24177
24178
24179
24180
24183
24184
24185
24186
24187
24188
24191
24192
24193
24194
24195
24197
24198
24199
24200
24201
24202
24203
24204
24205
24206
24207
24209
24210
24212
24214
24217
24218
24219
24220
24221
24222
24223
24224
24225
24226
24227
24228
24229
24230
24231
24233
24234
24235
24236
24237
24238
24239
24240
24241
24242
24243
24244
24245
24247
24249
24250
24251
24253
24254
24255
24259
24260
24261
24262
24263
24264
24265
24266
24268
24269
24270
24271
24272
24273
24274
24275
24276
24277
24278
24279
24280
24281
24282
24284
24285
24286
24288
24289
24290
24291
24293
24294
24295
24296
24297
24298
24300
24301
24302
24303
24304
24305
24307
24308
24309
24310
24311
24312
24313
24315
24316
24317
24318
24319
24320
24322
24323
24326
24328
24330
24331
24332
24333
24334
24335
24336
24337
24338
24339
24340
24342
24343
24344
24346
24347
24348
24349
24350
24351
24352
24353
24354
24355
24358
24359
24360
24363
24364
24365
24366
24367
24368
24369
24370
24372
24373
24374
24375
24376
24378
24379
24380
24381
24382
24383
24384
24385
24386
24387
24388
24389
24390
24391
24392
24393
24395
24396
24397
24398
24399
24401
24402
24403
24404
24407
24408
24409
24410
24411
24412
24413
24414
24415
24416
24418
24419
24420
24423
24424
24425
24426
24427
24429
24434
24435
24437
24438
24439
24441
24442
24443
24444
24445
24446
24447
24448
24450
24452
24453
24454
24455
24458
24459
24460
24461
24462
24463
24464
24467
24468
24469
24470
24471
24472
24475
24477
24478
24479
24480
24481
24482
24484
24485
24486
24487
24488
24489
24490
24491
24493
24495
24496
24497
24499
24501
24502
24503
24504
24505
24507
24508
24509
24510
24511
24512
24513
24514
24515
24516
24517
24518
24519
24520
24521
24522
24523
24524
24526
24527
24528
24529
24530
24531
24532
24533
24534
24535
24536
24537
24542
24543
24544
24545
24546
24547
24548
24549
24550
24551
24553
24554
24555
24556
24557
24559
24560
24561
24562
24563
24564
24566
24568
24569
24571
24572
24573
24574
24575
24576
24577
24578
24579
24580
24581
24582
24583
24586
24587
24589
24590
24591
24592
24593
24596
24597
24598
24600
24601
24602
24603
24604
24605
24606
24608
24609
24610
24611
24612
24613
24614
24615
24616
24617
24618
24621
24622
24624
24625
24627
24628
24629
24631
24632
24634
24635
24636
24637
24638
24639
24640
24642
24644
24645
24646
24647
24648
24649
24651
24652
24654
24655
24656
24657
24658
24659
24660
24661
24662
24664
24665
24666
24667
24668
24669
24670
24671
24674
24675
24676
24677
24678
24679
24681
24685
24687
24689
24690
24691
24693
24694
24695
24696
24698
24699
24700
24701
24703
24704
24708
24710
24713
24714
24715
24716
24717
24718
24719
24720
24721
24722
24723
24724
24725
24726
24727
24728
24729
24731
24732
24733
24734
24735
24736
24737
24738
24739
24740
24742
24744
24745
24746
24747
24749
24750
24751
24752
24755
24756
24757
24758
24759
24762
24763
24764
24765
24766
24767
24768
24770
24771
24772
24773
24775
24776
24777
24778
24779
24780
24781
24782
24783
24784
24785
24786
24787
24788
24790
24791
24792
24793
24794
24795
24796
24797
24798
24799
24800
24801
24802
24804
24806
24807
24808
24809
24810
24811
24812
24813
24815
24816
24820
24821
24822
24824
24825
24826
24827
24828
24829
24830
24831
24832
24833
24834
24836
24837
24838
24839
24840
24841
24842
24843
24844
24845
24846
24847
24848
24850
24851
24852
24853
24854
24855
24856
24860
24861
24862
24863
24864
24865
24866
24867
24868
24869
24873
24874
24875
24876
24878
24879
24880
24881
24882
24883
24886
24887
24888
24890
24891
24892
24893
24894
24895
24896
24897
24898
24899
24900
24901
24902
24903
24904
24905
24907
24911
24912
24915
24917
24918
24919
24921
24923
24924
24925
24927
24928
24929
24930
24931
24932
24933
24934
24935
24936
24937
24938
24939
24940
24941
24942
24944
24946
24947
24948
24949
24950
24951
24952
24953
24954
24955
24956
24957
24958
24959
24960
24962
24963
24964
24965
24966
24967
24968
24969
24970
24972
24973
24974
24975
24976
24977
24978
24979
24980
24981
24982
24983
24985
24986
24987
24988
24989
24990
24991
24992
24993
24995
24997
24998
24999
25000
25001
25002
25003
25004
25005
25006
25007
25008
25009
25010
25012
25014
25015
25016
25017
25018
25019
25020
25023
25025
25026
25027
25028
25029
25030
25032
25033
25034
25035
25036
25037
25038
25039
25040
25041
25042
25043
25044
25045
25047
25048
25050
25051
25052
25053
25054
25055
25056
25057
25058
25060
25062
25063
25064
25065
25066
25067
25068
25070
25072
25073
25074
25075
25076
25077
25078
25079
25080
25082
25083
25084
25085
25086
25087
25089
25091
25092
25095
25096
25097
25098
25099
25100
25101
25103
25104
25105
25106
25108
25111
25112
25113
25114
25115
25116
25117
25118
25119
25120
25122
25123
25124
25125
25126
25127
25128
25129
25130
25131
25132
25133
25134
25136
25137
25138
25140
25141
25142
25143
25144
25145
25146
25147
25148
25149
25152
25153
25155
25156
25157
25158
25160
25161
25162
25163
25164
25165
25166
25167
25168
25170
25171
25172
25173
25174
25175
25177
25178
25180
25181
25182
25183
25186
25187
25191
25192
25193
25194
25195
25196
25197
25198
25200
25201
25202
25203
25204
25206
25207
25208
25209
25210
25211
25212
25213
25214
25215
25216
25217
25218
25219
25220
25221
25223
25224
25225
25226
25227
25228
25229
25230
25231
25232
25233
25234
25236
25237
25238
25241
25243
25244
25245
25246
25247
25249
25250
25252
25253
25255
25256
25257
25258
25259
25261
25262
25264
25265
25267
25270
25271
25273
25274
25276
25277
25278
25279
25280
25281
25282
25283
25284
25285
25286
25287
25289
25291
25292
25293
25294
25296
25297
25299
25300
25302
25303
25304
25306
25307
25309
25310
25311
25312
25313
25314
25315
25316
25317
25318
25319
25320
25321
25322
25323
25325
25326
25328
25329
25330
25331
25333
25334
25335
25336
25337
25338
25339
25340
25341
25342
25343
25344
25347
25348
25349
25350
25351
25352
25353
25354
25357
25358
25362
25363
25364
25365
25366
25367
25368
25371
25372
25374
25375
25376
25377
25378
25379
25380
25382
25383
25385
25386
25387
25388
25389
25391
25392
25393
25394
25395
25396
25397
25398
25399
25400
25402
25403
25404
25405
25406
25407
25408
25410
25411
25412
25414
25416
25417
25419
25422
25423
25424
25425
25427
25428
25429
25430
25432
25433
25434
25436
25437
25438
25439
25440
25442
25446
25447
25448
25449
25450
25451
25453
25455
25456
25457
25458
25459
25460
25461
25462
25464
25465
25466
25467
25468
25469
25470
25471
25472
25473
25474
25476
25477
25478
25479
25480
25481
25482
25483
25484
25485
25487
25489
25490
25492
25493
25494
25497
25498
25499
25500
25502
25503
25504
25506
25507
25508
25510
25513
25514
25516
25517
25518
25519
25521
25522
25523
25524
25525
25526
25527
25528
25530
25531
25532
25534
25535
25536
25537
25538
25539
25540
25542
25543
25544
25545
25546
25547
25548
25549
25552
25553
25555
25556
25557
25559
25561
25563
25564
25565
25566
25567
25568
25569
25570
25572
25573
25574
25577
25578
25580
25581
25582
25583
25584
25585
25586
25587
25588
25590
25591
25592
25593
25595
25597
25598
25599
25600
25602
25605
25609
25610
25611
25613
25615
25616
25617
25618
25619
25620
25621
25622
25624
25626
25627
25628
25629
25632
25633
25635
25637
25638
25640
25641
25642
25643
25644
25645
25646
25649
25651
25652
25654
25655
25657
25658
25659
25660
25661
25662
25663
25664
25666
25668
25670
25672
25674
25675
25676
25677
25678
25679
25680
25681
25682
25685
25688
25689
25690
25692
25693
25694
25696
25697
25699
25700
25701
25702
25703
25704
25705
25706
25707
25708
25709
25710
25711
25712
25714
25715
25716
25717
25718
25719
25720
25721
25722
25723
25724
25725
25726
25728
25729
25730
25731
25733
25735
25736
25737
25738
25739
25740
25741
25742
25744
25747
25749
25750
25751
25752
25753
25756
25757
25758
25760
25761
25762
25763
25766
25768
25769
25770
25771
25773
25774
25775
25776
25779
25780
25781
25786
25788
25790
25791
25792
25793
25794
25795
25796
25797
25798
25801
25803
25804
25805
25806
25807
25808
25810
25811
25812
25814
25816
25817
25818
25819
25820
25821
25822
25823
25824
25825
25826
25827
25828
25829
25830
25831
25832
25833
25835
25836
25838
25839
25841
25842
25844
25847
25848
25849
25850
25851
25852
25854
25855
25856
25857
25858
25860
25862
25863
25864
25865
25866
25868
25869
25872
25874
25875
25876
25878
25879
25880
25881
25882
25883
25884
25885
25887
25888
25889
25890
25891
25892
25893
25895
25896
25897
25898
25899
25900
25901
25902
25903
25905
25907
25908
25909
25910
25911
25912
25913
25914
25916
25917
25918
25919
25920
25921
25922
25923
25924
25926
25927
25929
25930
25931
25932
25933
25935
25936
25938
25939
25940
25941
25943
25944
25945
25946
25948
25949
25950
25952
25953
25954
25955
25956
25958
25959
25961
25962
25964
25966
25967
25968
25969
25970
25971
25972
25973
25974
25975
25976
25977
25979
25981
25984
25986
25988
25989
25991
25992
25993
25994
25996
25997
25998
26000
26001
26002
26003
26004
26005
26006
26007
26008
26009
26010
26012
26013
26014
26015
26018
26019
26021
26022
26023
26024
26025
26026
26027
26029
26030
26031
26032
26033
26034
26035
26036
26037
26038
26039
26040
26041
26042
26043
26044
26045
26047
26048
26049
26050
26052
26053
26054
26055
26056
26060
26061
26062
26063
26065
26067
26068
26069
26070
26072
26073
26074
26075
26076
26077
26078
26079
26080
26081
26084
26085
26087
26089
26091
26092
26093
26094
26095
26096
26097
26098
26099
26100
26101
26102
26103
26104
26106
26107
26108
26109
26110
26111
26112
26115
26116
26117
26119
26123
26124
26125
26126
26127
26128
26129
26131
26132
26134
26135
26137
26139
26140
26141
26142
26143
26144
26146
26147
26148
26151
26152
26153
26155
26156
26157
26161
26162
26163
26164
26166
26167
26168
26170
26172
26173
26174
26177
26178
26179
26180
26182
26183
26184
26185
26187
26188
26189
26190
26191
26192
26193
26194
26195
26196
26197
26198
26200
26201
26202
26203
26205
26207
26208
26209
26211
26213
26214
26215
26216
26217
26218
26219
26222
26223
26224
26225
26226
26227
26228
26230
26231
26234
26235
26236
26237
26241
26242
26243
26246
26248
26250
26252
26253
26254
26256
26257
26258
26259
26260
26261
26262
26263
26264
26265
26266
26267
26268
26270
26271
26273
26275
26277
26278
26280
26281
26283
26284
26286
26287
26288
26289
26290
26291
26292
26293
26294
26295
26296
26297
26298
26299
26300
26301
26302
26303
26305
26306
26307
26308
26310
26311
26312
26313
26314
26315
26316
26317
26320
26321
26322
26323
26324
26325
26327
26328
26329
26330
26331
26332
26333
26334
26336
26338
26339
26340
26341
26342
26343
26344
26345
26346
26347
26348
26349
26350
26351
26352
26353
26354
26355
26357
26358
26359
26361
26363
26365
26366
26367
26368
26369
26370
26372
26373
26375
26377
26379
26380
26381
26382
26383
26384
26385
26386
26387
26388
26389
26391
26392
26394
26395
26396
26397
26398
26401
26403
26404
26405
26406
26407
26408
26409
26410
26412
26413
26415
26417
26418
26421
26422
26424
26425
26427
26428
26429
26430
26431
26432
26433
26436
26437
26438
26439
26440
26441
26442
26444
26446
26448
26450
26453
26454
26455
26458
26462
26463
26464
26466
26469
26470
26471
26472
26473
26475
26477
26479
26482
26483
26484
26486
26487
26488
26490
26491
26492
26496
26498
26500
26501
26502
26503
26504
26506
26507
26508
26510
26512
26513
26514
26515
26516
26517
26519
26521
26524
26525
26526
26527
26530
26531
26532
26533
26534
26535
26536
26539
26540
26541
26542
26543
26544
26545
26547
26548
26549
26550
26554
26555
26556
26557
26558
26561
26564
26565
26566
26568
26569
26570
26571
26572
26574
26576
26577
26578
26579
26581
26582
26584
26585
26586
26587
26588
26589
26590
26591
26592
26593
26595
26596
26597
26598
26599
26600
26601
26602
26605
26606
26607
26608
26609
26610
26611
26612
26613
26614
26615
26616
26617
26618
26619
26620
26621
26622
26623
26624
26628
26629
26630
26631
26632
26634
26635
26636
26637
26639
26640
26641
26642
26644
26646
26647
26648
26649
26650
26651
26652
26653
26654
26655
26656
26657
26658
26659
26660
26661
26663
26664
26666
26667
26669
26670
26671
26672
26676
26677
26678
26679
26680
26681
26682
26683
26684
26685
26686
26687
26688
26689
26690
26691
26694
26696
26697
26699
26701
26702
26703
26704
26705
26706
26707
26708
26709
26710
26711
26713
26714
26715
26716
26717
26718
26721
26722
26723
26724
26728
26729
26730
26731
26733
26734
26735
26737
26738
26739
26740
26745
26746
26747
26748
26750
26754
26755
26756
26758
26759
26760
26762
26763
26764
26766
26767
26768
26770
26772
26773
26774
26775
26777
26778
26779
26781
26782
26783
26784
26785
26788
26789
26790
26791
26792
26793
26796
26799
26801
26802
26804
26805
26806
26807
26808
26809
26810
26811
26812
26814
26815
26816
26817
26818
26819
26820
26823
26824
26825
26826
26828
26829
26831
26832
26834
26837
26838
26841
26842
26843
26845
26846
26847
26849
26850
26852
26854
26857
26858
26859
26860
26861
26862
26863
26864
26865
26867
26870
26872
26873
26874
26875
26876
26878
26879
26880
26881
26882
26884
26886
26887
26889
26891
26893
26894
26895
26896
26897
26898
26899
26900
26901
26902
26903
26904
26905
26907
26910
26911
26912
26913
26914
26915
26917
26918
26920
26921
26922
26923
26924
26925
26926
26927
26928
26929
26930
26931
26932
26933
26934
26936
26937
26939
26940
26941
26943
26944
26946
26947
26948
26949
26950
26951
26952
26953
26954
26955
26956
26957
26961
26963
26964
26965
26967
26968
26969
26970
26971
26972
26973
26974
26977
26978
26980
26981
26982
26984
26985
26988
26989
26990
26991
26992
26993
26994
26996
26997
26998
26999
27000
27002
27004
27005
27006
27007
27008
27009
27010
27011
27012
27015
27016
27017
27018
27020
27021
27022
27023
27024
27025
27026
27027
27028
27030
27031
27032
27033
27034
27035
27036
27038
27041
27043
27044
27045
27047
27048
27049
27050
27051
27053
27054
27055
27056
27059
27060
27062
27063
27064
27065
27066
27067
27068
27069
27070
27072
27073
27077
27078
27079
27080
27082
27083
27084
27085
27086
27087
27088
27089
27090
27091
27092
27094
27095
27096
27097
27099
27100
27101
27102
27103
27104
27105
27106
27107
27108
27109
27110
27111
27113
27114
27116
27117
27118
27119
27120
27121
27122
27123
27124
27125
27126
27127
27128
27129
27130
27132
27133
27134
27135
27136
27137
27138
27139
27140
27141
27142
27143
27146
27148
27150
27151
27152
27153
27155
27156
27158
27160
27161
27162
27163
27164
27165
27166
27167
27168
27169
27171
27172
27174
27175
27179
27181
27183
27184
27186
27187
27188
27189
27190
27191
27192
27193
27194
27195
27196
27197
27198
27199
27200
27201
27203
27204
27205
27206
27207
27209
27210
27211
27212
27213
27214
27215
27216
27217
27218
27219
27221
27222
27223
27224
27225
27226
27227
27228
27230
27231
27232
27233
27235
27237
27238
27240
27242
27243
27245
27246
27247
27248
27251
27253
27254
27255
27256
27257
27259
27260
27262
27263
27264
27265
27267
27270
27271
27273
27276
27277
27279
27280
27281
27282
27283
27284
27285
27286
27287
27289
27290
27291
27292
27293
27294
27295
27296
27297
27298
27299
27300
27301
27302
27303
27304
27305
27306
27308
27309
27312
27313
27314
27315
27317
27318
27321
27322
27323
27324
27325
27327
27328
27329
27330
27332
27334
27335
27336
27337
27338
27339
27342
27344
27345
27346
27350
27351
27352
27353
27354
27355
27356
27357
27358
27359
27360
27361
27365
27366
27367
27370
27371
27372
27373
27374
27376
27378
27379
27380
27381
27382
27383
27384
27385
27386
27388
27389
27390
27391
27392
27393
27394
27395
27396
27398
27400
27401
27402
27403
27404
27405
27406
27410
27411
27412
27413
27415
27416
27417
27418
27419
27421
27422
27423
27424
27425
27427
27433
27435
27436
27437
27438
27439
27442
27443
27445
27446
27447
27449
27450
27451
27452
27453
27454
27455
27458
27460
27461
27462
27463
27464
27466
27467
27469
27470
27471
27472
27475
27477
27478
27480
27481
27482
27483
27484
27485
27486
27487
27488
27489
27490
27491
27492
27493
27494
27496
27498
27499
27500
27502
27504
27507
27509
27510
27512
27513
27514
27515
27517
27518
27519
27520
27521
27522
27523
27524
27525
27526
27528
27529
27530
27531
27532
27533
27534
27535
27536
27538
27539
27540
27542
27544
27545
27546
27548
27549
27550
27551
27553
27554
27555
27556
27557
27558
27559
27560
27562
27563
27565
27566
27567
27568
27570
27571
27572
27574
27575
27577
27582
27583
27584
27586
27588
27589
27590
27591
27593
27595
27597
27599
27600
27601
27602
27603
27604
27605
27607
27608
27609
27610
27611
27612
27613
27614
27618
27619
27620
27622
27623
27624
27625
27626
27629
27630
27631
27632
27633
27634
27635
27636
27638
27639
27641
27642
27643
27645
27646
27647
27648
27649
27650
27651
27652
27653
27654
27655
27656
27657
27659
27661
27662
27664
27666
27667
27668
27669
27670
27671
27672
27673
27674
27675
27676
27679
27680
27681
27682
27683
27685
27686
27687
27689
27690
27692
27693
27694
27695
27696
27697
27698
27699
27700
27701
27702
27703
27704
27705
27706
27707
27709
27710
27711
27712
27713
27714
27716
27717
27718
27719
27721
27722
27723
27724
27725
27726
27727
27730
27731
27732
27733
27734
27735
27736
27737
27738
27739
27740
27741
27742
27743
27744
27745
27746
27747
27748
27749
27750
27751
27754
27755
27756
27757
27758
27759
27760
27763
27764
27765
27766
27767
27768
27769
27770
27771
27775
27778
27779
27780
27781
27782
27784
27786
27788
27790
27791
27793
27794
27795
27796
27797
27798
27800
27803
27804
27805
27806
27808
27809
27811
27812
27815
27817
27819
27820
27821
27822
27823
27824
27825
27826
27827
27830
27832
27833
27836
27837
27840
27841
27843
27844
27845
27846
27848
27850
27852
27853
27857
27858
27860
27861
27862
27863
27864
27865
27866
27867
27868
27869
27871
27872
27873
27876
27878
27879
27881
27882
27885
27888
27889
27891
27892
27893
27894
27895
27896
27897
27900
27902
27903
27904
27905
27906
27907
27908
27909
27910
27911
27912
27913
27914
27915
27916
27917
27918
27919
27920
27921
27922
27923
27924
27925
27926
27927
27928
27929
27930
27931
27932
27933
27934
27935
27936
27938
27940
27941
27942
27944
27945
27946
27947
27948
27949
27950
27952
27953
27955
27956
27958
27959
27960
27962
27964
27965
27966
27967
27968
27969
27971
27972
27973
27974
27976
27977
27978
27979
27980
27981
27982
27984
27986
27987
27988
27989
27990
27991
27993
27995
27996
27997
27998
27999
28000
28001
28003
28004
28005
28007
28008
28009
28011
28012
28013
28014
28015
28016
28018
28019
28021
28022
28024
28025
28026
28028
28031
28032
28033
28034
28037
28039
28041
28042
28043
28044
28048
28049
28051
28052
28053
28054
28055
28056
28057
28058
28060
28061
28062
28064
28066
28067
28068
28069
28070
28071
28072
28073
28074
28075
28076
28077
28078
28079
28081
28082
28085
28086
28088
28089
28090
28091
28092
28095
28097
28098
28099
28100
28101
28103
28104
28105
28106
28107
28109
28110
28111
28112
28113
28115
28118
28119
28120
28121
28122
28124
28125
28130
28133
28136
28137
28139
28140
28141
28142
28143
28144
28147
28148
28149
28151
28152
28153
28154
28155
28156
28157
28158
28161
28163
28164
28165
28167
28168
28169
28170
28171
28172
28173
28174
28175
28176
28177
28178
28180
28183
28184
28185
28186
28187
28188
28189
28190
28191
28192
28193
28196
28197
28198
28200
28201
28203
28205
28206
28208
28211
28214
28215
28216
28217
28218
28219
28221
28222
28223
28224
28225
28226
28227
28228
28229
28230
28231
28232
28233
28234
28235
28236
28238
28239
28240
28241
28242
28243
28244
28245
28246
28247
28248
28249
28250
28252
28253
28254
28255
28256
28257
28258
28259
28260
28261
28262
28263
28265
28266
28267
28268
28271
28272
28274
28276
28277
28278
28279
28280
28281
28282
28283
28284
28285
28286
28288
28290
28291
28292
28293
28294
28295
28296
28297
28298
28299
28300
28301
28302
28303
28304
28305
28306
28307
28308
28310
28312
28313
28314
28315
28317
28318
28319
28320
28321
28323
28326
28327
28328
28329
28330
28331
28334
28335
28336
28338
28339
28340
28341
28342
28343
28346
28347
28348
28349
28350
28352
28354
28355
28356
28358
28359
28360
28365
28367
28368
28370
28371
28372
28374
28377
28378
28380
28381
28382
28384
28385
28387
28389
28390
28391
28392
28393
28394
28395
28396
28398
28399
28400
28402
28403
28404
28405
28406
28407
28408
28410
28411
28412
28413
28414
28416
28417
28418
28421
28423
28425
28426
28427
28428
28429
28430
28432
28433
28434
28435
28439
28440
28441
28442
28443
28444
28445
28446
28447
28448
28449
28450
28451
28452
28453
28454
28457
28458
28459
28460
28461
28463
28464
28465
28466
28468
28469
28470
28471
28472
28473
28474
28475
28476
28477
28481
28482
28484
28485
28486
28487
28488
28490
28493
28494
28495
28496
28497
28498
28500
28501
28502
28503
28504
28506
28507
28508
28509
28510
28511
28513
28514
28515
28517
28518
28519
28520
28521
28522
28523
28526
28528
28529
28530
28531
28532
28534
28535
28536
28537
28538
28539
28541
28542
28543
28545
28546
28547
28550
28551
28552
28554
28555
28556
28557
28559
28560
28561
28562
28563
28564
28565
28566
28567
28568
28569
28571
28572
28573
28574
28575
28579
28583
28585
28586
28587
28588
28589
28592
28593
28594
28595
28596
28597
28598
28599
28600
28601
28602
28603
28604
28606
28607
28608
28609
28610
28616
28617
28618
28619
28620
28621
28622
28623
28624
28625
28626
28627
28628
28629
28631
28632
28633
28635
28637
28639
28640
28641
28644
28645
28647
28648
28649
28651
28652
28655
28657
28658
28659
28660
28661
28662
28663
28665
28667
28669
28670
28671
28673
28674
28675
28676
28677
28678
28679
28681
28682
28684
28685
28686
28687
28689
28690
28691
28692
28693
28694
28695
28697
28698
28699
28700
28701
28702
28704
28705
28706
28707
28708
28709
28710
28711
28712
28713
28714
28715
28717
28718
28719
28721
28722
28723
28726
28727
28728
28729
28730
28731
28732
28733
28736
28737
28738
28739
28740
28741
28742
28743
28746
28747
28750
28751
28753
28754
28755
28756
28757
28758
28759
28760
28761
28762
28763
28764
28765
28766
28767
28768
28769
28770
28771
28772
28773
28774
28776
28782
28783
28784
28786
28789
28790
28791
28792
28793
28794
28796
28797
28799
28802
28803
28804
28805
28807
28808
28810
28811
28812
28813
28815
28816
28817
28819
28821
28822
28826
28828
28829
28830
28831
28833
28835
28837
28838
28839
28840
28841
28845
28846
28847
28849
28850
28852
28853
28855
28856
28857
28860
28862
28864
28865
28867
28868
28869
28873
28874
28875
28876
28878
28879
28880
28881
28882
28883
28885
28886
28887
28889
28891
28892
28893
28894
28895
28896
28898
28899
28900
28901
28903
28904
28905
28906
28908
28909
28910
28911
28913
28915
28916
28917
28919
28920
28921
28923
28924
28926
28928
28929
28930
28931
28932
28933
28934
28935
28936
28938
28939
28940
28941
28942
28943
28944
28945
28946
28947
28949
28950
28953
28954
28956
28958
28960
28961
28962
28963
28964
28966
28967
28969
28970
28971
28972
28973
28974
28975
28976
28978
28980
28981
28983
28985
28986
28988
28990
28991
28992
28993
28994
28995
28996
28997
28998
28999
29000
29001
29002
29003
29005
29006
29007
29008
29009
29010
29012
29014
29015
29016
29017
29018
29020
29021
29022
29025
29026
29027
29029
29031
29032
29033
29035
29037
29038
29039
29040
29041
29042
29044
29045
29046
29050
29051
29053
29054
29055
29056
29057
29058
29059
29060
29061
29062
29063
29064
29066
29067
29068
29069
29071
29072
29074
29075
29076
29077
29078
29080
29081
29082
29085
29086
29088
29089
29091
29092
29093
29094
29095
29096
29097
29099
29100
29101
29102
29103
29104
29105
29106
29108
29109
29110
29111
29112
29113
29115
29116
29118
29120
29121
29122
29123
29125
29127
29128
29129
29130
29131
29133
29134
29136
29139
29140
29141
29142
29143
29144
29145
29146
29149
29150
29153
29155
29157
29158
29159
29160
29161
29164
29166
29167
29168
29169
29170
29171
29172
29174
29176
29177
29178
29179
29180
29182
29183
29184
29187
29189
29190
29191
29192
29193
29197
29199
29201
29202
29203
29206
29208
29209
29210
29211
29212
29213
29214
29215
29216
29217
29218
29219
29220
29221
29222
29223
29229
29230
29231
29233
29234
29235
29236
29237
29238
29239
29242
29243
29245
29246
29248
29249
29251
29252
29254
29255
29256
29257
29259
29260
29261
29262
29263
29264
29265
29267
29268
29269
29270
29272
29273
29274
29275
29278
29280
29281
29283
29284
29285
29286
29287
29288
29289
29291
29292
29293
29294
29295
29296
29297
29298
29299
29300
29301
29302
29303
29304
29306
29308
29309
29310
29311
29313
29314
29315
29316
29317
29318
29320
29321
29322
29324
29326
29327
29328
29329
29330
29331
29333
29334
29337
29339
29342
29344
29345
29346
29347
29348
29350
29351
29353
29357
29358
29359
29360
29362
29363
29364
29365
29367
29368
29369
29371
29372
29375
29377
29378
29379
29380
29381
29382
29383
29384
29385
29386
29389
29390
29391
29392
29393
29394
29395
29396
29397
29398
29400
29403
29404
29406
29408
29409
29410
29411
29412
29413
29414
29415
29419
29420
29421
29422
29424
29425
29426
29428
29429
29430
29431
29433
29434
29435
29436
29437
29438
29439
29440
29441
29442
29445
29446
29447
29448
29449
29450
29451
29452
29454
29455
29456
29457
29458
29459
29460
29461
29463
29464
29465
29466
29469
29470
29471
29472
29473
29474
29476
29477
29478
29482
29485
29486
29487
29490
29491
29492
29493
29494
29495
29496
29500
29501
29502
29503
29505
29506
29507
29508
29509
29510
29511
29512
29515
29516
29517
29518
29520
29521
29522
29523
29525
29526
29527
29528
29529
29530
29531
29533
29535
29537
29538
29539
29540
29541
29542
29543
29545
29548
29550
29551
29552
29553
29554
29556
29557
29559
29560
29561
29562
29563
29564
29566
29567
29569
29571
29572
29573
29574
29575
29576
29577
29579
29580
29581
29582
29584
29586
29587
29588
29589
29591
29592
29593
29594
29595
29596
29597
29598
29601
29602
29605
29606
29607
29608
29609
29611
29612
29614
29615
29616
29617
29618
29619
29620
29621
29622
29623
29624
29625
29627
29628
29629
29631
29634
29635
29636
29637
29638
29639
29640
29641
29642
29643
29644
29646
29647
29648
29649
29650
29651
29652
29653
29655
29656
29657
29658
29659
29660
29663
29664
29665
29666
29667
29668
29669
29672
29674
29677
29678
29680
29681
29682
29683
29684
29685
29686
29687
29688
29689
29690
29691
29693
29694
29695
29696
29697
29698
29699
29701
29703
29707
29709
29711
29712
29713
29714
29715
29717
29719
29721
29722
29723
29725
29726
29727
29728
29729
29730
29731
29732
29734
29735
29736
29738
29743
29744
29745
29746
29748
29749
29750
29752
29753
29754
29755
29756
29758
29760
29761
29762
29763
29764
29765
29768
29769
29770
29771
29772
29773
29774
29775
29776
29777
29778
29780
29781
29783
29784
29785
29786
29787
29792
29793
29794
29795
29796
29797
29798
29799
29800
29801
29802
29804
29805
29806
29807
29808
29809
29810
29811
29812
29813
29815
29817
29818
29819
29820
29821
29822
29824
29826
29827
29828
29831
29832
29833
29834
29835
29838
29839
29840
29841
29842
29843
29844
29845
29846
29847
29850
29851
29852
29853
29854
29855
29856
29858
29859
29860
29861
29862
29863
29865
29866
29868
29869
29872
29873
29875
29877
29878
29879
29880
29881
29883
29884
29885
29887
29889
29890
29891
29892
29893
29895
29896
29898
29899
29900
29901
29902
29903
29904
29905
29906
29907
29908
29910
29912
29913
29914
29916
29918
29919
29921
29922
29924
29925
29926
29927
29928
29929
29933
29934
29935
29936
29938
29939
29940
29941
29942
29945
29946
29949
29950
29952
29954
29955
29956
29957
29958
29959
29960
29961
29962
29963
29964
29965
29966
29967
29970
29971
29972
29973
29975
29976
29977
29978
29979
29980
29982
29983
29985
29986
29988
29989
29991
29993
29995
29997
29998
29999
30001
30003
30004
30006
30007
30008
30009
30011
30013
30014
30015
30016
30017
30018
30020
30021
30022
30023
30027
30028
30029
30030
30031
30032
30033
30034
30035
30036
30038
30039
30040
30042
30043
30044
30046
30047
30049
30051
30052
30053
30054
30055
30056
30057
30058
30059
30060
30061
30062
30064
30065
30066
30067
30068
30069
30070
30071
30074
30076
30078
30079
30080
30081
30084
30086
30087
30088
30089
30090
30091
30092
30094
30096
30097
30098
30101
30102
30104
30106
30107
30108
30111
30113
30114
30116
30117
30118
30119
30120
30121
30123
30124
30125
30126
30127
30129
30131
30132
30135
30137
30138
30140
30141
30142
30143
30144
30145
30146
30147
30148
30149
30150
30151
30152
30153
30154
30155
30156
30157
30158
30160
30163
30164
30165
30167
30171
30172
30173
30174
30177
30179
30181
30182
30183
30184
30185
30186
30187
30188
30189
30191
30192
30193
30195
30196
30197
30198
30200
30202
30203
30204
30205
30207
30208
30209
30211
30212
30214
30215
30217
30218
30219
30220
30221
30222
30223
30224
30225
30226
30227
30228
30230
30231
30232
30233
30234
30235
30236
30237
30238
30239
30240
30241
30242
30243
30244
30245
30246
30248
30249
30251
30253
30254
30255
30257
30260
30261
30262
30263
30264
30265
30266
30267
30269
30271
30272
30273
30274
30276
30278
30279
30282
30283
30284
30285
30287
30288
30289
30290
30292
30293
30295
30296
30298
30299
30303
30304
30305
30306
30308
30310
30311
30313
30314
30315
30316
30317
30318
30319
30320
30321
30323
30324
30326
30327
30328
30329
30330
30332
30333
30334
30335
30337
30339
30342
30344
30345
30346
30347
30348
30349
30350
30351
30353
30354
30355
30357
30358
30359
30360
30361
30362
30363
30364
30365
30366
30367
30368
30369
30370
30371
30372
30373
30374
30376
30377
30378
30379
30381
30382
30383
30385
30386
30389
30393
30394
30396
30397
30398
30399
30401
30404
30405
30406
30407
30408
30410
30411
30412
30413
30414
30415
30416
30417
30420
30422
30423
30424
30425
30426
30427
30429
30430
30431
30433
30434
30436
30437
30438
30439
30441
30442
30443
30444
30446
30451
30452
30453
30455
30456
30457
30458
30459
30460
30462
30463
30465
30466
30467
30469
30470
30471
30472
30473
30474
30475
30476
30477
30479
30481
30483
30486
30487
30488
30489
30490
30491
30492
30494
30495
30496
30497
30498
30499
30500
30501
30503
30505
30506
30508
30509
30510
30511
30512
30513
30514
30515
30516
30517
30519
30520
30521
30523
30525
30527
30529
30530
30532
30533
30534
30535
30537
30538
30539
30541
30542
30543
30545
30546
30550
30551
30553
30557
30558
30559
30560
30561
30562
30563
30564
30565
30568
30569
30570
30571
30573
30575
30576
30577
30578
30579
30580
30581
30582
30584
30585
30586
30587
30588
30590
30591
30592
30593
30594
30595
30596
30597
30598
30599
30600
30601
30603
30604
30605
30606
30607
30609
30610
30614
30615
30616
30618
30619
30620
30621
30622
30623
30624
30625
30626
30628
30630
30632
30634
30635
30637
30638
30639
30640
30641
30644
30646
30647
30648
30650
30651
30652
30653
30654
30655
30656
30658
30659
30660
30661
30662
30663
30664
30667
30668
30669
30670
30672
30673
30674
30675
30676
30678
30679
30680
30682
30683
30684
30686
30687
30688
30689
30690
30691
30692
30693
30694
30695
30696
30697
30700
30701
30702
30703
30705
30707
30709
30710
30711
30712
30713
30714
30715
30716
30717
30718
30719
30720
30723
30724
30725
30728
30729
30730
30731
30732
30733
30735
30738
30740
30741
30742
30743
30744
30745
30746
30747
30748
30749
30750
30751
30753
30754
30755
30756
30758
30760
30761
30762
30763
30764
30765
30766
30768
30773
30774
30775
30776
30777
30778
30779
30780
30782
30784
30785
30786
30787
30788
30790
30792
30793
30794
30796
30797
30798
30799
30800
30801
30803
30804
30805
30807
30808
30809
30810
30812
30813
30814
30815
30816
30817
30818
30820
30821
30822
30824
30825
30826
30827
30828
30831
30832
30834
30835
30836
30837
30838
30839
30840
30841
30842
30843
30844
30846
30847
30848
30850
30851
30852
30853
30854
30855
30857
30858
30859
30860
30861
30862
30863
30864
30867
30868
30869
30870
30871
30872
30873
30874
30875
30876
30878
30879
30880
30881
30882
30883
30885
30886
30887
30888
30889
30893
30894
30897
30899
30900
30901
30902
30903
30904
30906
30907
30909
30911
30912
30913
30914
30915
30917
30918
30921
30923
30924
30925
30927
30928
30931
30932
30933
30935
30936
30937
30938
30939
30941
30942
30945
30946
30948
30949
30950
30951
30952
30953
30954
30955
30956
30957
30958
30959
30960
30961
30962
30963
30965
30966
30967
30968
30969
30971
30972
30973
30974
30975
30976
30977
30978
30979
30980
30982
30987
30988
30989
30991
30992
30993
30994
30995
30996
30999
31000
31002
31003
31005
31007
31008
31009
31010
31012
31013
31015
31016
31017
31022
31023
31024
31025
31027
31028
31030
31032
31034
31036
31037
31038
31039
31042
31043
31046
31047
31049
31051
31052
31053
31054
31055
31056
31057
31058
31059
31061
31062
31063
31065
31066
31071
31072
31073
31074
31075
31076
31077
31079
31082
31083
31084
31085
31086
31087
31088
31090
31091
31092
31093
31095
31096
31097
31098
31100
31101
31103
31104
31105
31106
31107
31108
31109
31110
31111
31113
31114
31116
31117
31118
31119
31120
31123
31126
31127
31128
31129
31130
31131
31133
31134
31135
31136
31137
31138
31139
31141
31142
31143
31144
31146
31147
31149
31150
31151
31152
31153
31154
31155
31156
31157
31158
31164
31165
31167
31168
31169
31170
31171
31172
31173
31174
31175
31176
31177
31178
31179
31180
31181
31182
31183
31184
31185
31186
31187
31188
31189
31190
31192
31193
31195
31196
31197
31198
31199
31201
31204
31205
31208
31209
31210
31211
31212
31213
31216
31217
31218
31219
31221
31224
31226
31228
31229
31230
31231
31233
31235
31236
31238
31239
31240
31241
31242
31243
31244
31245
31247
31248
31249
31251
31253
31255
31256
31257
31258
31259
31260
31261
31262
31265
31266
31267
31268
31269
31270
31271
31272
31273
31274
31275
31276
31277
31279
31281
31282
31284
31285
31286
31287
31288
31291
31292
31294
31296
31297
31299
31300
31301
31302
31303
31304
31306
31307
31309
31310
31311
31312
31313
31314
31315
31317
31318
31319
31321
31324
31325
31326
31328
31329
31330
31333
31334
31335
31337
31338
31340
31341
31342
31343
31344
31345
31346
31347
31348
31349
31350
31351
31352
31353
31354
31355
31356
31358
31360
31361
31363
31365
31367
31369
31370
31371
31374
31375
31376
31377
31378
31381
31383
31384
31385
31386
31387
31388
31389
31390
31391
31392
31393
31394
31397
31398
31400
31401
31402
31403
31404
31405
31406
31407
31409
31410
31411
31413
31414
31415
31416
31417
31418
31419
31420
31423
31424
31427
31428
31431
31432
31433
31434
31435
31436
31437
31438
31439
31441
31442
31443
31444
31445
31446
31447
31448
31449
31451
31452
31453
31456
31457
31460
31461
31462
31464
31465
31466
31467
31471
31474
31477
31478
31479
31480
31481
31483
31484
31485
31488
31489
31490
31493
31494
31495
31498
31499
31500
31502
31504
31505
31508
31509
31510
31511
31513
31514
31516
31517
31519
31520
31521
31522
31523
31524
31526
31528
31529
31530
31532
31533
31534
31535
31536
31538
31539
31540
31541
31542
31543
31544
31546
31547
31548
31551
31552
31554
31556
31557
31558
31559
31561
31562
31563
31564
31565
31566
31567
31570
31572
31573
31574
31575
31579
31580
31581
31582
31584
31588
31589
31590
31591
31593
31594
31595
31596
31597
31599
31600
31602
31603
31604
31605
31606
31607
31609
31610
31611
31612
31613
31615
31616
31617
31619
31621
31623
31624
31625
31626
31627
31628
31629
31630
31633
31634
31635
31637
31639
31640
31641
31642
31643
31644
31645
31646
31647
31648
31649
31650
31651
31654
31655
31656
31657
31659
31660
31661
31662
31663
31664
31665
31666
31668
31669
31670
31671
31673
31674
31676
31677
31679
31680
31683
31685
31686
31687
31688
31689
31690
31691
31692
31693
31694
31695
31696
31699
31700
31701
31702
31703
31704
31705
31706
31708
31709
31710
31711
31712
31713
31714
31716
31717
31718
31719
31720
31721
31722
31723
31724
31725
31728
31730
31731
31732
31733
31734
31735
31736
31740
31741
31744
31746
31747
31748
31749
31750
31752
31753
31754
31756
31757
31759
31760
31761
31762
31763
31764
31765
31766
31767
31768
31769
31773
31774
31776
31777
31778
31779
31780
31781
31784
31785
31788
31789
31791
31792
31793
31794
31795
31798
31800
31801
31802
31803
31805
31808
31809
31810
31811
31812
31815
31816
31820
31821
31822
31823
31824
31826
31833
31834
31835
31837
31838
31839
31841
31847
31850
31852
31853
31854
31855
31856
31857
31858
31859
31860
31861
31862
31864
31867
31868
31871
31872
31874
31875
31877
31878
31879
31881
31882
31883
31884
31886
31887
31888
31889
31890
31891
31895
31896
31897
31899
31900
31901
31902
31904
31906
31907
31909
31910
31911
31913
31915
31918
31919
31920
31921
31923
31924
31925
31926
31927
31928
31929
31930
31931
31932
31934
31935
31936
31938
31939
31940
31941
31942
31943
31944
31946
31947
31948
31949
31950
31951
31952
31954
31955
31957
31958
31959
31960
31961
31962
31965
31966
31968
31969
31970
31971
31972
31973
31974
31975
31976
31978
31979
31981
31982
31983
31984
31985
31986
31987
31988
31989
31992
31994
31995
31996
31997
31998
31999
32001
32002
32003
32004
32005
32007
32008
32009
32010
32011
32013
32015
32016
32017
32018
32021
32022
32023
32024
32025
32026
32027
32029
32031
32032
32034
32035
32036
32037
32039
32040
32041
32042
32043
32044
32045
32048
32049
32050
32052
32053
32054
32055
32058
32059
32060
32061
32062
32065
32066
32067
32071
32074
32075
32076
32079
32080
32082
32084
32085
32086
32087
32088
32089
32090
32091
32092
32093
32094
32095
32096
32097
32099
32100
32102
32104
32107
32108
32110
32112
32113
32114
32115
32116
32117
32118
32119
32120
32121
32122
32125
32127
32129
32130
32131
32132
32133
32135
32137
32138
32139
32141
32143
32144
32145
32146
32147
32148
32149
32150
32151
32153
32156
32157
32158
32159
32160
32161
32162
32163
32164
32166
32167
32168
32169
32170
32171
32172
32174
32175
32176
32177
32178
32179
32180
32182
32183
32184
32185
32186
32187
32189
32190
32191
32192
32193
32194
32195
32198
32199
32201
32204
32208
32209
32210
32211
32212
32213
32216
32218
32219
32220
32223
32224
32225
32226
32228
32229
32231
32235
32236
32237
32238
32239
32241
32242
32243
32244
32245
32246
32247
32248
32249
32251
32252
32253
32254
32255
32256
32257
32258
32259
32260
32261
32262
32263
32264
32265
32266
32267
32269
32270
32272
32274
32275
32278
32279
32281
32282
32283
32284
32286
32287
32288
32289
32290
32291
32293
32294
32296
32298
32301
32302
32303
32304
32305
32306
32308
32310
32313
32314
32315
32316
32317
32318
32319
32320
32321
32323
32325
32327
32328
32329
32330
32331
32332
32333
32334
32335
32336
32337
32338
32339
32341
32342
32343
32344
32345
32346
32347
32348
32351
32353
32354
32357
32358
32359
32360
32361
32362
32364
32365
32366
32367
32368
32370
32371
32372
32373
32374
32375
32376
32377
32378
32379
32380
32381
32382
32383
32384
32385
32386
32387
32388
32389
32390
32391
32392
32393
32394
32396
32401
32403
32404
32405
32407
32410
32411
32412
32413
32414
32415
32416
32417
32418
32419
32420
32421
32422
32423
32424
32425
32427
32428
32432
32433
32435
32436
32437
32439
32440
32441
32442
32443
32445
32447
32448
32449
32450
32451
32453
32454
32455
32456
32457
32459
32460
32462
32464
32465
32466
32467
32468
32469
32471
32472
32473
32474
32476
32477
32480
32482
32483
32485
32486
32487
32488
32489
32490
32491
32493
32495
32496
32497
32498
32499
32500
32501
32504
32505
32507
32508
32509
32511
32512
32516
32517
32520
32521
32523
32524
32525
32526
32528
32530
32532
32534
32536
32537
32540
32542
32543
32544
32545
32546
32547
32549
32550
32551
32553
32554
32555
32556
32558
32559
32560
32561
32563
32565
32566
32567
32569
32570
32572
32573
32574
32577
32579
32581
32582
32584
32585
32588
32589
32590
32591
32592
32594
32595
32596
32597
32599
32600
32601
32602
32603
32604
32606
32607
32608
32609
32610
32611
32612
32613
32614
32615
32616
32619
32620
32623
32624
32626
32628
32630
32631
32633
32634
32635
32636
32637
32638
32639
32640
32641
32644
32645
32646
32647
32649
32650
32651
32652
32653
32654
32655
32656
32658
32659
32661
32662
32663
32664
32665
32666
32667
32668
32670
32671
32672
32673
32674
32675
32678
32680
32681
32683
32685
32686
32687
32689
32690
32692
32696
32698
32699
32700
32701
32703
32706
32708
32709
32710
32713
32714
32715
32717
32718
32721
32722
32723
32725
32726
32727
32728
32729
32732
32735
32736
32740
32743
32744
32745
32746
32747
32748
32749
32751
32752
32753
32754
32755
32757
32758
32759
32760
32765
32767
32768
32769
32770
32771
32772
32773
32775
32776
32777
32778
32780
32783
32784
32785
32787
32788
32790
32791
32792
32793
32795
32796
32797
32798
32800
32801
32802
32804
32805
32807
32809
32810
32811
32813
32814
32815
32817
32818
32819
32820
32821
32822
32823
32826
32828
32829
32830
32831
32833
32834
32835
32836
32837
32838
32839
32841
32843
32844
32845
32847
32848
32849
32850
32851
32852
32853
32854
32856
32857
32858
32863
32865
32866
32868
32871
32872
32874
32875
32876
32877
32878
32879
32880
32881
32882
32883
32884
32886
32888
32889
32890
32891
32893
32894
32895
32897
32899
32900
32902
32903
32905
32906
32907
32909
32910
32911
32913
32914
32915
32916
32918
32920
32921
32922
32923
32924
32925
32926
32927
32928
32929
32930
32931
32932
32934
32935
32936
32939
32940
32941
32942
32943
32944
32945
32946
32947
32949
32950
32951
32952
32954
32956
32957
32958
32960
32961
32962
32963
32964
32966
32967
32968
32969
32970
32971
32972
32973
32974
32975
32977
32979
32980
32982
32983
32984
32985
32988
32989
32990
32992
32994
32995
32996
32997
33001
33002
33003
33005
33007
33009
33010
33011
33012
33016
33017
33018
33021
33024
33025
33026
33027
33029
33030
33032
33033
33034
33035
33036
33037
33038
33039
33040
33041
33042
33045
33046
33049
33051
33052
33053
33054
33056
33058
33059
33060
33061
33062
33063
33064
33066
33067
33068
33069
33070
33072
33073
33074
33075
33076
33078
33079
33080
33082
33083
33084
33085
33086
33087
33088
33089
33091
33093
33094
33095
33096
33097
33098
33101
33102
33105
33107
33108
33109
33110
33114
33115
33116
33118
33119
33120
33121
33122
33124
33125
33126
33127
33129
33130
33131
33135
33137
33138
33139
33140
33142
33145
33146
33147
33148
33149
33150
33151
33152
33153
33154
33155
33156
33158
33159
33160
33163
33165
33166
33167
33168
33170
33171
33172
33174
33176
33177
33178
33179
33180
33182
33184
33185
33188
33189
33190
33191
33193
33194
33195
33196
33200
33204
33205
33206
33207
33208
33210
33211
33212
33213
33214
33216
33218
33219
33220
33224
33226
33227
33229
33230
33231
33233
33235
33239
33240
33241
33245
33246
33247
33248
33249
33250
33251
33252
33253
33254
33255
33256
33259
33260
33264
33265
33266
33267
33268
33270
33271
33272
33273
33274
33275
33276
33277
33278
33279
33283
33285
33286
33287
33289
33290
33291
33292
33293
33295
33296
33297
33298
33300
33301
33302
33303
33304
33305
33306
33308
33309
33310
33311
33312
33313
33314
33316
33317
33318
33319
33322
33323
33324
33325
33329
33330
33331
33333
33334
33335
33336
33338
33340
33341
33343
33344
33345
33346
33349
33350
33351
33352
33353
33354
33355
33356
33357
33358
33360
33361
33362
33363
33365
33366
33367
33371
33373
33374
33376
33377
33378
33379
33380
33382
33385
33386
33387
33388
33389
33390
33391
33392
33393
33395
33396
33398
33400
33401
33402
33403
33404
33406
33407
33408
33411
33412
33413
33416
33418
33419
33420
33421
33423
33425
33426
33427
33429
33430
33431
33433
33435
33436
33439
33440
33441
33442
33443
33444
33445
33447
33448
33449
33450
33451
33452
33453
33457
33458
33461
33462
33464
33465
33466
33467
33468
33470
33471
33472
33473
33474
33475
33476
33478
33479
33480
33481
33484
33485
33486
33488
33489
33490
33493
33494
33495
33498
33499
33501
33502
33503
33504
33508
33509
33510
33513
33514
33515
33518
33519
33520
33521
33523
33524
33525
33528
33530
33531
33532
33534
33535
33536
33537
33538
33539
33540
33541
33544
33545
33546
33547
33550
33552
33554
33555
33556
33557
33559
33563
33564
33565
33566
33567
33569
33570
33572
33573
33576
33577
33578
33579
33580
33582
33583
33584
33585
33586
33589
33590
33591
33593
33594
33595
33597
33598
33599
33600
33601
33602
33603
33604
33606
33607
33608
33609
33611
33612
33613
33617
33619
33621
33622
33625
33626
33631
33632
33633
33634
33635
33637
33638
33639
33640
33642
33645
33647
33649
33652
33654
33655
33656
33657
33658
33659
33660
33661
33662
33664
33665
33666
33667
33669
33670
33671
33672
33673
33675
33676
33678
33679
33680
33681
33683
33684
33685
33686
33687
33689
33690
33691
33692
33694
33695
33696
33697
33699
33700
33701
33702
33704
33705
33706
33708
33710
33711
33712
33713
33714
33715
33716
33718
33719
33720
33721
33722
33723
33724
33725
33730
33731
33732
33733
33734
33735
33737
33739
33740
33741
33742
33743
33744
33745
33746
33749
33750
33751
33752
33753
33754
33756
33757
33758
33759
33760
33761
33762
33763
33764
33765
33767
33768
33769
33770
33771
33774
33776
33777
33778
33779
33780
33781
33782
33783
33784
33787
33788
33789
33790
33791
33793
33794
33797
33799
33800
33801
33802
33803
33805
33807
33810
33811
33812
33814
33817
33818
33820
33822
33823
33825
33826
33827
33828
33829
33830
33831
33832
33836
33837
33840
33841
33842
33844
33845
33847
33848
33849
33850
33852
33853
33855
33860
33862
33863
33866
33867
33868
33869
33872
33873
33874
33876
33877
33879
33882
33883
33887
33891
33892
33893
33894
33898
33899
33900
33901
33902
33904
33907
33909
33910
33911
33912
33913
33914
33915
33916
33917
33918
33919
33920
33921
33922
33924
33928
33929
33931
33932
33933
33935
33936
33939
33940
33945
33946
33948
33949
33950
33951
33952
33953
33955
33956
33957
33958
33959
33960
33961
33963
33965
33966
33967
33968
33969
33970
33971
33972
33973
33974
33975
33977
33980
33983
33984
33986
33987
33988
33989
33990
33991
33992
33993
33994
33995
33996
33997
33998
33999
34001
34003
34004
34005
34006
34007
34010
34012
34013
34015
34016
34017
34018
34019
34020
34021
34022
34023
34024
34027
34028
34029
34030
34032
34033
34034
34036
34037
34038
34040
34041
34042
34044
34045
34047
34048
34050
34051
34052
34053
34054
34055
34057
34058
34059
34060
34061
34062
34063
34065
34066
34067
34068
34070
34071
34072
34073
34074
34075
34076
34077
34078
34080
34082
34085
34086
34088
34091
34093
34094
34096
34097
34098
34099
34100
34101
34103
34105
34106
34107
34108
34109
34110
34111
34114
34117
34118
34120
34122
34124
34125
34126
34129
34130
34131
34132
34133
34134
34135
34136
34137
34139
34141
34142
34143
34144
34145
34146
34147
34148
34149
34150
34151
34153
34154
34156
34157
34162
34163
34164
34165
34167
34169
34170
34171
34172
34173
34174
34175
34176
34178
34179
34180
34181
34183
34184
34185
34186
34187
34189
34191
34192
34196
34198
34199
34200
34201
34203
34206
34207
34208
34209
34210
34211
34212
34215
34217
34218
34219
34220
34222
34223
34225
34227
34228
34229
34230
34231
34232
34233
34234
34235
34236
34237
34238
34242
34243
34244
34245
34246
34249
34250
34254
34255
34256
34257
34259
34260
34261
34263
34264
34265
34267
34268
34269
34270
34271
34272
34274
34276
34277
34278
34279
34281
34282
34283
34284
34285
34287
34288
34290
34291
34292
34293
34294
34295
34296
34298
34299
34300
34301
34303
34305
34306
34307
34308
34310
34311
34312
34313
34314
34317
34318
34319
34320
34322
34323
34325
34326
34327
34329
34330
34334
34337
34338
34339
34340
34342
34343
34346
34347
34349
34350
34351
34352
34353
34356
34358
34359
34360
34361
34362
34364
34366
34367
34369
34370
34371
34372
34373
34374
34376
34377
34378
34379
34380
34382
34383
34384
34385
34386
34387
34388
34389
34390
34393
34395
34396
34398
34403
34404
34405
34406
34407
34412
34413
34414
34415
34416
34418
34419
34420
34421
34422
34425
34426
34427
34428
34429
34430
34431
34432
34433
34435
34436
34437
34438
34439
34440
34441
34444
34445
34446
34447
34449
34451
34454
34457
34459
34460
34461
34462
34463
34464
34465
34467
34468
34470
34471
34472
34473
34474
34475
34477
34480
34481
34482
34486
34487
34489
34490
34492
34493
34494
34495
34498
34499
34500
34501
34503
34505
34506
34507
34508
34509
34510
34512
34513
34517
34519
34520
34521
34522
34523
34525
34526
34527
34531
34532
34533
34534
34535
34537
34538
34539
34540
34541
34543
34546
34547
34549
34551
34555
34556
34558
34560
34562
34563
34565
34566
34568
34569
34571
34572
34573
34574
34576
34577
34579
34580
34582
34583
34584
34585
34586
34587
34589
34590
34591
34593
34595
34597
34600
34601
34602
34604
34605
34606
34607
34609
34610
34613
34614
34615
34617
34620
34621
34622
34623
34624
34626
34632
34634
34635
34636
34638
34639
34641
34643
34644
34646
34647
34648
34649
34651
34652
34653
34656
34657
34659
34661
34662
34663
34664
34666
34667
34668
34669
34670
34671
34672
34674
34677
34678
34679
34680
34681
34682
34683
34684
34685
34686
34687
34690
34691
34693
34695
34696
34699
34702
34703
34705
34706
34707
34708
34709
34711
34712
34713
34716
34717
34718
34722
34724
34725
34726
34727
34728
34729
34733
34735
34736
34738
34739
34740
34742
34743
34745
34746
34747
34748
34750
34752
34754
34755
34756
34761
34764
34765
34766
34768
34770
34771
34772
34773
34774
34775
34776
34777
34779
34780
34781
34783
34786
34787
34788
34789
34790
34791
34793
34795
34796
34797
34798
34800
34801
34802
34805
34806
34807
34808
34809
34810
34811
34812
34813
34815
34816
34817
34818
34821
34822
34825
34826
34827
34828
34830
34831
34832
34833
34835
34838
34839
34841
34842
34843
34844
34845
34846
34847
34848
34849
34850
34851
34854
34856
34858
34859
34860
34865
34867
34869
34870
34871
34872
34873
34874
34875
34876
34877
34878
34879
34880
34881
34885
34886
34887
34888
34889
34890
34891
34895
34896
34897
34898
34900
34902
34904
34905
34906
34907
34909
34912
34913
34915
34916
34917
34919
34920
34923
34924
34925
34926
34927
34928
34929
34930
34932
34934
34935
34936
34937
34939
34940
34941
34942
34943
34944
34945
34946
34948
34950
34951
34952
34953
34954
34955
34956
34958
34959
34960
34961
34962
34965
34966
34968
34969
34973
34978
34980
34981
34982
34985
34987
34988
34989
34990
34995
34997
34998
35000
35002
35003
35005
35006
35007
35011
35012
35013
35015
35016
35017
35018
35020
35022
35023
35024
35025
35027
35028
35030
35032
35034
35035
35036
35037
35039
35041
35042
35043
35044
35045
35047
35048
35050
35051
35052
35054
35055
35057
35058
35059
35060
35061
35067
35072
35073
35074
35075
35076
35078
35079
35080
35081
35082
35084
35085
35086
35087
35088
35090
35091
35092
35093
35094
35095
35096
35097
35098
35099
35100
35101
35102
35104
35106
35107
35108
35109
35112
35113
35114
35119
35120
35121
35123
35124
35125
35126
35127
35130
35131
35132
35133
35134
35136
35137
35138
35139
35140
35141
35142
35143
35144
35145
35146
35148
35149
35150
35152
35153
35154
35155
35156
35157
35159
35160
35161
35163
35164
35165
35166
35167
35168
35169
35170
35171
35172
35173
35174
35175
35177
35178
35179
35181
35183
35184
35185
35186
35187
35188
35189
35190
35191
35193
35194
35195
35197
35198
35199
35202
35203
35204
35205
35207
35208
35209
35210
35214
35216
35217
35218
35219
35220
35221
35222
35223
35224
35225
35226
35228
35229
35231
35232
35233
35234
35235
35237
35238
35239
35240
35241
35242
35243
35244
35246
35247
35250
35251
35252
35254
35255
35259
35260
35261
35262
35264
35265
35271
35272
35273
35274
35275
35276
35277
35280
35281
35282
35283
35284
35286
35288
35289
35292
35293
35294
35296
35298
35299
35300
35302
35303
35306
35307
35308
35309
35311
35312
35313
35316
35317
35318
35319
35320
35322
35323
35324
35325
35326
35327
35329
35331
35334
35335
35336
35337
35338
35339
35340
35341
35342
35343
35344
35346
35351
35354
35355
35356
35357
35358
35359
35360
35361
35362
35363
35364
35365
35366
35368
35371
35372
35374
35375
35378
35380
35381
35383
35386
35387
35390
35393
35396
35397
35398
35399
35400
35401
35402
35403
35404
35405
35406
35407
35408
35409
35411
35413
35414
35416
35418
35419
35420
35421
35422
35424
35425
35426
35427
35432
35433
35434
35435
35436
35438
35441
35442
35443
35444
35446
35448
35451
35452
35453
35454
35455
35456
35457
35459
35461
35462
35463
35464
35465
35466
35467
35468
35472
35473
35474
35475
35476
35477
35478
35479
35480
35481
35482
35483
35485
35486
35488
35490
35491
35493
35494
35495
35497
35498
35500
35504
35505
35506
35509
35510
35511
35512
35513
35514
35515
35516
35517
35519
35520
35521
35522
35523
35524
35525
35528
35529
35530
35531
35532
35533
35535
35536
35537
35538
35539
35541
35542
35543
35544
35545
35546
35547
35548
35550
35551
35554
35555
35556
35557
35558
35560
35562
35564
35567
35568
35570
35571
35572
35575
35576
35577
35582
35583
35584
35585
35588
35589
35590
35591
35593
35594
35597
35599
35600
35601
35602
35603
35604
35605
35606
35608
35609
35612
35613
35614
35615
35617
35619
35620
35621
35622
35623
35625
35626
35629
35633
35634
35635
35637
35638
35639
35640
35642
35643
35644
35645
35646
35648
35649
35650
35652
35653
35654
35655
35656
35657
35658
35661
35662
35664
35667
35668
35670
35671
35672
35673
35674
35675
35677
35678
35679
35680
35682
35683
35685
35686
35687
35688
35689
35691
35692
35694
35695
35697
35698
35699
35700
35701
35702
35704
35705
35706
35707
35709
35710
35711
35712
35713
35715
35716
35717
35718
35719
35721
35722
35723
35724
35725
35726
35727
35728
35729
35731
35732
35733
35734
35735
35736
35737
35739
35740
35741
35742
35746
35747
35748
35749
35750
35751
35752
35754
35755
35756
35757
35758
35759
35760
35761
35763
35764
35765
35766
35767
35768
35769
35771
35772
35774
35775
35778
35779
35780
35784
35786
35787
35788
35789
35790
35791
35792
35793
35794
35795
35796
35798
35800
35801
35803
35806
35807
35808
35809
35810
35811
35814
35815
35817
35819
35821
35822
35824
35825
35826
35831
35832
35836
35838
35840
35841
35842
35843
35844
35845
35846
35847
35848
35850
35851
35852
35853
35858
35859
35862
35863
35864
35865
35866
35867
35868
35869
35870
35871
35872
35873
35874
35876
35877
35878
35880
35881
35882
35883
35884
35885
35886
35887
35888
35890
35891
35892
35893
35894
35895
35896
35901
35902
35904
35907
35908
35909
35911
35912
35913
35914
35915
35916
35917
35919
35920
35921
35922
35923
35924
35925
35927
35929
35930
35931
35932
35934
35935
35936
35937
35938
35939
35940
35941
35942
35943
35944
35945
35948
35950
35955
35956
35958
35959
35960
35962
35963
35965
35967
35968
35969
35970
35971
35972
35974
35975
35976
35977
35978
35979
35980
35981
35983
35985
35988
35989
35990
35991
35992
35994
35996
35997
35998
35999
36000
36001
36002
36003
36004
36007
36009
36010
36011
36012
36014
36015
36016
36017
36018
36021
36022
36023
36024
36025
36026
36027
36028
36030
36032
36033
36034
36035
36036
36039
36040
36042
36044
36045
36049
36050
36052
36055
36056
36059
36064
36065
36066
36067
36068
36069
36070
36071
36073
36074
36075
36076
36078
36079
36080
36084
36087
36088
36089
36090
36091
36092
36093
36095
36097
36098
36099
36100
36102
36109
36112
36113
36118
36119
36120
36121
36123
36125
36126
36127
36128
36129
36131
36132
36133
36134
36137
36139
36140
36141
36142
36143
36144
36145
36146
36147
36148
36149
36150
36151
36152
36153
36154
36156
36157
36158
36159
36162
36163
36164
36165
36166
36167
36168
36169
36170
36171
36173
36175
36176
36179
36180
36182
36185
36186
36187
36188
36189
36191
36192
36193
36195
36196
36197
36198
36199
36200
36201
36203
36205
36207
36208
36210
36211
36212
36213
36214
36218
36219
36221
36222
36224
36225
36226
36227
36228
36229
36230
36231
36233
36234
36235
36237
36239
36244
36245
36246
36247
36249
36250
36251
36252
36253
36257
36258
36259
36260
36261
36265
36268
36269
36271
36272
36274
36275
36276
36277
36278
36279
36283
36284
36286
36288
36289
36290
36292
36295
36296
36297
36298
36299
36300
36301
36302
36303
36304
36306
36307
36308
36311
36312
36313
36314
36315
36317
36318
36319
36320
36321
36324
36325
36326
36327
36328
36329
36330
36331
36332
36333
36334
36335
36336
36339
36342
36344
36346
36347
36348
36349
36350
36352
36353
36354
36355
36358
36359
36361
36363
36364
36365
36366
36367
36369
36370
36372
36373
36375
36376
36377
36379
36381
36382
36383
36384
36386
36387
36388
36390
36391
36393
36395
36397
36398
36400
36401
36403
36405
36406
36408
36409
36410
36412
36414
36416
36417
36418
36419
36420
36421
36422
36423
36425
36426
36427
36429
36432
36434
36435
36436
36437
36438
36439
36440
36442
36445
36446
36448
36449
36450
36452
36453
36456
36457
36459
36460
36461
36462
36463
36464
36465
36466
36467
36468
36469
36472
36473
36474
36475
36477
36478
36479
36480
36481
36482
36483
36485
36487
36489
36490
36491
36492
36493
36495
36496
36497
36499
36503
36504
36506
36510
36513
36514
36515
36516
36517
36518
36519
36520
36521
36523
36524
36526
36527
36529
36530
36531
36534
36535
36536
36537
36538
36539
36540
36541
36544
36545
36546
36547
36549
36550
36551
36552
36553
36554
36555
36556
36557
36560
36561
36562
36563
36564
36565
36566
36570
36571
36572
36575
36577
36579
36580
36582
36583
36584
36586
36588
36589
36590
36591
36592
36593
36594
36595
36597
36598
36599
36600
36601
36602
36604
36605
36606
36609
36610
36612
36613
36614
36615
36616
36617
36618
36619
36620
36622
36623
36624
36626
36627
36628
36629
36630
36632
36633
36634
36636
36637
36638
36639
36640
36641
36642
36644
36646
36647
36650
36652
36654
36655
36656
36657
36660
36662
36664
36665
36667
36670
36671
36673
36674
36676
36678
36679
36680
36683
36684
36685
36686
36687
36688
36690
36693
36695
36696
36698
36699
36700
36703
36704
36706
36707
36712
36714
36715
36719
36720
36721
36722
36724
36725
36729
36730
36731
36732
36733
36734
36735
36736
36737
36739
36740
36741
36742
36743
36744
36746
36748
36749
36751
36759
36760
36762
36763
36764
36765
36766
36767
36769
36770
36773
36774
36775
36777
36778
36780
36781
36783
36784
36785
36786
36787
36790
36791
36792
36793
36794
36795
36796
36797
36799
36800
36801
36802
36803
36804
36806
36807
36808
36809
36810
36811
36812
36813
36814
36817
36819
36820
36822
36824
36827
36830
36831
36833
36834
36835
36836
36838
36840
36841
36842
36843
36844
36845
36846
36847
36849
36850
36851
36853
36855
36856
36857
36861
36862
36863
36864
36865
36866
36867
36869
36870
36871
36874
36875
36876
36877
36878
36879
36881
36882
36883
36884
36885
36886
36887
36889
36890
36891
36892
36893
36894
36895
36897
36898
36899
36900
36901
36902
36903
36904
36906
36908
36909
36910
36911
36912
36913
36915
36917
36919
36920
36921
36923
36924
36925
36926
36928
36931
36932
36933
36934
36935
36937
36939
36940
36941
36942
36943
36944
36945
36947
36948
36949
36953
36954
36956
36958
36959
36960
36962
36963
36964
36965
36967
36969
36971
36972
36973
36974
36977
36978
36979
36980
36981
36982
36983
36984
36985
36986
36988
36990
36993
36996
36998
36999
37001
37002
37003
37004
37005
37006
37008
37009
37010
37011
37012
37013
37014
37017
37019
37020
37022
37023
37024
37026
37027
37028
37029
37033
37034
37035
37036
37037
37038
37040
37042
37043
37047
37048
37049
37051
37052
37053
37054
37056
37057
37058
37059
37060
37061
37062
37063
37064
37065
37066
37067
37069
37070
37072
37073
37075
37076
37077
37078
37079
37083
37085
37087
37088
37090
37092
37093
37094
37096
37097
37098
37099
37101
37102
37103
37104
37105
37106
37107
37110
37112
37113
37115
37116
37119
37121
37122
37126
37127
37129
37132
37135
37136
37137
37138
37140
37141
37142
37145
37146
37147
37148
37149
37150
37151
37152
37153
37154
37155
37157
37158
37159
37160
37162
37163
37164
37166
37167
37168
37169
37170
37172
37174
37175
37176
37177
37178
37179
37180
37182
37183
37185
37186
37189
37190
37191
37192
37193
37194
37197
37198
37200
37201
37202
37203
37204
37205
37207
37208
37209
37212
37213
37214
37216
37217
37218
37220
37221
37222
37223
37225
37226
37227
37229
37230
37231
37232
37233
37234
37235
37236
37237
37240
37242
37244
37246
37247
37248
37249
37250
37252
37253
37254
37257
37259
37260
37262
37263
37265
37266
37267
37270
37271
37273
37274
37276
37281
37282
37285
37286
37288
37289
37291
37292
37293
37294
37296
37298
37299
37300
37302
37303
37305
37306
37307
37309
37310
37311
37312
37313
37315
37316
37317
37319
37320
37321
37322
37323
37327
37328
37331
37332
37335
37336
37337
37338
37339
37342
37343
37344
37345
37347
37348
37350
37351
37353
37354
37356
37357
37358
37359
37360
37361
37363
37364
37365
37366
37367
37368
37370
37371
37372
37374
37378
37380
37382
37385
37386
37388
37389
37391
37393
37394
37397
37398
37400
37401
37403
37404
37405
37406
37412
37415
37416
37417
37418
37421
37423
37424
37425
37428
37429
37431
37432
37435
37436
37438
37441
37442
37443
37444
37445
37446
37447
37448
37449
37451
37452
37456
37457
37458
37459
37460
37461
37462
37463
37465
37466
37467
37468
37469
37471
37473
37474
37475
37476
37477
37478
37481
37482
37485
37486
37487
37488
37490
37491
37492
37493
37496
37497
37498
37499
37500
37501
37502
37504
37505
37506
37507
37508
37509
37512
37513
37514
37515
37516
37517
37519
37523
37525
37527
37529
37531
37532
37534
37536
37537
37538
37539
37540
37542
37543
37549
37550
37551
37553
37555
37556
37557
37561
37562
37563
37564
37565
37566
37568
37569
37570
37571
37572
37573
37574
37576
37577
37579
37582
37584
37585
37586
37587
37589
37590
37593
37596
37600
37602
37603
37604
37606
37608
37609
37610
37611
37612
37613
37614
37616
37617
37618
37619
37620
37621
37622
37627
37628
37629
37630
37631
37632
37633
37635
37637
37638
37639
37640
37641
37643
37644
37645
37646
37647
37649
37652
37653
37654
37655
37657
37658
37660
37662
37663
37664
37665
37666
37667
37668
37670
37671
37672
37673
37674
37675
37676
37677
37679
37680
37681
37683
37684
37685
37686
37687
37688
37689
37690
37691
37693
37694
37695
37698
37699
37700
37701
37702
37704
37705
37707
37708
37709
37710
37714
37715
37716
37718
37719
37721
37722
37725
37726
37727
37728
37729
37730
37732
37733
37734
37736
37737
37738
37739
37740
37741
37742
37744
37745
37746
37747
37748
37749
37750
37751
37753
37754
37755
37756
37758
37759
37760
37761
37762
37763
37764
37765
37767
37768
37769
37770
37771
37775
37779
37780
37781
37787
37789
37791
37792
37793
37794
37795
37796
37797
37799
37800
37802
37804
37805
37806
37807
37808
37809
37810
37811
37812
37813
37817
37818
37819
37820
37822
37823
37824
37825
37827
37828
37831
37832
37833
37835
37836
37837
37838
37842
37843
37844
37845
37846
37847
37848
37849
37850
37851
37852
37853
37854
37856
37857
37860
37863
37864
37865
37866
37872
37874
37876
37877
37879
37880
37882
37883
37884
37885
37886
37887
37888
37889
37890
37892
37894
37895
37896
37897
37899
37900
37903
37904
37907
37908
37909
37910
37911
37912
37914
37915
37916
37917
37918
37919
37920
37922
37923
37924
37925
37926
37928
37930
37932
37933
37934
37935
37936
37937
37938
37939
37942
37943
37944
37945
37946
37947
37951
37953
37954
37955
37956
37957
37958
37960
37962
37963
37964
37965
37967
37968
37970
37972
37973
37974
37975
37976
37977
37978
37980
37981
37982
37983
37984
37986
37987
37989
37990
37991
37992
37993
37994
37995
37996
37997
37998
37999
38000
38001
38002
38003
38004
38005
38008
38009
38010
38011
38012
38013
38015
38016
38018
38019
38020
38022
38023
38024
38026
38028
38029
38030
38032
38033
38034
38036
38038
38041
38042
38043
38045
38049
38050
38056
38057
38058
38059
38060
38061
38063
38064
38066
38067
38068
38070
38071
38072
38073
38074
38075
38076
38079
38080
38081
38082
38083
38084
38085
38086
38087
38088
38089
38090
38093
38094
38095
38096
38097
38098
38099
38100
38101
38103
38104
38105
38106
38107
38109
38110
38111
38112
38113
38114
38116
38117
38118
38119
38121
38124
38125
38126
38127
38129
38130
38132
38134
38135
38136
38137
38138
38139
38141
38143
38144
38145
38146
38147
38149
38152
38154
38155
38156
38157
38158
38160
38161
38166
38167
38168
38169
38170
38171
38173
38175
38176
38177
38181
38182
38185
38186
38187
38189
38190
38191
38192
38193
38195
38196
38198
38199
38200
38202
38203
38204
38205
38206
38207
38208
38209
38211
38212
38213
38214
38215
38217
38220
38224
38225
38226
38227
38228
38229
38231
38233
38236
38237
38238
38239
38240
38242
38243
38245
38247
38248
38249
38251
38252
38254
38256
38257
38258
38259
38260
38261
38262
38264
38265
38267
38273
38274
38275
38276
38277
38278
38279
38280
38281
38282
38284
38285
38287
38288
38289
38290
38292
38293
38294
38296
38298
38299
38300
38301
38302
38303
38308
38309
38314
38315
38316
38318
38320
38321
38323
38325
38327
38329
38331
38333
38334
38335
38343
38344
38345
38346
38347
38348
38349
38350
38351
38356
38358
38360
38361
38362
38363
38364
38365
38367
38369
38371
38372
38373
38375
38378
38381
38382
38383
38384
38385
38386
38387
38389
38390
38391
38392
38393
38394
38396
38397
38399
38400
38401
38402
38403
38406
38407
38408
38409
38410
38411
38412
38415
38416
38419
38420
38422
38423
38425
38426
38428
38429
38430
38432
38433
38434
38435
38436
38437
38438
38439
38442
38444
38445
38447
38449
38450
38451
38453
38454
38456
38459
38460
38461
38462
38463
38469
38470
38472
38473
38474
38475
38477
38478
38479
38480
38481
38482
38483
38486
38488
38489
38490
38491
38493
38494
38495
38496
38498
38501
38502
38503
38504
38505
38507
38508
38511
38512
38514
38515
38516
38517
38520
38521
38522
38523
38528
38529
38530
38531
38532
38535
38536
38538
38540
38541
38543
38545
38549
38550
38551
38553
38555
38556
38557
38558
38561
38562
38563
38564
38566
38568
38569
38570
38572
38573
38574
38580
38581
38583
38584
38585
38586
38587
38589
38590
38591
38592
38593
38594
38595
38597
38598
38601
38603
38606
38607
38608
38609
38610
38613
38615
38617
38618
38619
38620
38621
38622
38624
38625
38627
38628
38631
38632
38633
38634
38636
38637
38640
38641
38643
38644
38645
38647
38649
38650
38651
38653
38655
38656
38657
38658
38661
38662
38663
38664
38665
38666
38667
38668
38669
38670
38671
38672
38673
38675
38676
38677
38679
38680
38681
38684
38685
38686
38688
38689
38690
38691
38692
38694
38695
38696
38697
38698
38699
38700
38702
38703
38704
38706
38707
38708
38710
38712
38714
38715
38716
38718
38722
38723
38725
38726
38728
38729
38731
38732
38733
38734
38736
38737
38738
38743
38746
38748
38749
38752
38753
38754
38756
38757
38758
38760
38761
38762
38764
38766
38768
38769
38770
38771
38773
38774
38775
38776
38778
38782
38783
38784
38785
38786
38787
38788
38789
38790
38791
38793
38794
38795
38796
38797
38798
38799
38800
38802
38803
38804
38806
38807
38808
38810
38812
38813
38815
38816
38817
38818
38819
38821
38823
38826
38827
38829
38830
38831
38832
38833
38836
38837
38838
38839
38841
38842
38843
38844
38845
38847
38848
38850
38851
38852
38854
38855
38856
38857
38860
38861
38862
38863
38864
38865
38866
38867
38868
38870
38872
38873
38874
38876
38877
38878
38879
38880
38882
38883
38885
38886
38888
38889
38891
38892
38893
38894
38895
38896
38897
38899
38901
38902
38906
38907
38910
38911
38913
38915
38916
38920
38921
38923
38925
38928
38929
38930
38932
38935
38936
38937
38943
38944
38945
38950
38951
38952
38956
38957
38958
38959
38961
38962
38963
38965
38968
38970
38971
38972
38973
38974
38975
38976
38977
38978
38980
38981
38982
38983
38984
38985
38986
38988
38989
38993
38994
38996
38997
38998
38999
39001
39002
39003
39005
39006
39007
39008
39009
39011
39012
39013
39015
39016
39017
39018
39019
39021
39025
39026
39028
39029
39030
39031
39032
39033
39034
39035
39039
39040
39041
39042
39043
39044
39045
39046
39047
39048
39049
39052
39054
39056
39058
39059
39060
39062
39063
39064
39065
39066
39067
39068
39070
39071
39072
39073
39074
39075
39076
39078
39082
39084
39085
39087
39091
39094
39095
39096
39098
39099
39100
39102
39103
39105
39106
39107
39108
39109
39110
39111
39113
39114
39116
39117
39118
39119
39120
39121
39122
39125
39126
39127
39128
39129
39130
39132
39133
39134
39135
39136
39137
39138
39139
39140
39141
39142
39143
39144
39145
39147
39149
39150
39151
39153
39155
39157
39160
39161
39164
39165
39167
39170
39174
39175
39176
39177
39180
39181
39184
39185
39186
39187
39188
39189
39190
39192
39193
39194
39195
39196
39197
39198
39199
39202
39204
39205
39207
39209
39210
39212
39213
39214
39215
39218
39219
39220
39221
39222
39224
39225
39226
39228
39229
39231
39232
39233
39234
39235
39236
39237
39238
39239
39240
39241
39242
39243
39244
39245
39246
39247
39248
39249
39250
39251
39252
39254
39255
39257
39258
39259
39262
39263
39264
39266
39268
39270
39272
39273
39274
39276
39277
39280
39281
39282
39286
39289
39290
39291
39292
39293
39294
39297
39298
39299
39300
39301
39302
39303
39304
39306
39308
39309
39311
39313
39314
39315
39316
39317
39318
39319
39321
39323
39326
39327
39328
39330
39332
39333
39334
39335
39336
39337
39338
39340
39341
39344
39345
39346
39347
39348
39349
39350
39351
39352
39354
39355
39356
39357
39358
39359
39360
39361
39362
39364
39365
39366
39367
39368
39369
39372
39373
39374
39378
39379
39380
39381
39382
39383
39386
39388
39390
39391
39393
39394
39395
39397
39399
39402
39405
39407
39410
39411
39412
39413
39415
39416
39417
39419
39420
39421
39422
39424
39426
39428
39429
39430
39431
39435
39438
39439
39440
39441
39442
39443
39444
39445
39446
39449
39450
39451
39455
39456
39457
39460
39464
39465
39467
39470
39472
39474
39476
39477
39478
39480
39481
39482
39484
39487
39488
39489
39492
39493
39494
39495
39498
39499
39500
39502
39503
39505
39506
39507
39508
39510
39511
39512
39513
39514
39515
39516
39518
39520
39523
39524
39525
39527
39529
39530
39531
39532
39533
39535
39536
39537
39539
39540
39541
39542
39543
39544
39545
39547
39549
39550
39551
39553
39555
39557
39559
39563
39564
39565
39566
39567
39569
39570
39571
39572
39574
39577
39578
39579
39580
39581
39582
39583
39585
39586
39587
39588
39590
39591
39592
39594
39597
39599
39600
39602
39603
39604
39607
39608
39610
39611
39612
39613
39614
39615
39616
39617
39618
39621
39622
39623
39626
39627
39629
39633
39635
39636
39637
39639
39640
39641
39642
39643
39644
39645
39646
39647
39648
39650
39652
39653
39654
39655
39656
39657
39658
39659
39662
39663
39664
39665
39666
39668
39671
39672
39673
39674
39675
39676
39677
39678
39679
39680
39681
39685
39686
39687
39688
39689
39691
39692
39693
39694
39698
39700
39701
39702
39703
39704
39706
39707
39708
39712
39714
39716
39717
39718
39720
39721
39722
39726
39727
39728
39730
39733
39736
39737
39739
39740
39741
39742
39743
39744
39745
39746
39747
39748
39749
39750
39751
39752
39753
39754
39755
39757
39758
39759
39761
39762
39763
39764
39766
39767
39770
39771
39773
39774
39775
39776
39777
39778
39779
39781
39782
39783
39784
39787
39788
39789
39792
39795
39796
39797
39799
39801
39803
39805
39806
39809
39811
39812
39813
39815
39816
39817
39818
39820
39821
39823
39824
39826
39827
39829
39831
39832
39833
39834
39835
39836
39837
39839
39840
39842
39843
39844
39845
39846
39847
39849
39850
39851
39852
39853
39854
39855
39856
39857
39858
39859
39860
39861
39865
39867
39870
39872
39874
39875
39876
39878
39880
39881
39882
39886
39887
39888
39890
39891
39893
39894
39895
39897
39898
39899
39902
39903
39905
39907
39911
39914
39915
39916
39918
39919
39920
39922
39923
39924
39926
39927
39928
39929
39930
39931
39934
39935
39937
39942
39943
39944
39945
39946
39947
39948
39949
39950
39951
39953
39954
39957
39958
39960
39961
39962
39963
39964
39965
39967
39968
39970
39972
39973
39975
39976
39977
39978
39979
39980
39981
39982
39983
39984
39985
39986
39987
39990
39991
39992
39996
39997
39998
40001
40002
40004
40007
40008
40009
40011
40012
40013
40014
40016
40019
40020
40025
40026
40027
40028
40029
40032
40034
40037
40038
40039
40040
40044
40047
40048
40049
40050
40053
40056
40057
40059
40061
40062
40063
40064
40065
40066
40068
40070
40071
40073
40074
40075
40079
40080
40082
40083
40084
40087
40088
40089
40090
40092
40093
40095
40096
40097
40098
40099
40100
40101
40102
40103
40104
40106
40107
40108
40110
40111
40112
40115
40116
40117
40118
40119
40121
40122
40123
40124
40125
40127
40128
40129
40130
40132
40133
40134
40135
40136
40138
40139
40143
40144
40145
40146
40147
40148
40149
40151
40152
40153
40155
40156
40157
40158
40160
40161
40162
40164
40166
40167
40168
40170
40171
40173
40174
40175
40177
40179
40181
40183
40186
40188
40189
40192
40193
40197
40198
40199
40200
40201
40203
40204
40206
40207
40210
40212
40213
40214
40215
40216
40218
40219
40220
40224
40225
40226
40227
40229
40230
40231
40233
40235
40237
40239
40240
40241
40243
40246
40249
40250
40251
40252
40253
40255
40256
40257
40258
40259
40261
40263
40264
40266
40267
40268
40270
40271
40272
40274
40275
40276
40278
40281
40282
40283
40284
40285
40286
40287
40289
40290
40292
40293
40295
40297
40300
40301
40302
40303
40305
40307
40308
40309
40310
40311
40312
40314
40317
40322
40323
40324
40327
40328
40329
40330
40332
40333
40335
40336
40337
40338
40339
40340
40341
40342
40343
40344
40345
40346
40347
40348
40349
40350
40351
40352
40353
40354
40355
40356
40357
40358
40359
40360
40361
40362
40365
40366
40367
40368
40369
40370
40372
40373
40374
40376
40378
40380
40381
40382
40384
40385
40386
40387
40388
40390
40391
40392
40393
40396
40397
40398
40399
40400
40401
40403
40404
40408
40409
40410
40411
40412
40413
40414
40415
40416
40417
40419
40420
40422
40423
40424
40425
40427
40428
40429
40430
40431
40433
40435
40436
40438
40440
40441
40443
40444
40447
40450
40451
40452
40453
40454
40455
40456
40457
40458
40459
40465
40467
40468
40469
40470
40473
40474
40475
40476
40477
40478
40479
40480
40481
40482
40484
40485
40486
40488
40489
40490
40491
40492
40494
40495
40497
40499
40500
40501
40502
40503
40504
40505
40506
40507
40509
40510
40512
40513
40514
40516
40518
40521
40523
40525
40527
40528
40529
40530
40532
40535
40536
40538
40539
40540
40541
40542
40544
40545
40546
40547
40548
40549
40550
40552
40554
40558
40559
40561
40562
40563
40564
40568
40569
40570
40571
40572
40574
40576
40577
40578
40579
40580
40581
40582
40583
40584
40588
40589
40590
40591
40592
40593
40594
40597
40598
40599
40600
40601
40602
40605
40608
40609
40610
40612
40613
40614
40615
40617
40619
40621
40622
40624
40625
40628
40629
40630
40631
40632
40633
40634
40639
40640
40641
40642
40645
40646
40650
40652
40653
40655
40656
40657
40659
40660
40662
40664
40666
40667
40670
40671
40672
40673
40675
40677
40678
40679
40681
40682
40685
40687
40688
40689
40692
40693
40698
40699
40701
40702
40707
40710
40711
40712
40713
40715
40716
40717
40718
40719
40720
40721
40724
40726
40727
40729
40731
40732
40733
40734
40737
40739
40741
40742
40745
40746
40747
40748
40749
40751
40754
40755
40756
40758
40759
40760
40761
40762
40763
40764
40767
40769
40770
40772
40773
40775
40779
40780
40781
40782
40784
40785
40786
40788
40789
40790
40791
40792
40793
40795
40797
40799
40802
40803
40805
40806
40808
40811
40812
40813
40814
40815
40816
40817
40818
40819
40820
40821
40823
40825
40826
40827
40829
40830
40832
40833
40834
40835
40836
40837
40838
40839
40840
40841
40842
40844
40845
40846
40848
40851
40853
40854
40855
40856
40857
40858
40860
40861
40863
40868
40870
40871
40872
40874
40876
40878
40879
40884
40885
40889
40890
40891
40893
40894
40895
40896
40897
40899
40900
40901
40904
40905
40907
40908
40909
40912
40913
40914
40916
40917
40918
40919
40920
40921
40922
40923
40924
40926
40927
40928
40929
40933
40934
40935
40937
40938
40940
40942
40944
40946
40947
40948
40949
40950
40951
40952
40953
40954
40956
40957
40958
40959
40960
40961
40963
40964
40966
40967
40968
40969
40970
40972
40973
40976
40978
40979
40980
40981
40982
40983
40984
40985
40986
40987
40988
40990
40993
40995
40996
40998
40999
41000
41001
41004
41005
41006
41008
41009
41010
41011
41012
41013
41014
41015
41016
41019
41020
41022
41024
41027
41028
41029
41031
41032
41033
41034
41036
41038
41039
41040
41042
41043
41046
41050
41052
41053
41054
41055
41058
41061
41062
41063
41064
41065
41066
41068
41069
41071
41075
41076
41077
41078
41080
41081
41082
41085
41087
41088
41089
41090
41093
41095
41096
41097
41099
41100
41101
41103
41105
41108
41111
41113
41114
41115
41117
41118
41119
41120
41122
41124
41125
41126
41127
41129
41131
41132
41133
41134
41135
41136
41138
41139
41140
41141
41142
41143
41144
41145
41146
41147
41148
41151
41152
41153
41155
41156
41158
41159
41160
41161
41162
41163
41165
41166
41167
41169
41170
41171
41173
41175
41177
41178
41179
41180
41182
41183
41184
41185
41186
41187
41188
41190
41191
41192
41193
41195
41196
41197
41198
41199
41200
41201
41204
41205
41208
41209
41211
41212
41213
41217
41218
41219
41220
41221
41222
41223
41224
41228
41229
41230
41231
41232
41233
41234
41237
41239
41242
41243
41244
41246
41247
41248
41250
41251
41255
41256
41257
41258
41259
41260
41262
41263
41265
41266
41267
41268
41269
41270
41271
41272
41274
41275
41276
41278
41279
41280
41282
41285
41286
41287
41288
41289
41290
41291
41292
41293
41294
41295
41297
41298
41304
41305
41306
41307
41309
41313
41317
41318
41320
41322
41324
41325
41326
41327
41328
41329
41330
41331
41332
41333
41334
41335
41336
41339
41340
41341
41343
41345
41346
41352
41353
41354
41355
41358
41359
41360
41361
41363
41364
41365
41366
41367
41368
41371
41372
41375
41378
41379
41380
41381
41382
41384
41385
41386
41388
41389
41391
41392
41396
41397
41399
41400
41402
41403
41407
41408
41409
41411
41412
41413
41414
41415
41416
41417
41418
41423
41424
41426
41427
41429
41433
41434
41436
41437
41439
41440
41443
41445
41446
41448
41451
41453
41455
41457
41458
41459
41461
41462
41463
41467
41468
41469
41474
41475
41476
41477
41478
41479
41480
41484
41489
41490
41491
41493
41495
41496
41497
41499
41500
41501
41502
41504
41505
41506
41507
41508
41510
41511
41512
41513
41514
41517
41518
41520
41521
41522
41523
41525
41526
41528
41530
41531
41532
41534
41535
41536
41537
41538
41539
41540
41542
41543
41544
41545
41547
41548
41549
41550
41551
41552
41553
41554
41555
41557
41559
41560
41561
41562
41563
41564
41565
41567
41568
41569
41570
41571
41572
41575
41577
41578
41579
41581
41583
41584
41586
41587
41589
41590
41591
41592
41594
41596
41600
41602
41603
41604
41605
41606
41608
41609
41611
41613
41614
41615
41617
41618
41619
41624
41625
41626
41627
41630
41632
41633
41634
41636
41637
41638
41640
41641
41642
41643
41645
41646
41647
41650
41652
41653
41655
41657
41658
41659
41661
41662
41663
41664
41665
41666
41668
41669
41670
41671
41673
41674
41675
41676
41678
41679
41680
41681
41683
41684
41687
41688
41689
41691
41692
41696
41697
41698
41699
41700
41701
41702
41703
41704
41705
41706
41707
41710
41711
41712
41713
41714
41716
41717
41718
41720
41722
41724
41727
41728
41729
41730
41731
41733
41735
41737
41738
41741
41743
41745
41748
41749
41750
41751
41753
41754
41755
41756
41757
41758
41759
41760
41763
41764
41767
41769
41772
41774
41776
41777
41778
41779
41780
41781
41783
41784
41786
41787
41788
41789
41790
41791
41792
41793
41794
41795
41796
41798
41801
41802
41803
41804
41805
41807
41808
41809
41810
41812
41813
41814
41816
41820
41822
41823
41824
41827
41829
41830
41831
41832
41834
41835
41836
41839
41840
41846
41847
41848
41849
41850
41851
41854
41855
41856
41857
41858
41860
41861
41862
41863
41864
41866
41867
41868
41869
41871
41872
41874
41876
41877
41878
41879
41880
41882
41883
41884
41888
41889
41890
41896
41897
41898
41899
41900
41902
41903
41904
41906
41907
41908
41909
41911
41913
41915
41916
41918
41919
41921
41922
41923
41924
41925
41926
41928
41929
41930
41931
41932
41933
41934
41935
41936
41939
41940
41942
41943
41944
41947
41948
41949
41951
41952
41954
41955
41956
41957
41959
41960
41962
41963
41964
41965
41966
41967
41968
41973
41974
41975
41977
41978
41979
41980
41981
41982
41983
41984
41985
41986
41991
41992
41993
41995
41997
41999
42000
42001
42003
42004
42005
42007
42009
42011
42012
42014
42016
42017
42018
42019
42020
42021
42022
42023
42024
42026
42027
42028
42029
42032
42033
42037
42041
42042
42044
42045
42046
42047
42048
42049
42050
42051
42052
42053
42054
42055
42056
42057
42058
42059
42060
42061
42064
42065
42067
42068
42069
42070
42071
42072
42073
42076
42077
42078
42079
42080
42081
42082
42084
42085
42086
42087
42088
42089
42091
42092
42093
42095
42096
42097
42098
42099
42100
42101
42102
42103
42104
42105
42106
42107
42108
42109
42110
42112
42115
42116
42117
42118
42119
42120
42122
42123
42125
42126
42127
42128
42129
42132
42133
42135
42136
42138
42139
42140
42141
42143
42144
42145
42146
42149
42151
42152
42153
42154
42157
42158
42159
42161
42162
42163
42164
42165
42166
42167
42169
42170
42171
42172
42173
42174
42176
42177
42178
42179
42180
42181
42182
42183
42185
42187
42188
42189
42191
42195
42196
42197
42198
42199
42203
42204
42205
42206
42208
42209
42210
42212
42216
42220
42222
42227
42228
42229
42230
42232
42233
42234
42236
42237
42238
42241
42242
42243
42244
42246
42249
42250
42251
42253
42254
42256
42257
42258
42261
42262
42263
42264
42266
42267
42268
42269
42270
42272
42274
42275
42276
42280
42282
42284
42286
42288
42290
42292
42295
42297
42299
42300
42301
42303
42304
42306
42307
42308
42309
42310
42311
42312
42314
42315
42316
42318
42320
42324
42325
42326
42327
42328
42329
42330
42331
42332
42333
42335
42336
42337
42338
42339
42340
42341
42342
42343
42344
42345
42346
42348
42349
42351
42353
42354
42355
42356
42357
42358
42359
42360
42363
42364
42365
42366
42367
42368
42369
42370
42371
42373
42374
42377
42378
42379
42380
42381
42382
42384
42385
42386
42387
42389
42392
42393
42397
42398
42401
42402
42403
42404
42405
42406
42407
42410
42411
42412
42413
42414
42416
42417
42418
42419
42420
42422
42424
42426
42427
42428
42429
42431
42432
42434
42435
42436
42438
42441
42442
42443
42447
42449
42450
42451
42452
42458
42459
42460
42461
42462
42463
42464
42465
42467
42468
42469
42470
42473
42474
42475
42476
42477
42478
42479
42480
42481
42482
42483
42484
42485
42486
42488
42491
42492
42493
42495
42496
42498
42499
42500
42501
42502
42503
42506
42507
42508
42511
42513
42514
42516
42517
42519
42521
42522
42524
42525
42527
42528
42529
42531
42532
42533
42534
42535
42536
42541
42543
42544
42547
42549
42553
42556
42557
42558
42559
42562
42563
42565
42568
42570
42572
42573
42579
42583
42584
42587
42589
42590
42593
42594
42597
42598
42599
42604
42606
42607
42608
42609
42610
42611
42612
42613
42614
42615
42616
42618
42619
42622
42624
42628
42629
42630
42632
42634
42636
42637
42641
42642
42643
42644
42648
42649
42650
42651
42653
42655
42658
42661
42662
42663
42664
42665
42666
42667
42668
42669
42672
42673
42674
42675
42676
42677
42678
42680
42683
42684
42685
42689
42691
42693
42694
42695
42696
42697
42699
42700
42701
42704
42705
42706
42707
42709
42710
42711
42712
42714
42715
42716
42717
42718
42719
42720
42721
42722
42723
42724
42726
42727
42728
42730
42732
42733
42734
42735
42736
42737
42739
42741
42742
42743
42744
42745
42746
42747
42748
42749
42750
42752
42753
42754
42755
42756
42757
42758
42759
42760
42762
42763
42764
42765
42766
42767
42768
42769
42770
42771
42773
42774
42775
42777
42778
42779
42780
42782
42784
42785
42786
42787
42789
42790
42791
42793
42798
42799
42800
42802
42803
42804
42807
42808
42809
42812
42813
42815
42820
42821
42822
42824
42825
42826
42828
42832
42833
42834
42835
42836
42837
42842
42843
42844
42847
42849
42850
42852
42853
42854
42855
42857
42859
42861
42862
42863
42864
42868
42871
42872
42873
42874
42875
42876
42877
42878
42880
42881
42883
42884
42886
42887
42889
42890
42891
42895
42896
42897
42898
42900
42901
42902
42903
42904
42905
42907
42909
42911
42912
42913
42914
42915
42916
42918
42919
42923
42927
42929
42930
42932
42933
42934
42935
42936
42937
42938
42939
42940
42941
42942
42943
42945
42946
42948
42949
42951
42953
42955
42959
42960
42962
42963
42964
42966
42967
42969
42970
42971
42972
42974
42975
42978
42980
42983
42984
42985
42986
42988
42991
42992
42993
42994
42995
42996
43000
43001
43004
43005
43006
43007
43008
43009
43011
43013
43014
43015
43016
43017
43018
43019
43021
43022
43027
43028
43029
43030
43032
43033
43034
43035
43036
43038
43041
43042
43043
43044
43045
43046
43047
43048
43049
43050
43051
43053
43054
43057
43058
43060
43062
43063
43064
43065
43066
43067
43069
43070
43071
43072
43073
43074
43075
43078
43081
43082
43083
43085
43086
43088
43089
43092
43093
43094
43095
43098
43099
43100
43101
43102
43104
43105
43108
43110
43111
43113
43114
43117
43119
43120
43121
43124
43126
43127
43129
43132
43133
43134
43135
43136
43137
43138
43139
43140
43141
43142
43143
43145
43146
43147
43148
43149
43150
43152
43153
43155
43156
43158
43159
43161
43162
43163
43164
43166
43167
43168
43169
43170
43171
43173
43176
43177
43178
43179
43181
43183
43185
43187
43188
43189
43190
43191
43192
43193
43194
43195
43196
43197
43202
43205
43208
43209
43210
43211
43214
43215
43216
43217
43220
43222
43223
43224
43225
43226
43230
43233
43236
43239
43240
43241
43242
43243
43244
43245
43247
43248
43250
43251
43252
43253
43254
43255
43256
43257
43260
43261
43265
43267
43268
43269
43271
43274
43275
43281
43282
43283
43284
43285
43287
43288
43289
43291
43293
43294
43295
43298
43299
43300
43301
43303
43304
43305
43307
43309
43310
43311
43313
43314
43315
43316
43317
43318
43319
43320
43322
43325
43327
43328
43329
43330
43332
43333
43334
43335
43337
43338
43339
43341
43342
43343
43344
43345
43347
43354
43355
43356
43357
43361
43362
43363
43364
43365
43367
43369
43370
43371
43372
43373
43374
43375
43376
43377
43378
43379
43380
43381
43382
43385
43386
43388
43389
43393
43394
43395
43396
43398
43399
43400
43401
43402
43405
43406
43407
43408
43409
43410
43413
43414
43415
43417
43418
43419
43421
43423
43427
43428
43429
43430
43431
43432
43433
43434
43436
43437
43438
43439
43440
43441
43442
43444
43445
43446
43447
43448
43449
43450
43451
43453
43454
43456
43457
43459
43460
43461
43466
43467
43468
43469
43471
43472
43476
43477
43478
43479
43481
43483
43485
43487
43488
43489
43490
43492
43493
43494
43495
43496
43497
43498
43499
43501
43502
43504
43505
43506
43507
43508
43509
43510
43511
43515
43517
43518
43520
43521
43522
43523
43524
43528
43529
43530
43532
43534
43535
43536
43537
43538
43540
43541
43542
43543
43544
43545
43546
43548
43552
43555
43556
43558
43559
43560
43561
43562
43563
43565
43567
43568
43570
43571
43574
43576
43579
43580
43581
43582
43583
43585
43587
43589
43592
43594
43595
43601
43602
43603
43605
43606
43609
43610
43611
43612
43613
43614
43617
43618
43619
43620
43621
43623
43625
43626
43631
43633
43636
43637
43638
43639
43640
43642
43643
43645
43647
43649
43650
43651
43652
43656
43659
43660
43661
43663
43664
43665
43666
43669
43670
43672
43673
43674
43675
43676
43677
43679
43680
43683
43687
43688
43690
43691
43693
43694
43695
43696
43697
43698
43699
43701
43702
43703
43705
43707
43709
43710
43712
43714
43715
43716
43717
43718
43719
43720
43722
43723
43724
43725
43726
43727
43728
43729
43731
43732
43733
43736
43737
43739
43740
43741
43742
43743
43744
43745
43746
43748
43749
43750
43751
43752
43753
43755
43757
43759
43761
43763
43764
43765
43766
43767
43769
43770
43771
43773
43774
43775
43776
43777
43778
43779
43780
43782
43783
43786
43787
43788
43792
43793
43795
43796
43797
43798
43801
43802
43804
43806
43807
43812
43818
43819
43823
43824
43826
43827
43828
43830
43831
43832
43833
43835
43837
43838
43839
43840
43841
43844
43845
43846
43847
43848
43850
43852
43853
43854
43855
43856
43857
43858
43859
43860
43861
43865
43866
43867
43868
43870
43871
43872
43873
43874
43877
43878
43881
43883
43886
43887
43888
43889
43891
43892
43893
43895
43896
43897
43899
43900
43902
43904
43906
43908
43910
43913
43915
43919
43920
43921
43922
43923
43924
43925
43927
43928
43932
43934
43935
43936
43938
43939
43941
43943
43944
43945
43946
43947
43948
43950
43951
43952
43953
43954
43957
43958
43959
43960
43962
43963
43964
43965
43967
43969
43971
43976
43977
43978
43981
43982
43984
43986
43987
43988
43991
43992
43995
43996
43997
43998
43999
44001
44003
44005
44006
44007
44009
44010
44013
44014
44017
44020
44022
44023
44024
44025
44026
44027
44030
44031
44032
44034
44035
44037
44038
44039
44040
44041
44043
44044
44045
44047
44048
44049
44051
44053
44054
44055
44056
44057
44059
44061
44062
44065
44066
44067
44072
44074
44075
44077
44078
44079
44080
44081
44084
44085
44086
44087
44089
44090
44091
44094
44095
44096
44098
44101
44102
44103
44104
44107
44109
44111
44115
44116
44119
44120
44121
44122
44123
44124
44125
44126
44128
44131
44132
44133
44134
44135
44140
44141
44142
44143
44144
44147
44149
44150
44151
44153
44154
44155
44157
44159
44163
44164
44166
44168
44169
44170
44171
44172
44173
44174
44175
44177
44178
44179
44181
44182
44183
44184
44186
44189
44192
44193
44194
44195
44196
44197
44198
44199
44200
44201
44204
44205
44206
44208
44212
44213
44214
44216
44217
44218
44220
44221
44222
44223
44225
44226
44227
44228
44229
44231
44232
44234
44237
44239
44240
44241
44242
44243
44246
44247
44249
44252
44253
44254
44255
44257
44258
44259
44265
44268
44269
44270
44272
44274
44275
44279
44280
44282
44283
44284
44286
44287
44289
44290
44292
44294
44298
44299
44300
44301
44303
44305
44307
44309
44312
44313
44315
44316
44317
44318
44319
44324
44325
44327
44328
44329
44330
44331
44332
44333
44334
44335
44336
44338
44339
44340
44341
44343
44344
44346
44349
44350
44351
44352
44353
44357
44359
44361
44362
44363
44364
44365
44366
44367
44368
44372
44373
44374
44375
44377
44378
44380
44382
44383
44385
44388
44393
44394
44395
44396
44397
44398
44399
44400
44402
44405
44407
44408
44409
44410
44411
44413
44414
44416
44417
44418
44421
44422
44424
44425
44426
44429
44431
44435
44436
44439
44440
44442
44443
44444
44445
44446
44447
44448
44449
44450
44452
44456
44457
44458
44459
44462
44463
44464
44465
44466
44467
44469
44472
44473
44474
44475
44476
44477
44478
44479
44480
44481
44482
44483
44484
44486
44487
44488
44489
44491
44492
44495
44497
44498
44499
44500
44501
44504
44505
44507
44510
44511
44512
44515
44517
44518
44523
44524
44525
44528
44529
44530
44531
44532
44533
44538
44539
44540
44543
44545
44549
44553
44555
44556
44557
44558
44559
44560
44561
44562
44564
44565
44566
44568
44569
44570
44571
44572
44573
44574
44575
44576
44577
44578
44579
44585
44586
44588
44589
44595
44596
44598
44599
44600
44601
44602
44603
44604
44606
44608
44610
44611
44613
44614
44620
44622
44624
44625
44626
44628
44629
44630
44632
44634
44635
44636
44637
44639
44640
44641
44643
44644
44645
44646
44647
44648
44651
44652
44653
44654
44656
44661
44663
44664
44665
44666
44667
44668
44669
44670
44671
44672
44673
44674
44675
44676
44678
44679
44680
44683
44687
44688
44690
44692
44693
44694
44696
44697
44698
44699
44700
44703
44706
44708
44712
44715
44716
44717
44718
44719
44720
44721
44722
44723
44726
44728
44731
44732
44733
44734
44736
44737
44738
44740
44741
44742
44744
44745
44746
44747
44748
44749
44751
44752
44754
44755
44757
44758
44761
44762
44764
44766
44767
44768
44770
44771
44773
44776
44778
44779
44780
44781
44782
44783
44784
44786
44787
44788
44791
44794
44795
44796
44798
44800
44802
44804
44806
44808
44810
44812
44813
44814
44816
44817
44819
44820
44821
44822
44823
44824
44826
44828
44829
44831
44833
44838
44839
44843
44844
44845
44846
44847
44848
44849
44851
44852
44853
44854
44856
44857
44861
44864
44865
44866
44868
44870
44871
44873
44874
44875
44876
44877
44878
44880
44883
44884
44886
44887
44888
44889
44890
44893
44894
44896
44899
44900
44901
44903
44905
44908
44909
44911
44913
44916
44917
44918
44920
44921
44924
44926
44932
44933
44934
44935
44936
44937
44938
44941
44942
44943
44944
44947
44948
44949
44952
44954
44955
44958
44959
44960
44962
44964
44966
44967
44968
44969
44970
44971
44972
44974
44975
44978
44979
44980
44981
44982
44983
44984
44985
44986
44989
44990
44993
44996
44998
45001
45002
45003
45004
45005
45006
45007
45008
45009
45012
45013
45016
45018
45019
45022
45023
45024
45025
45026
45028
45030
45031
45032
45033
45034
45035
45036
45038
45039
45040
45041
45044
45046
45047
45049
45051
45052
45053
45054
45055
45058
45059
45061
45063
45065
45066
45068
45070
45071
45074
45075
45076
45077
45078
45079
45080
45083
45084
45085
45086
45088
45089
45090
45091
45092
45093
45094
45095
45096
45097
45099
45102
45104
45105
45106
45112
45113
45114
45116
45119
45120
45122
45123
45124
45127
45128
45129
45131
45132
45133
45134
45135
45136
45137
45138
45140
45141
45142
45143
45147
45148
45149
45150
45152
45153
45154
45156
45157
45158
45161
45163
45164
45167
45169
45171
45173
45174
45175
45178
45179
45180
45182
45183
45184
45186
45189
45190
45191
45192
45193
45195
45197
45198
45199
45200
45202
45203
45205
45207
45208
45209
45210
45212
45213
45214
45215
45216
45217
45218
45219
45220
45221
45222
45223
45224
45226
45227
45228
45229
45232
45233
45234
45238
45239
45240
45243
45244
45245
45247
45248
45249
45251
45252
45253
45258
45259
45260
45262
45263
45265
45266
45269
45270
45271
45274
45275
45276
45277
45279
45280
45284
45285
45286
45287
45288
45290
45292
45294
45295
45297
45299
45300
45301
45302
45304
45305
45306
45309
45311
45312
45313
45316
45317
45318
45320
45321
45322
45323
45324
45326
45328
45329
45330
45332
45333
45338
45339
45341
45342
45344
45345
45346
45347
45348
45351
45356
45358
45359
45361
45362
45366
45368
45369
45371
45373
45374
45375
45376
45378
45382
45388
45390
45391
45392
45394
45395
45396
45397
45398
45400
45401
45403
45406
45407
45409
45410
45411
45412
45413
45414
45416
45417
45418
45421
45422
45425
45426
45427
45430
45432
45435
45440
45441
45442
45445
45446
45447
45448
45450
45451
45452
45453
45455
45456
45457
45460
45461
45462
45463
45465
45467
45468
45469
45472
45474
45476
45477
45478
45479
45481
45482
45483
45484
45485
45486
45487
45491
45494
45495
45498
45499
45500
45502
45503
45504
45507
45509
45510
45511
45513
45514
45516
45517
45518
45519
45522
45523
45524
45525
45526
45527
45529
45531
45533
45534
45535
45537
45538
45540
45542
45543
45545
45546
45548
45551
45553
45554
45555
45556
45557
45559
45560
45562
45566
45567
45568
45569
45573
45574
45575
45576
45579
45583
45584
45585
45586
45588
45591
45592
45593
45595
45597
45600
45602
45605
45606
45607
45608
45614
45615
45616
45617
45618
45619
45620
45621
45622
45623
45625
45626
45627
45629
45630
45632
45633
45635
45636
45640
45641
45643
45646
45648
45649
45650
45651
45652
45655
45657
45658
45659
45660
45662
45665
45667
45668
45669
45670
45675
45676
45677
45683
45685
45686
45687
45688
45689
45690
45691
45692
45696
45697
45698
45701
45702
45703
45704
45705
45707
45708
45709
45712
45713
45714
45715
45718
45719
45720
45722
45723
45724
45726
45727
45729
45730
45731
45732
45735
45736
45738
45739
45740
45742
45743
45744
45745
45746
45750
45752
45753
45754
45759
45760
45761
45762
45765
45766
45767
45770
45771
45772
45774
45775
45776
45778
45779
45781
45783
45784
45785
45787
45788
45790
45794
45796
45802
45805
45806
45807
45808
45811
45812
45813
45816
45818
45822
45823
45827
45829
45831
45832
45833
45834
45835
45838
45839
45841
45842
45843
45845
45847
45848
45849
45850
45851
45854
45855
45856
45858
45859
45860
45861
45862
45863
45864
45866
45867
45868
45869
45870
45871
45875
45877
45878
45879
45881
45883
45884
45887
45888
45890
45892
45893
45897
45898
45899
45900
45901
45903
45904
45906
45911
45912
45913
45914
45915
45918
45919
45920
45922
45923
45924
45925
45926
45927
45928
45930
45931
45932
45933
45935
45936
45938
45939
45940
45942
45943
45944
45945
45946
45949
45950
45952
45954
45956
45957
45959
45961
45962
45964
45965
45966
45968
45969
45970
45972
45973
45975
45978
45979
45980
45981
45983
45984
45987
45989
45990
45991
45992
45993
45994
45995
45996
45998
45999
46001
46003
46004
46006
46007
46008
46009
46011
46013
46015
46016
46017
46018
46022
46023
46024
46025
46026
46027
46028
46031
46033
46035
46036
46038
46039
46040
46042
46043
46046
46048
46050
46051
46052
46053
46055
46056
46057
46058
46059
46060
46061
46064
46065
46066
46067
46069
46073
46074
46076
46082
46083
46084
46086
46088
46089
46090
46091
46092
46093
46094
46095
46096
46097
46099
46100
46101
46103
46104
46107
46108
46110
46111
46112
46113
46114
46115
46118
46120
46121
46123
46124
46127
46128
46129
46133
46134
46135
46136
46137
46138
46139
46141
46142
46143
46146
46148
46149
46150
46151
46154
46157
46158
46160
46161
46162
46163
46164
46165
46166
46169
46170
46171
46172
46173
46174
46175
46177
46178
46181
46182
46183
46184
46185
46186
46188
46189
46192
46193
46194
46195
46197
46199
46201
46202
46203
46205
46206
46209
46210
46212
46213
46216
46217
46219
46221
46222
46224
46226
46227
46228
46230
46231
46234
46235
46236
46237
46238
46239
46242
46245
46247
46250
46251
46253
46254
46255
46257
46259
46260
46261
46263
46264
46265
46266
46268
46270
46271
46272
46273
46276
46277
46279
46280
46282
46284
46285
46286
46287
46289
46290
46291
46293
46295
46296
46299
46300
46302
46303
46306
46307
46310
46311
46314
46315
46316
46317
46318
46319
46320
46323
46325
46328
46329
46331
46332
46333
46335
46337
46338
46339
46341
46342
46343
46344
46345
46346
46347
46351
46352
46353
46355
46356
46357
46358
46360
46361
46362
46363
46366
46367
46368
46369
46370
46372
46373
46374
46377
46379
46385
46388
46389
46391
46393
46396
46398
46399
46400
46402
46403
46405
46407
46408
46410
46411
46413
46414
46415
46417
46418
46419
46420
46422
46423
46424
46426
46427
46429
46434
46435
46436
46437
46438
46439
46441
46443
46445
46446
46448
46449
46450
46451
46453
46454
46458
46459
46460
46461
46462
46464
46466
46467
46471
46472
46474
46476
46477
46478
46480
46481
46482
46483
46484
46485
46487
46489
46490
46491
46493
46495
46497
46499
46501
46502
46505
46506
46507
46508
46509
46517
46518
46519
46520
46521
46522
46523
46525
46526
46528
46529
46530
46531
46533
46535
46536
46539
46541
46544
46547
46548
46549
46550
46552
46553
46554
46555
46557
46559
46560
46561
46563
46564
46565
46566
46568
46569
46570
46571
46573
46574
46575
46578
46580
46584
46586
46587
46589
46590
46591
46592
46594
46595
46596
46598
46599
46602
46604
46605
46607
46608
46609
46610
46611
46616
46617
46618
46620
46621
46623
46624
46625
46626
46627
46628
46629
46631
46632
46633
46634
46635
46636
46637
46640
46643
46646
46648
46649
46652
46653
46654
46655
46657
46659
46661
46662
46663
46664
46668
46670
46671
46674
46675
46676
46679
46680
46683
46685
46687
46689
46690
46692
46693
46694
46695
46697
46698
46699
46701
46702
46703
46705
46706
46708
46710
46712
46714
46715
46716
46717
46718
46719
46720
46721
46723
46724
46726
46727
46728
46729
46730
46731
46732
46734
46736
46737
46738
46739
46744
46746
46747
46749
46751
46754
46755
46756
46758
46760
46761
46762
46763
46767
46768
46769
46770
46772
46773
46774
46776
46779
46780
46781
46782
46784
46785
46786
46787
46789
46790
46792
46793
46794
46796
46798
46799
46800
46801
46804
46805
46806
46808
46809
46810
46812
46813
46814
46815
46819
46820
46822
46824
46825
46828
46830
46832
46835
46837
46838
46839
46840
46841
46847
46848
46850
46854
46855
46856
46857
46860
46862
46863
46864
46866
46867
46868
46870
46871
46873
46877
46878
46880
46881
46884
46886
46887
46889
46890
46891
46893
46894
46896
46899
46901
46902
46903
46904
46905
46907
46908
46909
46910
46912
46914
46916
46918
46919
46921
46922
46923
46924
46925
46926
46927
46930
46931
46932
46933
46936
46937
46938
46940
46942
46943
46944
46945
46946
46947
46949
46950
46951
46952
46953
46954
46955
46956
46957
46958
46961
46962
46963
46964
46966
46967
46968
46973
46975
46976
46977
46980
46981
46982
46983
46984
46985
46987
46988
46989
46990
46992
46994
46995
46997
46999
47000
47001
47002
47006
47009
47010
47013
47015
47016
47017
47020
47021
47023
47024
47026
47028
47029
47033
47034
47035
47037
47038
47040
47045
47048
47049
47055
47057
47059
47060
47061
47063
47064
47065
47066
47067
47070
47072
47074
47075
47077
47078
47079
47080
47081
47086
47087
47090
47091
47092
47093
47095
47096
47098
47099
47100
47103
47104
47105
47106
47107
47108
47109
47110
47111
47114
47116
47117
47122
47123
47124
47125
47126
47127
47128
47130
47132
47133
47134
47136
47139
47140
47141
47142
47143
47144
47145
47146
47148
47149
47152
47154
47157
47158
47160
47161
47162
47163
47164
47165
47167
47172
47173
47176
47177
47179
47180
47181
47185
47187
47188
47189
47191
47193
47194
47198
47201
47202
47203
47204
47205
47206
47209
47211
47212
47213
47214
47216
47217
47218
47219
47221
47222
47223
47224
47226
47227
47229
47231
47232
47234
47235
47236
47237
47238
47239
47240
47241
47243
47246
47248
47252
47253
47257
47259
47260
47262
47264
47265
47266
47267
47270
47271
47272
47273
47274
47275
47276
47277
47278
47279
47280
47283
47285
47286
47287
47289
47291
47292
47293
47294
47300
47301
47302
47304
47305
47307
47308
47309
47310
47312
47313
47315
47316
47317
47318
47321
47322
47324
47325
47326
47327
47329
47334
47335
47336
47338
47340
47341
47343
47344
47345
47346
47348
47351
47352
47353
47354
47355
47356
47357
47358
47362
47363
47364
47366
47370
47371
47373
47374
47375
47377
47378
47381
47383
47384
47386
47388
47389
47391
47392
47393
47394
47396
47397
47398
47399
47402
47404
47406
47407
47409
47410
47411
47412
47413
47415
47416
47418
47419
47420
47421
47422
47424
47425
47426
47428
47431
47432
47433
47434
47436
47437
47438
47439
47440
47441
47442
47443
47445
47449
47450
47451
47452
47453
47455
47456
47457
47459
47460
47461
47464
47468
47470
47471
47472
47473
47475
47476
47477
47478
47480
47481
47482
47484
47485
47488
47491
47492
47493
47494
47495
47499
47500
47501
47502
47503
47504
47506
47507
47509
47511
47512
47514
47515
47517
47519
47523
47524
47526
47527
47528
47529
47532
47533
47534
47535
47537
47538
47540
47541
47543
47544
47547
47548
47551
47552
47553
47554
47555
47557
47558
47559
47561
47565
47566
47571
47573
47574
47575
47577
47579
47580
47581
47584
47585
47586
47587
47589
47590
47591
47592
47593
47594
47596
47599
47601
47602
47603
47605
47608
47609
47612
47614
47616
47620
47621
47622
47625
47626
47627
47628
47629
47632
47633
47634
47635
47638
47639
47640
47641
47642
47643
47645
47646
47647
47648
47650
47651
47654
47655
47656
47658
47659
47661
47663
47664
47665
47667
47668
47669
47673
47674
47675
47676
47677
47678
47680
47681
47684
47686
47688
47690
47692
47694
47696
47698
47699
47700
47701
47702
47703
47704
47705
47707
47709
47710
47711
47713
47716
47717
47718
47720
47721
47722
47726
47728
47730
47731
47732
47733
47734
47737
47739
47740
47741
47743
47744
47747
47748
47749
47750
47752
47753
47755
47756
47758
47760
47763
47764
47766
47768
47769
47770
47771
47772
47773
47774
47775
47776
47777
47778
47779
47780
47781
47782
47784
47785
47786
47788
47789
47790
47791
47792
47793
47795
47797
47799
47800
47801
47802
47805
47806
47807
47808
47813
47815
47816
47817
47818
47821
47822
47823
47824
47825
47828
47829
47831
47832
47833
47834
47835
47836
47837
47838
47842
47843
47846
47848
47849
47851
47852
47853
47854
47855
47856
47857
47860
47861
47862
47863
47864
47866
47868
47869
47870
47872
47873
47874
47875
47876
47879
47881
47887
47888
47889
47890
47891
47893
47894
47897
47898
47900
47901
47902
47904
47905
47906
47907
47910
47911
47912
47913
47914
47915
47917
47919
47920
47921
47927
47928
47929
47930
47931
47932
47933
47935
47936
47937
47940
47941
47942
47943
47944
47946
47948
47952
47953
47955
47956
47957
47958
47959
47960
47961
47962
47964
47965
47966
47967
47970
47971
47973
47974
47975
47976
47977
47978
47979
47980
47983
47984
47985
47986
47987
47989
47993
47994
47995
47997
47999
48002
48003
48004
48005
48008
48010
48011
48015
48017
48018
48020
48022
48023
48024
48025
48026
48028
48029
48030
48031
48032
48033
48034
48036
48037
48038
48039
48040
48043
48044
48050
48052
48055
48056
48057
48058
48061
48063
48064
48066
48068
48070
48071
48072
48074
48075
48077
48078
48079
48080
48081
48082
48084
48085
48086
48088
48089
48092
48093
48094
48095
48097
48098
48099
48102
48103
48109
48110
48112
48113
48114
48115
48117
48118
48119
48120
48124
48125
48126
48127
48129
48130
48131
48133
48134
48135
48138
48140
48142
48143
48144
48145
48147
48148
48149
48150
48151
48153
48154
48155
48156
48157
48159
48161
48162
48163
48164
48166
48167
48168
48169
48170
48171
48172
48176
48179
48183
48184
48185
48187
48188
48189
48192
48193
48196
48200
48203
48204
48205
48209
48210
48212
48213
48215
48217
48218
48219
48220
48223
48224
48227
48228
48230
48231
48232
48233
48234
48236
48237
48241
48242
48244
48245
48248
48257
48258
48260
48261
48262
48263
48264
48265
48267
48269
48270
48271
48273
48274
48277
48279
48281
48282
48283
48285
48286
48289
48293
48294
48295
48296
48297
48298
48299
48302
48303
48304
48306
48308
48309
48311
48313
48315
48316
48317
48318
48319
48320
48321
48322
48323
48325
48326
48327
48328
48329
48330
48331
48333
48335
48336
48337
48338
48339
48340
48342
48343
48344
48345
48346
48347
48348
48349
48350
48352
48353
48354
48355
48357
48358
48360
48363
48365
48367
48369
48370
48372
48373
48374
48377
48380
48381
48382
48386
48387
48389
48391
48392
48393
48395
48396
48397
48398
48399
48400
48401
48402
48403
48404
48406
48407
48408
48409
48410
48411
48412
48413
48417
48419
48420
48421
48423
48424
48427
48428
48429
48430
48434
48436
48437
48438
48440
48441
48444
48449
48450
48452
48453
48454
48455
48456
48459
48460
48461
48462
48463
48468
48470
48472
48473
48475
48476
48477
48478
48480
48481
48482
48483
48484
48485
48487
48489
48494
48496
48497
48499
48500
48501
48502
48503
48504
48507
48508
48509
48510
48513
48515
48518
48519
48521
48523
48524
48525
48526
48528
48529
48531
48532
48534
48536
48538
48539
48540
48542
48543
48544
48547
48551
48553
48554
48555
48559
48561
48563
48566
48567
48569
48570
48571
48572
48573
48575
48576
48577
48578
48580
48583
48584
48588
48590
48591
48592
48593
48594
48595
48596
48601
48603
48604
48608
48611
48614
48621
48622
48624
48628
48629
48630
48631
48632
48633
48634
48635
48636
48638
48639
48641
48645
48647
48648
48652
48654
48656
48658
48659
48661
48662
48663
48664
48665
48666
48667
48668
48671
48672
48673
48675
48678
48679
48680
48681
48682
48683
48684
48685
48686
48688
48689
48690
48692
48693
48694
48696
48697
48699
48702
48703
48704
48707
48708
48710
48711
48715
48716
48717
48718
48719
48720
48721
48723
48724
48729
48730
48733
48734
48735
48736
48738
48739
48743
48745
48749
48750
48752
48753
48754
48755
48756
48758
48759
48761
48762
48763
48765
48767
48768
48769
48772
48773
48775
48776
48778
48779
48781
48782
48784
48785
48786
48787
48788
48790
48791
48792
48793
48794
48795
48797
48799
48804
48806
48807
48808
48810
48812
48814
48815
48816
48818
48819
48820
48821
48823
48825
48826
48827
48829
48830
48831
48832
48833
48836
48837
48839
48840
48841
48842
48844
48845
48849
48854
48855
48856
48861
48862
48864
48865
48867
48870
48874
48875
48876
48877
48879
48880
48881
48884
48885
48889
48890
48891
48892
48893
48894
48895
48897
48898
48899
48901
48902
48903
48904
48905
48906
48907
48910
48911
48912
48913
48917
48918
48919
48922
48924
48925
48926
48927
48928
48929
48931
48934
48936
48937
48939
48943
48944
48945
48946
48947
48948
48950
48952
48953
48955
48956
48957
48958
48959
48961
48962
48963
48964
48965
48970
48971
48972
48973
48975
48976
48977
48978
48979
48980
48981
48982
48983
48989
48992
48993
48995
48997
48999
49000
49002
49004
49006
49007
49008
49009
49010
49011
49016
49017
49018
49019
49023
49026
49028
49029
49031
49032
49034
49035
49036
49037
49038
49040
49041
49042
49043
49044
49045
49047
49048
49051
49054
49055
49057
49058
49059
49060
49061
49063
49064
49067
49068
49069
49070
49073
49074
49075
49077
49078
49080
49083
49084
49087
49088
49089
49091
49092
49093
49096
49097
49098
49100
49102
49104
49105
49107
49108
49110
49112
49113
49114
49120
49121
49122
49123
49124
49125
49126
49129
49130
49132
49133
49134
49135
49136
49140
49141
49142
49143
49144
49145
49146
49147
49148
49150
49151
49153
49154
49156
49157
49159
49160
49161
49162
49163
49164
49165
49166
49168
49169
49170
49171
49172
49178
49179
49180
49183
49186
49187
49188
49190
49191
49192
49193
49195
49196
49197
49198
49199
49201
49203
49204
49205
49207
49209
49210
49211
49213
49215
49217
49218
49219
49220
49221
49222
49223
49226
49227
49228
49229
49231
49236
49237
49238
49239
49240
49242
49243
49244
49245
49250
49252
49256
49258
49259
49261
49262
49264
49265
49267
49269
49272
49276
49278
49279
49280
49282
49283
49287
49288
49289
49291
49293
49296
49300
49302
49303
49304
49305
49309
49310
49311
49312
49313
49314
49315
49316
49317
49318
49320
49321
49322
49325
49326
49327
49329
49331
49333
49334
49336
49337
49338
49339
49340
49343
49346
49347
49348
49349
49350
49351
49352
49355
49356
49358
49359
49360
49362
49363
49364
49366
49367
49368
49369
49370
49371
49372
49374
49376
49378
49379
49380
49382
49386
49388
49389
49390
49392
49393
49394
49395
49396
49398
49399
49400
49401
49403
49405
49406
49408
49409
49410
49411
49412
49414
49415
49419
49420
49422
49423
49424
49427
49428
49430
49431
49432
49433
49434
49435
49436
49439
49440
49442
49443
49445
49448
49449
49451
49452
49456
49457
49458
49461
49462
49463
49464
49465
49466
49468
49469
49470
49471
49472
49473
49475
49476
49477
49479
49480
49481
49482
49483
49485
49487
49488
49490
49491
49492
49494
49496
49497
49498
49499
49500
49501
49503
49506
49508
49511
49512
49513
49515
49516
49520
49521
49523
49524
49525
49526
49527
49528
49529
49530
49531
49532
49533
49534
49535
49536
49539
49540
49543
49544
49545
49546
49547
49548
49549
49550
49553
49554
49555
49557
49558
49559
49560
49563
49564
49567
49568
49569
49570
49571
49572
49573
49574
49575
49576
49577
49578
49579
49580
49581
49583
49584
49586
49588
49591
49593
49595
49596
49597
49600
49601
49602
49604
49606
49608
49612
49614
49616
49618
49619
49620
49621
49622
49623
49624
49625
49626
49629
49632
49633
49634
49635
49638
49639
49640
49644
49645
49647
49649
49650
49651
49652
49653
49654
49655
49657
49658
49664
49665
49666
49667
49668
49669
49671
49672
49673
49675
49678
49681
49682
49683
49684
49685
49687
49691
49693
49694
49695
49696
49697
49698
49700
49701
49703
49704
49705
49708
49709
49711
49712
49714
49715
49716
49717
49718
49719
49720
49721
49722
49723
49724
49728
49730
49731
49732
49733
49735
49738
49741
49743
49744
49747
49749
49752
49753
49754
49755
49756
49757
49758
49759
49765
49766
49768
49769
49772
49773
49775
49776
49777
49779
49784
49785
49787
49788
49790
49792
49795
49798
49799
49800
49801
49802
49805
49807
49808
49810
49811
49812
49813
49814
49815
49816
49823
49825
49827
49828
49830
49831
49834
49835
49836
49837
49838
49839
49840
49842
49844
49847
49848
49852
49853
49855
49857
49858
49859
49860
49863
49864
49868
49869
49870
49874
49875
49876
49877
49878
49879
49880
49881
49883
49884
49886
49889
49891
49895
49898
49899
49900
49901
49902
49904
49908
49909
49913
49914
49915
49916
49917
49918
49919
49922
49924
49926
49927
49928
49929
49930
49931
49932
49933
49934
49937
49938
49940
49941
49942
49943
49944
49946
49948
49949
49953
49954
49955
49956
49959
49960
49961
49963
49964
49967
49968
49969
49970
49971
49972
49973
49975
49976
49977
49980
49985
49986
49987
49988
49989
49990
49991
49992
49993
49994
49995
49996
49998
50000
50001
50002
50003
50006
50007
50011
50013
50014
50016
50017
50020
50021
50024
50026
50027
50028
50029
50030
50031
50032
50033
50034
50036
50038
50039
50040
50044
50045
50049
50054
50056
50058
50059
50061
50062
50064
50065
50066
50067
50068
50069
50072
50073
50074
50076
50077
50078
50079
50080
50081
50083
50084
50087
50089
50090
50093
50094
50095
50096
50098
50099
50100
50101
50103
50104
50105
50106
50107
50110
50111
50112
50113
50114
50115
50118
50119
50123
50124
50125
50129
50131
50133
50136
50137
50139
50142
50143
50147
50148
50150
50151
50152
50153
50155
50157
50158
50160
50161
50162
50163
50164
50167
50168
50170
50173
50175
50178
50180
50183
50184
50185
50186
50187
50188
50189
50190
50191
50192
50194
50195
50196
50199
50201
50202
50203
50206
50207
50209
50210
50213
50214
50215
50216
50217
50222
50224
50225
50226
50229
50230
50231
50232
50233
50235
50236
50237
50239
50240
50242
50245
50247
50250
50251
50252
50253
50254
50255
50257
50258
50260
50262
50263
50265
50272
50273
50275
50277
50280
50281
50283
50284
50285
50289
50291
50293
50294
50296
50297
50299
50300
50301
50304
50305
50307
50309
50310
50311
50315
50316
50317
50318
50319
50320
50322
50326
50329
50330
50331
50332
50333
50334
50335
50336
50337
50338
50340
50341
50342
50344
50345
50346
50348
50350
50352
50353
50354
50355
50356
50357
50358
50359
50360
50361
50365
50367
50368
50369
50370
50371
50372
50374
50376
50377
50382
50383
50384
50385
50386
50389
50390
50392
50394
50395
50397
50398
50399
50400
50402
50405
50406
50407
50414
50415
50416
50417
50420
50422
50423
50425
50426
50427
50428
50432
50433
50436
50437
50438
50443
50445
50446
50447
50448
50449
50450
50451
50452
50453
50454
50459
50460
50461
50463
50464
50465
50466
50467
50468
50469
50470
50471
50472
50474
50477
50480
50483
50485
50487
50488
50491
50492
50495
50499
50500
50502
50504
50505
50506
50507
50508
50509
50510
50511
50514
50515
50517
50519
50520
50522
50524
50525
50526
50527
50528
50530
50531
50534
50536
50537
50538
50539
50541
50542
50543
50545
50546
50547
50548
50549
50550
50552
50554
50555
50557
50558
50559
50560
50561
50564
50565
50567
50568
50569
50570
50572
50573
50574
50576
50577
50578
50579
50580
50581
50582
50584
50585
50586
50590
50592
50594
50596
50597
50599
50600
50602
50604
50605
50606
50607
50609
50610
50611
50612
50614
50615
50617
50618
50622
50623
50624
50625
50630
50632
50633
50634
50636
50637
50638
50639
50640
50641
50642
50643
50646
50647
50648
50651
50652
50653
50654
50656
50657
50658
50659
50660
50662
50663
50665
50667
50668
50669
50671
50680
50683
50688
50690
50691
50692
50693
50695
50696
50697
50698
50700
50701
50702
50703
50706
50707
50710
50713
50714
50715
50716
50717
50719
50720
50724
50725
50726
50727
50728
50729
50731
50732
50734
50735
50736
50737
50738
50742
50744
50745
50747
50748
50749
50750
50752
50753
50755
50756
50757
50763
50764
50766
50767
50768
50769
50772
50774
50775
50776
50779
50780
50782
50783
50785
50786
50791
50793
50794
50795
50796
50799
50802
50803
50804
50806
50807
50808
50809
50812
50813
50814
50815
50818
50819
50820
50823
50826
50827
50831
50832
50833
50837
50839
50841
50846
50849
50850
50852
50853
50854
50855
50856
50857
50858
50859
50861
50863
50864
50867
50869
50870
50871
50872
50876
50877
50879
50882
50885
50889
50890
50891
50892
50893
50894
50897
50900
50901
50902
50903
50906
50907
50910
50912
50913
50914
50918
50919
50920
50921
50922
50923
50928
50930
50931
50932
50933
50934
50936
50937
50938
50943
50945
50947
50949
50951
50952
50954
50955
50956
50957
50958
50959
50960
50963
50965
50966
50967
50973
50975
50976
50977
50981
50982
50983
50984
50985
50986
50987
50988
50989
50990
50992
50994
50997
50998
51000
51001
51004
51005
51006
51008
51010
51011
51012
51014
51016
51018
51021
51024
51025
51028
51030
51031
51032
51033
51034
51036
51038
51041
51042
51043
51044
51046
51047
51048
51049
51051
51052
51054
51056
51057
51058
51059
51060
51062
51063
51067
51068
51070
51071
51072
51073
51074
51075
51076
51077
51078
51079
51080
51083
51085
51086
51087
51088
51089
51090
51092
51093
51098
51099
51101
51102
51103
51104
51106
51110
51111
51112
51113
51114
51116
51118
51119
51121
51123
51128
51129
51135
51137
51138
51139
51140
51142
51145
51147
51151
51152
51154
51155
51157
51158
51162
51163
51164
51166
51169
51171
51172
51175
51177
51178
51179
51181
51182
51183
51184
51185
51186
51188
51189
51190
51191
51192
51193
51194
51197
51198
51199
51201
51203
51204
51205
51206
51207
51209
51211
51214
51215
51216
51217
51218
51219
51220
51221
51224
51228
51230
51231
51234
51237
51238
51239
51240
51241
51242
51243
51245
51247
51253
51254
51255
51260
51266
51268
51269
51270
51272
51273
51274
51275
51277
51278
51279
51280
51282
51283
51284
51285
51286
51287
51290
51292
51297
51299
51300
51301
51302
51303
51304
51307
51309
51310
51311
51313
51316
51317
51319
51320
51323
51324
51325
51326
51328
51331
51333
51334
51336
51337
51338
51339
51340
51342
51343
51344
51345
51346
51347
51350
51351
51354
51356
51357
51358
51359
51360
51362
51364
51365
51366
51368
51372
51373
51375
51376
51379
51380
51381
51382
51383
51386
51387
51388
51389
51390
51392
51393
51394
51398
51399
51400
51401
51403
51404
51405
51407
51409
51411
51412
51413
51415
51416
51418
51420
51422
51424
51429
51431
51432
51433
51435
51439
51442
51443
51444
51446
51448
51449
51450
51451
51453
51454
51455
51456
51457
51458
51459
51460
51461
51463
51464
51465
51468
51469
51470
51474
51476
51479
51480
51481
51482
51483
51484
51485
51486
51487
51488
51492
51493
51494
51495
51496
51499
51501
51502
51503
51505
51507
51512
51513
51514
51515
51516
51519
51520
51522
51525
51527
51532
51533
51534
51538
51539
51541
51542
51543
51544
51546
51548
51549
51553
51554
51556
51558
51560
51561
51563
51564
51568
51569
51570
51571
51572
51574
51575
51576
51577
51578
51579
51580
51581
51582
51584
51586
51587
51588
51590
51591
51594
51595
51598
51599
51600
51601
51602
51604
51607
51609
51610
51611
51612
51614
51615
51616
51618
51619
51621
51623
51624
51625
51626
51629
51631
51632
51633
51636
51637
51638
51640
51641
51642
51644
51651
51652
51654
51656
51658
51659
51661
51662
51663
51664
51665
51666
51667
51668
51670
51671
51672
51673
51674
51675
51676
51681
51683
51689
51690
51691
51692
51693
51694
51695
51696
51698
51700
51701
51703
51704
51705
51711
51712
51714
51715
51718
51719
51721
51722
51723
51727
51728
51729
51730
51731
51733
51734
51735
51738
51739
51740
51741
51742
51744
51745
51746
51747
51748
51752
51755
51756
51761
51762
51763
51764
51772
51773
51774
51777
51779
51781
51782
51783
51784
51785
51790
51792
51796
51797
51807
51808
51809
51810
51811
51812
51815
51816
51817
51819
51821
51822
51826
51827
51830
51831
51833
51835
51836
51838
51839
51840
51841
51842
51846
51849
51850
51851
51852
51853
51854
51855
51856
51857
51859
51860
51861
51862
51863
51864
51865
51866
51868
51869
51871
51873
51874
51875
51876
51877
51880
51882
51883
51886
51888
51891
51892
51893
51895
51896
51898
51900
51901
51902
51903
51905
51907
51908
51910
51911
51913
51915
51916
51917
51919
51922
51923
51924
51925
51926
51927
51928
51929
51930
51931
51932
51933
51935
51936
51937
51938
51939
51941
51943
51946
51947
51948
51950
51952
51953
51954
51955
51958
51964
51967
51968
51969
51972
51973
51974
51976
51977
51979
51981
51982
51983
51984
51985
51988
51989
51990
51993
51994
51998
52000
52001
52003
52005
52006
52007
52008
52009
52011
52012
52013
52014
52016
52017
52018
52019
52020
52021
52022
52023
52026
52032
52033
52034
52035
52036
52037
52038
52039
52040
52041
52042
52043
52044
52046
52047
52048
52049
52051
52053
52055
52057
52059
52060
52061
52062
52063
52065
52066
52067
52068
52070
52071
52072
52074
52075
52077
52078
52080
52081
52082
52084
52085
52086
52088
52089
52091
52092
52094
52097
52098
52099
52100
52105
52108
52112
52116
52117
52118
52120
52121
52122
52123
52125
52126
52129
52131
52132
52133
52137
52138
52139
52140
52141
52142
52145
52146
52148
52149
52150
52151
52152
52153
52154
52155
52157
52159
52160
52165
52172
52173
52174
52175
52176
52178
52179
52180
52181
52182
52183
52184
52186
52187
52188
52189
52190
52191
52193
52194
52195
52197
52199
52201
52202
52206
52208
52209
52211
52213
52214
52215
52218
52219
52220
52221
52223
52226
52227
52228
52230
52231
52233
52234
52236
52237
52239
52240
52242
52243
52246
52250
52251
52254
52256
52257
52262
52263
52264
52265
52268
52269
52270
52272
52274
52275
52277
52278
52279
52285
52287
52289
52290
52291
52293
52295
52297
52298
52300
52303
52304
52305
52307
52308
52309
52310
52311
52312
52315
52316
52317
52318
52321
52322
52324
52325
52326
52329
52330
52331
52332
52336
52337
52339
52340
52341
52342
52346
52348
52351
52352
52353
52354
52358
52359
52363
52365
52367
52369
52371
52372
52379
52381
52383
52385
52386
52387
52390
52391
52392
52393
52394
52395
52396
52397
52398
52400
52401
52402
52405
52408
52409
52410
52412
52413
52416
52417
52419
52421
52423
52424
52425
52426
52429
52433
52434
52436
52437
52439
52440
52441
52443
52444
52446
52447
52448
52449
52450
52451
52452
52453
52455
52456
52457
52458
52459
52461
52462
52464
52465
52467
52468
52470
52473
52475
52476
52477
52478
52479
52480
52481
52482
52483
52486
52487
52488
52489
52490
52492
52493
52494
52496
52498
52500
52501
52502
52503
52506
52507
52508
52509
52510
52513
52514
52515
52516
52517
52518
52519
52524
52525
52534
52538
52541
52543
52546
52547
52548
52549
52551
52553
52554
52555
52556
52557
52561
52562
52563
52565
52566
52567
52568
52573
52575
52579
52581
52582
52584
52587
52588
52589
52590
52591
52592
52593
52594
52601
52602
52603
52604
52606
52608
52609
52610
52611
52612
52614
52615
52616
52621
52622
52624
52625
52628
52629
52634
52635
52636
52637
52638
52640
52642
52647
52648
52651
52652
52654
52655
52657
52658
52659
52660
52662
52663
52665
52668
52669
52670
52671
52673
52674
52675
52676
52677
52678
52680
52681
52682
52684
52685
52686
52688
52689
52695
52696
52698
52699
52701
52703
52706
52709
52710
52711
52712
52713
52714
52720
52721
52722
52724
52725
52727
52730
52731
52732
52733
52734
52736
52739
52741
52742
52744
52746
52747
52748
52749
52750
52752
52754
52755
52756
52757
52758
52759
52760
52761
52763
52765
52766
52767
52771
52773
52775
52776
52777
52778
52779
52780
52782
52783
52784
52785
52786
52787
52788
52789
52790
52795
52796
52798
52802
52805
52809
52810
52811
52812
52815
52816
52817
52818
52820
52821
52822
52823
52824
52825
52826
52827
52828
52829
52830
52831
52832
52833
52834
52835
52836
52837
52838
52840
52847
52848
52850
52851
52852
52853
52854
52857
52859
52860
52861
52862
52864
52865
52866
52867
52870
52871
52876
52877
52879
52883
52886
52887
52889
52893
52894
52895
52896
52897
52899
52900
52901
52902
52903
52904
52907
52910
52912
52914
52915
52916
52917
52920
52922
52926
52927
52928
52929
52931
52932
52933
52934
52935
52938
52940
52941
52942
52943
52944
52945
52946
52948
52949
52951
52953
52954
52956
52957
52958
52960
52961
52962
52963
52964
52965
52966
52967
52968
52969
52970
52971
52972
52973
52975
52976
52977
52979
52980
52983
52985
52986
52990
52991
52992
52993
52995
52996
53000
53001
53002
53003
53004
53005
53006
53007
53009
53010
53012
53017
53019
53020
53021
53024
53027
53030
53031
53032
53033
53036
53037
53038
53039
53040
53041
53044
53045
53048
53049
53050
53053
53057
53058
53063
53064
53066
53067
53069
53070
53071
53072
53074
53075
53076
53078
53079
53081
53082
53083
53084
53085
53087
53088
53090
53092
53093
53095
53096
53098
53100
53101
53102
53103
53105
53106
53107
53108
53109
53111
53112
53113
53114
53115
53116
53118
53121
53122
53125
53126
53130
53132
53133
53136
53137
53138
53139
53140
53141
53145
53146
53147
53148
53150
53153
53155
53156
53157
53158
53159
53161
53162
53163
53164
53167
53169
53170
53171
53174
53175
53176
53177
53179
53180
53184
53185
53187
53188
53189
53192
53194
53198
53203
53205
53206
53207
53208
53209
53211
53215
53218
53220
53221
53226
53227
53228
53230
53231
53233
53235
53236
53237
53238
53240
53241
53243
53244
53245
53247
53251
53253
53254
53255
53256
53257
53258
53259
53261
53264
53265
53266
53267
53269
53270
53271
53272
53274
53275
53276
53277
53278
53280
53281
53282
53283
53286
53287
53292
53293
53294
53295
53296
53297
53300
53301
53302
53303
53304
53307
53309
53310
53312
53313
53315
53317
53319
53321
53322
53324
53326
53327
53330
53332
53336
53340
53341
53343
53345
53347
53349
53350
53353
53354
53356
53358
53359
53363
53364
53365
53367
53376
53378
53379
53380
53381
53383
53384
53385
53390
53392
53394
53395
53396
53400
53402
53405
53407
53409
53414
53415
53416
53418
53419
53423
53424
53427
53428
53429
53432
53434
53435
53437
53438
53439
53440
53441
53442
53443
53444
53447
53448
53449
53450
53451
53452
53453
53454
53456
53457
53458
53461
53462
53463
53466
53469
53470
53472
53475
53478
53479
53481
53482
53483
53484
53485
53486
53488
53489
53492
53493
53494
53495
53496
53498
53499
53501
53503
53504
53507
53510
53511
53513
53517
53518
53519
53524
53525
53526
53528
53531
53532
53533
53534
53535
53536
53537
53538
53539
53540
53541
53546
53547
53549
53550
53555
53556
53557
53559
53560
53561
53562
53564
53566
53567
53568
53570
53571
53572
53573
53574
53575
53577
53578
53579
53582
53583
53584
53586
53589
53590
53593
53595
53596
53598
53601
53602
53605
53606
53609
53610
53611
53612
53616
53621
53622
53624
53625
53627
53630
53632
53635
53636
53637
53639
53640
53642
53643
53646
53648
53650
53653
53655
53656
53660
53661
53662
53665
53666
53667
53668
53670
53672
53673
53675
53678
53679
53681
53682
53683
53684
53685
53686
53687
53688
53690
53692
53695
53696
53697
53698
53700
53702
53705
53706
53708
53709
53712
53715
53717
53718
53720
53721
53722
53723
53724
53725
53727
53729
53730
53732
53736
53739
53740
53746
53747
53749
53750
53751
53753
53755
53757
53759
53760
53761
53762
53764
53767
53768
53769
53770
53772
53773
53774
53775
53776
53778
53779
53781
53782
53783
53784
53785
53786
53787
53790
53791
53792
53793
53794
53795
53797
53798
53800
53802
53805
53806
53808
53810
53811
53812
53815
53817
53818
53820
53822
53823
53824
53825
53829
53832
53834
53836
53837
53838
53839
53840
53843
53844
53845
53846
53847
53850
53851
53852
53858
53859
53860
53862
53863
53864
53865
53866
53867
53868
53873
53876
53877
53878
53879
53880
53881
53882
53884
53886
53887
53888
53889
53895
53897
53898
53901
53902
53904
53905
53906
53907
53908
53912
53913
53914
53915
53916
53922
53923
53924
53925
53926
53928
53931
53935
53936
53937
53938
53940
53942
53943
53945
53946
53951
53952
53953
53954
53955
53959
53960
53961
53962
53963
53964
53966
53967
53968
53970
53971
53973
53974
53975
53976
53977
53979
53980
53981
53982
53983
53984
53989
53990
53991
53992
53993
53995
53996
53997
53998
54000
54001
54003
54004
54005
54006
54008
54009
54011
54013
54014
54015
54018
54020
54022
54024
54026
54027
54029
54030
54031
54033
54034
54037
54040
54042
54043
54044
54045
54046
54047
54048
54050
54051
54052
54056
54057
54059
54060
54061
54065
54066
54067
54072
54073
54074
54076
54078
54079
54080
54081
54083
54084
54087
54088
54089
54090
54091
54092
54093
54094
54095
54097
54098
54099
54100
54102
54103
54107
54108
54109
54111
54112
54113
54114
54115
54117
54118
54119
54120
54124
54125
54126
54129
54130
54131
54132
54133
54134
54135
54136
54137
54139
54140
54141
54142
54147
54150
54152
54154
54155
54158
54159
54163
54164
54165
54166
54168
54170
54173
54176
54177
54183
54184
54185
54188
54189
54190
54195
54198
54202
54203
54206
54207
54208
54209
54210
54211
54214
54215
54216
54217
54219
54221
54222
54223
54225
54226
54227
54229
54230
54231
54234
54235
54236
54237
54238
54239
54240
54241
54242
54243
54244
54245
54247
54248
54249
54250
54251
54252
54253
54254
54258
54259
54262
54263
54264
54266
54269
54270
54272
54275
54277
54279
54284
54285
54286
54287
54288
54289
54292
54293
54294
54295
54297
54299
54302
54307
54309
54310
54311
54312
54314
54315
54318
54319
54320
54321
54322
54323
54324
54325
54326
54327
54329
54331
54332
54333
54334
54335
54337
54338
54339
54340
54341
54342
54344
54348
54350
54351
54353
54354
54360
54361
54362
54365
54367
54368
54369
54374
54375
54376
54377
54378
54379
54380
54381
54383
54384
54385
54386
54388
54389
54390
54391
54394
54396
54397
54398
54399
54403
54406
54407
54408
54409
54414
54416
54417
54418
54419
54420
54422
54424
54425
54431
54433
54434
54438
54439
54440
54445
54446
54447
54454
54455
54458
54459
54461
54462
54463
54466
54467
54469
54472
54474
54475
54476
54477
54481
54483
54484
54485
54488
54489
54495
54497
54498
54499
54500
54502
54504
54507
54509
54510
54512
54513
54515
54517
54518
54519
54520
54521
54522
54523
54526
54529
54531
54533
54534
54538
54539
54541
54542
54546
54551
54554
54555
54556
54557
54558
54561
54563
54565
54570
54571
54572
54573
54574
54576
54577
54578
54582
54583
54584
54585
54586
54587
54588
54589
54591
54593
54594
54595
54596
54598
54599
54600
54601
54602
54603
54604
54607
54608
54614
54616
54619
54621
54622
54624
54625
54627
54628
54631
54633
54634
54638
54639
54640
54642
54644
54645
54646
54647
54651
54653
54654
54656
54659
54660
54664
54665
54667
54670
54671
54674
54676
54677
54678
54679
54681
54682
54683
54684
54686
54687
54688
54691
54693
54694
54698
54699
54700
54703
54704
54705
54706
54707
54709
54712
54713
54714
54716
54717
54718
54719
54722
54730
54731
54732
54733
54734
54737
54738
54740
54741
54744
54748
54749
54750
54751
54752
54753
54754
54756
54757
54758
54759
54761
54762
54763
54764
54766
54769
54770
54771
54774
54776
54777
54778
54779
54782
54784
54786
54788
54789
54791
54793
54794
54796
54797
54798
54799
54800
54802
54803
54804
54810
54811
54812
54813
54814
54816
54817
54818
54820
54824
54826
54830
54831
54832
54834
54835
54838
54842
54843
54848
54851
54853
54854
54855
54856
54858
54859
54860
54861
54862
54863
54864
54865
54867
54869
54871
54872
54873
54874
54875
54876
54877
54878
54879
54880
54882
54883
54884
54886
54887
54889
54891
54892
54894
54895
54896
54897
54898
54900
54903
54904
54906
54907
54908
54912
54916
54917
54919
54920
54921
54922
54925
54929
54930
54931
54932
54933
54934
54935
54936
54938
54939
54941
54942
54944
54945
54946
54947
54951
54953
54954
54955
54958
54961
54962
54963
54964
54965
54966
54967
54968
54971
54975
54976
54977
54978
54980
54982
54983
54985
54986
54988
54990
54991
54992
54993
54994
54997
54998
55000
55006
55007
55008
55010
55012
55014
55015
55016
55018
55019
55020
55021
55024
55025
55026
55027
55029
55030
55034
55036
55037
55038
55039
55042
55045
55046
55047
55049
55054
55060
55062
55064
55066
55067
55068
55069
55070
55071
55073
55074
55075
55076
55078
55079
55080
55081
55082
55084
55085
55087
55088
55089
55090
55091
55092
55094
55097
55098
55099
55100
55101
55104
55106
55108
55110
55111
55112
55113
55115
55116
55117
55119
55120
55121
55122
55123
55124
55125
55126
55127
55129
55130
55131
55132
55136
55138
55139
55140
55141
55143
55146
55147
55148
55149
55150
55151
55152
55153
55154
55155
55156
55157
55158
55160
55161
55162
55163
55164
55165
55168
55169
55170
55171
55172
55173
55174
55175
55176
55178
55179
55180
55185
55186
55188
55189
55190
55196
55198
55201
55203
55205
55207
55208
55209
55210
55211
55217
55218
55221
55223
55224
55226
55227
55232
55233
55235
55236
55238
55240
55241
55243
55244
55245
55247
55249
55251
55252
55253
55254
55256
55257
55258
55259
55260
55262
55266
55267
55268
55271
55273
55274
55275
55276
55277
55278
55279
55281
55283
55284
55287
55288
55289
55290
55293
55294
55296
55299
55300
55304
55305
55306
55307
55308
55311
55312
55313
55314
55316
55317
55319
55320
55321
55327
55330
55331
55334
55335
55338
55341
55344
55345
55347
55348
55349
55350
55352
55354
55355
55357
55358
55359
55361
55362
55363
55365
55367
55368
55370
55372
55373
55375
55377
55378
55381
55383
55384
55385
55386
55391
55394
55396
55399
55400
55401
55402
55404
55406
55407
55408
55409
55410
55411
55414
55417
55419
55420
55421
55422
55423
55424
55425
55426
55428
55429
55431
55432
55434
55435
55436
55437
55438
55441
55442
55445
55447
55448
55450
55451
55452
55455
55456
55459
55464
55465
55468
55471
55472
55473
55474
55475
55477
55478
55479
55482
55483
55484
55488
55490
55491
55492
55495
55497
55499
55500
55501
55503
55506
55509
55510
55511
55512
55513
55521
55523
55525
55531
55534
55535
55536
55540
55541
55543
55545
55546
55548
55549
55551
55552
55553
55555
55557
55558
55559
55560
55561
55562
55565
55566
55569
55570
55571
55573
55574
55575
55579
55580
55581
55582
55587
55588
55590
55591
55592
55599
55600
55601
55602
55603
55606
55609
55610
55611
55613
55615
55616
55618
55619
55620
55622
55624
55625
55626
55627
55628
55632
55635
55636
55637
55639
55640
55643
55645
55646
55647
55648
55649
55654
55655
55656
55657
55661
55662
55664
55665
55666
55667
55668
55670
55671
55672
55673
55676
55677
55680
55683
55685
55686
55687
55688
55689
55690
55691
55692
55694
55698
55699
55700
55703
55704
55705
55708
55710
55713
55716
55717
55718
55721
55722
55723
55724
55725
55727
55729
55730
55733
55734
55735
55736
55737
55739
55740
55742
55743
55744
55745
55746
55747
55748
55749
55750
55751
55761
55762
55763
55764
55765
55767
55769
55771
55774
55775
55776
55778
55779
55780
55781
55782
55783
55784
55786
55787
55788
55789
55791
55792
55796
55797
55798
55799
55800
55802
55803
55804
55805
55807
55809
55810
55812
55813
55814
55818
55821
55823
55824
55825
55826
55827
55831
55832
55833
55834
55838
55842
55844
55848
55849
55851
55853
55856
55857
55860
55864
55865
55866
55867
55868
55869
55871
55872
55876
55877
55878
55879
55881
55882
55885
55890
55891
55893
55896
55897
55899
55901
55902
55903
55905
55906
55911
55913
55917
55918
55921
55924
55925
55926
55927
55928
55930
55932
55933
55935
55938
55940
55941
55942
55943
55945
55946
55947
55949
55950
55952
55954
55955
55956
55957
55958
55960
55961
55963
55964
55965
55968
55971
55972
55975
55976
55977
55979
55981
55982
55983
55985
55988
55991
55993
55997
55998
56000
56001
56002
56003
56004
56006
56008
56009
56010
56011
56012
56014
56017
56018
56021
56024
56028
56030
56031
56035
56036
56037
56039
56040
56041
56042
56044
56045
56046
56047
56048
56051
56053
56055
56056
56057
56059
56060
56062
56063
56067
56068
56072
56073
56074
56075
56076
56080
56081
56082
56084
56088
56091
56092
56093
56094
56095
56096
56097
56098
56099
56102
56107
56108
56111
56113
56114
56120
56124
56127
56128
56129
56132
56133
56135
56139
56140
56142
56143
56146
56147
56148
56149
56150
56152
56153
56154
56156
56157
56161
56162
56163
56164
56165
56166
56167
56169
56172
56173
56174
56175
56176
56177
56178
56180
56181
56182
56183
56187
56193
56194
56195
56197
56198
56199
56200
56201
56205
56207
56209
56212
56214
56216
56221
56222
56227
56228
56229
56232
56235
56238
56239
56240
56241
56243
56245
56246
56248
56250
56251
56252
56253
56254
56255
56257
56259
56260
56262
56263
56264
56265
56266
56267
56268
56269
56271
56273
56274
56275
56276
56277
56279
56280
56281
56283
56284
56285
56286
56289
56290
56292
56293
56296
56298
56299
56301
56303
56304
56307
56310
56312
56313
56314
56315
56316
56317
56320
56322
56325
56326
56328
56330
56332
56335
56339
56340
56341
56342
56343
56346
56348
56351
56352
56353
56354
56360
56363
56364
56366
56367
56369
56370
56373
56374
56376
56377
56378
56380
56383
56384
56386
56387
56390
56391
56392
56393
56394
56395
56396
56397
56398
56399
56402
56403
56404
56405
56407
56410
56411
56412
56415
56416
56419
56421
56422
56424
56425
56427
56428
56430
56433
56434
56435
56437
56438
56439
56440
56441
56442
56443
56446
56448
56449
56450
56451
56452
56453
56454
56456
56458
56459
56460
56462
56464
56465
56466
56467
56468
56470
56473
56475
56476
56480
56481
56482
56485
56488
56489
56491
56492
56495
56496
56497
56498
56501
56502
56504
56506
56507
56508
56511
56512
56513
56514
56518
56519
56525
56526
56527
56533
56534
56535
56536
56538
56539
56540
56541
56543
56545
56546
56547
56548
56550
56551
56552
56553
56554
56555
56556
56557
56558
56559
56562
56564
56565
56566
56568
56569
56570
56571
56574
56577
56578
56579
56581
56584
56586
56590
56591
56593
56595
56596
56597
56598
56599
56602
56603
56604
56606
56610
56612
56613
56617
56620
56624
56627
56628
56632
56633
56634
56636
56637
56640
56641
56643
56644
56647
56648
56649
56650
56656
56657
56658
56659
56660
56670
56671
56672
56675
56677
56678
56679
56682
56684
56685
56686
56687
56688
56690
56691
56692
56695
56696
56697
56698
56699
56700
56701
56702
56703
56704
56708
56710
56711
56712
56713
56715
56718
56720
56723
56724
56725
56726
56727
56728
56729
56730
56732
56733
56736
56738
56741
56742
56744
56745
56746
56747
56748
56749
56750
56751
56754
56757
56759
56760
56761
56763
56764
56767
56768
56769
56771
56772
56773
56774
56775
56776
56779
56780
56784
56785
56793
56794
56795
56796
56797
56799
56801
56805
56807
56812
56814
56815
56816
56819
56821
56822
56826
56827
56829
56830
56833
56835
56837
56838
56839
56843
56845
56847
56848
56852
56855
56858
56859
56860
56862
56867
56868
56870
56871
56872
56874
56876
56877
56879
56885
56886
56887
56890
56891
56892
56893
56894
56896
56897
56899
56900
56902
56903
56905
56906
56909
56910
56911
56912
56913
56915
56917
56919
56920
56921
56923
56924
56925
56928
56929
56932
56933
56936
56937
56940
56944
56945
56946
56948
56949
56950
56952
56953
56954
56957
56958
56959
56960
56961
56962
56964
56965
56966
56968
56970
56973
56974
56976
56978
56980
56984
56986
56987
56991
56992
56994
56995
56996
56999
57000
57003
57004
57006
57009
57010
57011
57013
57014
57017
57020
57021
57024
57026
57028
57030
57032
57035
57036
57037
57038
57039
57040
57042
57043
57044
57047
57048
57050
57051
57052
57053
57054
57058
57059
57060
57061
57062
57063
57064
57065
57066
57067
57068
57069
57070
57071
57073
57074
57075
57078
57079
57080
57081
57084
57085
57087
57089
57091
57098
57099
57101
57102
57104
57105
57106
57107
57108
57109
57111
57114
57115
57118
57119
57121
57123
57124
57125
57126
57127
57128
57129
57130
57131
57134
57135
57136
57138
57141
57143
57144
57146
57147
57148
57149
57150
57151
57152
57154
57156
57157
57158
57160
57164
57166
57167
57169
57171
57172
57173
57174
57175
57176
57177
57178
57179
57182
57184
57186
57187
57189
57190
57194
57195
57198
57199
57200
57201
57202
57205
57206
57208
57212
57213
57215
57216
57217
57220
57221
57223
57224
57225
57226
57227
57229
57230
57233
57235
57236
57239
57241
57244
57246
57247
57248
57250
57256
57259
57260
57261
57265
57267
57268
57269
57271
57272
57273
57274
57277
57278
57280
57281
57282
57283
57284
57286
57287
57288
57289
57290
57291
57294
57296
57297
57298
57302
57304
57306
57307
57308
57309
57311
57313
57314
57316
57319
57320
57324
57325
57326
57328
57330
57331
57334
57335
57339
57341
57345
57347
57348
57352
57353
57354
57357
57358
57359
57360
57361
57363
57364
57365
57367
57369
57370
57371
57372
57373
57374
57375
57376
57378
57380
57382
57389
57390
57391
57392
57394
57399
57400
57402
57405
57406
57407
57409
57410
57411
57413
57415
57416
57417
57419
57420
57421
57423
57424
57426
57427
57431
57432
57433
57435
57436
57438
57439
57440
57441
57442
57444
57447
57448
57449
57450
57451
57452
57453
57454
57455
57456
57457
57458
57459
57461
57466
57467
57468
57469
57471
57475
57477
57478
57479
57480
57481
57483
57484
57485
57486
57488
57489
57491
57496
57497
57498
57499
57500
57501
57503
57506
57507
57508
57509
57510
57513
57515
57517
57518
57519
57520
57521
57524
57525
57529
57530
57532
57534
57535
57536
57537
57538
57541
57542
57545
57548
57549
57550
57551
57555
57556
57558
57559
57561
57563
57567
57570
57571
57572
57574
57576
57578
57579
57582
57583
57584
57585
57586
57587
57589
57590
57595
57596
57597
57599
57601
57602
57603
57604
57605
57607
57608
57609
57610
57611
57616
57618
57621
57622
57623
57624
57625
57628
57629
57634
57635
57636
57637
57638
57639
57643
57646
57647
57648
57649
57650
57651
57653
57655
57657
57659
57660
57661
57663
57664
57667
57668
57670
57671
57675
57677
57678
57679
57680
57683
57684
57685
57686
57687
57690
57691
57692
57694
57695
57698
57700
57703
57704
57705
57706
57707
57709
57710
57711
57712
57713
57714
57715
57716
57717
57724
57725
57726
57728
57731
57732
57733
57734
57735
57736
57738
57739
57741
57742
57744
57745
57746
57749
57750
57755
57756
57758
57759
57760
57762
57764
57765
57767
57768
57772
57773
57774
57775
57778
57784
57787
57790
57796
57798
57799
57802
57803
57804
57805
57806
57807
57810
57811
57814
57815
57818
57822
57823
57824
57825
57831
57832
57833
57834
57835
57838
57840
57841
57844
57846
57848
57857
57858
57859
57861
57863
57864
57867
57868
57870
57871
57872
57873
57874
57876
57878
57879
57880
57881
57883
57884
57885
57889
57892
57894
57895
57898
57899
57900
57901
57902
57903
57904
57905
57906
57908
57909
57911
57912
57913
57918
57922
57927
57928
57930
57932
57933
57934
57935
57937
57939
57940
57943
57946
57947
57948
57949
57951
57952
57953
57955
57956
57958
57959
57961
57962
57963
57964
57965
57966
57969
57970
57971
57972
57975
57976
57977
57981
57982
57985
57986
57987
57988
57989
57990
57991
57992
57993
57994
57996
57997
57998
57999
58001
58003
58004
58007
58008
58009
58010
58011
58013
58017
58021
58022
58025
58027
58030
58032
58034
58036
58037
58038
58039
58040
58042
58044
58046
58047
58048
58055
58057
58058
58059
58063
58064
58066
58068
58069
58070
58071
58075
58076
58078
58081
58082
58085
58087
58091
58093
58094
58095
58097
58098
58100
58102
58103
58106
58108
58110
58114
58115
58116
58117
58118
58120
58122
58124
58125
58126
58127
58129
58130
58132
58133
58135
58136
58139
58140
58141
58142
58143
58145
58146
58147
58152
58153
58154
58156
58157
58158
58159
58160
58163
58166
58167
58168
58170
58171
58172
58174
58175
58176
58179
58181
58183
58184
58185
58186
58188
58190
58191
58192
58193
58194
58196
58197
58198
58199
58203
58205
58206
58208
58210
58212
58213
58215
58216
58217
58219
58220
58221
58222
58223
58225
58227
58228
58229
58230
58232
58235
58236
58237
58239
58242
58243
58244
58246
58248
58251
58252
58253
58254
58256
58257
58261
58263
58264
58265
58266
58267
58268
58270
58271
58272
58275
58277
58278
58279
58280
58281
58282
58284
58286
58288
58292
58293
58297
58299
58300
58302
58303
58304
58305
58306
58307
58309
58310
58312
58313
58317
58319
58320
58321
58323
58324
58325
58327
58328
58329
58330
58333
58336
58340
58341
58342
58344
58345
58347
58349
58351
58352
58354
58356
58359
58360
58362
58363
58364
58366
58369
58370
58371
58373
58377
58378
58380
58382
58384
58389
58391
58392
58393
58394
58396
58397
58398
58399
58400
58402
58405
58407
58408
58409
58412
58415
58418
58419
58423
58424
58425
58426
58427
58428
58430
58431
58432
58433
58434
58435
58438
58439
58442
58443
58444
58445
58446
58447
58448
58449
58451
58453
58454
58455
58457
58458
58459
58460
58462
58463
58467
58469
58474
58477
58480
58482
58483
58484
58488
58490
58491
58492
58495
58496
58497
58498
58499
58501
58502
58507
58508
58509
58510
58511
58514
58515
58516
58517
58518
58522
58523
58525
58526
58529
58532
58533
58536
58540
58541
58542
58543
58547
58548
58550
58552
58553
58554
58555
58556
58558
58559
58560
58562
58563
58564
58565
58567
58572
58574
58575
58576
58578
58581
58582
58585
58586
58587
58588
58589
58591
58593
58594
58596
58597
58602
58603
58605
58607
58609
58610
58611
58614
58615
58616
58618
58621
58623
58624
58626
58629
58630
58631
58632
58634
58635
58636
58638
58639
58640
58641
58643
58644
58645
58646
58648
58651
58652
58653
58654
58655
58656
58658
58659
58660
58662
58664
58665
58666
58668
58669
58671
58672
58673
58674
58676
58679
58680
58681
58683
58684
58686
58687
58689
58691
58694
58696
58697
58698
58701
58702
58704
58706
58708
58709
58710
58712
58713
58715
58716
58717
58718
58720
58721
58722
58723
58724
58725
58726
58728
58730
58732
58733
58734
58739
58740
58741
58742
58743
58744
58745
58746
58747
58751
58755
58756
58759
58760
58762
58763
58765
58766
58768
58769
58772
58773
58777
58780
58781
58783
58784
58785
58786
58788
58790
58791
58793
58794
58795
58796
58797
58800
58801
58802
58803
58804
58807
58809
58811
58812
58814
58815
58818
58819
58825
58828
58831
58832
58836
58837
58839
58841
58843
58844
58845
58846
58848
58849
58851
58852
58853
58854
58855
58857
58858
58859
58860
58861
58864
58865
58866
58868
58870
58871
58872
58873
58875
58876
58877
58879
58880
58881
58883
58884
58885
58886
58888
58890
58893
58899
58900
58904
58905
58906
58911
58913
58916
58917
58918
58919
58922
58923
58924
58925
58927
58928
58930
58932
58934
58935
58938
58939
58940
58944
58945
58946
58948
58950
58953
58955
58957
58958
58959
58961
58962
58963
58971
58972
58975
58976
58977
58978
58980
58981
58983
58985
58986
58987
58988
58993
58995
58996
58999
59001
59007
59009
59010
59012
59015
59016
59017
59022
59023
59024
59025
59026
59028
59029
59030
59031
59033
59035
59036
59037
59039
59040
59041
59042
59043
59048
59049
59050
59051
59053
59054
59055
59056
59057
59059
59061
59062
59064
59065
59068
59072
59073
59075
59076
59078
59079
59080
59085
59087
59088
59090
59092
59093
59094
59096
59097
59098
59100
59101
59102
59103
59105
59112
59116
59118
59119
59120
59121
59124
59126
59127
59128
59130
59132
59136
59137
59138
59140
59141
59142
59143
59144
59145
59147
59149
59150
59154
59157
59161
59162
59163
59168
59171
59172
59173
59174
59176
59177
59178
59179
59182
59183
59185
59187
59190
59191
59195
59196
59197
59198
59199
59200
59201
59203
59204
59205
59207
59208
59209
59210
59211
59212
59214
59215
59216
59217
59218
59222
59224
59225
59227
59229
59230
59231
59233
59234
59236
59237
59239
59241
59242
59243
59246
59249
59250
59253
59254
59255
59257
59260
59261
59262
59263
59265
59266
59267
59268
59269
59271
59272
59273
59275
59276
59280
59281
59282
59285
59286
59288
59290
59291
59294
59295
59296
59298
59299
59300
59301
59302
59304
59307
59308
59309
59310
59311
59313
59314
59315
59317
59319
59321
59322
59323
59324
59326
59327
59328
59329
59330
59331
59332
59334
59338
59339
59341
59342
59343
59344
59347
59348
59352
59355
59358
59359
59360
59361
59364
59367
59369
59370
59371
59372
59373
59375
59376
59379
59380
59381
59382
59383
59384
59385
59386
59387
59388
59390
59391
59392
59393
59394
59395
59398
59399
59400
59401
59403
59405
59407
59408
59410
59411
59413
59419
59421
59422
59424
59429
59431
59432
59433
59434
59438
59440
59441
59443
59444
59447
59448
59449
59450
59451
59452
59453
59454
59457
59460
59462
59463
59465
59466
59467
59469
59470
59474
59476
59477
59478
59479
59480
59481
59485
59486
59487
59488
59489
59490
59491
59493
59494
59498
59499
59500
59502
59503
59504
59505
59506
59508
59510
59511
59513
59514
59515
59517
59518
59519
59521
59523
59525
59526
59529
59531
59533
59534
59535
59536
59537
59540
59542
59543
59544
59545
59546
59547
59548
59550
59552
59554
59555
59557
59559
59560
59562
59563
59566
59571
59574
59576
59581
59582
59583
59584
59589
59590
59591
59592
59593
59598
59600
59601
59605
59606
59607
59608
59609
59610
59612
59613
59614
59615
59616
59617
59618
59621
59622
59624
59626
59629
59630
59631
59632
59633
59634
59635
59636
59637
59639
59640
59643
59645
59646
59647
59648
59649
59650
59653
59654
59657
59661
59663
59666
59668
59670
59671
59672
59673
59675
59676
59677
59678
59682
59683
59684
59685
59686
59687
59689
59691
59692
59695
59697
59699
59700
59703
59704
59709
59710
59712
59713
59714
59716
59717
59719
59722
59724
59725
59728
59729
59731
59732
59733
59735
59736
59737
59739
59740
59742
59744
59745
59749
59750
59752
59753
59754
59755
59756
59760
59761
59768
59769
59771
59773
59774
59775
59780
59781
59782
59783
59784
59785
59786
59789
59793
59794
59795
59797
59799
59800
59801
59802
59803
59805
59806
59808
59809
59810
59811
59812
59814
59815
59816
59818
59819
59820
59822
59823
59824
59826
59827
59828
59829
59831
59833
59835
59836
59837
59839
59840
59841
59842
59844
59845
59846
59848
59849
59851
59854
59855
59856
59857
59860
59865
59867
59868
59869
59870
59871
59875
59876
59877
59878
59879
59883
59884
59885
59886
59887
59890
59891
59892
59894
59895
59898
59899
59903
59904
59905
59907
59910
59911
59914
59917
59918
59920
59923
59924
59926
59927
59928
59929
59930
59932
59933
59934
59935
59936
59939
59940
59941
59942
59943
59944
59945
59946
59948
59949
59950
59951
59952
59956
59957
59960
59963
59964
59965
59966
59969
59970
59976
59977
59978
59980
59982
59983
59986
59987
59988
59990
59993
59994
59995
59996
59997
59998
60001
60002
60004
60005
60006
60011
60012
60013
60014
60018
60019
60024
60025
60026
60027
60029
60031
60033
60035
60037
60039
60041
60042
60044
60045
60047
60049
60052
60055
60057
60060
60065
60066
60067
60068
60069
60071
60073
60076
60077
60078
60081
60083
60084
60086
60088
60089
60090
60092
60097
60098
60099
60100
60101
60104
60106
60108
60109
60110
60111
60112
60118
60120
60124
60125
60126
60128
60129
60130
60131
60132
60134
60135
60136
60137
60138
60139
60140
60141
60142
60145
60146
60151
60152
60156
60157
60158
60159
60161
60162
60163
60165
60166
60167
60168
60170
60172
60173
60175
60176
60180
60181
60182
60184
60185
60186
60187
60188
60189
60190
60196
60197
60199
60200
60202
60204
60210
60211
60212
60213
60215
60216
60217
60218
60220
60222
60223
60224
60226
60227
60230
60234
60237
60238
60239
60240
60241
60242
60243
60245
60255
60257
60258
60259
60260
60261
60263
60266
60267
60268
60269
60271
60275
60277
60279
60282
60283
60286
60288
60289
60290
60292
60294
60295
60296
60298
60299
60300
60301
60303
60304
60305
60307
60311
60313
60314
60316
60317
60318
60320
60321
60322
60325
60327
60333
60335
60338
60339
60343
60345
60346
60347
60351
60352
60353
60355
60356
60358
60359
60361
60362
60363
60364
60366
60367
60368
60369
60370
60372
60373
60374
60376
60377
60379
60382
60384
60385
60387
60389
60390
60391
60393
60394
60395
60396
60397
60400
60403
60404
60405
60406
60408
60414
60416
60417
60418
60420
60422
60424
60426
60427
60428
60429
60430
60431
60433
60434
60436
60437
60442
60443
60444
60445
60446
60447
60448
60450
60453
60456
60457
60458
60461
60462
60465
60466
60467
60468
60470
60471
60472
60473
60476
60477
60478
60479
60480
60481
60482
60485
60486
60487
60488
60489
60491
60493
60494
60495
60496
60497
60498
60500
60501
60504
60506
60507
60509
60512
60514
60515
60520
60521
60523
60526
60527
60529
60531
60533
60534
60540
60542
60544
60545
60546
60547
60552
60554
60559
60562
60564
60566
60568
60569
60570
60574
60575
60577
60579
60580
60584
60585
60587
60591
60592
60593
60594
60595
60598
60601
60605
60607
60608
60609
60610
60611
60612
60613
60614
60619
60622
60623
60628
60629
60631
60634
60635
60637
60640
60641
60643
60644
60645
60646
60648
60651
60661
60662
60663
60665
60666
60669
60670
60671
60675
60676
60677
60678
60680
60681
60683
60685
60689
60690
60692
60693
60694
60696
60697
60698
60699
60700
60701
60703
60704
60705
60707
60708
60712
60714
60717
60719
60720
60722
60723
60724
60725
60726
60729
60730
60732
60733
60734
60735
60736
60738
60739
60741
60742
60744
60746
60748
60750
60754
60755
60756
60757
60759
60764
60765
60766
60768
60770
60771
60772
60774
60775
60777
60779
60780
60781
60782
60783
60784
60785
60786
60789
60792
60793
60794
60796
60797
60798
60800
60805
60806
60807
60809
60810
60812
60814
60815
60816
60819
60820
60821
60822
60823
60824
60825
60826
60828
60829
60831
60833
60834
60838
60840
60843
60845
60847
60848
60849
60850
60852
60854
60855
60856
60858
60861
60862
60865
60866
60868
60870
60872
60875
60876
60879
60880
60882
60883
60884
60885
60889
60891
60892
60893
60894
60895
60896
60897
60898
60901
60905
60908
60911
60912
60915
60919
60920
60921
60922
60924
60925
60927
60929
60930
60931
60932
60933
60935
60936
60937
60938
60939
60940
60943
60945
60946
60947
60948
60952
60955
60956
60958
60960
60961
60963
60964
60966
60967
60969
60971
60973
60975
60976
60979
60980
60988
60989
60993
60994
60995
60996
60999
61000
61002
61003
61004
61005
61007
61008
61010
61012
61013
61017
61019
61021
61025
61027
61028
61029
61030
61031
61032
61036
61037
61038
61039
61040
61041
61042
61049
61050
61051
61052
61055
61057
61059
61060
61063
61064
61065
61069
61073
61074
61075
61078
61079
61083
61086
61092
61093
61095
61096
61097
61098
61099
61101
61103
61105
61106
61107
61108
61110
61112
61113
61114
61117
61119
61120
61122
61126
61128
61133
61134
61135
61137
61138
61140
61141
61143
61144
61145
61146
61147
61148
61149
61150
61151
61152
61153
61155
61158
61161
61163
61165
61166
61169
61170
61176
61179
61180
61182
61192
61193
61195
61196
61197
61198
61199
61200
61203
61205
61207
61209
61210
61211
61213
61217
61218
61220
61222
61223
61224
61225
61226
61227
61228
61229
61230
61234
61235
61236
61237
61239
61240
61241
61245
61247
61248
61249
61250
61252
61253
61254
61257
61259
61260
61262
61263
61265
61267
61274
61275
61276
61280
61281
61282
61284
61285
61286
61287
61288
61295
61296
61299
61300
61302
61306
61307
61308
61309
61310
61312
61315
61316
61319
61321
61322
61323
61325
61326
61327
61329
61330
61331
61333
61336
61338
61341
61342
61343
61345
61346
61349
61355
61356
61357
61359
61360
61361
61364
61366
61368
61369
61374
61376
61378
61380
61382
61383
61384
61385
61386
61387
61389
61390
61392
61393
61394
61396
61398
61399
61400
61402
61403
61405
61409
61413
61414
61416
61420
61421
61426
61429
61430
61431
61432
61433
61434
61435
61440
61442
61443
61444
61445
61446
61447
61448
61449
61450
61454
61456
61457
61458
61461
61462
61463
61464
61466
61468
61471
61473
61474
61476
61477
61478
61481
61482
61483
61485
61489
61492
61493
61495
61498
61499
61500
61501
61502
61503
61505
61506
61507
61514
61515
61516
61518
61520
61521
61522
61523
61525
61527
61529
61530
61531
61533
61534
61535
61536
61538
61539
61540
61541
61542
61543
61544
61545
61546
61548
61551
61552
61553
61554
61555
61557
61560
61563
61565
61566
61567
61568
61569
61571
61574
61576
61577
61578
61580
61582
61584
61587
61590
61592
61593
61594
61595
61597
61598
61601
61602
61603
61604
61607
61608
61610
61611
61613
61614
61615
61616
61620
61621
61622
61623
61624
61625
61629
61630
61631
61633
61634
61635
61636
61641
61642
61643
61645
61646
61648
61649
61650
61652
61653
61654
61658
61659
61662
61663
61664
61665
61667
61668
61670
61671
61672
61674
61675
61677
61678
61681
61683
61684
61685
61686
61687
61688
61689
61692
61693
61694
61696
61697
61698
61700
61701
61702
61704
61709
61711
61716
61717
61719
61720
61722
61725
61731
61732
61733
61735
61737
61742
61744
61745
61746
61747
61749
61750
61752
61754
61757
61758
61759
61762
61763
61765
61766
61767
61768
61772
61773
61774
61776
61778
61779
61781
61782
61785
61786
61788
61789
61790
61791
61794
61798
61800
61801
61802
61804
61805
61806
61807
61809
61810
61811
61812
61815
61816
61818
61819
61822
61823
61824
61830
61831
61833
61835
61837
61838
61841
61842
61844
61845
61846
61847
61850
61853
61854
61857
61859
61861
61863
61866
61869
61870
61871
61872
61873
61874
61875
61877
61878
61880
61883
61884
61887
61889
61892
61895
61896
61897
61899
61901
61902
61905
61908
61909
61910
61911
61912
61913
61914
61915
61918
61919
61920
61921
61923
61924
61925
61928
61930
61931
61932
61933
61934
61936
61937
61939
61941
61942
61944
61946
61947
61948
61950
61951
61952
61954
61955
61959
61963
61965
61966
61967
61969
61971
61974
61975
61976
61979
61981
61982
61983
61984
61985
61987
61989
61990
61992
61995
61998
62001
62002
62003
62004
62005
62009
62013
62014
62019
62020
62023
62024
62025
62027
62028
62029
62030
62031
62032
62033
62034
62036
62039
62040
62041
62043
62044
62047
62048
62049
62050
62051
62052
62053
62056
62057
62060
62061
62062
62063
62064
62065
62067
62068
62069
62070
62071
62073
62075
62076
62078
62082
62083
62084
62085
62086
62088
62089
62090
62092
62093
62094
62095
62096
62097
62104
62105
62108
62109
62110
62112
62113
62114
62116
62117
62120
62121
62122
62124
62125
62126
62127
62131
62132
62135
62136
62137
62138
62139
62140
62141
62142
62143
62144
62149
62151
62152
62153
62154
62155
62156
62157
62158
62160
62165
62166
62167
62168
62169
62170
62171
62172
62174
62177
62178
62179
62180
62181
62182
62183
62184
62186
62187
62189
62192
62193
62194
62195
62196
62197
62198
62200
62206
62208
62210
62213
62214
62218
62222
62225
62227
62228
62229
62230
62231
62234
62235
62236
62237
62238
62239
62241
62242
62243
62244
62246
62248
62249
62251
62254
62256
62257
62258
62259
62260
62261
62264
62265
62266
62267
62268
62269
62270
62273
62274
62275
62278
62279
62281
62284
62285
62287
62292
62293
62294
62296
62297
62298
62300
62301
62302
62305
62307
62308
62309
62311
62313
62314
62316
62317
62318
62319
62321
62324
62325
62326
62327
62328
62329
62332
62334
62336
62339
62342
62343
62346
62351
62354
62355
62356
62357
62358
62359
62360
62362
62363
62364
62365
62366
62368
62369
62371
62373
62374
62375
62377
62378
62379
62385
62388
62390
62391
62392
62394
62399
62400
62401
62405
62406
62407
62408
62409
62411
62413
62414
62416
62420
62421
62422
62423
62424
62427
62429
62431
62432
62433
62434
62436
62437
62441
62442
62443
62445
62446
62449
62450
62452
62453
62454
62455
62457
62458
62460
62462
62463
62464
62465
62466
62467
62471
62475
62476
62479
62481
62484
62487
62488
62492
62494
62495
62499
62501
62502
62504
62507
62509
62512
62513
62514
62516
62517
62518
62520
62521
62523
62524
62525
62526
62527
62529
62530
62531
62532
62535
62536
62537
62543
62544
62545
62546
62549
62550
62557
62558
62560
62567
62568
62572
62573
62574
62576
62577
62579
62581
62583
62584
62585
62586
62587
62588
62589
62592
62593
62595
62596
62597
62600
62601
62605
62606
62607
62611
62613
62614
62617
62618
62619
62620
62621
62622
62623
62624
62625
62626
62627
62629
62631
62633
62634
62636
62637
62638
62639
62641
62643
62645
62649
62651
62653
62654
62657
62658
62659
62665
62667
62669
62670
62671
62672
62674
62675
62676
62677
62679
62680
62683
62684
62687
62691
62693
62695
62697
62699
62700
62704
62705
62706
62708
62711
62712
62715
62718
62720
62721
62722
62724
62727
62728
62729
62730
62732
62735
62736
62737
62740
62741
62742
62743
62745
62746
62747
62748
62751
62752
62753
62754
62755
62756
62757
62758
62761
62763
62765
62766
62768
62769
62770
62771
62773
62774
62776
62778
62780
62781
62782
62783
62786
62787
62788
62790
62791
62792
62794
62795
62796
62797
62798
62801
62802
62804
62805
62807
62808
62809
62810
62811
62813
62816
62817
62818
62819
62824
62825
62828
62830
62831
62833
62834
62837
62839
62841
62843
62844
62848
62850
62851
62855
62856
62857
62859
62861
62862
62865
62870
62871
62875
62878
62879
62882
62883
62885
62887
62889
62890
62892
62893
62894
62896
62898
62899
62900
62904
62905
62906
62907
62908
62909
62910
62911
62916
62918
62921
62922
62923
62924
62925
62927
62929
62930
62931
62932
62933
62934
62937
62938
62940
62941
62943
62944
62946
62949
62951
62953
62954
62955
62957
62959
62962
62963
62964
62966
62967
62969
62970
62971
62974
62975
62977
62978
62979
62980
62981
62982
62985
62987
62989
62991
62992
62993
62996
62997
62998
63001
63003
63004
63005
63007
63008
63010
63011
63012
63013
63016
63018
63019
63020
63024
63026
63029
63030
63032
63034
63037
63039
63040
63043
63044
63046
63047
63049
63050
63051
63055
63056
63059
63060
63061
63062
63064
63065
63066
63067
63068
63069
63070
63072
63073
63074
63078
63080
63082
63083
63084
63085
63087
63088
63089
63090
63094
63096
63097
63098
63099
63101
63102
63104
63108
63109
63110
63113
63117
63118
63119
63123
63126
63128
63129
63130
63131
63132
63135
63136
63137
63139
63140
63142
63143
63144
63145
63148
63149
63151
63155
63156
63157
63160
63161
63162
63164
63165
63166
63168
63169
63170
63171
63174
63175
63179
63180
63182
63183
63184
63185
63186
63187
63188
63190
63192
63193
63195
63196
63197
63200
63201
63202
63203
63204
63205
63208
63209
63212
63215
63218
63219
63222
63224
63226
63227
63230
63232
63233
63234
63235
63240
63241
63242
63244
63245
63247
63248
63250
63254
63256
63257
63258
63259
63260
63261
63262
63263
63265
63266
63267
63270
63274
63276
63277
63278
63280
63281
63282
63283
63284
63285
63290
63291
63292
63294
63296
63297
63298
63299
63305
63307
63309
63310
63317
63318
63319
63320
63326
63327
63328
63330
63331
63332
63335
63337
63339
63340
63341
63344
63346
63348
63350
63352
63353
63354
63355
63356
63358
63360
63365
63366
63367
63368
63369
63371
63375
63376
63378
63379
63381
63383
63384
63385
63386
63387
63389
63390
63391
63393
63395
63402
63403
63406
63409
63410
63412
63413
63414
63415
63417
63418
63419
63421
63422
63424
63425
63426
63429
63430
63432
63433
63437
63440
63442
63444
63446
63447
63449
63452
63453
63455
63456
63457
63460
63462
63464
63471
63472
63475
63476
63478
63479
63481
63483
63486
63487
63490
63491
63492
63494
63499
63500
63501
63503
63504
63506
63511
63512
63516
63519
63520
63521
63522
63523
63525
63527
63528
63531
63532
63535
63536
63537
63541
63542
63544
63547
63548
63549
63550
63554
63556
63557
63558
63559
63560
63561
63562
63563
63564
63565
63566
63567
63568
63570
63574
63575
63576
63579
63581
63582
63583
63584
63585
63587
63588
63590
63591
63592
63595
63597
63601
63602
63604
63605
63606
63608
63611
63612
63613
63614
63616
63618
63619
63620
63622
63624
63626
63628
63632
63633
63634
63636
63638
63641
63643
63645
63646
63649
63653
63656
63658
63659
63661
63666
63667
63669
63670
63671
63673
63674
63679
63680
63681
63682
63685
63686
63687
63690
63693
63694
63700
63703
63704
63705
63707
63709
63710
63712
63713
63714
63716
63717
63718
63720
63721
63723
63724
63725
63726
63727
63728
63730
63731
63733
63734
63736
63737
63738
63740
63743
63744
63745
63746
63748
63749
63751
63755
63757
63758
63760
63761
63762
63765
63767
63770
63773
63774
63778
63779
63783
63785
63786
63788
63792
63793
63795
63797
63798
63799
63802
63803
63805
63808
63809
63812
63814
63815
63816
63821
63824
63826
63829
63831
63834
63836
63839
63840
63841
63842
63844
63845
63847
63849
63853
63854
63856
63858
63861
63862
63864
63865
63866
63869
63871
63872
63875
63878
63879
63881
63882
63883
63885
63887
63889
63893
63896
63897
63898
63900
63901
63903
63905
63906
63908
63910
63913
63915
63916
63918
63921
63926
63927
63930
63931
63933
63935
63938
63940
63941
63942
63945
63946
63947
63949
63951
63952
63953
63955
63956
63957
63961
63965
63966
63967
63970
63972
63973
63975
63976
63977
63978
63980
63981
63982
63984
63985
63987
63990
63991
63993
63995
63998
63999
64000
64001
64003
64005
64006
64007
64008
64012
64013
64016
64017
64021
64023
64024
64025
64026
64028
64034
64035
64037
64039
64040
64041
64042
64043
64045
64046
64047
64048
64054
64055
64056
64057
64058
64060
64066
64069
64070
64071
64072
64073
64074
64075
64076
64077
64080
64083
64084
64085
64090
64092
64094
64095
64100
64103
64104
64106
64108
64109
64111
64112
64113
64115
64116
64117
64120
64121
64123
64125
64126
64127
64128
64130
64131
64133
64134
64136
64138
64139
64140
64141
64143
64144
64145
64146
64151
64153
64154
64157
64159
64161
64162
64163
64167
64168
64170
64171
64173
64175
64179
64180
64182
64185
64186
64187
64188
64189
64190
64191
64193
64195
64198
64200
64201
64202
64203
64204
64205
64206
64207
64208
64209
64210
64213
64214
64215
64216
64217
64224
64226
64227
64228
64229
64233
64234
64239
64240
64241
64242
64243
64244
64247
64249
64250
64251
64252
64254
64255
64258
64259
64262
64263
64264
64266
64267
64268
64271
64273
64274
64281
64282
64283
64284
64285
64287
64288
64289
64290
64291
64293
64294
64295
64296
64297
64298
64301
64302
64303
64304
64306
64307
64309
64310
64311
64312
64313
64315
64316
64317
64318
64319
64320
64324
64325
64326
64327
64328
64329
64330
64331
64332
64333
64334
64336
64338
64340
64341
64343
64346
64347
64348
64350
64351
64352
64358
64359
64360
64362
64366
64369
64370
64371
64373
64375
64376
64379
64380
64381
64383
64386
64387
64388
64389
64390
64391
64392
64396
64398
64401
64403
64404
64410
64412
64413
64415
64416
64422
64423
64424
64425
64430
64431
64433
64434
64436
64437
64438
64440
64442
64444
64445
64446
64448
64450
64452
64453
64454
64455
64456
64457
64459
64462
64463
64467
64469
64470
64472
64474
64475
64476
64479
64481
64483
64486
64487
64489
64491
64493
64494
64495
64498
64499
64500
64503
64504
64506
64508
64509
64510
64511
64512
64513
64516
64517
64520
64522
64524
64531
64532
64533
64538
64541
64544
64546
64547
64548
64549
64550
64552
64554
64557
64558
64559
64560
64561
64562
64565
64566
64568
64569
64570
64574
64575
64579
64583
64584
64586
64587
64588
64590
64591
64592
64594
64595
64596
64599
64602
64603
64604
64605
64606
64607
64608
64609
64610
64612
64614
64615
64616
64617
64618
64619
64620
64621
64625
64627
64628
64632
64633
64634
64635
64637
64638
64641
64644
64645
64646
64648
64650
64651
64653
64654
64661
64662
64663
64666
64667
64669
64671
64672
64674
64676
64677
64678
64679
64680
64682
64683
64684
64685
64686
64687
64688
64689
64691
64692
64693
64696
64697
64699
64700
64701
64702
64704
64706
64707
64708
64709
64710
64711
64713
64714
64715
64723
64725
64726
64729
64732
64735
64736
64738
64739
64743
64744
64746
64748
64749
64750
64751
64752
64753
64755
64756
64757
64759
64760
64761
64763
64764
64768
64770
64772
64774
64776
64777
64778
64779
64780
64785
64787
64790
64791
64792
64794
64796
64797
64798
64800
64804
64805
64807
64808
64809
64811
64812
64814
64815
64816
64817
64819
64821
64823
64825
64828
64829
64831
64832
64833
64834
64835
64836
64838
64839
64842
64843
64844
64845
64846
64847
64850
64852
64855
64856
64859
64860
64864
64868
64869
64872
64874
64875
64876
64879
64880
64881
64882
64885
64886
64887
64888
64889
64891
64892
64897
64899
64901
64902
64908
64910
64911
64913
64914
64915
64916
64917
64922
64926
64927
64928
64929
64931
64932
64933
64934
64935
64937
64940
64941
64942
64944
64945
64948
64950
64951
64952
64953
64954
64955
64956
64958
64959
64960
64961
64962
64963
64966
64969
64970
64971
64973
64974
64975
64978
64979
64984
64985
64989
64990
64991
64992
64994
64997
64998
65001
65002
65003
65004
65007
65015
65016
65017
65019
65020
65022
65023
65027
65028
65031
65034
65035
65037
65038
65039
65040
65041
65042
65043
65046
65048
65051
65053
65054
65055
65059
65060
65065
65067
65068
65069
65071
65072
65077
65079
65080
65081
65082
65083
65084
65085
65086
65088
65090
65092
65094
65098
65100
65103
65104
65105
65106
65108
65110
65111
65112
65114
65116
65119
65120
65123
65125
65126
65127
65128
65129
65130
65131
65132
65134
65135
65137
65138
65139
65141
65142
65144
65145
65147
65151
65152
65154
65157
65158
65159
65161
65162
65163
65165
65166
65167
65169
65171
65172
65173
65174
65175
65177
65178
65179
65180
65181
65184
65186
65187
65189
65190
65191
65195
65199
65201
65202
65203
65205
65209
65210
65212
65213
65214
65217
65219
65220
65222
65223
65225
65229
65230
65231
65232
65234
65235
65238
65239
65240
65244
65245
65246
65248
65250
65252
65254
65256
65257
65258
65259
65261
65262
65263
65264
65265
65266
65267
65269
65272
65274
65275
65277
65278
65280
65284
65285
65286
65289
65290
65293
65294
65297
65300
65304
65305
65306
65307
65308
65309
65310
65311
65313
65316
65317
65319
65321
65322
65324
65325
65326
65327
65332
65334
65335
65339
65340
65341
65342
65343
65345
65346
65349
65350
65352
65353
65354
65357
65358
65359
65362
65363
65365
65369
65371
65372
65374
65377
65378
65381
65383
65384
65386
65387
65388
65390
65392
65393
65394
65395
65396
65397
65399
65400
65402
65403
65405
65406
65408
65409
65413
65414
65415
65416
65417
65418
65420
65423
65424
65425
65426
65427
65428
65434
65435
65438
65439
65440
65441
65442
65443
65446
65451
65452
65454
65455
65457
65461
65462
65463
65464
65465
65467
65468
65470
65471
65473
65474
65479
65481
65482
65484
65487
65489
65490
65493
65496
65497
65499
65501
65506
65507
65511
65512
65517
65524
65526
65529
65530
65531
65533
65534
65535
65539
65542
65543
65546
65548
65549
65550
65552
65554
65557
65560
65562
65565
65566
65567
65573
65574
65575
65580
65581
65582
65583
65584
65585
65586
65587
65588
65590
65591
65592
65593
65594
65598
65599
65600
65601
65602
65604
65605
65606
65607
65608
65609
65611
65612
65615
65616
65619
65620
65622
65623
65625
65626
65630
65632
65633
65634
65635
65636
65637
65638
65639
65640
65641
65643
65644
65645
65646
65651
65652
65653
65655
65656
65657
65659
65660
65662
65663
65666
65667
65669
65671
65672
65675
65676
65677
65680
65681
65687
65689
65690
65691
65692
65693
65694
65695
65697
65700
65702
65703
65704
65706
65707
65710
65711
65713
65714
65715
65718
65719
65720
65721
65722
65724
65726
65728
65729
65732
65734
65735
65738
65740
65742
65743
65746
65747
65752
65753
65754
65755
65756
65757
65758
65759
65761
65763
65764
65765
65770
65771
65774
65775
65776
65779
65780
65782
65783
65785
65786
65788
65789
65790
65792
65793
65794
65796
65800
65804
65809
65812
65813
65815
65817
65818
65819
65821
65823
65824
65825
65826
65827
65829
65832
65833
65834
65835
65837
65838
65841
65842
65844
65846
65851
65852
65853
65856
65857
65858
65860
65861
65864
65867
65870
65873
65874
65875
65876
65878
65882
65883
65884
65885
65886
65887
65889
65890
65892
65896
65899
65901
65902
65903
65904
65905
65906
65909
65912
65914
65916
65919
65920
65921
65922
65924
65926
65927
65928
65930
65931
65932
65933
65937
65938
65940
65944
65945
65948
65950
65951
65953
65955
65956
65960
65964
65966
65967
65968
65971
65973
65974
65975
65979
65981
65982
65983
65984
65986
65987
65993
65994
65996
65998
65999
66002
66005
66006
66007
66008
66009
66011
66012
66013
66015
66018
66022
66024
66025
66027
66029
66031
66034
66035
66038
66042
66043
66044
66046
66048
66049
66050
66053
66055
66057
66059
66060
66062
66063
66064
66065
66067
66070
66071
66073
66075
66077
66078
66080
66081
66082
66084
66085
66090
66094
66095
66098
66099
66100
66103
66107
66109
66110
66114
66115
66117
66120
66127
66128
66129
66131
66132
66133
66135
66139
66140
66141
66143
66144
66145
66146
66148
66150
66152
66153
66155
66157
66158
66159
66160
66161
66163
66164
66166
66167
66169
66170
66171
66172
66175
66176
66177
66178
66179
66181
66184
66186
66187
66188
66191
66193
66198
66199
66200
66201
66203
66205
66207
66209
66210
66212
66213
66216
66217
66218
66219
66220
66224
66230
66231
66232
66233
66234
66237
66238
66239
66240
66242
66243
66244
66245
66246
66248
66251
66252
66254
66255
66256
66258
66260
66263
66265
66269
66271
66272
66275
66276
66278
66281
66282
66283
66285
66286
66287
66289
66290
66291
66298
66299
66300
66301
66303
66306
66307
66308
66310
66311
66313
66314
66315
66319
66320
66321
66322
66324
66325
66326
66327
66328
66329
66330
66333
66334
66335
66336
66337
66338
66339
66341
66342
66344
66345
66346
66347
66349
66350
66351
66352
66354
66355
66356
66357
66358
66360
66361
66364
66365
66366
66367
66369
66370
66371
66373
66376
66381
66388
66389
66391
66394
66396
66397
66400
66401
66404
66406
66407
66408
66412
66413
66414
66418
66420
66423
66425
66430
66431
66433
66434
66438
66439
66441
66443
66445
66446
66447
66448
66449
66452
66455
66457
66459
66463
66465
66467
66469
66470
66473
66476
66477
66480
66482
66483
66484
66485
66487
66488
66489
66491
66495
66496
66497
66499
66501
66502
66503
66504
66505
66506
66507
66508
66509
66510
66511
66515
66516
66517
66519
66520
66521
66522
66524
66526
66527
66530
66532
66533
66536
66537
66539
66540
66544
66547
66549
66552
66553
66555
66558
66559
66560
66561
66562
66564
66565
66566
66568
66569
66570
66571
66575
66576
66577
66578
66580
66581
66582
66583
66584
66586
66590
66591
66592
66593
66594
66595
66597
66598
66600
66602
66604
66605
66606
66609
66612
66613
66615
66616
66617
66618
66620
66621
66622
66629
66631
66633
66634
66635
66636
66637
66640
66641
66642
66643
66646
66650
66651
66654
66655
66658
66660
66662
66663
66664
66667
66668
66669
66672
66675
66676
66678
66679
66680
66682
66683
66685
66686
66687
66690
66691
66693
66695
66697
66702
66703
66706
66708
66710
66711
66713
66714
66715
66716
66718
66721
66722
66725
66726
66728
66729
66730
66731
66734
66735
66739
66740
66741
66742
66743
66745
66746
66749
66750
66753
66754
66755
66757
66758
66761
66762
66763
66764
66765
66767
66768
66769
66770
66771
66775
66776
66779
66780
66781
66782
66783
66785
66789
66791
66793
66795
66797
66799
66800
66803
66804
66809
66810
66814
66821
66825
66826
66828
66830
66832
66833
66834
66835
66836
66840
66841
66842
66843
66844
66848
66852
66853
66854
66855
66856
66860
66861
66862
66863
66867
66868
66869
66870
66872
66873
66874
66877
66879
66880
66882
66884
66885
66886
66887
66888
66889
66894
66895
66896
66897
66899
66900
66901
66902
66904
66905
66906
66908
66909
66910
66917
66919
66922
66924
66925
66926
66931
66932
66933
66935
66938
66939
66944
66945
66947
66949
66950
66952
66953
66956
66957
66958
66960
66961
66962
66963
66965
66968
66969
66972
66973
66975
66976
66977
66979
66980
66983
66984
66985
66986
66988
66990
66992
66993
66995
66996
67002
67003
67006
67008
67011
67014
67016
67017
67019
67020
67022
67023
67024
67025
67026
67030
67031
67034
67035
67037
67038
67039
67041
67042
67043
67044
67046
67047
67049
67052
67054
67055
67056
67057
67058
67060
67061
67063
67064
67065
67067
67074
67076
67078
67079
67080
67082
67084
67085
67088
67089
67091
67092
67093
67094
67095
67097
67099
67100
67101
67102
67106
67109
67111
67114
67115
67116
67118
67119
67124
67125
67126
67127
67128
67129
67130
67132
67133
67134
67137
67138
67139
67140
67142
67144
67145
67147
67150
67152
67154
67157
67160
67161
67162
67163
67164
67165
67166
67170
67171
67172
67173
67174
67175
67177
67178
67179
67180
67181
67182
67184
67185
67186
67187
67190
67194
67195
67196
67197
67198
67203
67205
67206
67207
67208
67209
67210
67211
67214
67216
67217
67219
67220
67226
67229
67230
67232
67234
67235
67236
67240
67243
67244
67247
67248
67251
67257
67258
67263
67264
67266
67267
67269
67272
67273
67274
67277
67278
67279
67283
67284
67287
67288
67290
67292
67293
67294
67295
67297
67299
67300
67301
67302
67304
67307
67308
67309
67312
67313
67318
67319
67321
67324
67325
67326
67327
67328
67330
67334
67336
67337
67339
67340
67344
67345
67347
67348
67350
67354
67355
67356
67358
67360
67361
67362
67363
67365
67366
67368
67369
67370
67371
67373
67375
67378
67379
67381
67382
67383
67384
67385
67386
67388
67389
67394
67396
67399
67401
67402
67403
67407
67409
67410
67411
67412
67413
67417
67418
67419
67422
67423
67424
67425
67426
67427
67428
67430
67432
67433
67434
67435
67437
67438
67440
67441
67442
67443
67444
67446
67448
67450
67453
67456
67458
67459
67464
67465
67467
67469
67473
67474
67475
67476
67481
67484
67485
67487
67489
67490
67491
67492
67495
67499
67501
67503
67504
67505
67512
67515
67517
67518
67519
67520
67521
67523
67524
67525
67528
67529
67533
67536
67537
67538
67541
67542
67546
67547
67548
67550
67551
67553
67558
67559
67560
67561
67565
67566
67570
67571
67572
67574
67575
67577
67579
67580
67582
67583
67585
67586
67587
67590
67592
67594
67595
67597
67599
67601
67602
67604
67606
67607
67615
67617
67618
67619
67622
67623
67625
67627
67628
67630
67631
67635
67638
67640
67642
67645
67647
67648
67649
67651
67652
67654
67656
67657
67662
67664
67665
67666
67668
67669
67671
67673
67675
67678
67680
67683
67686
67688
67689
67690
67691
67693
67694
67695
67697
67698
67699
67700
67704
67708
67709
67710
67711
67714
67716
67717
67718
67720
67721
67722
67723
67724
67726
67727
67728
67730
67731
67733
67734
67735
67737
67738
67740
67742
67743
67745
67746
67747
67748
67750
67752
67755
67756
67758
67759
67763
67765
67766
67767
67769
67770
67771
67773
67774
67775
67776
67779
67780
67781
67782
67784
67785
67786
67787
67789
67790
67793
67796
67803
67805
67806
67807
67811
67813
67814
67815
67817
67818
67821
67826
67827
67828
67830
67831
67832
67835
67836
67841
67842
67843
67844
67845
67847
67850
67851
67854
67855
67857
67858
67860
67861
67864
67865
67866
67872
67875
67883
67884
67885
67886
67887
67892
67894
67895
67897
67899
67900
67902
67907
67908
67909
67911
67912
67913
67914
67915
67916
67920
67921
67922
67924
67926
67927
67929
67934
67935
67937
67939
67940
67941
67942
67943
67944
67946
67948
67949
67950
67951
67953
67955
67959
67963
67964
67966
67970
67973
67976
67978
67979
67981
67982
67983
67984
67985
67990
67993
67997
68001
68002
68005
68008
68009
68011
68012
68014
68015
68017
68019
68020
68021
68022
68023
68024
68026
68027
68028
68030
68032
68037
68041
68042
68043
68044
68045
68047
68049
68051
68056
68057
68059
68060
68061
68063
68065
68066
68068
68069
68070
68071
68072
68073
68075
68076
68077
68079
68080
68084
68085
68086
68088
68092
68093
68094
68096
68097
68099
68103
68104
68105
68106
68107
68112
68113
68115
68117
68120
68121
68124
68125
68126
68127
68131
68134
68135
68137
68139
68142
68144
68145
68146
68147
68148
68152
68154
68156
68159
68160
68162
68163
68164
68165
68166
68168
68169
68170
68171
68174
68175
68182
68184
68186
68187
68188
68191
68192
68194
68196
68201
68206
68207
68208
68209
68211
68213
68214
68215
68217
68219
68220
68224
68226
68227
68228
68229
68230
68233
68234
68235
68236
68238
68239
68241
68242
68244
68245
68247
68248
68250
68251
68252
68253
68255
68261
68266
68268
68270
68272
68279
68281
68282
68283
68284
68286
68289
68290
68291
68294
68297
68298
68302
68304
68306
68309
68310
68311
68312
68313
68314
68315
68316
68318
68320
68322
68323
68326
68327
68328
68329
68331
68334
68335
68336
68337
68338
68342
68343
68345
68347
68349
68351
68352
68354
68355
68356
68359
68360
68361
68362
68366
68367
68371
68372
68373
68375
68376
68382
68385
68386
68387
68388
68390
68392
68393
68394
68395
68396
68397
68398
68405
68406
68408
68410
68411
68412
68413
68414
68417
68418
68420
68421
68422
68423
68424
68430
68431
68432
68434
68437
68439
68442
68443
68445
68447
68453
68455
68456
68458
68460
68461
68462
68463
68464
68465
68466
68467
68469
68471
68472
68473
68476
68480
68481
68484
68488
68490
68491
68493
68494
68496
68497
68498
68499
68500
68502
68506
68507
68508
68509
68510
68511
68516
68517
68520
68522
68525
68526
68528
68529
68530
68531
68534
68535
68537
68539
68541
68542
68544
68547
68550
68554
68555
68559
68561
68563
68565
68566
68568
68569
68570
68572
68574
68578
68579
68580
68581
68583
68584
68585
68586
68587
68588
68589
68591
68595
68600
68601
68605
68607
68610
68611
68612
68613
68614
68615
68619
68620
68625
68626
68628
68631
68632
68633
68634
68635
68639
68640
68641
68642
68643
68645
68646
68647
68648
68649
68652
68654
68658
68659
68664
68666
68667
68671
68672
68674
68675
68676
68677
68679
68680
68682
68689
68690
68692
68694
68695
68697
68701
68704
68705
68707
68710
68711
68714
68716
68718
68719
68720
68721
68723
68725
68726
68729
68730
68732
68737
68738
68739
68740
68741
68742
68744
68747
68752
68754
68755
68760
68761
68763
68766
68767
68768
68769
68770
68771
68773
68774
68776
68777
68780
68781
68783
68784
68791
68792
68796
68797
68798
68801
68802
68803
68806
68807
68808
68809
68812
68815
68816
68818
68819
68824
68827
68828
68829
68831
68833
68835
68836
68837
68841
68843
68844
68846
68848
68849
68850
68851
68852
68853
68855
68856
68858
68859
68860
68862
68863
68865
68866
68868
68870
68872
68873
68875
68876
68879
68880
68882
68883
68886
68887
68889
68890
68891
68892
68894
68895
68896
68897
68901
68902
68903
68904
68905
68907
68914
68915
68916
68921
68923
68925
68926
68929
68930
68931
68934
68935
68936
68937
68938
68939
68941
68943
68944
68947
68948
68951
68952
68955
68957
68959
68961
68962
68964
68967
68968
68972
68973
68974
68975
68978
68980
68982
68983
68984
68988
68990
68991
68992
68994
68995
68998
68999
69000
69001
69002
69004
69006
69010
69011
69013
69014
69015
69016
69017
69018
69021
69022
69023
69024
69026
69030
69031
69033
69034
69035
69036
69040
69041
69047
69049
69050
69051
69052
69053
69055
69058
69061
69062
69063
69064
69065
69067
69068
69069
69070
69072
69075
69076
69077
69078
69084
69086
69087
69088
69089
69090
69095
69097
69098
69100
69101
69102
69104
69105
69106
69107
69108
69109
69111
69112
69113
69115
69116
69119
69124
69125
69128
69129
69130
69131
69135
69137
69138
69140
69141
69142
69143
69144
69147
69149
69152
69154
69158
69159
69162
69164
69169
69171
69176
69177
69179
69180
69181
69182
69183
69184
69186
69188
69190
69193
69195
69198
69200
69203
69206
69207
69208
69211
69219
69223
69224
69226
69230
69231
69233
69234
69235
69236
69237
69239
69242
69243
69248
69249
69250
69251
69252
69253
69254
69260
69264
69265
69266
69267
69268
69269
69270
69271
69273
69274
69275
69276
69277
69278
69281
69285
69289
69290
69291
69292
69293
69295
69296
69297
69298
69299
69300
69301
69305
69307
69308
69311
69315
69319
69320
69321
69322
69323
69325
69328
69329
69330
69332
69334
69335
69342
69343
69344
69345
69346
69349
69350
69352
69356
69358
69360
69361
69364
69367
69368
69369
69370
69374
69376
69377
69379
69382
69383
69385
69386
69388
69389
69390
69391
69392
69398
69400
69402
69404
69405
69406
69409
69410
69413
69414
69416
69417
69425
69428
69430
69431
69432
69433
69434
69435
69441
69442
69449
69452
69453
69454
69456
69460
69462
69463
69464
69467
69468
69472
69473
69475
69477
69479
69482
69483
69484
69486
69488
69489
69493
69494
69496
69498
69500
69501
69502
69503
69504
69505
69506
69508
69514
69515
69516
69518
69521
69522
69523
69525
69528
69529
69532
69533
69534
69535
69536
69538
69539
69541
69542
69543
69544
69545
69546
69547
69549
69550
69551
69552
69554
69561
69563
69567
69569
69572
69574
69577
69578
69581
69583
69584
69586
69588
69589
69590
69591
69592
69593
69595
69597
69602
69603
69604
69605
69606
69607
69609
69612
69613
69614
69615
69617
69620
69621
69625
69627
69628
69629
69631
69636
69637
69638
69639
69641
69644
69648
69650
69651
69657
69662
69663
69665
69666
69668
69669
69673
69675
69679
69682
69683
69685
69687
69689
69692
69695
69696
69698
69699
69701
69702
69703
69705
69707
69709
69710
69714
69716
69717
69719
69720
69721
69723
69724
69725
69726
69727
69735
69736
69737
69738
69739
69740
69741
69743
69744
69745
69746
69748
69749
69754
69755
69756
69757
69759
69762
69763
69764
69767
69768
69769
69772
69773
69776
69777
69779
69780
69781
69782
69784
69787
69788
69790
69793
69794
69795
69798
69799
69804
69806
69808
69812
69813
69814
69815
69821
69822
69825
69827
69830
69831
69832
69833
69834
69835
69838
69840
69842
69843
69847
69848
69849
69853
69855
69857
69858
69859
69860
69861
69862
69863
69865
69867
69868
69869
69875
69879
69880
69881
69882
69883
69884
69885
69886
69888
69892
69897
69898
69900
69905
69907
69909
69911
69914
69916
69917
69918
69920
69921
69923
69924
69926
69927
69930
69932
69934
69937
69938
69942
69945
69947
69951
69952
69953
69958
69961
69963
69964
69969
69970
69975
69976
69978
69979
69983
69984
69985
69986
69987
69989
69990
69996
69998
70001
70003
70005
70006
70007
70014
70015
70017
70018
70020
70023
70025
70027
70028
70030
70035
70040
70041
70042
70044
70046
70049
70059
70060
70062
70068
70069
70070
70071
70072
70073
70074
70075
70077
70078
70081
70083
70090
70091
70092
70094
70095
70096
70097
70098
70100
70104
70106
70107
70109
70110
70111
70112
70116
70118
70120
70126
70127
70128
70130
70131
70133
70134
70135
70136
70139
70141
70142
70145
70147
70149
70152
70153
70156
70157
70158
70162
70164
70168
70169
70172
70173
70174
70175
70178
70180
70184
70185
70188
70190
70194
70196
70197
70198
70199
70202
70203
70204
70205
70206
70207
70208
70209
70211
70212
70215
70216
70217
70218
70221
70223
70225
70226
70227
70229
70231
70232
70233
70235
70236
70237
70238
70239
70242
70243
70244
70245
70246
70247
70248
70249
70250
70252
70253
70254
70255
70256
70261
70263
70265
70266
70267
70268
70269
70270
70271
70272
70276
70277
70278
70280
70281
70283
70286
70290
70291
70292
70294
70295
70296
70297
70298
70299
70300
70301
70302
70304
70306
70307
70313
70315
70316
70318
70320
70321
70323
70324
70325
70327
70328
70329
70332
70336
70337
70338
70341
70342
70344
70348
70350
70355
70356
70357
70358
70359
70360
70362
70363
70364
70365
70368
70370
70371
70374
70375
70376
70381
70382
70383
70385
70386
70387
70391
70392
70394
70398
70399
70400
70401
70402
70403
70404
70409
70410
70415
70416
70417
70418
70420
70421
70422
70424
70426
70430
70431
70433
70434
70435
70436
70437
70438
70439
70440
70444
70446
70447
70449
70450
70451
70453
70454
70457
70458
70463
70466
70469
70470
70471
70474
70475
70476
70481
70484
70485
70486
70487
70489
70491
70492
70493
70494
70496
70497
70500
70502
70504
70507
70508
70512
70513
70514
70515
70518
70521
70522
70523
70524
70526
70527
70528
70529
70530
70531
70534
70535
70538
70540
70541
70542
70543
70545
70546
70548
70549
70550
70551
70552
70553
70554
70556
70558
70560
70561
70563
70564
70565
70566
70567
70568
70571
70572
70573
70575
70576
70577
70580
70582
70585
70586
70588
70590
70591
70592
70594
70595
70598
70599
70603
70605
70607
70608
70609
70610
70614
70617
70618
70620
70625
70626
70628
70630
70634
70641
70642
70644
70645
70648
70653
70655
70661
70662
70664
70665
70668
70669
70672
70674
70676
70678
70681
70683
70684
70687
70691
70696
70697
70698
70699
70700
70703
70704
70705
70706
70713
70714
70718
70719
70721
70722
70723
70724
70725
70726
70728
70729
70731
70732
70735
70736
70740
70743
70744
70747
70753
70754
70755
70757
70758
70760
70762
70763
70764
70765
70768
70770
70771
70774
70783
70785
70787
70788
70791
70792
70796
70797
70798
70799
70800
70806
70807
70808
70809
70810
70811
70813
70814
70815
70818
70819
70820
70821
70822
70824
70825
70827
70828
70830
70834
70839
70840
70842
70845
70846
70848
70850
70851
70853
70854
70855
70857
70859
70860
70861
70862
70863
70864
70865
70868
70869
70870
70872
70876
70877
70880
70882
70884
70887
70891
70892
70893
70894
70896
70897
70899
70901
70902
70903
70904
70905
70910
70912
70914
70915
70916
70920
70921
70922
70923
70924
70927
70928
70931
70932
70933
70936
70937
70939
70941
70942
70944
70946
70948
70950
70951
70955
70956
70958
70960
70964
70966
70967
70969
70971
70975
70976
70979
70981
70984
70986
70987
70989
70990
70992
70995
70997
70998
70999
71001
71004
71005
71006
71007
71008
71009
71010
71011
71014
71015
71016
71017
71018
71027
71028
71029
71033
71034
71036
71037
71039
71040
71044
71046
71047
71048
71049
71052
71053
71055
71056
71057
71058
71060
71062
71063
71064
71065
71066
71070
71071
71072
71073
71075
71076
71077
71078
71079
71082
71084
71087
71088
71089
71090
71093
71095
71096
71097
71100
71101
71102
71103
71105
71108
71111
71116
71117
71118
71119
71121
71122
71123
71126
71127
71128
71129
71131
71133
71134
71135
71136
71137
71138
71139
71140
71141
71142
71143
71144
71145
71146
71147
71150
71151
71152
71154
71157
71159
71160
71162
71163
71164
71166
71168
71171
71173
71174
71176
71179
71182
71183
71187
71188
71190
71192
71193
71196
71199
71202
71203
71204
71205
71206
71207
71209
71211
71213
71214
71216
71218
71219
71220
71222
71223
71227
71230
71235
71239
71241
71242
71245
71247
71249
71252
71253
71254
71255
71256
71257
71261
71263
71264
71265
71266
71268
71269
71273
71274
71275
71276
71277
71279
71282
71284
71285
71286
71287
71290
71291
71293
71296
71300
71301
71303
71304
71305
71306
71309
71311
71314
71316
71317
71318
71319
71320
71323
71324
71326
71328
71329
71332
71334
71335
71336
71340
71342
71343
71345
71346
71348
71349
71351
71354
71357
71358
71359
71361
71364
71365
71366
71367
71369
71370
71371
71372
71373
71374
71376
71377
71378
71381
71384
71385
71387
71389
71390
71392
71394
71395
71398
71402
71403
71405
71406
71408
71411
71415
71417
71419
71420
71421
71422
71424
71425
71426
71428
71431
71432
71433
71434
71435
71436
71437
71439
71440
71441
71442
71446
71449
71451
71452
71455
71456
71458
71461
71464
71465
71466
71470
71471
71474
71475
71477
71478
71479
71480
71481
71483
71484
71486
71488
71489
71492
71493
71494
71495
71496
71499
71500
71501
71503
71507
71516
71518
71519
71521
71522
71523
71524
71525
71527
71528
71530
71538
71539
71540
71541
71542
71544
71545
71547
71548
71549
71552
71554
71556
71559
71563
71565
71566
71568
71570
71571
71576
71577
71579
71580
71584
71585
71586
71587
71590
71591
71592
71594
71595
71597
71598
71599
71600
71601
71602
71603
71604
71605
71608
71610
71613
71614
71615
71617
71618
71622
71623
71624
71625
71626
71627
71629
71630
71631
71632
71633
71637
71641
71642
71645
71647
71649
71651
71652
71653
71654
71659
71660
71661
71662
71664
71665
71666
71669
71670
71672
71674
71677
71679
71680
71681
71683
71684
71685
71688
71689
71690
71691
71692
71696
71698
71699
71702
71703
71704
71706
71709
71713
71714
71715
71716
71717
71720
71725
71727
71728
71733
71734
71735
71737
71738
71739
71740
71741
71743
71744
71746
71748
71750
71751
71756
71759
71761
71762
71763
71764
71765
71766
71767
71772
71774
71777
71778
71779
71780
71781
71784
71786
71787
71788
71790
71792
71793
71795
71796
71797
71798
71801
71802
71803
71805
71808
71809
71810
71811
71812
71813
71816
71818
71821
71823
71824
71825
71828
71829
71830
71831
71832
71835
71836
71838
71839
71845
71849
71850
71852
71853
71855
71857
71860
71862
71865
71866
71867
71868
71873
71874
71875
71878
71881
71883
71884
71888
71890
71891
71892
71893
71895
71897
71898
71900
71901
71902
71903
71904
71908
71909
71910
71911
71915
71917
71920
71921
71923
71924
71925
71927
71928
71929
71930
71931
71932
71934
71937
71942
71943
71944
71945
71946
71947
71952
71954
71955
71958
71959
71960
71963
71967
71968
71969
71970
71972
71974
71977
71978
71979
71980
71982
71983
71984
71989
71993
71995
71998
72005
72006
72010
72011
72013
72014
72017
72019
72020
72022
72024
72029
72031
72032
72033
72036
72037
72038
72039
72040
72043
72044
72045
72046
72048
72051
72052
72054
72055
72056
72057
72059
72060
72062
72063
72064
72067
72070
72071
72072
72073
72075
72076
72077
72081
72082
72083
72084
72085
72086
72089
72090
72091
72096
72097
72100
72101
72102
72103
72105
72108
72109
72111
72112
72113
72115
72118
72119
72120
72121
72122
72123
72127
72128
72131
72132
72136
72140
72141
72143
72145
72146
72149
72150
72151
72152
72154
72155
72156
72159
72160
72162
72166
72170
72172
72173
72174
72175
72176
72178
72179
72181
72182
72184
72185
72187
72191
72194
72196
72198
72202
72204
72207
72210
72213
72215
72216
72218
72221
72222
72225
72228
72235
72239
72242
72243
72244
72245
72247
72248
72249
72250
72251
72252
72253
72256
72257
72258
72259
72271
72274
72276
72280
72281
72284
72285
72289
72291
72292
72293
72295
72296
72298
72300
72303
72304
72307
72308
72309
72313
72314
72315
72316
72317
72318
72319
72320
72322
72323
72324
72328
72329
72330
72331
72335
72338
72343
72345
72346
72355
72357
72361
72364
72365
72367
72368
72369
72370
72371
72372
72373
72374
72375
72379
72380
72382
72383
72384
72385
72386
72387
72388
72389
72390
72391
72395
72396
72398
72399
72400
72401
72402
72404
72405
72407
72408
72410
72411
72412
72413
72415
72416
72417
72418
72420
72421
72422
72430
72432
72434
72435
72437
72441
72442
72444
72447
72451
72452
72453
72454
72456
72457
72460
72464
72469
72470
72472
72473
72474
72476
72477
72479
72485
72490
72492
72493
72498
72499
72500
72502
72503
72504
72510
72513
72514
72515
72517
72519
72522
72525
72526
72527
72530
72536
72537
72538
72539
72541
72543
72544
72545
72546
72547
72548
72549
72550
72553
72555
72556
72558
72559
72560
72565
72569
72571
72572
72577
72582
72585
72586
72588
72592
72594
72597
72599
72602
72606
72607
72608
72609
72611
72613
72614
72617
72618
72619
72620
72622
72630
72631
72632
72633
72634
72638
72643
72649
72650
72651
72652
72653
72656
72657
72665
72669
72672
72674
72675
72676
72677
72678
72681
72682
72683
72685
72686
72689
72691
72693
72694
72696
72697
72699
72700
72702
72705
72707
72708
72710
72711
72712
72713
72716
72718
72719
72720
72721
72722
72723
72724
72725
72726
72727
72730
72731
72734
72735
72745
72746
72752
72755
72756
72757
72758
72760
72762
72763
72764
72766
72768
72769
72770
72771
72772
72773
72777
72780
72781
72782
72783
72784
72786
72787
72788
72792
72795
72796
72798
72799
72800
72801
72802
72803
72805
72806
72807
72808
72810
72811
72812
72815
72817
72824
72826
72828
72830
72832
72833
72834
72836
72838
72840
72844
72847
72849
72850
72851
72852
72853
72858
72860
72861
72866
72868
72869
72870
72872
72873
72875
72876
72877
72879
72880
72883
72885
72887
72888
72889
72891
72895
72896
72898
72900
72903
72906
72907
72909
72912
72913
72915
72921
72925
72927
72929
72930
72932
72935
72939
72940
72941
72942
72943
72945
72947
72948
72949
72956
72959
72960
72961
72963
72964
72965
72966
72967
72968
72972
72974
72975
72978
72979
72981
72983
72984
72986
72991
72993
72996
72998
73002
73005
73008
73013
73016
73017
73018
73019
73021
73022
73023
73024
73025
73028
73029
73030
73033
73034
73038
73039
73042
73043
73045
73046
73047
73048
73051
73052
73053
73054
73056
73060
73062
73067
73068
73074
73075
73078
73084
73086
73088
73090
73092
73093
73094
73095
73096
73097
73099
73104
73105
73108
73111
73113
73114
73115
73117
73118
73119
73120
73121
73123
73126
73129
73132
73133
73136
73139
73141
73142
73143
73144
73145
73146
73148
73150
73152
73154
73155
73157
73158
73159
73160
73161
73163
73165
73167
73168
73171
73173
73174
73175
73176
73177
73178
73182
73184
73185
73186
73187
73188
73189
73192
73193
73195
73196
73197
73201
73204
73205
73206
73207
73209
73210
73213
73217
73218
73219
73220
73221
73223
73227
73229
73230
73231
73233
73234
73235
73236
73237
73238
73240
73241
73243
73245
73246
73248
73249
73252
73256
73257
73258
73259
73260
73261
73262
73265
73267
73271
73272
73273
73274
73275
73278
73279
73280
73285
73286
73288
73289
73290
73294
73296
73298
73299
73300
73301
73306
73309
73310
73312
73313
73314
73315
73316
73317
73318
73320
73321
73322
73324
73326
73328
73329
73332
73335
73338
73339
73340
73341
73342
73344
73347
73348
73349
73352
73353
73354
73355
73356
73359
73360
73361
73364
73365
73366
73367
73369
73371
73372
73373
73376
73379
73385
73388
73390
73394
73395
73396
73397
73398
73401
73402
73404
73405
73406
73408
73409
73410
73411
73413
73414
73415
73416
73417
73418
73419
73420
73421
73423
73425
73426
73429
73430
73431
73432
73435
73438
73439
73440
73442
73450
73451
73452
73455
73456
73460
73461
73462
73465
73467
73468
73470
73471
73475
73476
73477
73478
73482
73485
73486
73492
73494
73495
73499
73501
73504
73507
73508
73509
73512
73513
73516
73518
73520
73521
73522
73528
73530
73531
73533
73535
73540
73541
73542
73544
73545
73546
73549
73551
73552
73554
73555
73557
73558
73560
73564
73566
73568
73570
73571
73573
73574
73575
73576
73578
73579
73582
73583
73584
73585
73587
73589
73592
73593
73594
73595
73596
73597
73598
73602
73604
73606
73608
73609
73610
73611
73613
73619
73620
73621
73622
73624
73627
73629
73630
73632
73633
73635
73640
73641
73642
73646
73652
73655
73658
73660
73661
73662
73664
73666
73670
73671
73672
73673
73674
73675
73676
73677
73679
73680
73681
73682
73685
73691
73693
73694
73695
73696
73697
73698
73702
73703
73704
73705
73706
73707
73708
73709
73710
73711
73713
73716
73719
73720
73722
73723
73727
73728
73729
73731
73737
73740
73741
73744
73746
73747
73749
73752
73754
73755
73756
73757
73759
73761
73762
73764
73765
73766
73769
73774
73775
73777
73778
73791
73792
73794
73795
73797
73798
73799
73801
73802
73804
73808
73813
73815
73817
73818
73819
73822
73823
73825
73826
73828
73829
73830
73832
73833
73834
73841
73844
73845
73846
73847
73848
73851
73853
73855
73859
73861
73862
73863
73865
73868
73869
73870
73872
73873
73874
73877
73878
73882
73883
73885
73887
73888
73892
73893
73895
73897
73900
73906
73907
73909
73912
73913
73914
73915
73916
73917
73918
73920
73922
73923
73930
73933
73935
73936
73938
73940
73941
73943
73944
73945
73946
73950
73951
73952
73954
73955
73957
73958
73959
73962
73963
73965
73966
73968
73969
73970
73971
73972
73973
73977
73980
73982
73989
73990
73991
73993
74000
74003
74004
74005
74011
74012
74013
74017
74020
74021
74025
74026
74027
74028
74029
74030
74031
74032
74034
74035
74036
74038
74040
74042
74043
74045
74046
74049
74050
74051
74054
74055
74056
74057
74060
74061
74063
74064
74068
74072
74073
74074
74076
74077
74078
74080
74082
74086
74087
74088
74089
74091
74092
74093
74096
74098
74102
74103
74104
74105
74109
74113
74120
74121
74122
74123
74124
74125
74126
74127
74129
74131
74132
74133
74135
74137
74139
74140
74143
74144
74146
74150
74151
74152
74153
74155
74157
74159
74160
74162
74163
74164
74166
74167
74168
74170
74173
74178
74179
74180
74183
74187
74190
74192
74193
74194
74196
74197
74199
74200
74201
74202
74206
74207
74208
74210
74211
74214
74216
74218
74220
74224
74225
74228
74235
74236
74238
74240
74241
74243
74244
74245
74246
74247
74248
74250
74251
74252
74253
74258
74261
74263
74264
74267
74269
74270
74272
74277
74279
74280
74284
74285
74287
74288
74291
74293
74294
74297
74298
74299
74300
74302
74304
74308
74310
74313
74315
74316
74317
74318
74319
74323
74324
74326
74328
74330
74333
74334
74336
74337
74338
74344
74345
74348
74350
74352
74356
74358
74360
74361
74363
74369
74371
74377
74379
74380
74381
74383
74384
74386
74388
74390
74393
74395
74396
74397
74399
74400
74401
74402
74403
74404
74406
74407
74408
74409
74410
74414
74415
74416
74418
74419
74420
74422
74424
74426
74428
74431
74434
74437
74438
74442
74444
74445
74446
74447
74449
74450
74451
74452
74454
74455
74459
74460
74464
74466
74468
74469
74470
74472
74473
74477
74478
74479
74482
74483
74484
74485
74487
74488
74493
74496
74497
74498
74499
74501
74503
74504
74505
74506
74509
74512
74513
74515
74516
74517
74519
74524
74525
74526
74528
74529
74533
74534
74536
74537
74538
74540
74542
74543
74546
74548
74549
74551
74552
74553
74554
74555
74556
74557
74558
74559
74560
74562
74563
74564
74566
74569
74570
74571
74574
74575
74576
74579
74581
74582
74587
74590
74593
74594
74596
74597
74600
74601
74602
74603
74607
74610
74611
74612
74614
74617
74622
74631
74633
74634
74636
74637
74641
74643
74648
74649
74650
74653
74656
74657
74659
74661
74666
74667
74668
74670
74671
74674
74675
74681
74682
74684
74685
74686
74687
74688
74689
74694
74696
74697
74699
74700
74701
74702
74708
74709
74712
74713
74714
74715
74716
74717
74718
74719
74722
74730
74731
74734
74735
74737
74740
74743
74745
74751
74754
74755
74756
74757
74761
74765
74767
74768
74770
74775
74776
74777
74781
74788
74789
74792
74794
74796
74799
74800
74802
74803
74804
74806
74808
74811
74812
74813
74814
74817
74818
74820
74821
74822
74824
74825
74827
74828
74829
74834
74837
74839
74841
74845
74846
74849
74852
74854
74855
74860
74862
74863
74864
74868
74869
74872
74873
74874
74875
74878
74879
74880
74881
74882
74883
74887
74890
74891
74892
74894
74895
74897
74898
74901
74909
74910
74911
74913
74916
74923
74925
74926
74927
74928
74931
74932
74933
74934
74939
74943
74945
74946
74947
74948
74950
74954
74956
74957
74959
74961
74962
74963
74965
74969
74970
74971
74972
74973
74976
74979
74980
74982
74983
74984
74985
74986
74987
74988
74990
74991
74992
74994
74995
75000
75006
75007
75008
75009
75010
75012
75013
75014
75019
75020
75021
75024
75029
75030
75031
75032
75033
75034
75035
75038
75039
75045
75048
75049
75050
75051
75053
75054
75055
75058
75060
75062
75064
75065
75066
75067
75069
75071
75072
75074
75077
75078
75079
75081
75084
75085
75086
75087
75088
75089
75091
75092
75094
75098
75099
75102
75103
75104
75105
75106
75108
75109
75110
75111
75113
75119
75120
75122
75124
75125
75126
75129
75130
75131
75134
75136
75137
75138
75142
75144
75149
75150
75151
75152
75154
75155
75156
75159
75161
75162
75166
75167
75169
75174
75177
75178
75179
75180
75181
75185
75188
75191
75196
75200
75201
75203
75204
75206
75208
75210
75211
75212
75213
75216
75218
75219
75223
75224
75225
75226
75229
75230
75232
75235
75236
75237
75238
75248
75249
75252
75257
75258
75259
75261
75262
75264
75265
75266
75270
75272
75275
75277
75279
75282
75283
75284
75286
75290
75292
75293
75294
75295
75296
75297
75298
75299
75302
75305
75307
75309
75310
75311
75315
75318
75322
75323
75327
75328
75329
75330
75332
75333
75335
75336
75338
75342
75343
75344
75345
75346
75347
75348
75349
75351
75352
75353
75354
75355
75356
75358
75360
75362
75364
75367
75368
75370
75371
75372
75374
75375
75376
75377
75380
75381
75382
75383
75384
75385
75386
75388
75389
75393
75394
75395
75396
75398
75399
75401
75404
75405
75406
75408
75409
75412
75413
75414
75415
75416
75418
75419
75420
75422
75423
75425
75428
75429
75430
75435
75438
75440
75442
75446
75447
75452
75458
75459
75461
75463
75464
75465
75466
75467
75469
75471
75472
75473
75475
75476
75477
75479
75480
75481
75485
75488
75491
75492
75496
75497
75498
75499
75500
75502
75503
75504
75505
75506
75509
75510
75512
75515
75516
75519
75522
75526
75528
75530
75532
75533
75535
75537
75541
75543
75544
75546
75548
75549
75551
75553
75555
75559
75560
75561
75564
75565
75566
75567
75568
75569
75570
75571
75576
75577
75579
75580
75581
75582
75583
75585
75587
75590
75592
75593
75594
75598
75599
75600
75603
75604
75605
75607
75611
75612
75615
75616
75619
75620
75621
75622
75625
75626
75627
75628
75629
75630
75631
75633
75635
75638
75639
75641
75644
75645
75647
75649
75651
75652
75655
75656
75657
75658
75660
75661
75663
75664
75667
75671
75672
75674
75676
75679
75681
75682
75689
75690
75692
75693
75694
75695
75698
75701
75704
75707
75708
75710
75711
75712
75715
75716
75717
75721
75722
75724
75727
75728
75729
75731
75736
75737
75738
75739
75740
75741
75742
75743
75745
75746
75748
75749
75750
75751
75752
75755
75756
75758
75759
75760
75763
75764
75767
75768
75770
75771
75772
75773
75776
75777
75778
75781
75782
75785
75787
75788
75789
75790
75791
75792
75793
75794
75798
75801
75807
75808
75810
75811
75812
75818
75821
75823
75824
75827
75829
75830
75831
75833
75836
75839
75840
75842
75843
75848
75851
75855
75856
75857
75859
75860
75861
75862
75864
75867
75870
75873
75874
75875
75876
75878
75879
75881
75883
75884
75885
75887
75888
75889
75890
75892
75893
75897
75898
75899
75901
75902
75907
75911
75913
75914
75918
75919
75920
75921
75922
75924
75925
75926
75928
75931
75932
75936
75937
75940
75945
75948
75952
75953
75954
75955
75956
75959
75962
75963
75964
75968
75969
75970
75971
75972
75974
75979
75980
75983
75987
75988
75990
75993
75994
75996
75997
75998
75999
76002
76003
76004
76007
76011
76012
76017
76018
76019
76023
76026
76027
76029
76031
76036
76037
76038
76041
76042
76043
76046
76049
76050
76051
76052
76056
76057
76061
76062
76063
76066
76067
76068
76069
76070
76071
76072
76073
76074
76075
76076
76078
76079
76080
76081
76082
76083
76086
76087
76089
76091
76092
76094
76100
76101
76108
76109
76110
76111
76112
76115
76116
76118
76119
76120
76122
76125
76127
76131
76134
76135
76136
76138
76139
76142
76147
76148
76149
76159
76161
76168
76170
76172
76173
76177
76179
76180
76181
76182
76184
76186
76189
76190
76192
76195
76196
76200
76202
76203
76204
76206
76207
76208
76211
76214
76216
76217
76225
76227
76228
76242
76243
76245
76246
76247
76248
76249
76250
76251
76253
76254
76255
76256
76258
76262
76264
76265
76266
76269
76270
76272
76273
76276
76280
76282
76283
76284
76286
76289
76290
76291
76292
76293
76295
76296
76297
76299
76301
76303
76304
76305
76306
76308
76309
76310
76311
76312
76314
76320
76321
76322
76323
76327
76330
76331
76339
76341
76342
76344
76345
76346
76349
76351
76356
76358
76360
76361
76364
76365
76366
76367
76368
76370
76371
76372
76375
76376
76382
76385
76387
76388
76389
76392
76396
76397
76398
76399
76401
76402
76405
76406
76408
76409
76410
76412
76416
76417
76418
76419
76422
76423
76425
76428
76430
76431
76432
76433
76434
76435
76436
76440
76441
76447
76452
76453
76454
76455
76457
76458
76459
76462
76463
76466
76467
76469
76470
76471
76473
76475
76481
76482
76487
76489
76492
76493
76495
76498
76500
76501
76503
76504
76506
76508
76511
76512
76514
76515
76517
76518
76519
76521
76526
76527
76528
76531
76532
76533
76534
76535
76536
76540
76542
76547
76555
76556
76558
76559
76560
76561
76562
76563
76564
76568
76569
76571
76572
76577
76581
76584
76586
76588
76589
76591
76592
76594
76598
76599
76604
76605
76606
76609
76610
76611
76617
76619
76622
76624
76628
76629
76631
76633
76634
76636
76637
76640
76641
76642
76643
76645
76646
76647
76650
76653
76659
76660
76662
76663
76664
76665
76667
76669
76672
76673
76674
76675
76679
76692
76693
76695
76696
76698
76699
76700
76702
76706
76707
76712
76713
76717
76720
76721
76722
76726
76727
76730
76731
76732
76735
76736
76737
76739
76740
76741
76742
76743
76751
76753
76754
76755
76756
76758
76759
76760
76761
76762
76763
76764
76765
76767
76768
76770
76771
76773
76776
76777
76778
76781
76784
76786
76787
76788
76789
76790
76791
76792
76793
76794
76797
76800
76802
76803
76805
76806
76807
76808
76810
76812
76814
76817
76820
76822
76824
76825
76826
76827
76828
76830
76833
76834
76835
76837
76838
76842
76843
76849
76850
76856
76858
76859
76863
76864
76866
76868
76871
76873
76874
76877
76878
76879
76880
76882
76883
76884
76885
76888
76890
76891
76892
76895
76897
76898
76899
76903
76908
76911
76917
76919
76924
76925
76926
76928
76930
76931
76933
76934
76936
76938
76939
76940
76941
76945
76946
76947
76950
76951
76952
76954
76959
76960
76961
76963
76964
76965
76966
76969
76976
76980
76981
76982
76984
76985
76986
76987
76989
76990
76991
76993
76994
76996
76997
76998
76999
77000
77001
77002
77003
77004
77005
77006
77012
77013
77016
77018
77019
77023
77025
77027
77028
77031
77033
77035
77036
77037
77038
77041
77043
77045
77046
77047
77048
77051
77052
77053
77056
77057
77058
77061
77062
77064
77069
77074
77078
77083
77084
77085
77086
77087
77088
77089
77090
77091
77092
77094
77096
77098
77099
77102
77104
77105
77107
77110
77112
77114
77115
77116
77118
77120
77121
77122
77126
77128
77130
77135
77140
77141
77143
77144
77145
77147
77149
77150
77154
77157
77159
77162
77165
77166
77173
77174
77176
77178
77180
77182
77190
77192
77198
77200
77201
77202
77207
77208
77209
77213
77216
77217
77218
77221
77222
77225
77226
77228
77229
77236
77237
77238
77239
77242
77243
77244
77245
77246
77247
77249
77251
77252
77253
77255
77256
77257
77258
77259
77260
77263
77265
77267
77269
77271
77272
77273
77274
77275
77276
77279
77280
77282
77289
77290
77291
77292
77293
77295
77296
77298
77299
77302
77303
77304
77306
77311
77312
77313
77315
77317
77318
77320
77322
77326
77328
77330
77332
77333
77335
77338
77340
77342
77344
77346
77347
77348
77352
77354
77356
77357
77360
77361
77362
77367
77369
77370
77371
77374
77375
77376
77382
77383
77384
77385
77387
77388
77389
77391
77392
77393
77396
77397
77398
77399
77400
77401
77402
77404
77405
77408
77410
77411
77412
77413
77420
77421
77423
77424
77426
77428
77429
77430
77431
77434
77439
77440
77442
77443
77444
77446
77447
77449
77450
77453
77454
77459
77461
77462
77463
77466
77469
77470
77471
77473
77474
77476
77480
77483
77484
77491
77493
77495
77497
77500
77501
77502
77503
77505
77506
77507
77508
77511
77514
77516
77517
77518
77521
77522
77523
77526
77528
77530
77531
77532
77533
77534
77536
77537
77542
77543
77544
77549
77553
77554
77555
77560
77562
77565
77567
77571
77572
77573
77574
77577
77581
77585
77586
77588
77589
77591
77595
77596
77599
77600
77601
77603
77604
77607
77609
77610
77611
77615
77617
77618
77620
77622
77624
77625
77626
77627
77629
77632
77633
77637
77638
77639
77640
77643
77645
77646
77647
77649
77650
77651
77663
77665
77666
77667
77668
77672
77678
77681
77682
77684
77686
77687
77688
77689
77690
77691
77692
77695
77697
77698
77699
77702
77704
77707
77708
77714
77717
77718
77719
77720
77721
77724
77725
77727
77731
77732
77733
77735
77736
77739
77742
77743
77747
77748
77750
77752
77754
77757
77761
77769
77770
77774
77778
77780
77781
77782
77785
77786
77788
77789
77793
77796
77797
77799
77801
77804
77805
77808
77809
77812
77813
77814
77815
77816
77818
77819
77820
77821
77822
77823
77826
77827
77828
77831
77834
77839
77841
77844
77845
77846
77852
77853
77856
77859
77861
77862
77863
77864
77865
77866
77867
77869
77870
77874
77875
77876
77879
77880
77881
77882
77883
77884
77886
77890
77892
77893
77894
77895
77898
77899
77900
77901
77904
77907
77911
77912
77913
77916
77920
77923
77925
77926
77929
77931
77932
77933
77935
77936
77937
77939
77940
77941
77943
77944
77945
77946
77949
77950
77951
77952
77953
77959
77961
77966
77971
77972
77974
77976
77981
77982
77985
77986
77987
77988
77989
77991
77992
77996
77997
78001
78002
78004
78005
78008
78011
78012
78013
78014
78015
78016
78018
78019
78020
78021
78023
78024
78025
78026
78034
78037
78039
78040
78042
78043
78046
78049
78053
78054
78056
78059
78060
78061
78062
78063
78067
78069
78071
78072
78075
78076
78078
78080
78082
78084
78085
78087
78089
78091
78094
78096
78104
78111
78112
78113
78117
78118
78119
78123
78125
78128
78129
78130
78132
78134
78138
78140
78142
78143
78145
78146
78147
78148
78150
78151
78152
78154
78156
78157
78161
78163
78164
78165
78167
78168
78170
78179
78180
78183
78184
78185
78188
78189
78190
78192
78193
78194
78195
78196
78197
78198
78205
78206
78207
78209
78212
78213
78219
78220
78222
78223
78224
78228
78229
78230
78233
78234
78235
78236
78238
78239
78242
78244
78245
78246
78247
78249
78250
78252
78257
78258
78259
78263
78265
78266
78267
78268
78270
78272
78273
78274
78275
78276
78278
78279
78284
78285
78286
78288
78290
78291
78294
78295
78296
78297
78298
78299
78300
78302
78303
78304
78305
78306
78312
78313
78316
78317
78318
78319
78321
78322
78323
78324
78325
78329
78331
78332
78333
78334
78340
78342
78345
78347
78349
78354
78355
78357
78361
78365
78367
78370
78371
78375
78377
78379
78380
78381
78382
78386
78387
78389
78395
78396
78397
78398
78399
78400
78402
78403
78404
78406
78407
78408
78411
78413
78415
78416
78417
78419
78420
78421
78422
78423
78424
78425
78427
78428
78429
78434
78435
78438
78439
78440
78441
78443
78444
78448
78452
78453
78454
78456
78457
78458
78464
78465
78468
78470
78472
78473
78474
78475
78477
78478
78479
78486
78488
78489
78493
78495
78497
78498
78503
78504
78505
78508
78509
78510
78512
78515
78516
78519
78521
78522
78523
78524
78525
78526
78535
78536
78537
78541
78544
78547
78548
78551
78553
78555
78557
78560
78563
78565
78566
78571
78572
78573
78574
78575
78576
78577
78578
78580
78581
78582
78585
78587
78588
78589
78590
78592
78594
78596
78597
78599
78600
78601
78602
78604
78606
78608
78610
78614
78619
78622
78625
78627
78631
78636
78640
78641
78643
78645
78651
78655
78656
78657
78659
78660
78661
78662
78666
78668
78669
78671
78673
78674
78675
78676
78679
78680
78681
78682
78683
78685
78686
78687
78691
78693
78694
78701
78703
78704
78705
78706
78707
78711
78713
78715
78716
78719
78721
78723
78724
78728
78729
78732
78736
78738
78740
78745
78746
78748
78749
78751
78752
78753
78759
78761
78766
78767
78774
78775
78776
78780
78781
78782
78784
78789
78790
78791
78795
78799
78800
78802
78803
78806
78808
78811
78812
78814
78816
78817
78823
78824
78825
78828
78830
78831
78839
78841
78842
78844
78845
78847
78851
78853
78856
78858
78860
78863
78865
78869
78870
78872
78874
78876
78881
78884
78885
78890
78895
78896
78898
78899
78901
78902
78903
78904
78905
78909
78910
78911
78912
78913
78916
78922
78923
78928
78929
78933
78934
78935
78937
78941
78942
78944
78949
78950
78951
78952
78953
78955
78956
78957
78958
78961
78962
78964
78966
78967
78968
78969
78971
78975
78976
78979
78986
78987
78988
78989
78990
78991
78992
78994
78995
78997
78998
79001
79008
79011
79012
79013
79014
79016
79021
79022
79023
79024
79028
79029
79033
79034
79037
79039
79042
79045
79046
79047
79050
79051
79052
79054
79056
79057
79059
79061
79062
79063
79066
79068
79071
79073
79075
79077
79088
79089
79096
79097
79098
79100
79101
79103
79104
79108
79110
79113
79118
79120
79123
79124
79127
79128
79129
79130
79133
79136
79139
79141
79147
79148
79149
79150
79151
79152
79155
79156
79159
79161
79166
79167
79169
79170
79173
79174
79178
79179
79180
79185
79191
79192
79196
79197
79200
79201
79204
79205
79208
79210
79211
79212
79214
79216
79217
79219
79220
79222
79225
79226
79227
79229
79230
79232
79233
79235
79236
79237
79240
79241
79242
79243
79247
79249
79251
79255
79257
79258
79259
79260
79263
79264
79265
79266
79267
79268
79274
79275
79278
79280
79283
79285
79286
79288
79289
79290
79291
79293
79296
79298
79299
79300
79305
79306
79307
79309
79310
79311
79312
79313
79314
79315
79317
79318
79321
79322
79324
79325
79326
79327
79328
79329
79331
79338
79341
79342
79343
79344
79345
79346
79347
79348
79349
79350
79351
79352
79358
79364
79365
79369
79370
79372
79381
79383
79384
79385
79386
79388
79391
79394
79395
79396
79400
79401
79402
79404
79405
79408
79409
79413
79414
79416
79418
79420
79427
79428
79432
79433
79434
79439
79440
79446
79448
79449
79450
79453
79455
79457
79458
79459
79460
79462
79466
79467
79469
79470
79471
79474
79475
79476
79477
79478
79480
79482
79484
79485
79486
79488
79492
79497
79498
79500
79501
79506
79509
79510
79511
79512
79513
79515
79517
79518
79521
79526
79528
79531
79533
79538
79540
79542
79543
79544
79545
79546
79549
79551
79552
79556
79562
79563
79565
79566
79567
79568
79569
79570
79571
79572
79573
79575
79578
79581
79583
79584
79585
79587
79588
79593
79594
79596
79597
79598
79600
79601
79604
79606
79607
79608
79609
79612
79616
79617
79619
79620
79621
79622
79623
79625
79626
79627
79628
79631
79635
79636
79637
79639
79640
79644
79647
79652
79654
79655
79657
79658
79659
79661
79664
79665
79668
79669
79671
79672
79674
79676
79678
79679
79680
79684
79686
79689
79690
79691
79694
79695
79698
79699
79700
79701
79703
79704
79706
79709
79710
79711
79712
79713
79715
79716
79717
79718
79719
79720
79721
79722
79723
79724
79726
79729
79730
79733
79735
79736
79739
79742
79744
79745
79748
79749
79750
79751
79752
79756
79757
79758
79760
79761
79762
79764
79767
79769
79770
79772
79773
79774
79777
79778
79781
79784
79785
79790
79795
79797
79798
79799
79801
79803
79806
79807
79812
79814
79816
79817
79822
79823
79826
79827
79829
79830
79831
79833
79835
79837
79844
79847
79848
79849
79852
79853
79854
79859
79866
79868
79869
79870
79873
79877
79878
79880
79881
79882
79885
79886
79887
79888
79896
79897
79898
79900
79902
79903
79904
79905
79906
79907
79909
79911
79912
79914
79915
79916
79922
79924
79927
79931
79932
79933
79938
79940
79941
79944
79946
79948
79949
79950
79951
79952
79953
79956
79957
79958
79962
79963
79965
79968
79971
79972
79973
79974
79975
79976
79977
79979
79981
79983
79987
79990
79991
79993
79995
79996
79997
79998
79999
80000
80005
80007
80008
80009
80010
80011
80012
80015
80017
80018
80019
80021
80024
80025
80037
80039
80041
80042
80046
80048
80050
80052
80053
80056
80058
80060
80062
80065
80066
80068
80069
80071
80072
80075
80077
80083
80086
80087
80088
80092
80093
80096
80097
80099
80104
80105
80106
80109
80110
80112
80113
80114
80116
80117
80118
80122
80124
80126
80129
80131
80134
80135
80136
80137
80138
80141
80142
80143
80149
80154
80157
80158
80159
80160
80161
80162
80163
80164
80167
80169
80170
80172
80174
80183
80186
80192
80193
80194
80197
80198
80201
80203
80205
80206
80207
80208
80212
80213
80214
80215
80221
80222
80224
80225
80233
80234
80238
80239
80240
80242
80243
80244
80246
80248
80249
80250
80251
80253
80254
80255
80256
80258
80259
80260
80265
80269
80271
80272
80274
80277
80279
80282
80284
80285
80289
80291
80294
80295
80296
80299
80300
80302
80305
80306
80307
80308
80310
80312
80313
80316
80321
80322
80323
80324
80325
80326
80327
80329
80330
80331
80333
80334
80337
80338
80340
80341
80344
80345
80347
80350
80358
80360
80361
80362
80365
80367
80369
80370
80371
80375
80377
80385
80387
80388
80390
80391
80395
80397
80398
80400
80401
80403
80406
80413
80414
80415
80416
80417
80419
80420
80425
80426
80427
80430
80435
80436
80439
80440
80443
80444
80445
80447
80448
80450
80451
80452
80454
80455
80456
80457
80464
80466
80468
80471
80472
80475
80479
80480
80482
80483
80484
80485
80486
80487
80490
80492
80493
80494
80498
80501
80506
80507
80508
80511
80513
80516
80518
80519
80520
80522
80523
80524
80527
80533
80534
80536
80537
80542
80543
80545
80547
80548
80549
80550
80555
80558
80559
80560
80565
80566
80568
80569
80571
80572
80573
80579
80581
80584
80586
80587
80589
80590
80592
80597
80598
80601
80602
80604
80605
80606
80609
80611
80612
80615
80617
80619
80622
80624
80625
80627
80628
80630
80633
80634
80635
80636
80637
80638
80640
80641
80642
80644
80645
80646
80648
80649
80650
80652
80659
80660
80661
80663
80667
80670
80671
80672
80675
80678
80681
80682
80683
80684
80685
80688
80690
80691
80692
80697
80699
80700
80706
80711
80714
80715
80717
80721
80722
80723
80724
80725
80726
80729
80731
80732
80734
80735
80737
80738
80747
80748
80751
80754
80757
80758
80759
80761
80762
80765
80768
80772
80773
80774
80776
80781
80786
80790
80791
80792
80793
80795
80796
80797
80798
80804
80806
80807
80809
80810
80812
80815
80817
80819
80822
80823
80827
80828
80831
80832
80834
80837
80838
80840
80842
80843
80847
80849
80852
80853
80860
80861
80863
80865
80866
80870
80872
80873
80874
80875
80877
80878
80879
80881
80885
80888
80892
80893
80896
80898
80899
80900
80903
80904
80912
80913
80919
80920
80922
80923
80928
80939
80941
80943
80945
80946
80950
80954
80957
80959
80960
80962
80968
80969
80970
80971
80974
80975
80976
80978
80979
80982
80983
80985
80986
80991
80992
80993
80996
80998
81001
81002
81004
81006
81007
81009
81010
81012
81014
81020
81023
81027
81031
81033
81035
81037
81038
81040
81041
81042
81046
81049
81050
81053
81054
81055
81059
81060
81061
81063
81064
81065
81066
81071
81077
81078
81079
81080
81081
81082
81083
81084
81085
81088
81089
81090
81093
81094
81096
81098
81100
81102
81103
81106
81107
81111
81112
81115
81116
81119
81120
81122
81123
81124
81125
81126
81127
81128
81129
81130
81131
81132
81133
81137
81138
81141
81145
81146
81148
81151
81152
81153
81158
81161
81162
81163
81165
81167
81168
81170
81172
81173
81175
81179
81180
81183
81188
81192
81193
81194
81196
81197
81199
81203
81204
81206
81207
81211
81213
81214
81219
81221
81222
81223
81227
81228
81230
81231
81232
81234
81235
81236
81239
81242
81244
81245
81246
81247
81248
81249
81250
81252
81253
81259
81260
81263
81264
81266
81267
81269
81270
81271
81273
81274
81278
81279
81280
81282
81284
81286
81288
81291
81292
81293
81294
81295
81297
81299
81300
81301
81305
81307
81308
81309
81310
81311
81314
81316
81319
81325
81326
81330
81331
81332
81333
81334
81335
81336
81337
81338
81340
81341
81342
81344
81347
81349
81351
81354
81355
81357
81358
81359
81361
81362
81364
81367
81368
81371
81374
81377
81378
81379
81380
81382
81383
81386
81391
81392
81393
81394
81396
81400
81402
81406
81407
81408
81410
81411
81412
81414
81416
81420
81421
81423
81425
81427
81428
81430
81431
81432
81433
81436
81438
81440
81442
81446
81448
81451
81456
81461
81465
81470
81471
81472
81474
81475
81476
81481
81485
81486
81487
81491
81496
81501
81502
81503
81506
81509
81510
81512
81513
81519
81520
81521
81522
81523
81525
81527
81528
81529
81530
81531
81532
81533
81535
81537
81539
81544
81550
81554
81555
81558
81559
81561
81563
81564
81567
81569
81570
81572
81574
81576
81578
81581
81582
81583
81584
81585
81586
81587
81588
81590
81591
81593
81595
81596
81597
81598
81600
81604
81605
81610
81611
81612
81613
81615
81616
81619
81621
81622
81626
81629
81631
81632
81637
81640
81641
81644
81645
81646
81650
81651
81655
81657
81659
81662
81663
81664
81665
81670
81672
81673
81676
81679
81680
81681
81682
81683
81684
81686
81689
81690
81691
81702
81704
81707
81708
81712
81715
81717
81720
81722
81723
81725
81726
81728
81730
81732
81735
81738
81739
81741
81743
81744
81747
81748
81751
81752
81753
81755
81756
81760
81761
81765
81766
81769
81770
81771
81779
81783
81787
81788
81789
81790
81795
81796
81797
81798
81799
81804
81809
81813
81815
81821
81825
81827
81830
81831
81833
81836
81837
81838
81842
81844
81845
81846
81850
81854
81855
81857
81859
81861
81864
81865
81867
81868
81870
81871
81873
81874
81875
81876
81878
81882
81887
81889
81890
81892
81893
81897
81902
81904
81905
81906
81907
81910
81911
81912
81917
81918
81923
81924
81925
81932
81933
81934
81937
81941
81944
81946
81948
81949
81954
81960
81966
81967
81969
81971
81972
81975
81977
81978
81980
81981
81982
81984
81987
81988
81991
81992
81994
81996
81997
81998
82000
82003
82004
82006
82007
82010
82012
82013
82015
82017
82018
82024
82026
82027
82028
82029
82033
82035
82036
82037
82038
82040
82042
82044
82045
82047
82048
82049
82051
82052
82053
82054
82056
82058
82060
82061
82064
82072
82073
82074
82075
82076
82078
82081
82082
82083
82086
82087
82088
82089
82092
82094
82095
82096
82097
82099
82101
82104
82105
82106
82107
82109
82112
82113
82115
82117
82118
82124
82126
82127
82131
82132
82133
82134
82136
82137
82139
82140
82143
82145
82146
82148
82149
82150
82151
82152
82153
82157
82158
82160
82161
82168
82170
82173
82178
82180
82183
82184
82187
82188
82191
82193
82194
82197
82198
82199
82201
82202
82204
82206
82207
82208
82210
82212
82217
82219
82220
82222
82224
82227
82229
82231
82232
82233
82234
82236
82238
82240
82241
82243
82244
82247
82248
82250
82251
82253
82254
82255
82256
82258
82259
82261
82262
82263
82265
82266
82267
82268
82269
82270
82271
82273
82274
82276
82277
82279
82283
82285
82286
82287
82290
82293
82294
82295
82296
82297
82298
82301
82302
82305
82307
82309
82314
82316
82317
82319
82320
82323
82324
82325
82328
82334
82337
82339
82340
82341
82344
82347
82351
82353
82357
82359
82360
82363
82364
82374
82375
82377
82380
82381
82382
82384
82387
82389
82391
82393
82395
82397
82398
82399
82402
82409
82412
82413
82419
82420
82421
82422
82425
82427
82428
82430
82431
82432
82433
82435
82440
82442
82443
82444
82446
82449
82450
82454
82455
82459
82460
82469
82470
82472
82474
82476
82478
82479
82481
82482
82485
82488
82492
82494
82497
82498
82500
82501
82503
82504
82505
82506
82507
82508
82509
82510
82511
82514
82515
82516
82517
82520
82525
82526
82529
82533
82534
82543
82544
82546
82549
82551
82552
82554
82555
82558
82559
82561
82563
82564
82566
82568
82569
82573
82578
82582
82583
82584
82585
82586
82587
82588
82589
82590
82593
82596
82597
82599
82601
82602
82604
82606
82609
82612
82613
82618
82620
82621
82627
82628
82629
82632
82634
82637
82638
82642
82643
82644
82647
82648
82652
82653
82655
82656
82659
82661
82666
82668
82670
82674
82675
82676
82679
82680
82682
82684
82685
82687
82688
82689
82690
82693
82694
82695
82696
82697
82698
82699
82700
82704
82705
82707
82708
82711
82712
82713
82716
82717
82718
82721
82723
82725
82730
82731
82732
82733
82734
82735
82739
82744
82745
82747
82749
82750
82751
82752
82753
82755
82756
82757
82760
82762
82763
82767
82768
82769
82771
82776
82777
82778
82784
82785
82787
82788
82792
82795
82797
82798
82799
82800
82802
82803
82805
82807
82808
82811
82812
82813
82816
82817
82819
82821
82822
82823
82827
82829
82830
82833
82837
82838
82839
82841
82843
82848
82850
82851
82854
82855
82857
82861
82864
82865
82866
82868
82874
82875
82876
82881
82884
82885
82888
82889
82890
82891
82892
82893
82897
82898
82899
82900
82907
82909
82910
82912
82913
82914
82915
82916
82921
82923
82924
82926
82927
82931
82937
82944
82945
82947
82948
82949
82951
82952
82954
82956
82959
82961
82963
82968
82975
82976
82977
82978
82980
82988
82989
82990
82993
82995
82999
83000
83001
83008
83009
83011
83012
83014
83015
83017
83019
83020
83021
83022
83024
83025
83031
83032
83034
83035
83036
83037
83039
83042
83045
83046
83047
83048
83050
83051
83052
83056
83057
83059
83060
83064
83066
83067
83069
83071
83073
83075
83076
83079
83080
83081
83082
83086
83090
83092
83093
83094
83096
83097
83098
83099
83100
83101
83107
83108
83109
83111
83113
83115
83117
83119
83123
83124
83125
83127
83128
83131
83132
83138
83140
83141
83144
83145
83146
83148
83150
83153
83154
83155
83156
83157
83158
83164
83166
83168
83170
83171
83173
83174
83181
83182
83184
83185
83186
83188
83192
83193
83195
83196
83197
83199
83201
83202
83208
83209
83210
83212
83213
83214
83218
83219
83222
83223
83224
83226
83230
83233
83238
83240
83241
83247
83253
83258
83260
83262
83264
83265
83266
83267
83269
83270
83271
83272
83273
83275
83280
83285
83290
83291
83292
83295
83296
83297
83303
83305
83306
83312
83315
83317
83319
83321
83322
83326
83328
83330
83331
83334
83336
83337
83338
83339
83340
83341
83342
83343
83345
83351
83352
83353
83355
83356
83357
83358
83359
83360
83362
83365
83366
83371
83372
83374
83380
83385
83387
83389
83390
83391
83393
83394
83399
83400
83402
83404
83407
83415
83416
83418
83419
83420
83421
83422
83424
83426
83427
83429
83430
83432
83434
83436
83437
83441
83445
83446
83449
83451
83454
83456
83457
83458
83462
83464
83469
83474
83475
83476
83477
83478
83484
83485
83486
83487
83489
83491
83492
83493
83494
83495
83497
83499
83500
83501
83505
83506
83508
83509
83510
83512
83513
83514
83515
83517
83518
83519
83521
83523
83524
83525
83526
83531
83535
83536
83538
83539
83541
83544
83545
83546
83549
83550
83551
83552
83553
83554
83556
83557
83559
83560
83562
83564
83565
83566
83567
83569
83574
83575
83579
83580
83581
83583
83585
83588
83593
83597
83599
83600
83601
83602
83603
83605
83608
83611
83613
83617
83618
83621
83623
83625
83626
83627
83628
83629
83631
83632
83638
83639
83641
83642
83643
83645
83646
83647
83648
83649
83651
83656
83660
83662
83663
83665
83670
83672
83673
83674
83676
83678
83679
83682
83686
83687
83694
83696
83698
83699
83700
83702
83706
83707
83708
83709
83711
83712
83713
83714
83718
83719
83721
83722
83724
83727
83728
83730
83731
83735
83737
83739
83742
83743
83744
83745
83747
83749
83750
83754
83755
83756
83758
83760
83761
83764
83765
83767
83769
83770
83771
83772
83773
83777
83779
83780
83781
83784
83788
83789
83801
83802
83803
83806
83807
83808
83812
83813
83814
83817
83819
83820
83822
83823
83824
83825
83827
83828
83831
83836
83837
83839
83841
83842
83847
83849
83851
83852
83854
83855
83858
83859
83861
83862
83868
83869
83871
83874
83876
83877
83878
83879
83885
83888
83889
83893
83894
83896
83898
83899
83901
83902
83903
83907
83908
83910
83912
83914
83915
83916
83917
83918
83920
83924
83926
83928
83929
83930
83934
83935
83936
83937
83943
83944
83945
83946
83947
83949
83954
83957
83960
83963
83965
83968
83974
83975
83976
83983
83985
83986
83988
83990
83992
83994
83996
83999
84001
84006
84008
84009
84011
84012
84014
84018
84019
84020
84021
84023
84024
84026
84027
84029
84031
84032
84035
84038
84039
84040
84043
84044
84046
84047
84048
84049
84050
84059
84060
84063
84064
84066
84067
84068
84069
84071
84072
84073
84074
84076
84079
84080
84085
84087
84088
84091
84092
84095
84097
84098
84100
84103
84106
84107
84109
84112
84116
84118
84126
84127
84128
84129
84130
84134
84135
84137
84138
84140
84141
84142
84145
84147
84156
84157
84160
84168
84169
84170
84171
84174
84175
84179
84180
84181
84182
84184
84185
84186
84187
84191
84195
84199
84200
84201
84203
84206
84207
84208
84209
84210
84211
84212
84213
84215
84216
84218
84219
84222
84225
84226
84228
84229
84233
84234
84235
84237
84239
84243
84245
84246
84247
84250
84253
84254
84255
84257
84259
84260
84262
84266
84270
84271
84272
84273
84274
84275
84277
84278
84280
84282
84285
84287
84288
84290
84291
84292
84293
84294
84297
84298
84300
84301
84302
84307
84309
84310
84311
84312
84313
84316
84317
84318
84321
84322
84323
84325
84326
84328
84333
84335
84336
84338
84339
84340
84341
84342
84343
84344
84350
84351
84352
84353
84354
84356
84357
84358
84360
84361
84362
84363
84364
84365
84369
84370
84372
84376
84379
84381
84388
84389
84390
84392
84393
84395
84397
84401
84406
84408
84414
84415
84416
84417
84418
84419
84425
84429
84432
84433
84438
84441
84442
84444
84446
84449
84452
84453
84456
84457
84458
84459
84461
84470
84471
84473
84477
84481
84483
84484
84486
84487
84488
84489
84491
84493
84495
84497
84498
84500
84501
84502
84504
84505
84507
84508
84511
84518
84519
84520
84521
84522
84523
84529
84532
84533
84534
84535
84536
84537
84538
84540
84541
84548
84549
84550
84552
84553
84556
84558
84560
84561
84563
84564
84565
84567
84568
84570
84572
84573
84576
84577
84581
84583
84584
84585
84586
84587
84589
84591
84592
84593
84596
84598
84599
84603
84604
84607
84611
84612
84613
84614
84617
84618
84620
84624
84625
84628
84629
84631
84632
84633
84634
84637
84640
84641
84643
84647
84648
84650
84655
84657
84658
84659
84661
84667
84668
84670
84673
84674
84675
84676
84677
84679
84680
84681
84685
84686
84688
84691
84697
84698
84699
84700
84701
84702
84705
84707
84713
84714
84716
84718
84721
84722
84724
84726
84727
84728
84731
84734
84736
84737
84740
84743
84744
84745
84746
84747
84750
84751
84753
84754
84755
84759
84761
84762
84766
84769
84770
84771
84776
84780
84781
84783
84786
84787
84788
84790
84792
84793
84794
84801
84802
84804
84805
84806
84810
84811
84812
84814
84817
84821
84822
84825
84828
84829
84830
84831
84832
84835
84836
84839
84840
84847
84851
84852
84853
84854
84855
84856
84859
84862
84865
84869
84871
84872
84875
84879
84881
84884
84887
84889
84890
84892
84893
84898
84900
84903
84905
84906
84907
84911
84916
84917
84921
84922
84926
84930
84932
84934
84935
84937
84939
84943
84945
84946
84948
84949
84950
84953
84954
84955
84957
84961
84964
84969
84971
84973
84976
84979
84980
84981
84982
84983
84984
84985
84986
84987
84988
84989
84991
84992
84995
84999
85000
85007
85008
85009
85010
85011
85014
85015
85017
85018
85021
85023
85030
85031
85032
85033
85037
85038
85039
85040
85042
85043
85044
85047
85050
85058
85059
85060
85061
85062
85066
85070
85071
85072
85073
85076
85080
85082
85084
85088
85090
85091
85092
85093
85094
85095
85097
85099
85101
85103
85104
85107
85108
85109
85110
85113
85116
85117
85119
85120
85123
85125
85126
85129
85130
85136
85139
85140
85141
85142
85144
85146
85147
85151
85154
85156
85160
85163
85164
85165
85166
85169
85171
85172
85173
85174
85175
85176
85179
85180
85181
85182
85183
85186
85188
85190
85193
85195
85199
85201
85202
85203
85205
85213
85214
85216
85217
85218
85220
85223
85225
85226
85227
85228
85229
85231
85235
85241
85244
85246
85247
85248
85249
85250
85251
85252
85255
85257
85258
85260
85264
85265
85266
85267
85270
85275
85276
85279
85280
85283
85284
85286
85288
85292
85293
85295
85298
85302
85305
85308
85310
85311
85312
85313
85314
85317
85318
85322
85325
85326
85331
85338
85339
85340
85342
85345
85346
85347
85348
85349
85355
85357
85358
85361
85362
85364
85365
85366
85369
85370
85374
85376
85378
85379
85382
85383
85384
85390
85393
85394
85398
85399
85400
85401
85403
85404
85405
85408
85410
85413
85414
85416
85419
85420
85422
85426
85427
85429
85432
85433
85436
85439
85443
85444
85445
85448
85449
85450
85456
85459
85464
85467
85470
85472
85473
85474
85477
85478
85479
85481
85482
85491
85492
85496
85497
85503
85504
85508
85514
85515
85517
85520
85521
85522
85526
85527
85529
85534
85535
85536
85538
85539
85540
85541
85543
85544
85545
85550
85551
85552
85553
85556
85557
85558
85561
85562
85563
85565
85567
85569
85570
85572
85573
85578
85579
85583
85584
85587
85589
85590
85595
85596
85597
85601
85602
85603
85606
85609
85611
85612
85613
85615
85616
85617
85619
85620
85621
85623
85625
85631
85632
85635
85636
85638
85639
85641
85644
85646
85647
85650
85654
85658
85659
85661
85663
85665
85666
85669
85671
85673
85675
85677
85679
85681
85683
85685
85686
85688
85692
85693
85695
85699
85703
85704
85705
85708
85710
85713
85715
85718
85719
85721
85724
85728
85729
85733
85735
85739
85741
85744
85745
85750
85751
85753
85757
85763
85774
85776
85779
85781
85782
85783
85786
85787
85789
85791
85792
85796
85797
85798
85799
85802
85804
85806
85808
85814
85815
85817
85821
85822
85825
85826
85827
85829
85831
85832
85833
85837
85841
85842
85845
85848
85853
85855
85859
85864
85866
85867
85868
85869
85870
85872
85873
85874
85876
85879
85880
85881
85884
85885
85892
85894
85895
85896
85897
85898
85899
85900
85902
85905
85906
85908
85910
85912
85917
85922
85923
85926
85927
85928
85929
85930
85932
85941
85943
85945
85946
85949
85950
85951
85954
85956
85958
85959
85960
85962
85963
85964
85965
85966
85967
85970
85973
85978
85979
85983
85984
85985
85986
85987
85988
85992
85993
85994
85996
85998
85999
86002
86003
86004
86007
86010
86011
86014
86017
86018
86020
86029
86030
86031
86033
86034
86035
86036
86037
86045
86046
86047
86049
86055
86058
86060
86062
86063
86064
86065
86066
86067
86068
86070
86072
86075
86081
86083
86084
86087
86091
86094
86103
86105
86106
86107
86110
86113
86115
86120
86121
86124
86125
86127
86130
86131
86132
86133
86134
86140
86145
86149
86151
86153
86155
86156
86157
86158
86159
86160
86161
86168
86169
86173
86174
86176
86179
86180
86185
86191
86193
86198
86199
86202
86203
86204
86207
86208
86209
86212
86213
86215
86216
86221
86222
86223
86224
86225
86226
86228
86231
86234
86235
86236
86239
86240
86243
86244
86247
86249
86250
86252
86254
86256
86258
86260
86261
86262
86263
86266
86267
86271
86272
86274
86275
86279
86284
86287
86288
86289
86291
86294
86297
86298
86299
86301
86302
86306
86307
86310
86315
86316
86317
86319
86320
86323
86324
86325
86327
86334
86335
86338
86341
86342
86346
86347
86348
86351
86353
86354
86359
86361
86362
86364
86368
86369
86371
86372
86376
86377
86379
86381
86384
86385
86387
86391
86396
86399
86401
86402
86403
86405
86406
86408
86409
86410
86412
86413
86417
86419
86420
86422
86423
86424
86425
86431
86433
86435
86440
86443
86444
86456
86459
86460
86464
86466
86469
86471
86472
86473
86475
86479
86480
86482
86483
86485
86489
86491
86492
86494
86498
86499
86502
86504
86506
86507
86508
86511
86513
86514
86515
86518
86520
86522
86524
86526
86527
86528
86531
86532
86533
86534
86538
86539
86542
86543
86546
86549
86550
86551
86555
86558
86560
86561
86562
86570
86572
86574
86578
86582
86584
86587
86589
86590
86591
86593
86595
86598
86601
86602
86604
86605
86607
86610
86611
86613
86615
86616
86619
86624
86628
86630
86631
86635
86638
86642
86644
86646
86647
86650
86651
86652
86657
86660
86668
86672
86674
86676
86679
86681
86684
86687
86688
86689
86692
86695
86696
86698
86699
86700
86702
86703
86704
86705
86707
86708
86713
86715
86716
86717
86718
86721
86722
86725
86726
86732
86734
86736
86738
86739
86742
86743
86745
86746
86748
86752
86759
86760
86762
86763
86767
86770
86771
86772
86773
86775
86778
86780
86782
86786
86788
86791
86792
86793
86794
86795
86797
86801
86802
86806
86807
86808
86809
86810
86812
86814
86820
86821
86822
86823
86825
86826
86833
86838
86839
86841
86842
86843
86844
86849
86851
86852
86853
86855
86856
86857
86861
86863
86864
86868
86869
86870
86871
86873
86875
86876
86878
86879
86880
86883
86884
86887
86888
86891
86893
86894
86897
86899
86900
86903
86907
86908
86909
86913
86914
86918
86920
86922
86923
86924
86925
86927
86931
86932
86935
86936
86937
86938
86946
86947
86951
86952
86953
86954
86956
86957
86958
86959
86961
86963
86965
86969
86970
86973
86977
86979
86980
86985
86986
86989
86997
87003
87006
87007
87008
87009
87011
87012
87013
87014
87019
87023
87024
87026
87028
87029
87030
87032
87033
87036
87039
87040
87045
87047
87051
87052
87054
87055
87056
87057
87060
87063
87064
87066
87067
87068
87069
87070
87071
87072
87073
87075
87080
87085
87086
87091
87093
87095
87096
87097
87098
87103
87108
87110
87112
87114
87115
87116
87117
87118
87120
87129
87131
87133
87135
87137
87138
87140
87145
87149
87150
87151
87152
87153
87156
87157
87158
87160
87161
87162
87164
87165
87170
87171
87172
87173
87180
87181
87183
87189
87190
87194
87195
87196
87197
87200
87202
87203
87206
87208
87212
87219
87221
87229
87235
87237
87245
87246
87247
87248
87250
87253
87254
87255
87256
87259
87260
87262
87263
87264
87269
87270
87274
87275
87276
87277
87280
87281
87282
87284
87285
87286
87290
87294
87296
87303
87304
87306
87309
87310
87312
87313
87314
87317
87320
87321
87322
87324
87325
87330
87334
87337
87338
87340
87341
87342
87343
87347
87350
87354
87356
87359
87363
87366
87368
87369
87373
87374
87376
87377
87378
87379
87381
87382
87384
87387
87391
87395
87396
87398
87400
87401
87405
87406
87408
87410
87411
87413
87416
87418
87419
87420
87422
87423
87425
87426
87429
87441
87442
87443
87445
87447
87449
87450
87451
87452
87453
87456
87457
87459
87462
87464
87465
87470
87471
87473
87474
87476
87477
87478
87484
87486
87487
87489
87494
87495
87496
87498
87500
87502
87506
87511
87512
87516
87518
87520
87522
87524
87527
87528
87529
87530
87531
87533
87539
87540
87541
87543
87547
87550
87551
87552
87554
87557
87559
87560
87562
87563
87565
87567
87569
87571
87572
87576
87578
87579
87582
87585
87590
87592
87595
87598
87600
87602
87603
87605
87606
87608
87609
87610
87612
87613
87614
87618
87620
87622
87624
87626
87628
87629
87632
87634
87637
87641
87642
87643
87649
87651
87654
87655
87657
87661
87662
87663
87667
87668
87670
87672
87673
87674
87677
87679
87681
87682
87685
87686
87687
87689
87693
87694
87695
87696
87701
87703
87709
87711
87715
87716
87719
87720
87725
87727
87730
87732
87735
87736
87738
87740
87742
87743
87748
87749
87750
87751
87754
87755
87756
87757
87759
87760
87763
87766
87767
87769
87772
87773
87775
87778
87783
87785
87789
87792
87793
87796
87800
87801
87802
87805
87806
87807
87809
87810
87814
87818
87819
87823
87824
87826
87828
87833
87838
87840
87841
87842
87843
87848
87849
87852
87853
87856
87862
87864
87867
87871
87872
87874
87875
87876
87883
87885
87887
87890
87891
87895
87897
87900
87902
87903
87904
87905
87907
87910
87912
87915
87917
87920
87922
87923
87927
87928
87929
87930
87931
87936
87937
87943
87946
87948
87951
87956
87960
87965
87967
87968
87976
87979
87980
87983
87987
87990
87991
87992
87994
87996
87999
88000
88004
88010
88013
88017
88018
88019
88027
88028
88029
88031
88034
88036
88040
88047
88051
88052
88055
88059
88061
88064
88066
88067
88070
88072
88073
88081
88084
88086
88090
88091
88093
88094
88098
88099
88100
88102
88104
88105
88106
88112
88114
88117
88118
88121
88126
88128
88129
88130
88133
88137
88140
88143
88144
88146
88153
88154
88156
88158
88160
88161
88163
88166
88167
88169
88173
88175
88178
88182
88183
88187
88189
88191
88192
88193
88194
88195
88198
88199
88200
88205
88211
88212
88213
88215
88216
88222
88223
88225
88226
88229
88233
88234
88239
88243
88244
88247
88250
88252
88254
88255
88259
88262
88270
88271
88273
88274
88276
88278
88279
88281
88282
88283
88284
88285
88290
88292
88296
88297
88299
88301
88302
88303
88308
88310
88311
88312
88315
88323
88325
88326
88327
88331
88333
88335
88336
88341
88342
88343
88344
88346
88347
88350
88351
88353
88356
88357
88362
88367
88371
88373
88376
88378
88379
88380
88381
88383
88386
88387
88388
88390
88393
88396
88397
88398
88401
88404
88408
88410
88414
88416
88417
88421
88422
88427
88429
88432
88433
88435
88438
88439
88441
88443
88444
88445
88447
88448
88450
88452
88454
88455
88460
88461
88462
88463
88464
88466
88468
88469
88472
88473
88476
88477
88478
88479
88481
88483
88485
88486
88489
88490
88491
88492
88495
88497
88500
88501
88507
88512
88515
88516
88519
88520
88523
88526
88530
88533
88534
88540
88544
88546
88548
88551
88554
88555
88556
88558
88559
88562
88563
88565
88566
88567
88568
88569
88570
88571
88573
88575
88576
88577
88584
88585
88587
88592
88594
88596
88600
88603
88604
88605
88606
88609
88610
88613
88614
88616
88620
88622
88624
88625
88626
88628
88632
88633
88634
88637
88639
88641
88645
88646
88648
88649
88650
88651
88652
88654
88656
88659
88661
88662
88664
88665
88666
88668
88673
88675
88678
88679
88680
88681
88686
88689
88690
88695
88698
88700
88706
88709
88711
88712
88716
88717
88719
88721
88728
88731
88732
88735
88739
88742
88744
88749
88750
88752
88753
88754
88757
88759
88762
88764
88766
88767
88768
88770
88771
88773
88776
88778
88779
88780
88781
88782
88784
88785
88786
88787
88789
88790
88791
88793
88796
88801
88802
88803
88805
88806
88807
88812
88814
88816
88821
88822
88823
88824
88827
88828
88829
88830
88831
88832
88838
88839
88841
88842
88844
88845
88848
88849
88850
88854
88855
88858
88859
88861
88862
88863
88864
88866
88868
88869
88870
88873
88877
88881
88887
88888
88891
88892
88893
88895
88896
88898
88900
88901
88907
88908
88913
88919
88923
88933
88934
88936
88938
88941
88943
88945
88946
88947
88951
88953
88960
88961
88963
88966
88967
88969
88972
88974
88975
88977
88980
88981
88983
88984
88986
88987
88988
88989
88998
89001
89002
89006
89007
89008
89009
89010
89013
89015
89016
89017
89018
89020
89024
89026
89031
89032
89033
89036
89037
89041
89043
89044
89045
89046
89049
89050
89051
89053
89054
89058
89063
89064
89067
89071
89072
89076
89077
89079
89081
89082
89084
89085
89086
89089
89090
89092
89093
89097
89100
89101
89102
89103
89105
89106
89107
89109
89110
89112
89115
89119
89120
89121
89122
89123
89124
89127
89133
89134
89135
89137
89142
89143
89145
89146
89147
89150
89151
89153
89155
89158
89160
89161
89162
89164
89170
89171
89175
89176
89178
89179
89181
89183
89187
89190
89192
89195
89196
89200
89202
89204
89207
89209
89211
89212
89213
89219
89220
89222
89225
89226
89227
89230
89236
89237
89239
89240
89242
89244
89245
89250
89254
89257
89258
89260
89263
89264
89266
89274
89275
89279
89282
89284
89288
89290
89291
89292
89293
89294
89295
89298
89299
89300
89301
89303
89304
89305
89306
89309
89311
89314
89317
89319
89320
89324
89325
89328
89329
89330
89331
89334
89338
89340
89342
89343
89345
89346
89348
89349
89350
89352
89354
89356
89359
89360
89361
89363
89365
89369
89372
89374
89375
89383
89387
89388
89389
89391
89392
89393
89403
89404
89408
89409
89411
89413
89417
89426
89427
89428
89429
89430
89432
89435
89437
89438
89441
89443
89444
89446
89450
89459
89462
89464
89465
89467
89468
89471
89475
89477
89478
89479
89480
89482
89484
89485
89486
89489
89492
89495
89497
89498
89499
89500
89502
89503
89506
89513
89517
89518
89519
89520
89528
89532
89534
89537
89538
89539
89540
89542
89543
89545
89546
89549
89552
89559
89561
89562
89563
89574
89575
89577
89578
89579
89583
89586
89593
89595
89596
89598
89600
89601
89603
89607
89609
89614
89616
89617
89619
89620
89621
89622
89624
89631
89632
89635
89637
89642
89644
89647
89651
89654
89655
89660
89661
89667
89668
89672
89674
89676
89677
89679
89680
89681
89683
89684
89687
89689
89690
89691
89692
89698
89699
89700
89701
89702
89703
89705
89706
89707
89708
89709
89710
89711
89712
89714
89721
89723
89725
89726
89728
89730
89731
89737
89743
89744
89748
89752
89754
89755
89759
89762
89763
89764
89766
89768
89772
89774
89776
89779
89781
89782
89784
89786
89788
89790
89792
89793
89794
89795
89798
89799
89800
89808
89809
89810
89811
89814
89817
89818
89820
89822
89823
89827
89829
89831
89832
89833
89835
89836
89838
89842
89848
89850
89851
89852
89854
89858
89859
89861
89862
89867
89871
89873
89876
89879
89882
89884
89886
89887
89891
89892
89894
89896
89897
89900
89901
89903
89904
89908
89909
89910
89911
89913
89917
89923
89924
89928
89930
89931
89932
89934
89935
89944
89945
89949
89950
89951
89954
89956
89958
89964
89969
89972
89976
89977
89978
89984
89990
89991
89993
89994
89999
90000
90002
90004
90005
90007
90008
90010
90012
90013
90014
90015
90016
90017
90020
90021
90026
90027
90048
90054
90056
90058
90060
90061
90062
90069
90070
90072
90077
90086
90087
90089
90090
90093
90095
90098
90100
90101
90103
90104
90105
90110
90111
90112
90116
90117
90118
90120
90121
90123
90125
90127
90128
90129
90130
90133
90135
90136
90140
90142
90144
90147
90149
90150
90151
90152
90154
90156
90162
90163
90165
90174
90177
90178
90180
90181
90183
90185
90188
90190
90193
90197
90198
90199
90203
90205
90208
90210
90211
90212
90214
90215
90218
90222
90223
90225
90226
90227
90229
90231
90234
90236
90239
90241
90242
90246
90248
90251
90252
90253
90255
90258
90273
90274
90275
90276
90277
90282
90283
90285
90286
90290
90291
90292
90293
90300
90305
90307
90309
90311
90312
90313
90315
90320
90323
90327
90329
90332
90342
90345
90346
90349
90350
90354
90356
90360
90370
90371
90372
90374
90377
90379
90381
90382
90383
90384
90385
90386
90387
90389
90392
90394
90395
90400
90402
90403
90406
90407
90409
90410
90414
90415
90416
90418
90419
90422
90423
90424
90426
90428
90430
90434
90437
90439
90440
90446
90448
90451
90452
90454
90459
90460
90461
90468
90470
90473
90474
90478
90479
90480
90482
90483
90484
90488
90493
90495
90499
90501
90502
90504
90509
90513
90514
90515
90519
90521
90522
90524
90529
90532
90533
90534
90535
90536
90538
90540
90545
90546
90549
90552
90558
90559
90560
90563
90566
90568
90569
90572
90573
90574
90575
90580
90581
90582
90583
90586
90593
90595
90596
90597
90600
90601
90602
90603
90605
90606
90608
90609
90613
90614
90615
90626
90627
90629
90630
90631
90635
90636
90639
90641
90642
90643
90646
90647
90651
90654
90656
90657
90659
90661
90664
90668
90669
90670
90673
90674
90675
90677
90679
90681
90683
90685
90687
90689
90690
90692
90694
90696
90699
90700
90701
90702
90703
90706
90707
90708
90710
90712
90713
90714
90715
90716
90717
90718
90719
90720
90722
90727
90729
90731
90733
90734
90736
90737
90743
90744
90745
90750
90751
90752
90753
90758
90759
90763
90765
90767
90769
90771
90774
90777
90779
90780
90782
90784
90785
90788
90790
90792
90793
90796
90801
90804
90805
90808
90809
90810
90812
90813
90817
90821
90824
90829
90830
90832
90833
90836
90837
90838
90841
90842
90844
90846
90851
90853
90854
90861
90865
90866
90871
90875
90879
90881
90882
90884
90886
90889
90890
90892
90895
90896
90898
90903
90904
90905
90906
90909
90912
90914
90916
90917
90922
90930
90934
90938
90939
90940
90941
90942
90943
90946
90948
90949
90953
90955
90956
90959
90960
90966
90971
90972
90974
90979
90980
90983
90984
90985
90987
90989
90991
90996
90997
90998
91001
91005
91006
91007
91009
91010
91011
91015
91018
91020
91028
91031
91032
91034
91035
91036
91037
91039
91041
91044
91045
91046
91047
91048
91050
91051
91052
91056
91057
91062
91063
91064
91066
91068
91070
91074
91078
91083
91089
91090
91091
91092
91093
91094
91096
91097
91098
91100
91101
91103
91108
91111
91112
91114
91119
91120
91126
91130
91132
91133
91135
91143
91144
91145
91149
91151
91152
91154
91155
91157
91159
91166
91168
91169
91170
91173
91174
91175
91176
91179
91182
91184
91187
91188
91189
91191
91192
91195
91197
91198
91200
91203
91207
91209
91212
91213
91215
91216
91220
91223
91224
91225
91226
91229
91232
91238
91240
91243
91247
91250
91251
91253
91256
91259
91262
91266
91271
91274
91275
91276
91278
91279
91289
91291
91292
91293
91294
91298
91300
91301
91303
91306
91307
91310
91311
91313
91314
91317
91319
91320
91324
91326
91330
91332
91334
91336
91337
91338
91339
91341
91342
91345
91348
91349
91359
91360
91364
91366
91367
91368
91370
91373
91377
91380
91383
91384
91385
91388
91389
91392
91398
91399
91400
91401
91408
91409
91410
91412
91414
91415
91416
91417
91419
91420
91424
91425
91427
91428
91429
91431
91432
91434
91436
91437
91438
91444
91449
91451
91452
91453
91457
91458
91459
91460
91463
91464
91465
91466
91469
91472
91479
91480
91483
91485
91486
91489
91491
91492
91493
91494
91496
91497
91499
91500
91502
91503
91508
91511
91512
91514
91515
91517
91518
91520
91521
91522
91523
91525
91526
91527
91531
91534
91536
91539
91540
91541
91543
91546
91547
91551
91552
91554
91555
91559
91560
91561
91564
91565
91568
91570
91572
91574
91575
91580
91582
91583
91585
91589
91595
91597
91598
91600
91601
91603
91604
91605
91607
91610
91611
91613
91614
91616
91618
91623
91624
91626
91630
91633
91635
91636
91638
91640
91642
91644
91647
91648
91657
91660
91663
91670
91676
91677
91679
91682
91687
91689
91690
91691
91692
91694
91696
91698
91700
91703
91704
91707
91708
91710
91711
91716
91717
91720
91721
91723
91724
91726
91728
91729
91730
91733
91738
91742
91746
91747
91748
91749
91753
91756
91759
91760
91761
91763
91765
91767
91768
91772
91775
91778
91779
91781
91784
91786
91788
91792
91795
91796
91797
91803
91805
91807
91808
91811
91817
91818
91823
91824
91825
91826
91834
91836
91838
91839
91840
91841
91843
91845
91846
91847
91848
91850
91851
91852
91855
91857
91860
91861
91862
91863
91864
91866
91867
91868
91871
91880
91881
91887
91889
91892
91893
91894
91896
91900
91904
91905
91910
91916
91917
91919
91921
91922
91925
91926
91929
91933
91934
91935
91936
91937
91938
91940
91944
91945
91947
91950
91951
91952
91954
91956
91958
91966
91967
91968
91974
91976
91979
91981
91982
91983
91986
91988
91991
91993
91994
91996
91997
92001
92002
92004
92007
92010
92011
92012
92015
92016
92017
92018
92019
92020
92023
92025
92027
92029
92031
92033
92035
92036
92037
92038
92041
92042
92043
92044
92045
92046
92048
92049
92051
92054
92055
92056
92059
92062
92064
92068
92069
92075
92076
92079
92080
92084
92085
92089
92094
92100
92102
92103
92108
92114
92118
92119
92120
92124
92125
92128
92130
92131
92132
92134
92135
92137
92140
92142
92146
92148
92150
92152
92154
92155
92156
92159
92161
92162
92164
92169
92172
92176
92180
92183
92184
92187
92188
92193
92195
92199
92200
92202
92203
92204
92206
92207
92211
92213
92214
92217
92218
92219
92222
92223
92225
92226
92228
92229
92230
92234
92236
92237
92244
92245
92250
92251
92253
92254
92256
92258
92259
92260
92261
92262
92268
92270
92274
92278
92279
92284
92285
92287
92288
92290
92292
92293
92298
92299
92303
92304
92305
92306
92307
92308
92309
92311
92313
92316
92320
92321
92322
92323
92325
92328
92332
92334
92335
92342
92344
92345
92348
92349
92355
92356
92357
92358
92361
92362
92364
92366
92368
92369
92371
92372
92375
92377
92379
92382
92383
92385
92386
92387
92390
92391
92392
92394
92395
92396
92397
92399
92400
92402
92403
92407
92409
92410
92413
92416
92417
92418
92420
92421
92422
92423
92425
92429
92431
92435
92436
92439
92440
92441
92444
92445
92446
92447
92448
92456
92459
92463
92464
92465
92466
92467
92468
92469
92472
92473
92474
92475
92477
92478
92480
92482
92486
92493
92494
92495
92500
92502
92506
92507
92509
92510
92511
92512
92522
92524
92525
92527
92530
92531
92535
92536
92538
92539
92541
92544
92546
92548
92549
92550
92551
92552
92554
92557
92559
92564
92571
92572
92576
92578
92579
92580
92584
92586
92589
92590
92592
92594
92595
92598
92599
92603
92605
92606
92607
92612
92614
92619
92620
92622
92624
92625
92626
92627
92630
92631
92632
92635
92636
92642
92644
92646
92649
92650
92652
92653
92654
92658
92663
92666
92669
92675
92676
92679
92683
92684
92686
92687
92688
92690
92692
92695
92697
92701
92706
92709
92710
92711
92712
92719
92726
92728
92729
92735
92736
92737
92739
92741
92743
92745
92746
92747
92748
92749
92750
92751
92754
92755
92756
92758
92764
92765
92768
92771
92772
92773
92775
92777
92778
92781
92785
92788
92791
92794
92795
92798
92799
92802
92804
92809
92813
92814
92816
92822
92823
92824
92825
92829
92831
92832
92833
92834
92835
92838
92839
92842
92843
92844
92845
92846
92849
92852
92853
92854
92857
92858
92860
92861
92862
92863
92868
92872
92874
92876
92880
92881
92883
92886
92887
92888
92892
92895
92899
92903
92905
92906
92910
92911
92913
92915
92916
92918
92921
92923
92926
92927
92929
92930
92931
92933
92935
92937
92943
92946
92947
92954
92955
92958
92960
92966
92969
92970
92971
92974
92977
92978
92981
92986
92987
92988
92989
92992
92993
92994
92997
92998
92999
93001
93004
93008
93013
93014
93015
93016
93017
93021
93022
93023
93027
93028
93030
93034
93039
93040
93041
93046
93048
93049
93050
93051
93052
93055
93058
93062
93063
93064
93065
93067
93068
93072
93073
93079
93081
93082
93087
93088
93090
93096
93097
93098
93099
93106
93107
93114
93115
93116
93117
93118
93121
93122
93128
93129
93131
93132
93133
93136
93137
93139
93141
93142
93144
93145
93146
93149
93150
93152
93154
93159
93160
93167
93169
93170
93171
93172
93173
93177
93178
93181
93182
93186
93188
93190
93193
93194
93195
93202
93207
93209
93217
93219
93221
93222
93223
93227
93228
93229
93233
93234
93237
93244
93247
93249
93250
93252
93253
93254
93255
93258
93259
93261
93265
93268
93269
93274
93275
93280
93287
93289
93290
93295
93299
93302
93304
93306
93307
93312
93315
93317
93321
93324
93326
93327
93332
93335
93336
93338
93341
93342
93343
93346
93351
93353
93354
93355
93357
93359
93360
93363
93365
93366
93370
93372
93374
93375
93376
93378
93382
93383
93388
93391
93393
93394
93395
93398
93399
93400
93401
93406
93409
93410
93413
93418
93420
93422
93424
93425
93428
93430
93432
93433
93434
93436
93440
93443
93445
93447
93448
93450
93451
93456
93460
93461
93462
93465
93467
93478
93480
93484
93485
93486
93488
93492
93493
93494
93495
93497
93499
93500
93502
93503
93506
93509
93510
93511
93513
93515
93516
93518
93519
93523
93526
93527
93528
93529
93530
93531
93532
93533
93534
93536
93538
93541
93542
93544
93545
93546
93550
93553
93555
93558
93559
93562
93564
93565
93570
93571
93574
93580
93582
93583
93584
93587
93588
93590
93591
93593
93600
93612
93613
93615
93616
93622
93630
93631
93633
93635
93637
93639
93642
93643
93644
93646
93653
93655
93657
93659
93660
93662
93664
93666
93669
93676
93677
93678
93682
93684
93692
93695
93696
93697
93698
93699
93701
93702
93704
93707
93709
93711
93720
93726
93727
93732
93733
93735
93741
93744
93745
93750
93751
93752
93757
93761
93763
93764
93766
93771
93772
93775
93776
93778
93782
93784
93785
93788
93789
93800
93801
93802
93803
93805
93806
93809
93810
93811
93812
93813
93815
93822
93823
93824
93827
93828
93829
93830
93832
93833
93835
93843
93844
93847
93848
93851
93853
93854
93855
93856
93859
93861
93864
93865
93868
93870
93873
93874
93878
93880
93884
93886
93889
93895
93896
93900
93901
93902
93908
93915
93916
93919
93922
93924
93926
93929
93930
93932
93933
93934
93935
93937
93938
93940
93945
93947
93948
93952
93953
93954
93959
93960
93964
93966
93968
93971
93974
93980
93982
93987
93991
93992
93994
93995
94000
94002
94003
94005
94006
94007
94008
94014
94016
94018
94020
94027
94028
94029
94030
94031
94032
94033
94034
94036
94037
94038
94039
94041
94042
94044
94045
94046
94047
94049
94051
94052
94057
94060
94062
94063
94064
94067
94068
94071
94073
94075
94077
94080
94082
94084
94085
94086
94088
94090
94092
94093
94094
94096
94103
94104
94106
94109
94110
94113
94115
94118
94121
94123
94124
94125
94126
94127
94132
94133
94137
94142
94144
94145
94146
94147
94152
94155
94157
94159
94160
94162
94164
94165
94168
94170
94171
94172
94174
94175
94178
94179
94181
94182
94190
94193
94195
94199
94201
94203
94205
94206
94207
94209
94210
94212
94213
94218
94225
94229
94234
94236
94238
94240
94242
94243
94244
94247
94252
94257
94258
94261
94266
94268
94269
94270
94276
94280
94281
94287
94291
94292
94294
94295
94296
94298
94299
94302
94306
94307
94310
94315
94318
94320
94323
94327
94331
94332
94333
94337
94338
94339
94343
94345
94354
94355
94358
94360
94361
94362
94363
94365
94370
94371
94372
94375
94376
94377
94381
94386
94387
94391
94392
94394
94396
94397
94399
94401
94403
94408
94409
94410
94411
94413
94415
94416
94418
94421
94423
94427
94428
94435
94436
94437
94441
94447
94450
94452
94453
94454
94456
94458
94459
94461
94462
94463
94466
94471
94472
94474
94475
94476
94480
94492
94493
94494
94496
94497
94498
94499
94501
94503
94504
94505
94506
94507
94508
94511
94512
94514
94519
94525
94526
94528
94530
94533
94535
94536
94537
94540
94542
94544
94546
94547
94549
94550
94553
94555
94558
94561
94562
94564
94565
94567
94571
94573
94576
94577
94585
94587
94589
94595
94601
94603
94606
94608
94612
94614
94616
94617
94623
94625
94626
94631
94632
94635
94636
94638
94639
94640
94641
94643
94644
94646
94647
94650
94651
94655
94658
94659
94664
94667
94673
94674
94677
94679
94680
94682
94684
94689
94690
94691
94692
94693
94694
94696
94697
94698
94699
94704
94705
94706
94708
94709
94710
94713
94715
94718
94722
94723
94724
94725
94729
94733
94734
94735
94736
94737
94740
94741
94746
94750
94751
94756
94757
94758
94762
94766
94770
94772
94773
94774
94776
94780
94782
94783
94784
94787
94791
94793
94795
94799
94802
94803
94805
94807
94813
94814
94815
94817
94818
94824
94828
94832
94834
94836
94838
94839
94842
94846
94848
94850
94853
94854
94856
94858
94860
94862
94865
94867
94868
94869
94872
94873
94874
94876
94877
94880
94881
94882
94884
94887
94888
94890
94894
94895
94898
94902
94904
94905
94906
94907
94912
94913
94914
94916
94918
94922
94923
94924
94926
94928
94931
94932
94934
94935
94937
94938
94939
94944
94946
94951
94954
94955
94958
94962
94964
94965
94966
94968
94969
94971
94972
94975
94983
94984
94988
94990
94992
94993
94995
94996
94997
95001
95006
95012
95013
95015
95016
95017
95023
95025
95027
95028
95029
95035
95037
95039
95041
95042
95043
95045
95047
95049
95052
95055
95057
95060
95063
95064
95067
95069
95072
95075
95079
95083
95085
95086
95088
95089
95091
95094
95095
95097
95102
95104
95105
95109
95113
95115
95116
95117
95119
95124
95125
95127
95130
95131
95133
95134
95135
95142
95146
95149
95151
95152
95156
95157
95160
95161
95163
95164
95166
95168
95171
95177
95178
95179
95180
95182
95183
95185
95190
95191
95194
95198
95199
95200
95202
95206
95208
95210
95211
95215
95216
95217
95218
95220
95221
95223
95224
95225
95226
95227
95233
95234
95235
95240
95241
95244
95245
95247
95249
95252
95253
95254
95257
95262
95264
95266
95269
95270
95272
95273
95275
95288
95293
95295
95296
95297
95303
95305
95307
95313
95316
95317
95318
95322
95324
95326
95328
95329
95333
95334
95341
95344
95347
95349
95350
95352
95353
95354
95355
95359
95360
95365
95366
95369
95370
95371
95373
95374
95376
95377
95381
95384
95385
95389
95392
95393
95395
95397
95401
95404
95405
95410
95413
95417
95418
95419
95420
95422
95424
95426
95429
95430
95432
95433
95439
95440
95442
95443
95447
95448
95449
95451
95455
95456
95461
95464
95465
95466
95467
95470
95473
95475
95481
95484
95493
95495
95497
95501
95508
95509
95510
95513
95516
95518
95521
95524
95527
95528
95530
95532
95535
95536
95537
95538
95539
95540
95542
95545
95546
95547
95548
95549
95552
95554
95555
95557
95558
95559
95566
95567
95568
95569
95571
95572
95573
95574
95578
95579
95581
95582
95583
95585
95588
95603
95610
95611
95613
95614
95615
95617
95619
95631
95634
95636
95637
95638
95640
95641
95643
95645
95646
95648
95649
95652
95655
95659
95662
95671
95673
95674
95676
95677
95679
95680
95681
95682
95683
95685
95686
95688
95692
95693
95694
95695
95696
95701
95702
95704
95705
95709
95711
95716
95720
95724
95725
95726
95727
95728
95729
95730
95731
95732
95733
95734
95735
95736
95737
95738
95739
95740
95741
95743
95744
95745
95746
95748
95749
95750
95751
95752
95753
95754
95755
95756
95757
95758
95759
95760
95761
95762
95763
95764
95765
95766
95767
95768
95769
95770
95771
95772
95773
95775
95776
95777
95778
95779
95780
95781
95782
95783
95784
95785
95786
95787
95788
95789
95790
95791
95792
95793
95794
95795
95796
95798
95799
95800
95801
95802
95803
95804
95805
95806
95807
95808
95809
95810
95811
95812
95813
95815
95816
95817
95818
95819
95820
95821
95822
95823
95824
95825
95826
95827
95828
95830
95832
95834
95835
95836
95837
95838
95839
95841
95842
95843
95844
95845
95846
95847
95848
95849
95850
95851
95852
95853
95855
95856
95857
95858
95859
95860
95861
95862
95863
95864
95866
95867
95869
95870
95871
95872
95873
95874
95875
95876
95877
95878
95879
95880
95881
95882
95883
95884
95885
95886
95887
95888
95889
95891
95892
95893
95894
95896
95897
95898
95899
95900
95901
95902
95904
95905
95906
95908
95909
95911
95912
95913
95914
95916
95917
95919
95920
95921
95924
95925
95926
95927
95928
95929
95930
95931
95932
95933
95934
95935
95936
95937
95938
95939
95941
95942
95944
95945
95946
95947
95948
95949
95951
95952
95953
95954
95956
95958
95960
95962
95964
95965
95966
95967
95968
95969
95970
95971
95972
95973
95974
95975
95976
95977
95979
95980
95981
95982
95983
95984
95985
95986
95987
95988
95989
95990
95991
95992
95993
95994
95995
95996
95997
95998
95999
96000
96001
96002
96004
96006
96007
96008
96009
96010
96011
96012
96013
96014
96015
96016
96017
96018
96019
96021
96022
96023
96024
96025
96026
96027
96029
96030
96031
96032
96034
96035
96036
96038
96039
96041
96043
96044
96046
96047
96048
96049
96051
96052
96053
96054
96055
96056
96057
96058
96059
96060
96061
96063
96064
96067
96068
96069
96070
96071
96072
96073
96074
96075
96076
96077
96080
96081
96082
96083
96084
96085
96086
96087
96088
96089
96090
96092
96093
96096
96097
96098
96101
96102
96103
96104
96105
96109
96110
96111
96112
96114
96115
96116
96118
96119
96120
96123
96124
96127
96128
96129
96130
96134
96135
96136
96137
96138
96139
96140
96143
96144
96145
96146
96147
96148
96150
96151
96152
96154
96155
96157
96158
96159
96160
96161
96162
96163
96164
96165
96166
96168
96169
96170
96172
96174
96175
96178
96181
96183
96185
96186
96187
96188
96191
96192
96193
96194
96195
96196
96197
96199
96203
96204
96205
96208
96209
96210
96211
96212
96213
96214
96215
96217
96218
96219
96221
96223
96224
96226
96227
96231
96232
96233
96234
96235
96238
96239
96240
96241
96245
96246
96247
96248
96250
96251
96252
96253
96254
96255
96256
96257
96258
96259
96260
96262
96267
96268
96269
96270
96271
96272
96273
96274
96275
96276
96277
96278
96280
96281
96284
96285
96286
96287
96288
96291
96292
96293
96295
96298
96299
96300
96301
96303
96305
96306
96307
96308
96311
96312
96315
96319
96320
96321
96322
96327
96328
96329
96330
96331
96332
96334
96336
96337
96338
96339
96340
96342
96344
96345
96346
96348
96349
96350
96351
96352
96355
96356
96357
96358
96361
96362
96365
96367
96369
96370
96372
96373
96375
96377
96378
96380
96381
96384
96386
96387
96388
96389
96390
96391
96392
96393
96394
96395
96397
96398
96399
96400
96401
96402
96403
96405
96406
96409
96410
96411
96412
96413
96414
96416
96418
96419
96420
96422
96423
96424
96425
96426
96427
96428
96429
96433
96435
96437
96439
96440
96441
96442
96443
96446
96449
96450
96452
96453
96454
96455
96457
96458
96460
96461
96463
96464
96466
96467
96471
96473
96475
96477
96478
96480
96481
96482
96484
96485
96486
96490
96491
96492
96495
96498
96500
96501
96503
96504
96506
96507
96508
96509
96510
96511
96512
96513
96516
96517
96518
96519
96520
96521
96522
96523
96524
96525
96527
96528
96533
96537
96539
96542
96545
96548
96549
96551
96552
96553
96554
96556
96562
96565
96566
96567
96568
96569
96570
96571
96572
96573
96574
96575
96578
96579
96584
96586
96587
96588
96589
96590
96592
96594
96595
96596
96597
96599
96601
96605
96606
96608
96609
96611
96614
96616
96617
96619
96621
96624
96625
96626
96627
96628
96630
96631
96632
96633
96634
96638
96639
96640
96641
96643
96645
96646
96647
96648
96650
96651
96652
96654
96655
96656
96658
96659
96661
96662
96664
96666
96667
96668
96669
96670
96672
96674
96675
96677
96678
96680
96681
96682
96683
96684
96686
96687
96688
96690
96693
96694
96695
96696
96698
96700
96702
96703
96704
96706
96707
96708
96709
96712
96715
96717
96719
96724
96726
96727
96728
96729
96730
96731
96733
96735
96736
96738
96739
96741
96742
96743
96744
96745
96748
96751
96752
96753
96754
96756
96758
96760
96762
96763
96764
96765
96766
96767
96768
96769
96771
96772
96774
96775
96776
96777
96778
96779
96780
96782
96783
96784
96786
96788
96792
96794
96796
96797
96798
96800
96801
96802
96804
96805
96806
96807
96810
96812
96814
96816
96817
96818
96819
96820
96822
96823
96824
96826
96827
96828
96829
96830
96831
96833
96835
96836
96837
96838
96840
96842
96843
96844
96845
96847
96848
96849
96853
96855
96857
96858
96859
96860
96861
96862
96864
96865
96866
96869
96870
96873
96874
96875
96877
96879
96880
96882
96884
96885
96886
96887
96888
96889
96890
96891
96892
96893
96894
96895
96896
96897
96898
96899
96900
96901
96903
96906
96908
96910
96911
96913
96914
96915
96916
96917
96918
96920
96921
96924
96925
96927
96929
96930
96933
96934
96937
96939
96940
96941
96942
96943
96948
96949
96951
96952
96953
96955
96957
96959
96960
96962
96963
96965
96966
96967
96968
96969
96970
96971
96972
96973
96974
96975
96976
96979
96980
96981
96983
96985
96988
96990
96992
96994
96995
96998
96999
97000
97003
97005
97006
97007
97008
97009
97012
97013
97015
97017
97020
97021
97024
97025
97026
97027
97028
97029
97031
97033
97035
97036
97038
97042
97046
97048
97050
97051
97052
97053
97054
97055
97056
97057
97058
97059
97060
97061
97062
97064
97065
97066
97068
97069
97072
97076
97077
97080
97082
97086
97088
97090
97091
97093
97094
97095
97097
97098
97099
97101
97103
97104
97106
97108
97109
97110
97111
97112
97113
97114
97115
97116
97118
97120
97124
97128
97130
97131
97132
97133
97134
97135
97136
97137
97139
97140
97141
97142
97143
97147
97151
97155
97158
97161
97163
97166
97167
97172
97177
97180
97181
97182
97183
97184
97185
97187
97188
97190
97194
97195
97196
97199
97201
97202
97204
97205
97206
97207
97208
97209
97211
97212
97213
97215
97220
97221
97222
97224
97227
97229
97230
97231
97232
97233
97235
97236
97237
97241
97242
97243
97245
97248
97249
97250
97252
97254
97257
97258
97260
97261
97262
97263
97268
97270
97271
97272
97273
97281
97282
97284
97285
97287
97290
97293
97296
97301
97304
97306
97307
97308
97309
97310
97312
97313
97314
97315
97316
97320
97321
97322
97324
97327
97331
97332
97335
97336
97337
97339
97340
97341
97342
97343
97344
97346
97352
97355
97357
97358
97359
97360
97361
97363
97364
97365
97368
97369
97370
97371
97372
97373
97378
97382
97385
97386
97388
97389
97391
97394
97395
97397
97398
97399
97400
97401
97404
97406
97407
97408
97409
97410
97412
97414
97416
97417
97420
97422
97426
97436
97438
97443
97445
97446
97447
97448
97449
97450
97451
97452
97453
97454
97457
97458
97459
97462
97464
97466
97467
97468
97470
97473
97474
97475
97477
97478
97479
97480
97482
97483
97491
97494
97498
97499
97503
97504
97509
97511
97512
97514
97516
97517
97518
97520
97521
97522
97524
97526
97527
97528
97529
97530
97531
97532
97533
97536
97538
97539
97541
97542
97545
97546
97547
97549
97550
97551
97554
97556
97558
97559
97566
97567
97572
97573
97574
97577
97578
97579
97580
97582
97583
97585
97587
97589
97592
97593
97594
97596
97600
97602
97607
97609
97611
97612
97614
97616
97617
97618
97619
97624
97626
97632
97634
97637
97643
97648
97649
97650
97651
97654
97656
97658
97659
97660
97662
97663
97665
97666
97667
97668
97670
97672
97673
97674
97676
97679
97680
97681
97682
97684
97685
97686
97691
97693
97695
97697
97701
97705
97708
97714
97716
97718
97722
97723
97724
97727
97728
97730
97732
97737
97739
97740
97741
97742
97743
97744
97745
97746
97747
97748
97749
97750
97753
97754
97755
97756
97757
97759
97760
97761
97762
97763
97764
97768
97769
97770
97771
97773
97777
97778
97779
97783
97784
97791
97794
97795
97796
97806
97809
97811
97823
97825
97826
97829
97830
97831
97833
97835
97837
97838
97839
97840
97841
97843
97844
97845
97846
97847
97849
97851
97852
97854
97856
97857
97858
97859
97862
97863
97864
97865
97866
97868
97870
97871
97876
97877
97879
97880
97881
97882
97885
97886
97888
97893
97898
97899
97905
97906
97907
97910
97913
97920
97923
97927
97928
97930
97934
97935
97936
97937
97938
97939
97940
97941
97942
97943
97944
97945
97946
97947
97949
97950
97951
97952
97953
97954
97955
97957
97958
97959
97960
97961
97962
97964
97965
97967
97968
97969
97970
97971
97972
97973
97974
97975
97976
97978
97979
97981
97982
97985
97986
97987
97990
97992
97993
98001
98003
98005
98006
98009
98016
98018
98020
98021
98025
98027
98030
98034
98036
98039
98042
98044
98046
98048
98049
98050
98051
98052
98053
98054
98056
98058
98059
98060
98061
98062
98063
98065
98066
98068
98069
98070
98071
98072
98073
98074
98075
98076
98078
98079
98080
98081
98083
98084
98086
98087
98089
98090
98091
98092
98093
98094
98095
98096
98097
98098
98099
98102
98103
98104
98105
98106
98108
98109
98110
98111
98112
98113
98114
98115
98116
98121
98122
98123
98124
98125
98129
98131
98132
98134
98141
98142
98143
98144
98146
98148
98154
98157
98160
98165
98167
98168
98170
98171
98173
98174
98175
98178
98180
98182
98183
98184
98187
98188
98189
98190
98191
98193
98194
98196
98197
98198
98199
98200
98201
98204
98205
98208
98210
98211
98213
98215
98216
98218
98219
98220
98222
98223
98224
98225
98226
98227
98228
98229
98230
98233
98234
98235
98236
98237
98240
98242
98243
98244
98246
98248
98249
98250
98253
98255
98256
98258
98259
98266
98268
98272
98286
98288
98292
98303
98309
98310
98312
98313
98315
98316
98318
98320
98323
98328
98330
98331
98332
98333
98335
98336
98339
98341
98342
98345
98346
98347
98348
98349
98351
98352
98353
98354
98356
98357
98358
98359
98360
98363
98364
98365
98368
98369
98370
98371
98372
98375
98376
98378
98380
98381
98383
98385
98386
98387
98388
98389
98390
98391
98393
98394
98395
98396
98397
98398
98399
98400
98401
98402
98403
98407
98408
98415
98421
98425
98427
98429
98431
98436
98438
98441
98445
98449
98460
98461
98462
98463
98470
98471
98478
98479
98485
98491
98492
98493
98494
98495
98497
98498
98500
98501
98502
98503
98504
98506
98507
98508
98509
98514
98517
98518
98519
98521
98522
98523
98524
98525
98527
98528
98529
98530
98531
98532
98534
98536
98537
98538
98539
98540
98544
98545
98546
98547
98550
98553
98555
98556
98559
98562
98563
98564
98567
98568
98569
98571
98572
98573
98574
98578
98579
98582
98583
98584
98585
98587
98588
98589
98592
98593
98599
98600
98601
98602
98603
98604
98612
98613
98615
98620
98623
98626
98627
98630
98636
98643
98644
98647
98650
98654
98660
98663
98665
98670
98679
98680
98684
98688
98696
98697
98698
98699
98701
98702
98704
98712
98713
98715
98716
98717
98718
98721
98722
98723
98724
98725
98727
98728
98730
98732
98734
98735
98736
98737
98738
98739
98740
98742
98743
98744
98745
98748
98749
98751
98754
98755
98756
98758
98759
98762
98763
98764
98765
98766
98767
98769
98770
98772
98773
98774
98775
98777
98778
98779
98783
98789
98790
98793
98794
98795
98798
98799
98801
98802
98804
98805
98808
98811
98812
98813
98817
98819
98820
98821
98823
98826
98828
98830
98839
98840
98845
98847
98855
98857
98859
98860
98861
98864
98866
98873
98878
98880
98881
98882
98883
98886
98887
98899
98901
98902
98910
98912
98918
98924
98926
98927
98928
98929
98934
98936
98937
98938
98939
98942
98945
98948
98951
98952
98953
98954
98957
98959
98960
98961
98962
98963
98966
98969
98971
98973
98974
98979
98980
98981
98982
98983
98984
98987
98989
98991
98992
98994
98997
98999
99001
99002
99003
99004
99005
99008
99009
99010
99012
99013
99015
99016
99017
99018
99019
99020
99021
99023
99025
99026
99027
99028
99029
99032
99035
99036
99038
99042
99043
99045
99046
99047
99048
99050
99051
99052
99053
99055
99057
99058
99059
99061
99063
99065
99066
99067
99068
99069
99070
99071
99072
99073
99077
99078
99079
99082
99084
99085
99086
99087
99089
99091
99093
99094
99095
99096
99097
99100
99102
99103
99104
99105
99106
99108
99109
99110
99112
99113
99114
99115
99117
99118
99120
99122
99123
99124
99127
99129
99133
99134
99135
99140
99141
99143
99146
99149
99151
99152
99155
99158
99159
99161
99162
99165
99174
99179
99186
99187
99188
99190
99194
99198
99199
99200
99202
99205
99207
99209
99210
99212
99216
99219
99220
99221
99222
99230
99231
99238
99239
99243
99244
99247
99249
99253
99260
99264
99268
99269
99270
99271
99274
99275
99276
99277
99279
99280
99281
99282
99283
99285
99286
99287
99288
99289
99290
99291
99293
99295
99296
99297
99299
99301
99302
99303
99304
99305
99306
99308
99309
99312
99313
99314
99315
99316
99317
99319
99320
99322
99323
99324
99325
99327
99328
99329
99330
99331
99332
99334
99335
99337
99340
99341
99343
99344
99345
99347
99348
99352
99355
99356
99357
99360
99361
99363
99364
99365
99366
99367
99370
99372
99373
99376
99377
99378
99380
99382
99384
99386
99388
99389
99390
99391
99393
99395
99397
99399
99400
99401
99402
99403
99405
99407
99411
99412
99413
99415
99416
99418
99419
99420
99422
99424
99425
99426
99427
99428
99429
99430
99431
99432
99434
99436
99441
99445
99450
99452
99454
99469
99470
99472
99474
99479
99482
99487
99491
99493
99496
99498
99500
99504
99507
99508
99509
99512
99516
99518
99527
99532
99536
99542
99545
99548
99550
99551
99556
99557
99561
99564
99567
99568
99570
99574
99577
99578
99581
99585
99589
99591
99592
99595
99597
99604
99605
99610
99612
99614
99621
99630
99632
99636
99643
99649
99652
99654
99657
99667
99671
99676
99679
99681
99686
99687
99699
99703
99704
99705
99706
99708
99709
99710
99711
99712
99713
99714
99715
99716
99718
99719
99720
99721
99724
99726
99728
99730
99731
99735
99736
99737
99739
99740
99743
99744
99745
99746
99748
99750
99753
99754
99755
99756
99758
99760
99761
99762
99763
99765
99767
99768
99770
99771
99772
99773
99775
99776
99778
99779
99780
99781
99784
99785
99786
99788
99790
99791
99792
99793
99794
99795
99796
99798
99799
99800
99801
99802
99803
99804
99805
99806
99807
99809
99810
99811
99813
99814
99815
99816
99817
99819
99820
99822
99826
99827
99829
99834
99837
99840
99841
99842
99844
99847
99848
99849
99850
99852
99854
99855
99856
99858
99859
99860
99861
99862
99865
99866
99867
99868
99873
99876
99877
99878
99880
99881
99882
99884
99885
99886
99888
99893
99894
99895
99896
99897
99898
99900
99902
99903
99905
99908
99909
99910
99917
99918
99919
99920
99932
99933
99935
99939
99940
99943
99946
99950
99951
99952
99958
99971
99986
99987
99992
99993
99994
99997
99999
100001
100005
100007
100008
100009
100011
100013
100014
100015
100020
100021
100025
100027
100030
100031
100039
100043
100045
100047
100048
100049
100055
100057
100058
100060
100061
100063
100064
100065
100067
100069
100074
100080
100083
100086
100090
100091
100095
100097
100099
100100
100104
100109
100117
100118
100123
100124
100127
100136
100139
100140
100142
100146
100152
100165
100167
100169
100173
100174
100178
100182
100190
100191
100192
100193
100208
100216
100219
100221
100225
100227
100228
100229
100231
100233
100235
100236
100239
100245
100246
100248
100249
100251
100253
100254
100255
100256
100257
100259
100260
100261
100262
100263
100264
100265
100267
100270
100271
100272
100273
100274
100276
100277
100278
100279
100280
100281
100282
100283
100287
100290
100291
100292
100293
100294
100296
100297
100298
100301
100303
100305
100306
100307
100308
100311
100312
100313
100314
100315
100316
100317
100320
100321
100327
100330
100331
100332
100334
100336
100337
100338
100339
100341
100343
100344
100345
100346
100347
100348
100349
100351
100352
100353
100354
100356
100362
100364
100365
100367
100368
100370
100373
100374
100375
100376
100377
100380
100381
100384
100385
100387
100389
100390
100394
100396
100397
100398
100400
100401
100402
100403
100405
100406
100408
100409
100411
100412
100414
100415
100417
100418
100419
100423
100424
100425
100426
100427
100428
100429
100430
100431
100432
100433
100434
100435
100436
100438
100439
100443
100444
100445
100446
100447
100448
100449
100452
100454
100457
100458
100460
100462
100466
100467
100469
100470
100471
100472
100473
100478
100479
100480
100481
100482
100484
100485
100488
100492
100493
100494
100495
100496
100497
100498
100500
100501
100502
100503
100504
100505
100510
100511
100515
100517
100520
100522
100525
100529
100533
100536
100537
100539
100540
100541
100545
100547
100553
100554
100555
100560
100562
100563
100565
100567
100568
100569
100570
100572
100573
100575
100579
100583
100584
100585
100587
100588
100592
100593
100596
100597
100599
100602
100603
100605
100606
100608
100609
100610
100611
100612
100614
100615
100618
100619
100620
100622
100625
100626
100628
100633
100634
100636
100639
100645
100652
100656
100657
100660
100670
100676
100679
100680
100681
100683
100685
100689
100690
100694
100695
100698
100709
100712
100713
100715
100723
100732
100741
100742
100747
100748
100749
100751
100757
100758
100761
100765
100766
100767
100770
100774
100777
100778
100782
100784
100786
100788
100790
100791
100794
100795
100796
100800
100803
100806
100808
100812
100814
100815
100817
100821
100822
100826
100832
100834
100837
100842
100847
100851
100854
100855
100860
100862
100865
100871
100874
100880
100883
100885
100887
100890
100894
100899
100901
100903
100906
100907
100908
100911
100913
100931
100933
100940
100941
100945
100946
100947
100948
100950
100956
100963
100965
100969
100976
100979
100984
100987
100988
100989
100993
100995
100999
101002
101006
101007
101014
101015
101016
101026
101035
101038
101044
101046
101047
101057
101069
101070
101071
101074
101075
101089
101096
101108
101122
101123
101124
101125
101126
101127
101128
101129
101131
101132
101134
101135
101136
101137
101138
101139
101140
101142
101143
101144
101145
101146
101148
101149
101152
101155
101156
101158
101160
101162
101163
101164
101166
101169
101170
101171
101172
101173
101175
101176
101177
101179
101180
101184
101190
101193
101194
101195
101196
101197
101198
101200
101203
101204
101205
101208
101210
101211
101213
101216
101219
101220
101222
101225
101226
101227
101228
101229
101230
101235
101236
101237
101239
101244
101246
101248
101251
101252
101253
101254
101258
101261
101263
101265
101266
101268
101271
101272
101276
101277
101278
101279
101280
101281
101284
101286
101287
101289
101291
101292
101293
101294
101296
101299
101301
101302
101303
101305
101306
101307
101308
101314
101315
101316
101319
101320
101321
101322
101324
101326
101327
101328
101330
101331
101334
101335
101336
101337
101338
101345
101346
101349
101351
101356
101357
101359
101361
101362
101363
101364
101366
101367
101368
101369
101370
101372
101373
101375
101376
101379
101381
101382
101383
101384
101385
101386
101390
101394
101395
101396
101397
101398
101399
101400
101403
101404
101406
101407
101411
101412
101413
101415
101417
101418
101419
101422
101426
101428
101429
101430
101431
101432
101433
101436
101439
101440
101443
101444
101446
101450
101452
101453
101455
101459
101465
101470
101474
101476
101480
101484
101485
101488
101489
101490
101492
101495
101498
101509
101511
101513
101515
101516
101517
101518
101521
101522
101523
101524
101531
101535
101538
101539
101540
101541
101542
101544
101547
101549
101550
101556
101559
101562
101565
101566
101569
101575
101578
101590
101591
101599
101601
101602
101608
101611
101612
101620
101621
101622
101624
101625
101638
101639
101646
101654
101657
101663
101668
101671
101677
101680
101681
101684
101687
101695
101697
101701
101703
101704
101708
101709
101711
101714
101715
101726
101730
101731
101732
101733
101734
101738
101739
101742
101745
101749
101754
101761
101768
101772
101773
101774
101775
101776
101779
101780
101785
101786
101794
101797
101803
101806
101813
101816
101817
101823
101824
101825
101826
101827
101831
101835
101836
101841
101846
101847
101850
101854
101855
101860
101861
101864
101865
101867
101870
101871
101872
101875
101877
101880
101883
101895
101904
101910
101911
101912
101926
101930
101936
101940
101941
101942
101953
101954
101958
101960
101965
101972
101978
101979
101983
101985
101986
101987
101989
101990
101991
101993
101994
101997
102005
102009
102011
102014
102017
102018
102020
102026
102029
102031
102036
102042
102045
102049
102051
102052
102057
102058
102068
102074
102078
102079
102082
102086
102089
102094
102098
102108
102115
102117
102128
102131
102136
102137
102138
102143
102146
102147
102150
102155
102159
102171
102177
102178
102193
102194
102199
102204
102208
102209
102210
102211
102214
102219
102220
102226
102227
102233
102234
102235
102237
102242
102248
102250
102263
102265
102268
102270
102276
102281
102287
102292
102300
102301
102310
102311
102315
102319
102325
102327
102332
102347
102364
102367
102368
102386
102388
102390
102393
102395
102401
102402
102403
102406
102407
102409
102412
102415
102417
102422
102423
102428
102430
102435
102439
102441
102442
102443
102446
102449
102454
102456
102457
102460
102462
102464
102475
102480
102483
102484
102491
102500
102518
102521
102524
102528
102529
102533
102537
102548
102551
102552
102555
102563
102570
102572
102577
102579
102587
102592
102596
102597
102598
102607
102615
102616
102618
102623
102624
102627
102629
102631
102635
102636
102639
102646
102658
102662
102671
102684
102690
102693
102698
102706
102731
102737
102738
102749
102757
102765
102773
102796
102803
102817
102846
102895
102896
102898
102900
102901
102902
102904
102905
102906
102907
102908
102911
102912
102913
102916
102917
102919
102920
102921
102922
102923
102925
102926
102927
102928
102929
102932
102933
102934
102936
102940
102941
102942
102943
102944
102945
102947
102950
102952
102953
102954
102955
102957
102959
102961
102963
102964
102965
102967
102971
102973
102974
102976
102977
102978
102980
102981
102983
102986
102988
102989
102993
102994
102995
102996
102997
103000
103004
103005
103008
103009
103011
103012
103015
103019
103020
103022
103023
103024
103025
103026
103027
103028
103029
103030
103031
103032
103035
103037
103038
103039
103041
103043
103044
103045
103047
103048
103049
103050
103053
103054
103057
103058
103059
103060
103062
103063
103066
103070
103071
103074
103075
103076
103080
103081
103082
103085
103091
103092
103093
103094
103096
103099
103101
103102
103104
103105
103106
103108
103109
103110
103113
103114
103116
103119
103121
103126
103128
103130
103134
103135
103138
103140
103144
103145
103146
103148
103149
103150
103151
103152
103154
103158
103160
103167
103170
103171
103172
103173
103177
103178
103180
103184
103185
103186
103189
103195
103196
103197
103198
103200
103201
103202
103205
103210
103211
103213
103216
103217
103218
103219
103221
103224
103226
103227
103228
103231
103232
103236
103237
103238
103241
103242
103243
103247
103248
103250
103251
103253
103258
103259
103261
103264
103266
103269
103270
103272
103273
103274
103277
103278
103279
103280
103283
103284
103285
103287
103288
103290
103291
103293
103297
103299
103300
103303
103305
103306
103307
103308
103311
103312
103313
103315
103316
103320
103322
103325
103326
103331
103332
103335
103341
103343
103344
103345
103347
103351
103353
103354
103357
103358
103359
103361
103363
103364
103367
103369
103371
103372
103373
103374
103379
103380
103383
103385
103388
103392
103393
103394
103395
103399
103401
103402
103404
103405
103407
103408
103416
103417
103418
103423
103425
103426
103428
103433
103435
103438
103440
103444
103446
103449
103453
103454
103462
103464
103465
103466
103469
103470
103471
103473
103474
103477
103480
103482
103483
103485
103487
103489
103494
103496
103497
103500
103502
103503
103507
103512
103516
103518
103521
103524
103526
103527
103529
103530
103533
103536
103537
103539
103540
103542
103547
103548
103549
103551
103553
103555
103558
103559
103561
103563
103564
103569
103572
103573
103575
103576
103578
103583
103584
103586
103589
103598
103600
103601
103603
103604
103605
103609
103612
103613
103614
103618
103620
103621
103622
103627
103628
103631
103635
103640
103648
103654
103659
103660
103661
103665
103670
103676
103677
103681
103683
103686
103687
103688
103691
103694
103700
103709
103711
103713
103714
103719
103720
103725
103729
103730
103731
103733
103734
103735
103738
103745
103749
103751
103752
103758
103760
103765
103769
103773
103782
103787
103790
103799
103801
103802
103803
103804
103806
103810
103812
103813
103817
103823
103827
103828
103834
103845
103846
103848
103851
103857
103861
103862
103864
103865
103871
103873
103876
103877
103883
103888
103901
103907
103908
103910
103912
103921
103926
103932
103936
103938
103941
103942
103943
103952
103961
103967
103968
103970
103972
103977
103978
103980
103984
103991
104015
104016
104017
104024
104030
104031
104033
104034
104037
104040
104042
104045
104046
104054
104069
104071
104078
104080
104083
104085
104090
104100
104108
104109
104115
104116
104119
104120
104121
104122
104137
104139
104140
104141
104143
104144
104146
104158
104159
104160
104166
104167
104174
104179
104180
104183
104186
104187
104189
104191
104196
104197
104198
104204
104205
104213
104220
104221
104225
104226
104235
104236
104238
104239
104240
104245
104249
104250
104255
104256
104258
104264
104272
104273
104275
104283
104285
104287
104296
104298
104301
104306
104308
104310
104312
104313
104316
104322
104323
104326
104330
104335
104336
104340
104346
104347
104350
104354
104356
104369
104375
104376
104378
104379
104383
104395
104397
104401
104406
104407
104408
104409
104411
104414
104422
104424
104426
104431
104433
104444
104446
104452
104453
104454
104460
104467
104471
104473
104474
104482
104487
104488
104493
104494
104502
104505
104509
104511
104512
104521
104525
104526
104528
104544
104546
104552
104555
104559
104567
104568
104571
104573
104581
104584
104585
104589
104592
104598
104599
104600
104603
104607
104612
104620
104626
104630
104632
104636
104644
104647
104649
104653
104654
104655
104658
104662
104666
104669
104673
104674
104678
104684
104692
104693
104694
104697
104700
104702
104704
104707
104709
104714
104715
104721
104727
104731
104732
104735
104736
104742
104752
104762
104764
104769
104774
104775
104793
104794
104802
104808
104812
104819
104821
104831
104836
104840
104845
104847
104853
104857
104866
104873
104902
104909
104910
104915
104929
104933
104935
104937
104948
104954
104957
104960
104962
104963
104965
104972
104974
104975
104978
104979
104990
104992
104993
104994
105000
105016
105017
105024
105026
105027
105028
105032
105042
105046
105053
105055
105056
105060
105061
105065
105066
105069
105071
105073
105078
105079
105081
105088
105089
105098
105101
105104
105107
105113
105129
105140
105149
105151
105159
105166
105173
105175
105177
105180
105184
105207
105211
105216
105221
105227
105236
105241
105242
105243
105246
105248
105254
105256
105257
105258
105268
105269
105281
105282
105287
105301
105304
105313
105315
105318
105325
105331
105334
105336
105338
105342
105348
105352
105353
105355
105368
105374
105377
105380
105383
105389
105390
105391
105395
105414
105422
105426
105431
105436
105449
105450
105454
105455
105458
105476
105477
105479
105481
105482
105485
105487
105497
105500
105504
105508
105528
105529
105531
105532
105541
105545
105552
105553
105556
105561
105562
105563
105564
105571
105576
105577
105585
105586
105592
105598
105599
105606
105612
105613
105618
105623
105627
105637
105639
105648
105658
105659
105662
105676
105679
105685
105688
105693
105698
105704
105706
105710
105711
105713
105716
105725
105726
105727
105733
105741
105743
105748
105753
105756
105759
105775
105777
105781
105797
105803
105816
105821
105824
105826
105828
105830
105831
105844
105849
105853
105854
105861
105865
105870
105873
105874
105878
105880
105882
105883
105884
105887
105918
105923
105924
105932
105943
105949
105956
105958
105968
105975
105977
105994
105995
105998
106001
106021
106029
106039
106040
106049
106051
106053
106059
106065
106066
106073
106074
106092
106095
106098
106099
106108
106117
106127
106130
106134
106135
106140
106141
106143
106147
106153
106164
106165
106166
106192
106194
106196
106203
106205
106213
106214
106225
106229
106232
106233
106235
106257
106258
106260
106261
106267
106300
106301
106323
106324
106339
106345
106350
106356
106371
106382
106387
106389
106393
106401
106402
106403
106411
106414
106417
106420
106421
106425
106433
106435
106436
106445
106450
106458
106464
106467
106489
106498
106501
106505
106507
106513
106517
106523
106527
106534
106539
106548
106561
106572
106578
106580
106597
106608
106612
106619
106624
106626
106639
106646
106652
106656
106661
106666
106668
106673
106674
106677
106680
106687
106690
106691
106710
106732
106756
106761
106762
106774
106782
106788
106790
106793
106799
106806
106807
106817
106825
106841
106865
106871
106873
106876
106884
106890
106902
106912
106916
106923
106929
106942
106943
106944
106950
106952
106954
106958
106974
106976
106977
106981
106992
106995
107004
107009
107010
107039
107048
107054
107056
107065
107087
107088
107090
107094
107101
107105
107107
107108
107114
107115
107124
107128
107138
107146
107156
107172
107195
107203
107217
107221
107240
107247
107255
107258
107267
107270
107272
107277
107283
107291
107317
107327
107357
107362
107365
107376
107447
107480
107485
107505
107527
107545
107546
107624
107631
107668
107669
107670
107671
107677
107678
107679
107681
107682
107684
107686
107687
107688
107689
107692
107694
107696
107697
107698
107700
107702
107703
107704
107706
107707
107708
107709
107711
107712
107713
107714
107715
107717
107718
107719
107721
107727
107729
107730
107731
107732
107734
107735
107737
107738
107740
107741
107743
107745
107746
107748
107749
107750
107751
107752
107755
107757
107759
107760
107762
107763
107766
107767
107769
107771
107772
107773
107774
107775
107776
107777
107778
107780
107782
107784
107785
107786
107787
107788
107789
107791
107792
107793
107794
107798
107799
107800
107802
107803
107806
107808
107809
107811
107812
107813
107814
107815
107816
107817
107818
107819
107820
107821
107822
107823
107826
107828
107829
107830
107832
107833
107834
107837
107839
107840
107841
107845
107846
107847
107848
107849
107850
107851
107852
107853
107855
107860
107862
107863
107865
107866
107867
107868
107871
107872
107874
107875
107876
107877
107880
107883
107884
107885
107886
107887
107889
107891
107894
107895
107896
107897
107898
107899
107900
107904
107905
107906
107909
107912
107915
107916
107917
107918
107920
107923
107927
107929
107932
107934
107935
107937
107939
107940
107941
107942
107943
107944
107945
107946
107947
107949
107951
107952
107954
107955
107956
107957
107958
107960
107962
107965
107966
107968
107969
107971
107974
107975
107976
107978
107979
107981
107982
107983
107984
107985
107986
107992
107993
107999
108000
108001
108002
108003
108004
108006
108007
108008
108009
108010
108011
108013
108014
108017
108018
108019
108024
108026
108027
108030
108031
108038
108039
108040
108041
108042
108044
108045
108046
108047
108048
108049
108050
108051
108052
108054
108056
108057
108062
108063
108065
108066
108067
108068
108072
108073
108074
108075
108082
108084
108086
108087
108089
108090
108092
108095
108097
108101
108102
108105
108106
108107
108110
108112
108113
108114
108115
108122
108125
108127
108128
108130
108131
108132
108133
108135
108136
108139
108141
108142
108143
108144
108145
108146
108148
108149
108150
108151
108154
108155
108156
108159
108160
108161
108162
108163
108166
108167
108168
108171
108175
108176
108179
108182
108184
108186
108187
108188
108189
108192
108193
108195
108197
108198
108200
108201
108202
108204
108205
108206
108207
108208
108209
108211
108212
108213
108215
108216
108217
108219
108222
108223
108225
108226
108227
108228
108229
108230
108231
108232
108233
108234
108235
108236
108237
108238
108240
108241
108244
108249
108250
108256
108258
108259
108264
108266
108267
108269
108270
108272
108273
108274
108279
108284
108290
108294
108295
108296
108297
108298
108301
108302
108303
108305
108306
108307
108309
108310
108312
108314
108315
108316
108317
108319
108320
108321
108325
108327
108334
108339
108342
108348
108349
108350
108351
108353
108355
108356
108359
108363
108366
108367
108371
108376
108378
108380
108381
108384
108385
108388
108391
108393
108395
108398
108402
108405
108406
108408
108415
108420
108426
108427
108432
108439
108445
108447
108448
108461
108464
108465
108467
108470
108490
108494
108497
108498
108513
108526
108539
108544
108545
108551
108555
108559
108565
108568
108569
108575
108578
108583
108591
108592
108597
108603
108610
108611
108617
108628
108629
108631
108637
108639
108640
108643
108646
108647
108654
108655
108659
108682
108683
108686
108687
108690
108691
108692
108693
108694
108698
108703
108704
108709
108716
108719
108720
108729
108733
108734
108738
108743
108751
108756
108758
108765
108767
108771
108775
108781
108784
108785
108786
108793
108808
108812
108813
108819
108828
108830
108831
108836
108850
108856
108857
108863
108872
108882
108894
108895
108897
108899
108901
108902
108910
108911
108912
108914
108916
108919
108923
108937
108942
108945
108947
108949
108954
108968
108971
108973
108980
108982
108988
108991
108993
108997
109010
109012
109025
109031
109034
109041
109042
109049
109054
109058
109060
109067
109070
109073
109077
109080
109086
109089
109096
109100
109101
109102
109104
109105
109106
109107
109109
109110
109112
109114
109116
109119
109120
109125
109127
109133
109138
109140
109143
109148
109150
109153
109159
109162
109167
109168
109171
109177
109193
109195
109204
109205
109211
109216
109220
109221
109227
109230
109233
109243
109252
109256
109265
109277
109278
109286
109293
109298
109299
109303
109306
109307
109308
109317
109319
109325
109326
109331
109333
109336
109349
109351
109354
109357
109372
109380
109383
109387
109389
109390
109396
109399
109405
109408
109421
109428
109431
109435
109453
109454
109459
109464
109466
109471
109473
109475
109476
109478
109487
109490
109493
109494
109503
109510
109519
109524
109525
109531
109532
109542
109546
109547
109556
109557
109562
109574
109580
109582
109583
109588
109589
109593
109596
109598
109606
109611
109618
109619
109620
109621
109623
109624
109627
109633
109635
109636
109642
109644
109649
109651
109652
109655
109665
109666
109673
109675
109679
109682
109684
109686
109692
109697
109699
109700
109706
109708
109715
109720
109733
109738
109748
109750
109758
109763
109764
109777
109781
109782
109785
109786
109790
109793
109796
109797
109798
109802
109811
109816
109817
109819
109833
109845
109847
109851
109852
109861
109862
109866
109876
109879
109882
109888
109889
109890
109893
109900
109901
109905
109909
109910
109911
109915
109918
109921
109925
109926
109935
109937
109939
109947
109951
109952
109956
109966
109968
109975
109977
109983
109987
109988
109990
109992
109995
110005
110007
110009
110021
110028
110037
110038
110039
110044
110058
110059
110066
110070
110072
110079
110084
110088
110097
110100
110101
110108
110112
110114
110115
110121
110124
110128
110136
110139
110143
110149
110156
110157
110160
110161
110166
110169
110172
110174
110175
110185
110189
110190
110195
110204
110209
110213
110216
110229
110232
110233
110242
110253
110257
110259
110268
110283
110284
110291
110294
110299
110302
110309
110318
110321
110326
110328
110330
110340
110342
110351
110365
110368
110374
110381
110385
110387
110390
110400
110405
110417
110437
110440
110448
110449
110456
110472
110474
110492
110494
110495
110498
110500
110508
110513
110522
110523
110525
110537
110540
110553
110569
110580
110588
110593
110610
110621
110625
110628
110641
110646
110647
110665
110666
110667
110672
110682
110683
110686
110696
110698
110703
110705
110706
110714
110719
110722
110726
110728
110730
110731
110733
110734
110735
110736
110738
110739
110743
110744
110746
110750
110756
110758
110766
110783
110786
110788
110789
110790
110796
110797
110806
110810
110818
110825
110826
110828
110831
110840
110841
110848
110860
110868
110875
110880
110885
110891
110915
110918
110920
110924
110926
110929
110941
110947
110954
110958
110966
110972
110973
110985
110994
110997
111008
111014
111020
111021
111028
111030
111032
111035
111036
111038
111044
111046
111052
111053
111058
111070
111081
111086
111088
111091
111093
111094
111099
111111
111113
111131
111134
111137
111140
111145
111149
111161
111167
111169
111174
111177
111197
111198
111200
111208
111212
111216
111223
111226
111228
111231
111234
111237
111238
111247
111249
111274
111284
111293
111296
111303
111307
111308
111323
111331
111332
111333
111335
111343
111348
111362
111366
111375
111381
111384
111389
111390
111392
111393
111400
111402
111408
111410
111411
111414
111420
111433
111465
111467
111476
111483
111491
111492
111500
111510
111511
111513
111518
111528
111544
111545
111548
111550
111551
111554
111558
111561
111566
111568
111576
111577
111581
111582
111595
111600
111606
111610
111612
111614
111625
111626
111632
111640
111653
111656
111662
111666
111669
111671
111676
111680
111703
111705
111707
111708
111709
111710
111718
111724
111729
111730
111740
111742
111744
111746
111747
111750
111752
111755
111756
111763
111767
111778
111780
111791
111792
111800
111806
111812
111815
111818
111820
111821
111828
111830
111838
111839
111845
111851
111864
111867
111868
111875
111877
111889
111892
111900
111903
111906
111910
111913
111920
111924
111928
111948
111949
111955
111959
111966
111968
111975
111986
112004
112013
112026
112027
112039
112040
112045
112047
112048
112052
112057
112064
112068
112072
112076
112083
112087
112090
112092
112096
112098
112103
112111
112117
112118
112119
112122
112131
112137
112150
112153
112154
112158
112162
112166
112176
112195
112205
112208
112217
112225
112232
112244
112252
112258
112264
112265
112269
112284
112291
112294
112295
112298
112303
112305
112308
112309
112313
112318
112319
112324
112329
112330
112335
112345
112349
112355
112363
112366
112372
112374
112376
112384
112388
112389
112397
112421
112422
112425
112436
112443
112452
112453
112464
112468
112475
112476
112477
112479
112482
112493
112496
112500
112503
112504
112509
112515
112519
112528
112534
112535
112538
112539
112549
112550
112551
112556
112574
112575
112576
112577
112580
112584
112586
112591
112598
112601
112604
112607
112611
112614
112621
112632
112640
112660
112664
112668
112676
112677
112681
112683
112686
112692
112700
112717
112731
112732
112734
112749
112751
112754
112755
112759
112761
112762
112766
112770
112773
112774
112775
112776
112798
112804
112805
112807
112808
112822
112826
112827
112829
112834
112837
112840
112842
112844
112857
112861
112862
112866
112877
112893
112894
112895
112901
112906
112908
112919
112922
112924
112932
112935
112949
112959
112961
112964
112968
112970
112976
112979
112983
112984
112988
112990
112997
113002
113011
113014
113016
113030
113032
113035
113040
113041
113042
113047
113050
113051
113057
113069
113071
113076
113077
113078
113082
113086
113090
113092
113094
113103
113117
113124
113132
113135
113140
113150
113159
113161
113166
113171
113195
113197
113207
113209
113221
113230
113233
113240
113243
113245
113254
113263
113270
113281
113282
113290
113301
113308
113310
113311
113315
113319
113324
113328
113333
113336
113337
113338
113343
113347
113348
113350
113351
113363
113378
113380
113389
113392
113393
113394
113397
113399
113406
113407
113408
113412
113417
113418
113427
113428
113431
113438
113446
113454
113458
113461
113478
113479
113481
113491
113512
113513
113515
113522
113526
113531
113532
113535
113537
113541
113550
113551
113572
113578
113581
113585
113592
113595
113605
113607
113618
113625
113629
113632
113634
113635
113637
113639
113643
113645
113652
113672
113676
113686
113695
113701
113707
113714
113720
113721
113724
113728
113731
113732
113738
113746
113750
113764
113770
113775
113780
113787
113797
113798
113826
113827
113836
113844
113850
113853
113867
113871
113885
113891
113912
113927
113939
113963
113978
113983
114001
114006
114008
114009
114030
114041
114061
114067
114074
114076
114078
114080
114084
114086
114091
114096
114101
114108
114109
114118
114132
114137
114142
114149
114168
114171
114173
114178
114180
114181
114186
114195
114198
114201
114203
114208
114211
114212
114215
114222
114223
114235
114258
114259
114263
114274
114278
114279
114281
114290
114291
114294
114302
114304
114315
114323
114324
114333
114338
114362
114372
114378
114385
114393
114395
114403
114412
114419
114420
114424
114425
114428
114430
114434
114443
114449
114450
114452
114463
114469
114478
114492
114506
114509
114510
114519
114525
114542
114544
114549
114573
114591
114609
114621
114622
114652
114653
114671
114676
114686
114689
114690
114693
114695
114701
114708
114716
114719
114721
114722
114725
114730
114746
114749
114759
114761
114772
114783
114790
114799
114801
114804
114824
114829
114835
114838
114845
114849
114878
114886
114891
114895
114905
114913
114920
114922
114930
114932
114953
114960
114964
114981
114989
114993
114995
115005
115008
115010
115020
115025
115030
115032
115037
115039
115050
115053
115055
115058
115062
115064
115075
115076
115081
115084
115085
115086
115090
115091
115094
115101
115103
115105
115114
115119
115124
115131
115136
115146
115151
115153
115158
115161
115170
115173
115174
115178
115181
115185
115189
115191
115197
115201
115206
115209
115210
115215
115222
115223
115230
115240
115252
115258
115268
115270
115277
115283
115294
115297
115298
115301
115305
115324
115346
115350
115358
115372
115380
115391
115394
115402
115408
115417
115418
115421
115422
115425
115429
115448
115449
115451
115452
115458
115465
115480
115481
115491
115501
115505
115513
115515
115516
115529
115539
115542
115557
115559
115560
115562
115570
115588
115590
115594
115598
115601
115605
115608
115623
115626
115627
115628
115636
115654
115658
115659
115669
115670
115673
115680
115689
115690
115696
115700
115706
115721
115727
115739
115776
115779
115783
115791
115796
115798
115807
115809
115813
115814
115816
115830
115832
115834
115843
115855
115858
115859
115868
115871
115872
115873
115875
115877
115881
115886
115888
115896
115899
115911
115915
115918
115924
115925
115931
115942
115954
115957
115977
115979
115985
115991
115999
116000
116006
116011
116018
116031
116036
116037
116040
116050
116056
116066
116086
116092
116103
116108
116109
116111
116115
116116
116123
116126
116129
116141
116156
116158
116169
116171
116174
116190
116192
116196
116207
116211
116213
116220
116222
116227
116230
116232
116234
116235
116238
116239
116242
116249
116258
116273
116274
116278
116283
116288
116292
116299
116300
116303
116312
116329
116331
116335
116336
116340
116350
116356
116370
116372
116374
116375
116384
116386
116403
116406
116407
116412
116417
116421
116431
116436
116439
116442
116469
116471
116472
116473
116480
116487
116491
116493
116497
116498
116509
116510
116520
116525
116529
116537
116544
116553
116555
116560
116564
116565
116570
116576
116579
116583
116584
116585
116586
116588
116594
116596
116601
116613
116619
116632
116641
116644
116652
116657
116669
116670
116673
116674
116677
116681
116685
116696
116700
116707
116719
116724
116725
116726
116736
116738
116742
116747
116751
116756
116757
116764
116767
116773
116776
116779
116784
116802
116803
116807
116808
116820
116824
116827
116829
116833
116862
116870
116886
116891
116896
116898
116901
116907
116914
116918
116921
116928
116950
116961
116965
116967
116974
116979
116988
116992
116994
116997
117012
117013
117017
117028
117038
117042
117046
117052
117055
117058
117069
117072
117082
117083
117100
117101
117117
117128
117150
117153
117155
117171
117174
117175
117176
117186
117191
117200
117203
117206
117208
117213
117225
117226
117229
117243
117247
117262
117266
117275
117284
117289
117298
117302
117308
117309
117312
117317
117333
117336
117341
117363
117375
117381
117383
117387
117400
117409
117410
117414
117415
117420
117423
117426
117433
117437
117438
117442
117448
117461
117488
117506
117517
117524
117528
117532
117536
117537
117545
117551
117565
117569
117586
117589
117604
117611
117623
117630
117635
117656
117662
117666
117675
117680
117684
117697
117701
117730
117740
117742
117744
117748
117750
117757
117761
117762
117772
117773
117788
117807
117810
117812
117843
117861
117869
117870
117872
117873
117887
117889
117896
117904
117907
117915
117918
117938
117944
117957
117958
117967
117996
117997
118001
118005
118007
118011
118015
118020
118026
118037
118038
118045
118046
118063
118067
118070
118082
118087
118093
118097
118103
118113
118119
118146
118148
118152
118156
118177
118180
118183
118186
118187
118189
118191
118200
118203
118205
118220
118239
118243
118245
118258
118259
118263
118265
118268
118274
118275
118281
118293
118302
118306
118312
118322
118324
118333
118343
118348
118351
118352
118359
118363
118381
118387
118390
118400
118416
118429
118435
118454
118462
118468
118469
118471
118480
118490
118504
118512
118513
118533
118534
118538
118544
118551
118565
118591
118596
118602
118605
118607
118612
118630
118636
118637
118644
118646
118653
118661
118668
118674
118676
118677
118686
118691
118692
118704
118706
118711
118716
118718
118720
118724
118728
118737
118743
118744
118746
118751
118753
118754
118761
118766
118774
118792
118798
118806
118814
118824
118831
118832
118834
118838
118845
118849
118877
118879
118908
118912
118919
118927
118930
118936
118939
118945
118947
118949
118950
118965
118971
118976
118979
118985
118995
119000
119007
119010
119017
119024
119025
119029
119030
119037
119049
119059
119066
119078
119081
119084
119097
119109
119111
119117
119122
119126
119140
119142
119148
119149
119151
119162
119164
119165
119170
119171
119174
119176
119182
119186
119187
119189
119253
119260
119264
119280
119281
119282
119287
119301
119318
119325
119335
119341
119348
119349
119358
119370
119378
119387
119395
119400
119401
119411
119414
119422
119431
119432
119433
119448
119453
119455
119458
119468
119478
119483
119488
119490
119493
119503
119507
119517
119531
119543
119562
119574
119575
119583
119587
119588
119597
119603
119604
119619
119632
119636
119639
119642
119644
119646
119648
119650
119651
119654
119655
119670
119690
119693
119695
119697
119714
119715
119716
119725
119728
119731
119734
119737
119743
119763
119766
119767
119770
119776
119780
119781
119782
119783
119787
119792
119795
119797
119803
119804
119810
119811
119815
119822
119835
119864
119867
119869
119870
119877
119887
119891
119898
119909
119926
119932
119941
119946
119952
119963
119973
119980
119983
119984
119985
119988
120020
120026
120031
120054
120062
120065
120072
120074
120075
120077
120081
120082
120085
120094
120095
120099
120106
120107
120114
120126
120129
120131
120133
120136
120145
120147
120155
120165
120182
120205
120212
120223
120228
120249
120256
120258
120263
120266
120273
120274
120284
120288
120290
120300
120307
120315
120326
120337
120347
120349
120356
120357
120366
120367
120369
120386
120387
120391
120395
120397
120399
120400
120401
120402
120412
120418
120421
120426
120433
120458
120460
120474
120488
120492
120495
120500
120507
120510
120513
120515
120520
120529
120545
120552
120560
120564
120573
120577
120581
120590
120595
120604
120605
120618
120628
120632
120637
120642
120654
120655
120659
120666
120669
120679
120683
120691
120694
120702
120703
120708
120717
120722
120724
120726
120730
120747
120750
120751
120786
120789
120793
120796
120800
120808
120857
120859
120866
120868
120891
120893
120894
120895
120900
120901
120902
120903
120905
120907
120913
120919
120928
120930
120936
120950
120951
120958
120969
120972
120973
120986
120998
121004
121006
121010
121011
121014
121017
121021
121023
121027
121041
121047
121071
121073
121077
121082
121086
121092
121100
121101
121106
121126
121129
121136
121141
121143
121145
121153
121154
121155
121165
121173
121189
121193
121204
121212
121217
121219
121245
121271
121275
121278
121285
121291
121292
121313
121314
121323
121328
121332
121333
121348
121350
121361
121364
121367
121368
121383
121397
121398
121404
121410
121412
121431
121433
121440
121447
121451
121455
121467
121472
121485
121500
121522
121524
121528
121533
121552
121557
121569
121570
121576
121584
121612
121613
121623
121628
121629
121646
121657
121659
121666
121675
121679
121683
121706
121711
121712
121715
121716
121718
121723
121733
121746
121749
121754
121756
121764
121765
121769
121772
121781
121784
121789
121803
121806
121827
121828
121834
121839
121845
121852
121854
121856
121864
121897
121902
121920
121924
121925
121926
121931
121972
121984
121994
121998
122014
122016
122031
122037
122038
122050
122064
122069
122070
122071
122085
122095
122098
122105
122106
122107
122124
122128
122129
122137
122148
122151
122152
122158
122176
122186
122187
122195
122199
122201
122214
122216
122223
122225
122226
122238
122247
122260
122264
122283
122290
122301
122303
122312
122313
122319
122327
122332
122333
122339
122340
122344
122345
122347
122350
122365
122369
122378
122384
122386
122397
122399
122401
122403
122412
122419
122425
122447
122465
122470
122477
122487
122493
122518
122519
122520
122545
122551
122556
122562
122566
122567
122569
122603
122604
122610
122625
122632
122637
122646
122654
122664
122668
122669
122671
122675
122680
122683
122697
122714
122716
122725
122731
122741
122742
122751
122756
122761
122762
122768
122771
122782
122788
122797
122799
122808
122816
122817
122821
122835
122840
122845
122848
122852
122855
122863
122871
122872
122878
122888
122895
122901
122920
122926
122931
122935
122944
122946
122949
122956
122964
122978
123009
123013
123017
123019
123024
123037
123060
123070
123080
123083
123100
123107
123109
123110
123126
123127
123128
123138
123140
123145
123155
123158
123161
123164
123169
123171
123175
123181
123187
123189
123193
123197
123200
123213
123214
123228
123230
123232
123236
123239
123241
123255
123258
123263
123264
123270
123274
123288
123291
123297
123302
123313
123340
123345
123362
123368
123370
123390
123403
123410
123412
123415
123421
123424
123431
123432
123435
123458
123463
123467
123477
123496
123508
123529
123534
123541
123545
123551
123564
123566
123572
123580
123583
123590
123592
123597
123600
123601
123602
123609
123620
123628
123633
123643
123644
123645
123646
123648
123650
123660
123663
123666
123670
123673
123677
123683
123692
123698
123709
123713
123714
123716
123733
123740
123745
123747
123750
123752
123759
123779
123785
123789
123795
123798
123807
123813
123814
123821
123835
123869
123875
123888
123902
123919
123929
123957
123960
123978
123979
123989
123995
124000
124018
124027
124050
124051
124055
124072
124074
124079
124087
124105
124128
124129
124130
124138
124142
124143
124148
124151
124153
124163
124169
124179
124182
124185
124186
124190
124212
124222
124235
124242
124247
124249
124250
124260
124270
124286
124293
124299
124314
124321
124334
124350
124362
124380
124382
124383
124395
124406
124414
124420
124446
124464
124472
124474
124475
124487
124495
124496
124499
124508
124512
124515
124527
124545
124569
124584
124611
124613
124624
124625
124629
124631
124637
124638
124648
124650
124656
124667
124671
124686
124704
124731
124737
124746
124753
124758
124761
124762
124768
124773
124784
124785
124799
124803
124810
124830
124832
124837
124838
124855
124862
124863
124864
124883
124891
124892
124893
124901
124917
124919
124927
124932
124967
124985
124990
124991
124995
124996
125001
125004
125008
125028
125035
125036
125039
125042
125049
125062
125064
125071
125086
125090
125107
125113
125125
125138
125140
125144
125158
125164
125165
125169
125191
125192
125196
125207
125210
125227
125236
125261
125264
125266
125273
125276
125278
125298
125303
125323
125327
125333
125338
125343
125349
125354
125360
125366
125367
125370
125379
125380
125382
125389
125391
125409
125418
125421
125426
125428
125433
125441
125443
125472
125494
125509
125516
125517
125523
125524
125529
125535
125547
125552
125554
125570
125571
125597
125609
125620
125625
125627
125628
125631
125638
125640
125645
125657
125665
125688
125697
125698
125700
125709
125722
125740
125749
125766
125775
125776
125782
125784
125788
125794
125797
125808
125826
125827
125833
125845
125862
125864
125869
125870
125881
125895
125899
125906
125907
125923
125925
125932
125941
125951
125958
125960
125973
125993
125995
125999
126006
126036
126048
126057
126059
126080
126081
126086
126093
126103
126112
126113
126135
126136
126146
126153
126154
126157
126163
126169
126171
126174
126185
126194
126199
126205
126214
126228
126229
126234
126244
126250
126256
126257
126274
126275
126285
126290
126295
126301
126303
126320
126326
126327
126332
126344
126345
126356
126363
126369
126383
126401
126407
126408
126410
126416
126418
126422
126423
126424
126429
126431
126467
126468
126474
126476
126477
126487
126496
126498
126502
126544
126545
126558
126566
126570
126579
126582
126595
126607
126613
126621
126627
126639
126644
126645
126647
126655
126656
126657
126667
126683
126684
126694
126709
126719
126721
126736
126742
126746
126763
126766
126767
126800
126803
126807
126809
126816
126826
126833
126836
126847
126853
126857
126859
126861
126862
126896
126904
126907
126912
126913
126919
126937
126956
126966
126971
126979
126981
126983
126992
126996
127001
127009
127010
127014
127028
127035
127039
127046
127053
127057
127075
127078
127096
127097
127116
127124
127125
127129
127130
127144
127149
127162
127176
127177
127181
127188
127194
127195
127197
127204
127208
127220
127225
127237
127252
127257
127264
127267
127271
127292
127296
127305
127342
127351
127352
127360
127373
127381
127382
127386
127403
127415
127417
127419
127430
127437
127438
127450
127458
127466
127470
127477
127478
127487
127490
127500
127509
127514
127517
127521
127525
127528
127540
127548
127555
127559
127561
127571
127588
127589
127596
127602
127603
127605
127613
127644
127653
127656
127680
127682
127688
127707
127711
127714
127722
127744
127757
127761
127762
127766
127769
127786
127801
127807
127810
127815
127825
127838
127841
127850
127853
127854
127864
127865
127879
127903
127909
127922
127937
127944
127955
127966
127986
128007
128010
128018
128023
128027
128034
128035
128040
128062
128078
128085
128096
128105
128126
128134
128139
128150
128158
128174
128178
128184
128192
128198
128199
128201
128213
128214
128218
128223
128227
128246
128256
128257
128258
128261
128268
128273
128276
128297
128299
128302
128304
128308
128309
128320
128337
128348
128353
128361
128362
128365
128369
128377
128382
128408
128444
128453
128454
128456
128462
128476
128478
128489
128502
128512
128542
128544
128550
128562
128580
128589
128590
128596
128599
128601
128620
128628
128632
128636
128637
128639
128653
128656
128665
128670
128679
128680
128686
128698
128713
128726
128728
128738
128739
128740
128754
128759
128765
128768
128775
128787
128795
128796
128799
128817
128823
128843
128855
128856
128858
128861
128881
128899
128927
128931
128936
128952
128957
128960
128961
128970
128987
128990
129008
129020
129034
129047
129048
129051
129052
129055
129085
129090
129098
129108
129111
129134
129138
129153
129155
129166
129197
129200
129229
129240
129249
129256
129269
129278
129279
129294
129296
129312
129318
129323
129325
129331
129332
129339
129345
129354
129373
129380
129391
129392
129403
129404
129406
129408
129410
129415
129421
129437
129438
129455
129493
129499
129500
129503
129506
129513
129543
129547
129550
129567
129568
129580
129582
129585
129603
129631
129638
129651
129662
129665
129667
129669
129675
129685
129687
129694
129710
129711
129729
129736
129738
129742
129746
129760
129767
129770
129773
129775
129783
129795
129797
129806
129807
129833
129843
129845
129847
129851
129857
129858
129859
129861
129876
129877
129889
129900
129914
129921
129923
129931
129932
129944
129970
129971
129981
129996
129997
130012
130020
130021
130023
130028
130040
130041
130046
130051
130056
130069
130092
130112
130130
130145
130159
130163
130173
130192
130193
130198
130199
130222
130237
130238
130239
130249
130250
130261
130297
130315
130324
130325
130326
130332
130365
130377
130379
130400
130410
130414
130418
130443
130471
130477
130479
130501
130503
130510
130512
130513
130518
130521
130522
130527
130535
130539
130542
130560
130565
130585
130589
130590
130592
130598
130601
130616
130629
130632
130641
130643
130667
130685
130691
130711
130724
130738
130739
130741
130752
130758
130763
130767
130771
130772
130774
130775
130786
130800
130814
130818
130822
130824
130831
130832
130837
130847
130848
130850
130853
130855
130868
130876
130893
130895
130908
130910
130918
130938
130960
130988
131025
131036
131050
131069
131078
131113
131122
131165
131172
131182
131185
131197
131201
131202
131204
131218
131227
131235
131237
131250
131253
131265
131269
131283
131292
131294
131295
131305
131311
131323
131328
131332
131352
131354
131357
131367
131377
131385
131387
131400
131404
131419
131425
131429
131453
131457
131467
131477
131494
131495
131510
131522
131536
131545
131554
131568
131606
131661
131663
131671
131684
131690
131691
131692
131702
131705
131714
131725
131734
131743
131748
131766
131769
131771
131772
131798
131810
131833
131840
131856
131877
131882
131894
131895
131897
131902
131908
131918
131926
131936
131937
131939
131941
131942
131951
131957
131967
132001
132007
132013
132019
132020
132026
132031
132034
132036
132037
132071
132072
132075
132081
132125
132140
132153
132159
132165
132170
132174
132175
132208
132209
132215
132232
132237
132241
132244
132255
132265
132266
132269
132294
132302
132307
132330
132340
132368
132377
132392
132397
132398
132399
132406
132408
132414
132415
132432
132433
132442
132443
132444
132453
132454
132458
132459
132468
132472
132483
132494
132506
132536
132545
132562
132579
132580
132583
132584
132608
132616
132636
132647
132650
132652
132666
132676
132677
132693
132703
132708
132727
132745
132748
132760
132768
132769
132783
132786
132793
132796
132797
132806
132817
132819
132820
132821
132824
132828
132849
132879
132891
132893
132896
132902
132909
132926
132938
132952
132958
132968
132969
132973
132981
132988
132991
133002
133007
133008
133031
133034
133042
133046
133052
133065
133074
133111
133126
133148
133156
133169
133175
133185
133194
133199
133203
133204
133213
133222
133248
133262
133271
133272
133275
133314
133350
133364
133374
133387
133406
133412
133426
133437
133445
133453
133454
133456
133464
133471
133472
133481
133482
133483
133506
133514
133519
133532
133533
133535
133547
133549
133584
133591
133598
133615
133616
133619
133666
133670
133674
133684
133686
133688
133694
133700
133704
133715
133723
133739
133741
133742
133753
133756
133760
133762
133795
133802
133821
133822
133824
133827
133828
133851
133852
133859
133873
133892
133898
133906
133916
133928
133929
133939
133941
133957
133967
133968
134003
134005
134053
134065
134066
134087
134098
134122
134137
134158
134161
134165
134174
134184
134194
134202
134203
134209
134215
134244
134246
134272
134301
134303
134317
134334
134346
134349
134351
134364
134375
134378
134383
134388
134418
134419
134420
134428
134434
134456
134458
134463
134470
134473
134475
134477
134486
134492
134494
134497
134501
134505
134532
134540
134558
134563
134583
134607
134608
134612
134626
134628
134636
134644
134652
134661
134666
134673
134681
134687
134700
134735
134751
134752
134754
134762
134770
134772
134775
134777
134799
134806
134819
134828
134834
134855
134856
134863
134874
134876
134883
134889
134890
134902
134903
134904
134918
134920
134929
134977
134985
134992
134996
134998
135013
135019
135021
135025
135052
135053
135065
135076
135078
135091
135102
135104
135105
135113
135119
135121
135126
135131
135134
135136
135190
135194
135257
135262
135281
135293
135303
135324
135327
135341
135346
135356
135361
135376
135385
135392
135396
135397
135398
135399
135401
135431
135440
135443
135451
135461
135462
135476
135484
135498
135501
135520
135524
135535
135548
135549
135559
135572
135580
135581
135582
135583
135589
135599
135602
135603
135609
135616
135619
135640
135641
135653
135658
135677
135682
135690
135695
135700
135727
135738
135753
135766
135767
135777
135793
135816
135824
135826
135835
135839
135847
135849
135852
135868
135869
135873
135875
135886
135915
135920
135921
135945
135950
135959
135974
135975
135987
135991
135998
136010
136013
136020
136027
136040
136051
136059
136107
136121
136124
136134
136147
136148
136170
136185
136199
136202
136219
136227
136231
136235
136240
136248
136262
136263
136272
136292
136313
136319
136333
136335
136336
136341
136344
136346
136364
136369
136386
136422
136452
136463
136468
136473
136475
136477
136507
136520
136524
136548
136578
136581
136596
136619
136642
136643
136644
136649
136660
136668
136669
136670
136682
136697
136712
136718
136729
136730
136732
136738
136740
136751
136764
136771
136772
136773
136780
136796
136797
136830
136835
136842
136853
136854
136855
136885
136898
136903
136909
136910
136912
136920
136934
136938
136940
136996
137007
137008
137010
137029
137063
137080
137082
137094
137099
137104
137116
137129
137135
137149
137155
137157
137162
137163
137165
137166
137171
137180
137183
137194
137208
137211
137213
137230
137231
137236
137242
137247
137265
137280
137285
137291
137295
137296
137305
137308
137320
137333
137354
137355
137385
137394
137408
137411
137419
137422
137423
137429
137431
137442
137446
137460
137464
137477
137479
137488
137495
137519
137528
137531
137540
137568
137577
137595
137597
137601
137609
137617
137655
137660
137667
137680
137693
137694
137705
137709
137712
137745
137746
137771
137772
137782
137792
137803
137813
137828
137831
137832
137836
137838
137843
137856
137858
137860
137862
137881
137886
137893
137911
137914
137917
137931
137947
137972
137989
138003
138055
138065
138066
138095
138105
138126
138131
138133
138134
138136
138141
138149
138170
138171
138178
138189
138217
138231
138235
138238
138239
138248
138250
138260
138288
138345
138357
138368
138395
138405
138420
138421
138424
138425
138427
138476
138492
138504
138509
138521
138524
138555
138569
138572
138580
138588
138594
138600
138623
138636
138640
138642
138683
138684
138688
138689
138691
138703
138729
138761
138768
138771
138772
138778
138813
138815
138829
138831
138833
138854
138857
138869
138886
138907
138918
138935
138936
138937
138952
138989
138994
139038
139056
139064
139068
139070
139073
139084
139106
139111
139116
139131
139160
139165
139188
139196
139206
139209
139245
139259
139271
139273
139276
139282
139296
139299
139322
139340
139347
139351
139354
139376
139384
139385
139392
139403
139406
139426
139429
139433
139476
139479
139492
139520
139537
139552
139556
139569
139583
139599
139611
139614
139630
139637
139644
139647
139676
139680
139683
139720
139733
139751
139752
139753
139761
139784
139817
139818
139836
139837
139841
139856
139889
139891
139905
139906
139911
139924
139952
139954
139959
139970
139975
140014
140015
140029
140030
140046
140052
140054
140056
140058
140099
140101
140113
140117
140118
140121
140135
140137
140144
140146
140149
140161
140178
140190
140191
140193
140207
140242
140243
140255
140259
140285
140287
140305
140308
140310
140322
140346
140351
140376
140398
140411
140412
140413
140418
140419
140425
140426
140445
140448
140478
140497
140517
140531
140544
140546
140557
140571
140576
140582
140585
140589
140591
140595
140627
140628
140650
140658
140668
140671
140682
140692
140721
140726
140738
140752
140762
140769
140770
140771
140775
140776
140793
140800
140801
140809
140810
140816
140830
140838
140851
140863
140864
140877
140917
140925
140930
140976
140987
140988
140991
141018
141026
141066
141080
141091
141093
141106
141107
141110
141124
141162
141182
141186
141199
141210
141224
141226
141239
141258
141259
141274
141278
141284
141298
141303
141313
141334
141339
141346
141354
141364
141366
141381
141398
141405
141406
141407
141419
141429
141436
141437
141456
141457
141461
141468
141485
141503
141505
141507
141516
141518
141537
141543
141550
141556
141570
141572
141575
141612
141614
141640
141641
141643
141657
141658
141692
141696
141712
141728
141732
141734
141748
141753
141769
141771
141776
141807
141813
141823
141839
141853
141860
141874
141875
141878
141892
141893
141907
141909
141916
141947
141948
141954
141983
142003
142023
142024
142026
142036
142061
142079
142081
142083
142124
142143
142159
142160
142161
142165
142172
142192
142194
142197
142202
142221
142260
142266
142268
142295
142311
142321
142371
142373
142377
142379
142384
142394
142419
142470
142472
142473
142510
142511
142514
142520
142536
142538
142546
142560
142562
142563
142581
142582
142599
142624
142652
142654
142658
142662
142664
142668
142679
142681
142683
142690
142703
142706
142707
142723
142725
142727
142731
142733
142736
142737
142744
142748
142750
142773
142788
142794
142799
142817
142820
142862
142866
142870
142875
142887
142888
142917
142922
142923
142928
142950
142951
142971
142986
143019
143037
143048
143049
143050
143055
143084
143085
143109
143110
143114
143117
143120
143136
143141
143155
143163
143172
143191
143194
143204
143205
143206
143217
143228
143233
143234
143249
143251
143262
143271
143274
143289
143291
143292
143294
143296
143325
143326
143332
143333
143374
143380
143400
143415
143419
143455
143456
143476
143485
143486
143493
143513
143519
143525
143526
143549
143551
143552
143577
143591
143597
143602
143640
143659
143671
143673
143687
143739
143740
143758
143768
143785
143803
143812
143816
143817
143836
143837
143841
143843
143858
143867
143868
143892
143897
143915
143917
143926
143929
143959
143961
143983
143988
143991
144001
144020
144021
144065
144071
144072
144094
144114
144118
144120
144130
144133
144137
144143
144144
144162
144176
144181
144195
144201
144204
144206
144218
144220
144225
144228
144241
144248
144266
144267
144269
144298
144309
144316
144317
144321
144324
144325
144342
144344
144346
144353
144356
144371
144376
144378
144379
144392
144402
144407
144421
144426
144428
144438
144459
144484
144485
144490
144511
144514
144515
144520
144525
144530
144545
144555
144563
144587
144591
144601
144602
144604
144608
144632
144723
144746
144763
144804
144806
144823
144827
144852
144853
144864
144875
144877
144894
144895
144898
144901
144917
144944
144945
144948
144950
144963
144985
145007
145038
145043
145045
145055
145063
145067
145080
145096
145116
145122
145124
145139
145164
145227
145244
145272
145277
145315
145335
145336
145339
145342
145361
145377
145378
145379
145400
145401
145403
145405
145427
145428
145430
145447
145465
145469
145471
145494
145497
145498
145518
145527
145534
145536
145567
145569
145570
145592
145599
145609
145612
145613
145640
145656
145668
145689
145699
145709
145710
145713
145715
145772
145775
145780
145801
145802
145807
145809
145810
145814
145822
145824
145826
145830
145836
145850
145866
145873
145874
145875
145878
145892
145918
145921
145951
145952
145965
145970
145982
145984
146001
146002
146019
146027
146037
146039
146044
146061
146077
146083
146105
146125
146126
146134
146138
146179
146183
146184
146205
146209
146212
146259
146308
146311
146322
146326
146330
146360
146361
146362
146377
146378
146380
146428
146431
146435
146442
146453
146460
146461
146464
146481
146490
146491
146494
146512
146513
146514
146516
146522
146557
146558
146571
146577
146592
146593
146609
146616
146657
146660
146661
146673
146687
146689
146701
146705
146720
146724
146728
146744
146769
146772
146775
146777
146809
146829
146841
146850
146873
146874
146877
146879
146896
146899
146903
146951
146953
146971
146973
146995
146996
146999
147004
147009
147013
147050
147052
147053
147072
147074
147080
147134
147138
147272
147273
147294
147309
147313
147331
147332
147351
147355
147363
147366
147386
147387
147399
147409
147412
147413
147431
147433
147440
147460
147461
147463
147479
147482
147511
147518
147520
147543
147547
147548
147566
147571
147583
147602
147606
147608
147610
147613
147628
147632
147656
147663
147672
147681
147685
147698
147699
147725
147738
147761
147763
147769
147775
147795
147799
147800
147855
147862
147876
147880
147886
147919
147920
147925
147947
147958
147979
147989
148005
148006
148025
148032
148035
148055
148105
148109
148139
148153
148171
148173
148175
148184
148185
148196
148218
148219
148220
148221
148224
148226
148243
148248
148250
148251
148275
148276
148277
148283
148288
148290
148292
148294
148298
148299
148303
148317
148336
148344
148353
148355
148366
148368
148369
148376
148380
148386
148408
148419
148421
148437
148465
148466
148481
148490
148498
148503
148511
148513
148515
148518
148519
148520
148532
148552
148556
148564
148566
148569
148590
148601
148610
148624
148638
148644
148654
148656
148662
148663
148668
148675
148679
148684
148689
148703
148704
148734
148735
148743
148748
148750
148763
148767
148771
148772
148773
148774
148795
148813
148814
148823
148845
148850
148857
148859
148860
148867
148870
148882
148883
148884
148887
148894
148903
148905
148916
148921
148927
148933
148934
148935
148954
148963
148965
148971
148975
148982
148983
148985
148986
149000
149010
149028
149029
149031
149047
149048
149063
149069
149080
149107
149112
149113
149130
149132
149133
149145
149172
149175
149176
149177
149179
149185
149186
149201
149210
149225
149253
149257
149259
149261
149267
149276
149287
149292
149298
149299
149303
149314
149325
149329
149331
149355
149367
149368
149380
149381
149400
149405
149411
149437
149439
149461
149475
149478
149492
149494
149503
149512
149515
149526
149542
149546
149559
149565
149588
149590
149602
149608
149612
149615
149641
149657
149658
149663
149666
149667
149671
149673
149674
149675
149682
149686
149693
149700
149701
149713
149739
149755
149756
149767
149770
149773
149775
149793
149800
149808
149825
149832
149837
149840
149842
149854
149858
149877
149879
149882
149896
149902
149916
149918
149935
149951
149952
149956
149960
149989
149990
150004
150034
150039
150061
150066
150071
150075
150085
150089
150098
150104
150106
150107
150109
150110
150118
150134
150138
150168
150180
150213
150259
150283
150301
150313
150316
150324
150343
150373
150375
150382
150391
150400
150446
150452
150457
150458
150476
150501
150503
150517
150522
150547
150553
150558
150568
150578
150579
150593
150606
150615
150619
150626
150639
150647
150666
150668
150671
150673
150679
150689
150696
150703
150706
150715
150718
150726
150728
150733
150734
150750
150752
150753
150755
150756
150775
150784
150869
150872
150876
150887
150897
150898
150901
150908
150918
150922
150958
150961
150979
150988
150991
151016
151017
151018
151034
151035
151040
151042
151044
151053
151064
151068
151075
151076
151095
151106
151110
151129
151131
151136
151137
151140
151154
151160
151164
151168
151171
151173
151180
151194
151197
151200
151261
151267
151271
151272
151279
151311
151334
151339
151342
151375
151393
151410
151437
151451
151468
151469
151482
151484
151507
151520
151545
151552
151553
151570
151573
151578
151597
151598
151600
151629
151653
151658
151659
151660
151669
151680
151683
151717
151731
151733
151734
151743
151750
151751
151753
151771
151777
151786
151787
151791
151794
151796
151798
151800
151811
151825
151845
151847
151862
151864
151886
151888
151902
151903
151916
151921
151922
151931
151936
151987
151992
152015
152026
152062
152072
152080
152096
152098
152141
152157
152159
152162
152164
152178
152180
152183
152184
152187
152193
152194
152201
152220
152222
152228
152235
152245
152247
152250
152255
152257
152259
152266
152278
152279
152291
152293
152296
152298
152302
152303
152308
152315
152324
152329
152336
152340
152342
152349
152352
152362
152368
152383
152390
152397
152409
152412
152415
152421
152450
152460
152464
152474
152484
152495
152497
152501
152502
152510
152520
152531
152534
152539
152543
152550
152553
152562
152563
152571
152583
152604
152617
152619
152622
152629
152635
152639
152642
152646
152647
152650
152663
152665
152672
152688
152695
152710
152724
152738
152766
152769
152782
152787
152790
152815
152826
152834
152838
152859
152867
152874
152880
152900
152927
152939
152954
152977
152978
153003
153025
153026
153042
153054
153059
153061
153065
153080
153083
153084
153089
153094
153117
153122
153125
153137
153161
153171
153175
153178
153181
153182
153196
153203
153217
153219
153223
153228
153236
153241
153253
153264
153267
153273
153292
153299
153311
153322
153323
153324
153329
153332
153333
153370
153374
153376
153399
153404
153405
153409
153415
153420
153428
153429
153430
153444
153455
153464
153468
153471
153487
153499
153505
153558
153568
153582
153585
153588
153590
153604
153607
153608
153628
153645
153646
153665
153667
153675
153686
153688
153691
153699
153705
153711
153727
153733
153743
153745
153753
153754
153761
153797
153800
153802
153819
153823
153827
153828
153831
153837
153872
153877
153887
153910
153924
153926
153934
153950
153984
154012
154041
154042
154047
154051
154053
154082
154085
154088
154098
154099
154100
154125
154137
154156
154200
154208
154237
154257
154288
154309
154338
154344
154348
154352
154357
154359
154368
154369
154384
154386
154416
154420
154425
154433
154437
154439
154441
154456
154459
154462
154469
154470
154476
154488
154495
154506
154518
154519
154528
154532
154533
154538
154548
154549
154571
154572
154591
154593
154596
154634
154642
154655
154701
154708
154720
154723
154724
154734
154751
154780
154797
154831
154832
154845
154849
154858
154886
154892
154935
154944
154948
155003
155013
155023
155029
155053
155059
155082
155085
155105
155108
155109
155124
155126
155127
155129
155145
155149
155160
155166
155167
155172
155177
155182
155196
155200
155221
155233
155235
155240
155242
155244
155248
155251
155261
155263
155270
155272
155273
155287
155291
155296
155314
155317
155323
155328
155334
155355
155360
155361
155362
155372
155377
155380
155389
155399
155401
155403
155404
155415
155418
155425
155434
155436
155439
155449
155452
155474
155482
155513
155521
155523
155529
155531
155549
155557
155559
155563
155574
155576
155613
155618
155628
155630
155647
155648
155652
155657
155661
155670
155673
155677
155700
155702
155710
155723
155725
155727
155738
155755
155758
155767
155769
155770
155788
155793
155796
155813
155832
155833
155837
155838
155839
155846
155850
155852
155858
155862
155875
155880
155881
155883
155884
155917
155921
155926
155932
155940
155946
155954
155959
155979
155980
155982
155988
155999
156004
156012
156019
156022
156026
156046
156062
156063
156068
156070
156077
156078
156083
156086
156095
156098
156100
156102
156105
156111
156129
156137
156142
156148
156153
156177
156195
156196
156216
156223
156226
156228
156257
156263
156265
156288
156315
156333
156334
156338
156342
156344
156354
156377
156391
156403
156408
156418
156424
156429
156440
156453
156466
156475
156482
156484
156487
156488
156503
156505
156513
156524
156528
156532
156546
156556
156623
156627
156633
156648
156656
156658
156666
156679
156682
156697
156703
156716
156728
156746
156750
156755
156758
156763
156770
156782
156783
156785
156812
156815
156827
156836
156837
156839
156840
156854
156857
156860
156876
156878
156879
156880
156885
156900
156901
156905
156912
156924
156925
156926
156930
156944
156947
156958
156961
156962
156994
157001
157004
157016
157044
157045
157057
157061
157067
157085
157106
157108
157115
157120
157121
157152
157159
157162
157168
157179
157217
157220
157239
157240
157243
157244
157257
157268
157270
157299
157303
157321
157326
157334
157364
157365
157373
157379
157385
157407
157415
157422
157423
157424
157431
157457
157469
157470
157472
157478
157499
157517
157522
157526
157527
157542
157547
157548
157550
157563
157564
157576
157581
157583
157617
157626
157632
157638
157643
157650
157666
157673
157676
157679
157684
157715
157733
157744
157745
157751
157761
157769
157773
157776
157787
157806
157807
157829
157834
157835
157864
157876
157887
157914
157927
157946
157956
157958
157960
157972
157980
157988
157993
157997
158001
158006
158020
158026
158054
158065
158069
158076
158100
158132
158134
158139
158148
158149
158152
158157
158170
158171
158174
158190
158198
158213
158218
158227
158252
158255
158278
158279
158297
158313
158323
158332
158334
158340
158369
158406
158408
158409
158421
158434
158436
158439
158440
158450
158465
158477
158482
158492
158496
158506
158507
158512
158524
158531
158548
158553
158584
158591
158595
158598
158630
158660
158705
158740
158741
158743
158752
158778
158808
158810
158815
158819
158847
158855
158871
158907
158912
158926
158936
158952
158957
158961
158962
158981
158982
158992
158998
159016
159024
159029
159034
159053
159089
159097
159127
159130
159132
159155
159174
159197
159212
159220
159221
159235
159255
159259
159264
159284
159295
159296
159314
159337
159342
159353
159367
159378
159386
159391
159394
159404
159405
159406
159410
159415
159417
159432
159440
159444
159462
159467
159471
159476
159478
159481
159491
159524
159525
159526
159532
159534
159538
159543
159546
159547
159553
159559
159564
159567
159574
159575
159578
159579
159584
159599
159601
159603
159611
159620
159621
159636
159639
159643
159656
159661
159662
159665
159674
159689
159690
159702
159711
159719
159733
159735
159738
159744
159752
159754
159757
159801
159804
159816
159825
159844
159846
159856
159860
159865
159878
159879
159900
159906
159909
159927
159930
159931
159933
159940
159947
159953
159990
159992
159998
160007
160009
160013
160017
160026
160029
160040
160041
160042
160046
160054
160058
160059
160072
160075
160081
160091
160092
160100
160101
160102
160103
160111
160113
160119
160132
160138
160144
160151
160155
160160
160174
160176
160182
160188
160198
160203
160205
160225
160227
160235
160236
160237
160255
160256
160257
160263
160268
160276
160277
160281
160305
160306
160326
160343
160347
160354
160356
160363
160367
160369
160390
160398
160399
160406
160417
160420
160422
160429
160433
160434
160441
160443
160450
160454
160462
160472
160474
160476
160481
160483
160490
160514
160515
160520
160529
160531
160535
160537
160539
160543
160545
160546
160553
160557
160572
160573
160580
160583
160585
160595
160597
160605
160608
160611
160612
160617
160646
160651
160661
160662
160663
160670
160678
160686
160690
160691
160706
160708
160719
160723
160730
160737
160740
160763
160774
160775
160780
160781
160786
160790
160797
160800
160804
160806
160811
160828
160830
160840
160848
160854
160857
160862
160864
160867
160868
160887
160891
160907
160914
160934
160950
160954
160957
160963
160975
160984
160986
160990
160994
160996
160997
161013
161014
161017
161020
161033
161034
161044
161054
161058
161072
161076
161082
161092
161105
161117
161122
161133
161145
161148
161153
161154
161171
161181
161185
161200
161201
161202
161213
161219
161224
161238
161243
161252
161253
161265
161272
161274
161281
161282
161284
161287
161293
161304
161310
161312
161320
161330
161331
161336
161338
161340
161344
161349
161350
161362
161371
161377
161382
161398
161421
161425
161427
161431
161439
161441
161476
161479
161480
161482
161491
161494
161495
161503
161508
161513
161516
161519
161530
161546
161553
161555
161557
161586
161587
161590
161592
161593
161595
161604
161607
161619
161628
161629
161634
161642
161655
161656
161657
161661
161670
161674
161680
161687
161690
161699
161703
161704
161705
161707
161716
161730
161731
161736
161737
161740
161752
161753
161758
161762
161774
161778
161781
161795
161802
161804
161805
161816
161824
161829
161830
161836
161841
161847
161848
161854
161858
161860
161863
161864
161867
161872
161877
161880
161886
161887
161888
161889
161899
161902
161910
161919
161923
161929
161931
161934
161938
161955
161967
161971
161981
161982
161988
161996
162000
162016
162021
162040
162044
162066
162074
162081
162084
162092
162093
162095
162096
162098
162103
162109
162118
162136
162141
162148
162152
162174
162182
162183
162193
162197
162198
162209
162211
162216
162217
162237
162239
162247
162263
162266
162268
162270
162281
162282
162289
162307
162313
162318
162320
162322
162325
162329
162336
162354
162365
162368
162371
162376
162381
162391
162398
162405
162424
162426
162446
162448
162451
162452
162482
162488
162506
162527
162531
162532
162534
162542
162562
162572
162574
162585
162587
162588
162592
162600
162619
162620
162626
162636
162641
162648
162652
162663
162665
162666
162674
162702
162721
162726
162735
162748
162750
162754
162762
162780
162784
162785
162792
162808
162811
162824
162828
162831
162838
162844
162845
162853
162863
162868
162871
162878
162880
162881
162889
162893
162900
162908
162910
162912
162932
162968
162975
162991
162997
163001
163003
163005
163009
163019
163023
163026
163029
163039
163053
163060
163066
163083
163084
163096
163135
163137
163143
163144
163175
163190
163206
163207
163212
163245
163265
163268
163271
163276
163282
163289
163291
163296
163320
163322
163330
163339
163354
163364
163366
163368
163373
163380
163387
163396
163400
163403
163409
163410
163412
163426
163430
163448
163468
163478
163487
163512
163514
163516
163520
163528
163549
163555
163580
163581
163595
163598
163600
163607
163613
163632
163639
163659
163663
163664
163696
163701
163715
163723
163727
163729
163732
163740
163752
163755
163759
163771
163772
163780
163794
163798
163799
163803
163822
163834
163836
163847
163858
163861
163865
163883
163889
163910
163913
163914
163915
163919
163926
163935
163944
163948
163953
163956
163965
163967
163972
163980
163981
163993
164005
164010
164014
164020
164022
164027
164029
164033
164046
164048
164053
164055
164057
164064
164075
164091
164095
164119
164120
164128
164135
164145
164151
164153
164164
164165
164167
164168
164172
164173
164180
164191
164220
164236
164238
164241
164249
164260
164265
164274
164276
164283
164289
164290
164302
164311
164330
164345
164346
164356
164362
164365
164369
164377
164379
164383
164387
164393
164395
164396
164436
164443
164447
164460
164465
164475
164488
164489
164495
164525
164527
164550
164573
164577
164578
164584
164593
164600
164610
164631
164641
164653
164680
164691
164694
164709
164714
164728
164734
164736
164738
164753
164759
164774
164777
164779
164785
164792
164793
164817
164823
164829
164832
164836
164838
164840
164847
164863
164877
164887
164891
164896
164901
164924
164944
164951
164959
164965
164968
164972
164973
164975
164985
164989
164993
165007
165010
165025
165033
165034
165037
165042
165050
165051
165059
165060
165076
165089
165091
165092
165093
165098
165099
165101
165135
165138
165142
165153
165177
165202
165203
165208
165233
165235
165243
165273
165291
165294
165298
165302
165303
165313
165320
165326
165334
165337
165341
165393
165411
165429
165434
165438
165452
165456
165472
165495
165499
165500
165503
165513
165528
165538
165541
165547
165549
165550
165554
165579
165606
165627
165628
165629
165632
165635
165644
165646
165659
165670
165673
165680
165690
165691
165703
165708
165724
165725
165733
165735
165757
165765
165771
165776
165800
165807
165819
165823
165826
165831
165843
165845
165847
165870
165879
165882
165891
165896
165911
165913
165916
165923
165925
165928
165949
165950
165978
166001
166007
166019
166028
166035
166036
166042
166058
166074
166087
166107
166129
166155
166165
166189
166197
166200
166203
166212
166234
166240
166250
166272
166276
166280
166283
166305
166333
166341
166351
166375
166376
166378
166408
166419
166421
166431
166433
166453
166454
166459
166471
166486
166500
166507
166515
166522
166523
166525
166528
166530
166533
166541
166574
166593
166599
166607
166620
166628
166664
166666
166692
166697
166713
166725
166738
166741
166760
166762
166775
166776
166789
166790
166802
166819
166830
166833
166843
166847
166862
166870
166885
166899
166901
166903
166916
166937
166941
166943
166945
166959
166990
166997
167039
167040
167079
167086
167087
167096
167108
167115
167116
167137
167157
167164
167167
167173
167188
167190
167215
167216
167218
167223
167233
167237
167239
167242
167248
167253
167274
167281
167293
167319
167361
167363
167368
167372
167380
167381
167392
167393
167395
167401
167402
167403
167409
167412
167414
167421
167424
167428
167434
167444
167449
167472
167475
167479
167490
167500
167532
167534
167551
167560
167565
167581
167607
167608
167616
167620
167638
167644
167647
167660
167661
167684
167700
167701
167712
167737
167745
167757
167772
167810
167812
167829
167833
167862
167863
167864
167868
167870
167882
167893
167898
167900
167917
167921
167967
167974
167975
167978
167979
167980
167985
168000
168014
168046
168051
168053
168068
168071
168085
168086
168092
168101
168102
168103
168130
168144
168158
168160
168168
168179
168185
168190
168201
168223
168232
168238
168247
168256
168266
168276
168281
168293
168300
168315
168324
168331
168335
168354
168372
168393
168412
168427
168429
168430
168439
168445
168466
168516
168517
168549
168551
168552
168557
168558
168566
168575
168655
168660
168675
168683
168684
168689
168696
168709
168723
168726
168732
168784
168810
168814
168815
168825
168831
168838
168839
168845
168848
168853
168863
168881
168889
168891
168892
168904
168917
168953
168956
168964
168971
168975
168977
168979
168981
168998
169001
169006
169016
169022
169023
169026
169031
169042
169054
169056
169059
169086
169088
169089
169091
169095
169100
169103
169111
169121
169130
169132
169143
169151
169154
169156
169175
169181
169182
169189
169200
169203
169211
169230
169237
169239
169246
169247
169248
169249
169260
169261
169262
169263
169272
169273
169283
169286
169327
169346
169361
169378
169382
169398
169404
169412
169413
169415
169417
169424
169439
169450
169457
169479
169484
169489
169503
169512
169537
169551
169553
169558
169579
169581
169612
169614
169615
169617
169622
169626
169629
169631
169632
169646
169647
169650
169670
169675
169684
169699
169703
169723
169733
169735
169749
169779
169786
169814
169817
169822
169898
169917
169928
169941
169943
169961
169968
170115
170127
170135
170147
170162
170204
170211
170247
170248
170253
170286
170313
170330
170349
170375
170399
170410
170437
170458
170465
170492
170496
170508
170521
170546
170561
170605
170641
170653
170660
170667
170674
170728
170733
170785
170795
170800
170801
170803
170812
170824
170834
170851
170854
170859
170872
170887
170890
170920
170971
171014
171069
171070
171100
171153
171161
171172
171176
171202
171203
171222
171233
171237
171240
171253
171270
171277
171298
171300
171309
171313
171323
171326
171329
171349
171356
171370
171374
171381
171397
171413
171449
171454
171462
171464
171479
171489
171493
171502
171530
171544
171573
171574
171585
171588
171598
171601
171604
171613
171635
171643
171654
171665
171690
171694
171742
171774
171784
171786
171812
171814
171836
171841
171869
171881
171893
171903
171907
171908
171929
171937
171946
171954
171961
171968
171970
171971
171972
171997
172031
172043
172044
172060
172065
172066
172069
172080
172089
172097
172103
172113
172118
172131
172148
172178
172179
172182
172189
172196
172219
172240
172246
172248
172251
172282
172293
172304
172308
172325
172341
172372
172373
172383
172401
172405
172429
172438
172439
172463
172468
172491
172499
172501
172503
172505
172509
172510
172527
172534
172544
172565
172581
172587
172590
172600
172605
172622
172631
172646
172649
172656
172679
172700
172706
172709
172735
172738
172776
172783
172799
172800
172805
172808
172814
172815
172822
172827
172830
172871
172876
172930
172941
172946
172960
172981
172983
172987
172988
173016
173019
173023
173033
173046
173068
173073
173105
173114
173124
173131
173141
173171
173175
173191
173196
173206
173209
173215
173223
173231
173273
173289
173328
173340
173348
173362
173377
173382
173392
173395
173397
173398
173399
173431
173435
173445
173448
173456
173462
173472
173483
173499
173519
173526
173533
173534
173545
173571
173574
173580
173584
173608
173609
173618
173622
173637
173639
173655
173656
173676
173681
173698
173706
173714
173723
173735
173740
173744
173759
173775
173791
173801
173830
173849
173861
173874
173877
173884
173893
173894
173923
173925
173928
173935
173965
173977
173994
174010
174016
174018
174029
174034
174051
174052
174061
174067
174073
174094
174098
174100
174109
174119
174120
174137
174154
174156
174163
174166
174168
174172
174177
174211
174213
174219
174242
174244
174267
174282
174285
174286
174298
174302
174311
174319
174338
174344
174347
174367
174394
174408
174418
174419
174426
174442
174445
174456
174467
174469
174471
174489
174499
174500
174503
174504
174510
174555
174556
174564
174573
174629
174635
174641
174648
174649
174653
174663
174674
174695
174697
174718
174730
174746
174747
174750
174753
174763
174765
174775
174785
174786
174793
174795
174796
174818
174840
174850
174851
174862
174864
174871
174873
174887
174889
174904
174906
174907
174908
174910
174932
174937
174938
174942
174945
174951
174954
174964
174989
174990
174999
175002
175032
175033
175035
175056
175061
175065
175068
175080
175099
175110
175119
175126
175134
175137
175139
175143
175152
175154
175161
175163
175177
175185
175198
175213
175221
175273
175292
175295
175298
175313
175318
175321
175323
175326
175333
175417
175437
175465
175481
175487
175513
175517
175525
175532
175548
175565
175570
175578
175588
175592
175594
175599
175617
175631
175633
175650
175671
175688
175692
175726
175753
175762
175764
175783
175785
175789
175792
175810
175811
175815
175817
175818
175820
175827
175836
175840
175850
175852
175858
175862
175864
175866
175872
175903
175916
175917
175931
175941
175944
175948
175956
175967
175970
175975
175978
175992
176013
176028
176034
176039
176053
176060
176064
176070
176071
176091
176122
176133
176134
176135
176144
176155
176162
176191
176206
176217
176219
176222
176231
176255
176278
176288
176295
176308
176318
176320
176323
176325
176335
176339
176363
176373
176374
176376
176396
176421
176429
176447
176469
176472
176473
176474
176520
176524
176543
176549
176563
176586
176590
176605
176643
176675
176694
176707
176720
176722
176733
176742
176751
176781
176816
176821
176862
176878
176881
176883
176892
176906
176910
176927
176969
176971
176986
177004
177005
177008
177022
177034
177040
177054
177057
177063
177070
177082
177143
177150
177162
177198
177205
177209
177218
177219
177228
177234
177237
177247
177251
177260
177274
177280
177283
177289
177295
177296
177306
177311
177312
177320
177322
177323
177346
177347
177355
177401
177407
177428
177437
177460
177474
177478
177481
177498
177512
177527
177532
177537
177551
177552
177556
177558
177574
177593
177603
177606
177621
177626
177636
177638
177650
177652
177675
177685
177686
177694
177699
177724
177727
177738
177779
177785
177787
177791
177824
177838
177844
177857
177858
177860
177873
177878
177883
177884
177885
177897
177923
177924
177947
177949
177955
177967
177968
177973
178004
178005
178012
178013
178022
178030
178046
178054
178088
178091
178093
178107
178115
178116
178150
178165
178170
178177
178189
178198
178203
178229
178242
178256
178263
178264
178277
178288
178292
178310
178311
178326
178335
178350
178356
178358
178359
178368
178381
178393
178415
178421
178442
178444
178448
178454
178456
178457
178461
178462
178466
178471
178484
178490
178492
178498
178501
178504
178520
178525
178540
178541
178590
178599
178617
178633
178649
178655
178657
178669
178691
178698
178709
178757
178775
178781
178799
178800
178812
178814
178831
178838
178848
178868
178873
178881
178895
178903
178912
178920
178924
178948
178959
178965
178968
178969
178976
178986
178987
178988
179027
179056
179063
179072
179081
179082
179094
179102
179106
179126
179129
179141
179144
179147
179154
179171
179175
179183
179228
179229
179232
179249
179256
179266
179273
179294
179307
179311
179313
179326
179337
179342
179343
179346
179348
179367
179378
179389
179392
179395
179398
179403
179405
179416
179418
179442
179462
179476
179488
179507
179508
179522
179539
179541
179543
179576
179582
179586
179595
179601
179610
179614
179619
179620
179623
179636
179651
179664
179691
179707
179714
179731
179733
179734
179735
179742
179743
179749
179767
179768
179779
179797
179805
179810
179812
179836
179843
179871
179875
179895
179896
179897
179899
179908
179923
179927
179928
179950
179964
179977
180004
180014
180017
180022
180023
180025
180035
180036
180040
180056
180061
180076
180088
180092
180096
180118
180130
180132
180133
180137
180139
180159
180164
180176
180178
180179
180183
180202
180215
180216
180225
180231
180240
180257
180264
180282
180297
180305
180310
180311
180320
180343
180346
180352
180359
180364
180367
180373
180376
180394
180398
180406
180429
180430
180440
180441
180457
180458
180465
180473
180478
180481
180494
180497
180515
180522
180547
180548
180549
180559
180574
180590
180592
180613
180614
180629
180653
180664
180670
180671
180673
180690
180729
180731
180733
180735
180746
180756
180758
180766
180771
180783
180784
180794
180798
180801
180817
180836
180857
180871
180872
180874
180889
180904
180907
180915
180920
180927
180934
180935
180944
180945
180952
180994
180995
180998
181005
181008
181015
181022
181023
181027
181028
181036
181041
181056
181063
181078
181089
181094
181110
181111
181115
181119
181131
181140
181145
181149
181155
181159
181171
181175
181178
181182
181198
181215
181221
181223
181228
181234
181243
181245
181263
181264
181283
181290
181291
181299
181341
181343
181352
181368
181393
181394
181397
181399
181404
181410
181444
181447
181462
181474
181479
181501
181502
181506
181509
181511
181522
181534
181546
181548
181567
181571
181573
181583
181597
181598
181604
181609
181610
181627
181652
181661
181677
181682
181685
181707
181711
181713
181716
181717
181727
181729
181751
181755
181761
181769
181784
181792
181796
181801
181802
181805
181815
181825
181840
181848
181855
181868
181872
181887
181902
181906
181912
181936
181938
181945
181971
181973
181977
181992
181993
182013
182018
182028
182029
182034
182038
182047
182055
182076
182081
182082
182094
182102
182112
182116
182128
182131
182141
182145
182150
182157
182178
182184
182187
182193
182199
182204
182222
182226
182228
182238
182248
182262
182287
182296
182305
182309
182317
182326
182327
182330
182343
182346
182358
182365
182373
182383
182388
182402
182410
182417
182446
182457
182463
182485
182497
182499
182501
182505
182550
182555
182556
182561
182563
182564
182569
182612
182621
182640
182643
182648
182666
182667
182672
182695
182705
182745
182760
182761
182776
182779
182807
182808
182820
182828
182839
182848
182853
182862
182863
182872
182876
182877
182905
182920
182923
182926
182929
182979
183012
183017
183027
183047
183080
183084
183117
183120
183142
183149
183150
183162
183167
183168
183195
183197
183199
183231
183249
183256
183262
183267
183268
183304
183307
183315
183331
183353
183363
183367
183382
183384
183390
183397
183398
183420
183426
183431
183438
183449
183451
183481
183485
183497
183504
183525
183526
183560
183579
183580
183583
183584
183585
183586
183596
183600
183604
183610
183613
183646
183652
183662
183681
183714
183716
183724
183727
183737
183748
183763
183766
183779
183787
183792
183802
183803
183825
183830
183866
183871
183878
183879
183924
183960
183985
183994
184012
184013
184027
184036
184074
184077
184086
184092
184093
184104
184107
184131
184135
184140
184174
184175
184179
184196
184197
184198
184201
184203
184218
184221
184229
184237
184247
184267
184274
184277
184284
184288
184289
184290
184295
184296
184298
184302
184307
184308
184317
184337
184352
184367
184368
184371
184393
184396
184414
184431
184452
184455
184477
184482
184488
184493
184497
184504
184524
184527
184536
184541
184544
184545
184550
184568
184589
184590
184595
184603
184609
184610
184612
184613
184621
184645
184656
184658
184659
184663
184676
184686
184700
184706
184722
184734
184739
184744
184760
184761
184767
184782
184788
184794
184796
184798
184805
184824
184825
184839
184845
184849
184862
184883
184900
184911
184929
184943
184949
184955
184964
184985
184992
184998
185011
185016
185018
185019
185020
185023
185037
185038
185049
185052
185061
185079
185090
185098
185104
185113
185127
185129
185144
185149
185155
185165
185168
185173
185176
185184
185194
185204
185206
185210
185211
185233
185246
185248
185270
185275
185281
185286
185287
185288
185310
185338
185357
185361
185362
185364
185366
185374
185399
185401
185406
185413
185416
185440
185449
185450
185458
185474
185479
185504
185514
185516
185520
185540
185541
185555
185570
185577
185587
185588
185589
185594
185600
185623
185624
185625
185629
185630
185634
185639
185640
185659
185671
185672
185680
185685
185689
185710
185730
185735
185736
185750
185757
185763
185766
185786
185799
185800
185810
185814
185824
185825
185826
185830
185836
185847
185859
185861
185865
185871
185876
185883
185889
185899
185902
185908
185916
185918
185919
185952
185953
185958
185969
185977
185996
186000
186009
186032
186038
186039
186042
186049
186059
186060
186072
186081
186090
186091
186096
186104
186106
186107
186121
186143
186144
186162
186167
186170
186200
186202
186204
186212
186232
186233
186239
186252
186259
186271
186285
186292
186300
186301
186312
186314
186326
186366
186382
186414
186417
186427
186429
186455
186491
186503
186524
186525
186527
186544
186545
186548
186554
186556
186575
186581
186586
186642
186648
186662
186668
186669
186670
186672
186683
186691
186696
186712
186721
186728
186737
186741
186761
186762
186777
186779
186784
186785
186790
186825
186831
186833
186836
186844
186845
186863
186866
186870
186881
186891
186897
186901
186903
186929
186946
186963
186971
186974
186976
186984
186987
186988
186996
187020
187048
187069
187079
187090
187093
187099
187107
187119
187138
187156
187168
187169
187171
187183
187185
187206
187208
187217
187220
187221
187238
187240
187245
187259
187264
187265
187273
187276
187279
187283
187303
187310
187314
187323
187336
187350
187352
187353
187389
187398
187417
187423
187429
187430
187431
187445
187461
187471
187503
187518
187519
187524
187543
187547
187558
187559
187576
187578
187585
187592
187595
187615
187616
187626
187627
187631
187637
187640
187641
187652
187660
187668
187674
187679
187680
187682
187690
187696
187698
187699
187736
187737
187741
187746
187748
187760
187762
187778
187796
187802
187813
187836
187860
187861
187866
187877
187879
187894
187895
187897
187903
187913
187923
187924
187928
187932
187941
187957
187972
187982
188020
188050
188051
188059
188061
188067
188079
188095
188114
188121
188125
188135
188144
188153
188154
188155
188163
188172
188180
188193
188194
188204
188226
188235
188237
188241
188242
188252
188256
188294
188311
188317
188335
188338
188339
188364
188375
188387
188391
188395
188401
188415
188419
188420
188424
188431
188432
188444
188447
188451
188460
188461
188468
188471
188480
188487
188488
188489
188492
188497
188498
188502
188521
188523
188528
188537
188539
188555
188577
188586
188587
188590
188600
188606
188621
188631
188633
188634
188651
188659
188660
188671
188694
188713
188719
188761
188770
188780
188788
188789
188791
188795
188807
188810
188822
188824
188826
188827
188828
188859
188871
188872
188885
188889
188899
188900
188912
188917
188928
188933
188941
188942
188947
188948
188955
188966
188974
188982
188987
188988
188990
189035
189042
189050
189067
189068
189086
189091
189107
189108
189114
189118
189123
189151
189162
189163
189164
189200
189203
189205
189206
189213
189220
189226
189239
189246
189260
189264
189265
189281
189282
189304
189310
189312
189313
189323
189326
189332
189333
189341
189377
189395
189402
189403
189404
189406
189414
189418
189424
189439
189451
189452
189456
189466
189468
189499
189505
189507
189516
189518
189520
189522
189529
189539
189541
189551
189552
189554
189558
189565
189569
189572
189581
189602
189638
189643
189648
189662
189664
189666
189672
189681
189687
189688
189716
189726
189768
189772
189778
189786
189791
189796
189799
189804
189809
189811
189815
189816
189817
189824
189830
189832
189852
189867
189888
189904
189908
189914
189917
189945
189948
189952
189955
189979
190000
190007
190029
190036
190039
190047
190053
190066
190087
190092
190103
190128
190137
190145
190149
190156
190169
190183
190187
190193
190196
190202
190205
190223
190242
190252
190288
190296
190311
190312
190318
190335
190349
190355
190397
190400
190422
190423
190428
190431
190439
190440
190441
190445
190451
190453
190462
190463
190490
190500
190503
190505
190509
190516
190521
190523
190529
190540
190553
190561
190569
190577
190578
190586
190589
190600
190608
190616
190626
190627
190633
190634
190651
190652
190657
190660
190661
190662
190663
190664
190670
190683
190690
190691
190692
190719
190725
190728
190731
190738
190744
190745
190746
190775
190781
190787
190788
190804
190808
190818
190831
190841
190850
190867
190873
190876
190882
190886
190895
190898
190899
190904
190952
190961
190971
190982
190992
190994
190995
190997
190998
191010
191011
191016
191019
191027
191040
191042
191053
191054
191055
191058
191065
191066
191086
191088
191126
191133
191145
191161
191162
191188
191189
191198
191200
191201
191219
191220
191223
191229
191231
191233
191259
191260
191261
191280
191281
191301
191320
191355
191372
191375
191383
191394
191404
191421
191427
191458
191476
191497
191498
191506
191518
191540
191551
191552
191563
191567
191573
191574
191596
191601
191605
191608
191615
191616
191623
191624
191625
191640
191641
191644
191661
191663
191673
191677
191687
191693
191697
191706
191707
191719
191723
191726
191737
191741
191752
191772
191781
191793
191796
191806
191816
191839
191842
191864
191871
191872
191874
191880
191889
191911
191924
191929
191947
191957
191980
191981
191988
191996
192002
192011
192023
192026
192039
192047
192048
192063
192065
192089
192092
192129
192140
192145
192162
192176
192193
192200
192213
192224
192233
192235
192241
192243
192263
192280
192285
192292
192297
192307
192325
192327
192328
192329
192331
192342
192343
192346
192351
192367
192369
192393
192398
192402
192403
192405
192406
192433
192437
192446
192454
192465
192469
192483
192485
192504
192513
192558
192559
192560
192566
192575
192577
192590
192601
192606
192638
192640
192660
192663
192666
192669
192671
192678
192691
192699
192721
192722
192723
192729
192754
192756
192761
192771
192774
192788
192808
192810
192811
192825
192826
192827
192841
192845
192848
192858
192875
192883
192910
192915
192928
192935
192949
192972
192978
192980
192987
192995
192996
193003
193014
193032
193039
193040
193047
193051
193062
193063
193091
193101
193102
193108
193110
193123
193131
193137
193146
193147
193165
193172
193180
193185
193197
193224
193226
193233
193241
193242
193250
193264
193269
193271
193277
193285
193288
193291
193300
193303
193307
193315
193316
193335
193336
193371
193385
193397
193419
193420
193428
193443
193454
193466
193478
193511
193512
193521
193524
193526
193537
193542
193549
193563
193568
193588
193589
193591
193649
193663
193670
193678
193689
193693
193698
193699
193720
193722
193725
193732
193748
193773
193798
193802
193810
193814
193815
193821
193825
193827
193828
193834
193844
193857
193859
193860
193867
193879
193890
193891
193895
193903
193907
193917
193928
193940
193946
193953
193955
193972
193983
193993
194010
194037
194040
194047
194049
194053
194054
194062
194064
194072
194075
194080
194095
194100
194112
194119
194120
194142
194155
194157
194166
194175
194201
194217
194237
194240
194241
194248
194256
194277
194281
194283
194293
194303
194306
194315
194317
194320
194323
194336
194345
194346
194356
194377
194385
194403
194418
194419
194433
194434
194437
194449
194467
194469
194478
194503
194539
194549
194560
194568
194594
194598
194604
194612
194614
194618
194638
194642
194646
194652
194657
194660
194666
194669
194672
194679
194682
194694
194697
194707
194715
194716
194718
194723
194724
194730
194749
194762
194764
194765
194767
194786
194795
194806
194808
194814
194821
194827
194837
194847
194855
194864
194870
194878
194886
194905
194907
194919
194938
194940
194947
194956
194964
194978
194984
194988
194991
194993
195013
195016
195030
195057
195090
195104
195105
195107
195133
195144
195145
195146
195164
195172
195173
195176
195177
195193
195200
195203
195207
195223
195236
195259
195260
195266
195277
195290
195293
195300
195301
195317
195324
195327
195331
195337
195340
195351
195353
195395
195397
195406
195414
195424
195446
195461
195472
195478
195483
195487
195493
195503
195504
195507
195508
195518
195519
195531
195543
195544
195556
195564
195588
195597
195600
195613
195622
195643
195649
195659
195667
195670
195711
195739
195751
195753
195762
195766
195778
195789
195793
195807
195834
195836
195847
195868
195870
195885
195889
195892
195904
195918
195921
195931
195936
195946
195976
195978
196002
196003
196005
196030
196040
196041
196044
196057
196063
196071
196086
196093
196095
196100
196101
196102
196114
196118
196146
196147
196151
196154
196158
196159
196167
196169
196170
196171
196172
196198
196203
196208
196220
196221
196233
196259
196260
196265
196286
196288
196315
196336
196337
196338
196350
196352
196361
196380
196382
196389
196433
196450
196455
196457
196460
196472
196479
196494
196499
196521
196529
196531
196532
196546
196547
196553
196587
196633
196638
196646
196658
196669
196678
196693
196714
196726
196728
196745
196747
196758
196779
196780
196788
196790
196791
196797
196798
196811
196812
196818
196844
196845
196848
196849
196856
196861
196864
196886
196903
196909
196914
196932
196952
196982
196993
196994
197019
197039
197040
197041
197055
197062
197068
197069
197071
197072
197076
197087
197098
197137
197141
197145
197159
197184
197186
197201
197209
197220
197233
197245
197248
197260
197261
197271
197284
197286
197289
197312
197323
197365
197366
197373
197378
197392
197393
197410
197417
197420
197445
197455
197466
197482
197508
197510
197528
197536
197540
197549
197550
197561
197569
197582
197593
197597
197611
197612
197617
197633
197634
197647
197650
197651
197666
197669
197683
197684
197705
197711
197722
197733
197737
197741
197749
197773
197792
197799
197805
197819
197828
197854
197876
197877
197878
197912
197924
197935
197951
197975
197985
198000
198002
198060
198075
198084
198090
198096
198103
198110
198111
198113
198114
198120
198127
198128
198152
198153
198175
198178
198192
198203
198204
198205
198208
198253
198277
198280
198290
198292
198293
198294
198296
198310
198322
198324
198338
198359
198372
198379
198385
198396
198401
198421
198432
198437
198465
198482
198483
198485
198489
198497
198503
198504
198525
198527
198535
198536
198537
198538
198542
198547
198550
198562
198595
198611
198612
198624
198625
198628
198640
198644
198669
198684
198688
198695
198697
198698
198708
198710
198720
198722
198742
198747
198759
198798
198808
198824
198839
198842
198856
198857
198870
198875
198882
198883
198909
198912
198913
198917
198938
198941
198949
198958
198959
198979
198980
198987
198996
199012
199015
199017
199030
199033
199047
199071
199077
199078
199085
199088
199090
199096
199100
199118
199119
199126
199165
199169
199182
199188
199189
199209
199214
199231
199237
199238
199247
199249
199252
199261
199263
199267
199279
199283
199296
199303
199307
199328
199339
199342
199348
199349
199379
199385
199387
199391
199404
199446
199448
199464
199490
199499
199500
199521
199522
199538
199545
199548
199549
199562
199566
199567
199586
199587
199592
199594
199603
199604
199618
199639
199649
199662
199665
199671
199701
199703
199719
199724
199730
199740
199754
199756
199758
199775
199801
199808
199823
199840
199841
199848
199856
199859
199860
199872
199878
199888
199908
199912
199913
199915
199931
199933
199941
199943
199946
199949
199956
199960
199964
199985
199987
199991
200002
200003
200021
200025
200028
200032
200033
200045
200049
200061
200076
200077
200122
200123
200141
200142
200150
200167
200169
200170
200173
200185
200186
200187
200190
200193
200205
200217
200227
200229
200231
200240
200241
200255
200256
200258
200267
200268
200271
200282
200285
200288
200289
200307
200308
200311
200313
200316
200335
200337
200338
200358
200375
200420
200427
200431
200452
200455
200465
200468
200474
200484
200519
200544
200545
200552
200554
200558
200563
200567
200575
200578
200592
200597
200636
200637
200645
200647
200667
200676
200685
200696
200698
200699
200702
200712
200713
200717
200730
200733
200738
200746
200780
200785
200791
200795
200802
200804
200805
200807
200809
200826
200837
200838
200841
200866
200883
200894
200899
200904
200911
200914
200919
200920
200937
200940
200957
200958
200959
200960
200961
200962
200976
200978
200982
200985
200994
201017
201024
201028
201036
201069
201077
201103
201113
201116
201123
201126
201128
201148
201156
201159
201162
201168
201170
201178
201179
201181
201193
201196
201197
201212
201227
201230
201235
201239
201243
201252
201264
201266
201267
201273
201277
201283
201288
201293
201296
201307
201308
201323
201343
201359
201364
201368
201380
201385
201386
201388
201404
201408
201422
201447
201473
201479
201497
201499
201515
201516
201540
201543
201555
201569
201599
201604
201613
201618
201633
201644
201653
201662
201666
201673
201696
201699
201701
201718
201721
201722
201735
201777
201778
201779
201780
201787
201802
201804
201811
201822
201823
201827
201837
201841
201852
201854
201860
201872
201880
201886
201917
201943
201947
201949
201959
201962
201974
201975
201981
201982
201993
201996
202009
202028
202032
202047
202060
202062
202064
202077
202078
202079
202082
202083
202117
202155
202161
202176
202186
202187
202210
202236
202242
202258
202259
202262
202314
202321
202326
202332
202334
202335
202344
202357
202360
202361
202368
202378
202381
202398
202405
202411
202423
202429
202438
202478
202483
202495
202499
202514
202523
202527
202537
202560
202588
202591
202619
202641
202655
202674
202680
202681
202696
202733
202734
202736
202745
202747
202776
202787
202797
202805
202813
202821
202843
202847
202874
202877
202879
202890
202892
202896
202898
202907
202946
202964
202967
202979
202983
202984
202986
202988
202989
202992
203002
203023
203040
203041
203057
203065
203072
203089
203092
203094
203099
203127
203128
203149
203152
203153
203185
203194
203195
203204
203259
203267
203289
203309
203310
203311
203316
203326
203338
203341
203362
203363
203372
203377
203400
203408
203424
203430
203460
203472
203473
203474
203479
203481
203499
203506
203527
203534
203539
203543
203547
203561
203563
203568
203580
203584
203599
203608
203609
203610
203611
203612
203621
203639
203640
203646
203667
203675
203680
203681
203682
203683
203684
203713
203738
203748
203749
203760
203776
203778
203789
203798
203801
203805
203810
203812
203824
203830
203834
203847
203848
203895
203904
203939
203942
203947
203953
203956
203961
203962
203972
203973
203982
203997
204011
204012
204014
204015
204016
204023
204040
204041
204042
204043
204052
204083
204084
204112
204113
204127
204137
204144
204151
204155
204158
204160
204188
204189
204198
204228
204232
204246
204306
204324
204327
204328
204330
204363
204366
204369
204377
204391
204406
204418
204419
204434
204444
204446
204459
204467
204473
204484
204491
204498
204499
204519
204535
204537
204543
204560
204565
204569
204587
204588
204591
204594
204595
204631
204645
204646
204651
204655
204663
204665
204668
204677
204683
204684
204699
204700
204701
204708
204744
204770
204792
204796
204804
204810
204862
204866
204867
204868
204871
204873
204887
204898
204899
204910
204915
204917
204945
204948
204955
204959
204968
204993
204996
205002
205012
205046
205055
205057
205065
205093
205095
205102
205106
205118
205129
205154
205166
205172
205176
205193
205194
205195
205196
205213
205217
205218
205219
205221
205228
205243
205257
205262
205263
205269
205270
205281
205303
205320
205330
205334
205335
205338
205339
205342
205384
205394
205404
205405
205416
205419
205428
205443
205449
205453
205467
205470
205473
205557
205564
205585
205586
205614
205627
205692
205694
205696
205709
205762
205766
205774
205782
205783
205785
205788
205802
205805
205809
205810
205817
205821
205838
205841
205842
205847
205862
205868
205872
205878
205889
205890
205898
205904
205906
205931
205936
205939
205944
205955
205959
205962
205969
205973
205979
205984
206001
206007
206013
206014
206015
206020
206036
206048
206057
206078
206080
206085
206090
206103
206104
206126
206129
206163
206169
206177
206182
206183
206196
206197
206198
206203
206213
206218
206227
206249
206252
206255
206297
206299
206301
206304
206318
206339
206342
206347
206357
206359
206362
206379
206385
206390
206422
206424
206431
206433
206447
206458
206469
206482
206491
206515
206518
206525
206544
206546
206562
206565
206602
206612
206614
206615
206618
206619
206625
206638
206642
206663
206664
206669
206670
206671
206672
206673
206690
206692
206710
206714
206716
206717
206718
206737
206743
206755
206768
206779
206780
206788
206793
206803
206804
206807
206808
206810
206812
206813
206817
206829
206840
206848
206851
206874
206877
206879
206880
206882
206890
206891
206893
206906
206916
206921
206933
206935
206939
206957
206964
206982
207029
207055
207079
207088
207107
207135
207145
207155
207175
207177
207179
207180
207182
207224
207229
207247
207251
207261
207269
207272
207273
207298
207299
207305
207319
207324
207348
207363
207364
207371
207372
207401
207404
207405
207411
207428
207431
207433
207435
207460
207461
207464
207465
207466
207490
207491
207492
207515
207520
207531
207548
207550
207565
207571
207573
207579
207597
207618
207622
207675
207678
207695
207727
207759
207760
207762
207775
207785
207786
207788
207792
207815
207816
207829
207833
207853
207856
207857
207860
207862
207865
207876
207889
207892
207907
207914
207915
207918
207921
207930
207938
207940
207942
207948
207956
207962
207964
207967
207968
207971
207982
207984
207985
207987
207993
207994
207997
207999
208015
208018
208053
208082
208084
208089
208100
208113
208130
208142
208159
208162
208164
208170
208183
208207
208226
208227
208240
208241
208268
208288
208296
208306
208307
208308
208309
208310
208338
208352
208361
208362
208380
208395
208431
208432
208444
208456
208472
208485
208487
208489
208496
208504
208508
208517
208519
208522
208525
208580
208581
208582
208585
208586
208598
208632
208637
208638
208639
208643
208651
208653
208665
208690
208691
208701
208707
208709
208711
208731
208733
208736
208737
208738
208739
208756
208780
208781
208785
208786
208789
208811
208813
208814
208822
208826
208827
208832
208836
208861
208869
208877
208890
208906
208912
208916
208918
208933
208936
208937
208954
208957
208958
208959
208985
208986
208988
209009
209010
209011
209017
209022
209037
209057
209060
209062
209069
209082
209084
209086
209094
209098
209114
209116
209129
209162
209188
209195
209210
209214
209218
209237
209241
209264
209283
209286
209292
209311
209312
209328
209329
209330
209358
209366
209379
209380
209384
209403
209404
209441
209442
209449
209457
209493
209494
209546
209552
209568
209591
209596
209608
209615
209619
209626
209638
209645
209646
209662
209675
209679
209680
209681
209682
209685
209696
209713
209715
209754
209759
209760
209790
209795
209810
209819
209821
209829
209830
209834
209854
209859
209880
209882
209884
209885
209901
209904
209906
209908
209933
209935
209937
209938
209939
209951
209959
209961
209962
209963
209966
209974
209977
209978
209985
209987
209999
210012
210026
210027
210040
210046
210058
210064
210086
210089
210091
210100
210111
210115
210118
210119
210126
210140
210163
210164
210172
210185
210186
210187
210192
210211
210217
210218
210219
210237
210241
210242
210266
210293
210307
210333
210339
210342
210359
210367
210371
210373
210396
210430
210450
210486
210502
210504
210508
210525
210529
210530
210561
210565
210597
210606
210607
210623
210624
210652
210653
210659
210660
210662
210673
210709
210710
210711
210712
210718
210719
210722
210730
210734
210749
210752
210753
210754
210755
210759
210778
210779
210797
210810
210811
210812
210820
210832
210835
210836
210838
210850
210852
210871
210872
210875
210878
210895
210904
210905
210979
210999
211000
211012
211013
211014
211028
211035
211036
211052
211053
211073
211085
211097
211117
211118
211119
211120
211125
211145
211150
211171
211174
211177
211182
211197
211199
211204
211211
211220
211249
211252
211257
211271
211288
211291
211293
211303
211304
211323
211334
211342
211348
211352
211353
211358
211374
211375
211382
211385
211388
211405
211409
211414
211441
211442
211446
211447
211455
211464
211465
211471
211474
211476
211503
211507
211508
211531
211540
211545
211567
211584
211587
211588
211614
211615
211620
211621
211624
211627
211635
211647
211652
211656
211657
211660
211666
211680
211683
211706
211714
211719
211737
211744
211756
211767
211768
211790
211797
211802
211803
211805
211817
211840
211856
211866
211881
211936
211952
211957
211958
211960
211966
211984
211985
211988
211991
211998
212025
212035
212036
212042
212064
212066
212069
212083
212086
212087
212094
212097
212098
212103
212107
212114
212117
212122
212135
212140
212153
212159
212160
212161
212165
212169
212172
212174
212193
212199
212200
212208
212212
212213
212214
212215
212217
212221
212223
212256
212257
212261
212263
212266
212285
212288
212306
212320
212325
212326
212336
212342
212343
212352
212358
212375
212393
212402
212414
212418
212421
212426
212429
212440
212443
212454
212458
212461
212462
212489
212498
212517
212544
212552
212554
212578
212628
212631
212633
212634
212635
212636
212654
212656
212657
212672
212680
212691
212718
212725
212741
212742
212743
212746
212747
212749
212752
212760
212775
212776
212790
212809
212810
212811
212823
212838
212844
212846
212851
212852
212858
212866
212879
212892
212895
212897
212898
212904
212917
212925
212928
212930
212961
212964
212981
213012
213017
213022
213028
213046
213053
213056
213080
213082
213098
213099
213100
213104
213105
213106
213108
213111
213112
213132
213137
213139
213145
213154
213155
213159
213161
213164
213165
213167
213202
213224
213236
213239
213250
213251
213254
213257
213261
213288
213308
213313
213314
213318
213336
213337
213338
213342
213343
213374
213382
213386
213389
213390
213410
213411
213419
213420
213453
213493
213496
213499
213510
213527
213528
213531
213556
213557
213579
213580
213581
213592
213608
213611
213613
213634
213640
213663
213664
213665
213668
213670
213672
213688
213698
213703
213718
213720
213731
213732
213768
213769
213772
213810
213829
213854
213866
213882
213889
213900
213903
213904
213914
213920
213931
213950
213951
213953
213977
213982
214007
214008
214010
214011
214017
214019
214041
214047
214055
214067
214072
214074
214081
214097
214103
214109
214134
214136
214142
214151
214156
214157
214162
214182
214183
214189
214192
214196
214206
214210
214220
214221
214227
214239
214240
214243
214258
214261
214287
214295
214303
214324
214332
214333
214334
214336
214340
214351
214356
214372
214403
214404
214405
214434
214452
214460
214465
214472
214479
214490
214494
214520
214527
214531
214550
214557
214574
214597
214604
214605
214607
214613
214636
214637
214679
214715
214719
214736
214738
214739
214743
214744
214769
214773
214790
214791
214805
214812
214818
214825
214828
214852
214867
214892
214893
214899
214917
214926
214931
214939
214954
214955
214958
214959
214961
214981
214984
214993
215012
215015
215050
215052
215056
215068
215082
215088
215091
215103
215136
215141
215159
215163
215164
215165
215169
215173
215174
215176
215184
215199
215217
215230
215231
215233
215242
215261
215263
215265
215273
215277
215293
215321
215322
215325
215326
215330
215332
215334
215362
215385
215386
215390
215408
215409
215413
215435
215440
215442
215448
215459
215463
215476
215492
215496
215503
215525
215532
215539
215558
215577
215587
215607
215608
215617
215635
215644
215672
215676
215688
215691
215713
215714
215715
215741
215742
215751
215756
215762
215801
215806
215807
215812
215813
215870
215890
215891
215907
215932
215953
215954
215956
215976
215998
216004
216007
216027
216033
216056
216057
216059
216062
216063
216067
216068
216094
216102
216114
216115
216122
216123
216124
216127
216128
216131
216134
216136
216161
216166
216170
216184
216189
216200
216203
216211
216213
216250
216258
216276
216277
216281
216282
216292
216311
216312
216315
216317
216318
216344
216350
216352
216361
216372
216373
216374
216380
216399
216402
216422
216428
216430
216454
216455
216456
216461
216462
216486
216501
216504
216520
216530
216532
216548
216567
216572
216577
216579
216582
216594
216603
216604
216607
216614
216638
216641
216642
216647
216703
216705
216714
216738
216747
216751
216752
216754
216774
216777
216778
216780
216781
216786
216805
216811
216841
216843
216863
216890
216892
216896
216931
216933
216935
216938
216946
216955
216959
216963
216970
216976
216989
217013
217014
217029
217030
217036
217059
217060
217087
217094
217114
217115
217132
217143
217149
217153
217154
217158
217169
217171
217183
217185
217190
217200
217204
217220
217221
217222
217227
217230
217234
217247
217252
217270
217289
217294
217295
217358
217367
217369
217384
217385
217386
217392
217393
217394
217401
217402
217415
217421
217422
217445
217452
217461
217480
217485
217486
217487
217493
217494
217497
217505
217506
217511
217518
217525
217533
217557
217558
217567
217569
217582
217595
217601
217625
217630
217631
217632
217640
217658
217660
217663
217668
217691
217694
217695
217696
217704
217706
217707
217727
217741
217754
217755
217763
217764
217772
217774
217790
217796
217803
217831
217835
217864
217866
217893
217912
217915
217918
217947
217951
217956
217963
217997
218014
218015
218017
218020
218021
218029
218042
218043
218046
218048
218052
218059
218075
218080
218093
218119
218140
218156
218157
218165
218166
218167
218191
218216
218217
218222
218229
218235
218246
218261
218275
218281
218287
218297
218313
218337
218338
218351
218362
218366
218367
218373
218399
218400
218401
218440
218441
218442
218454
218458
218484
218489
218511
218512
218514
218515
218521
218522
218554
218568
218576
218577
218608
218644
218661
218676
218677
218693
218702
218703
218705
218709
218710
218730
218742
218749
218750
218767
218768
218775
218776
218782
218783
218784
218787
218797
218800
218802
218811
218812
218821
218854
218855
218856
218866
218881
218883
218894
218909
218912
218917
218939
218940
218952
218957
218976
218979
218980
218985
218988
218989
218990
219006
219024
219026
219028
219042
219055
219056
219057
219067
219072
219076
219085
219101
219136
219138
219171
219174
219177
219190
219201
219202
219205
219207
219214
219229
219232
219239
219240
219244
219248
219267
219268
219274
219294
219299
219340
219342
219344
219345
219354
219367
219368
219370
219377
219378
219393
219394
219408
219416
219425
219426
219459
219503
219508
219509
219557
219560
219563
219597
219600
219601
219602
219606
219610
219612
219618
219620
219621
219649
219651
219652
219655
219658
219659
219676
219698
219718
219719
219721
219745
219747
219748
219749
219752
219755
219773
219781
219785
219787
219805
219808
219812
219816
219818
219819
219820
219826
219856
219859
219863
219868
219884
219887
219896
219899
219929
219930
219931
219937
219973
219976
219984
220006
220007
220008
220014
220055
220088
220091
220093
220105
220120
220128
220146
220154
220168
220186
220192
220193
220194
220200
220263
220264
220274
220281
220291
220307
220308
220309
220310
220311
220315
220319
220340
220344
220346
220347
220348
220373
220379
220413
220414
220417
220418
220419
220421
220457
220484
220490
220492
220497
220500
220501
220527
220529
220531
220537
220542
220544
220545
220551
220554
220570
220597
220607
220618
220619
220636
220637
220650
220653
220676
220677
220687
220716
220717
220722
220723
220725
220752
220755
220756
220757
220758
220759
220766
220769
220799
220821
220822
220823
220827
220830
220838
220841
220850
220870
220887
220888
220923
220939
220943
220949
220958
220961
220976
220977
221005
221006
221007
221008
221009
221010
221036
221037
221046
221051
221052
221060
221069
221070
221080
221083
221087
221089
221111
221113
221115
221135
221176
221177
221182
221187
221215
221216
221217
221225
221230
221257
221265
221274
221282
221292
221295
221304
221306
221307
221328
221349
221350
221351
221354
221369
221374
221381
221390
221412
221413
221416
221450
221476
221501
221504
221506
221543
221547
221553
221561
221585
221587
221590
221591
221594
221624
221636
221646
221650
221684
221691
221692
221714
221733
221738
221758
221760
221768
221794
221798
221836
221839
221840
221845
221872
221906
221912
221915
221932
221938
221939
221946
221948
221949
221955
221956
221966
221977
221991
221995
221996
222005
222007
222017
222023
222026
222031
222034
222035
222048
222063
222064
222067
222074
222090
222091
222108
222110
222142
222184
222185
222200
222220
222227
222234
222235
222248
222251
222254
222269
222285
222302
222309
222316
222329
222341
222371
222390
222414
222421
222434
222436
222440
222441
222443
222458
222501
222516
222534
222542
222543
222551
222554
222578
222601
222609
222636
222640
222641
222642
222646
222677
222678
222679
222685
222711
222712
222714
222715
222716
222720
222721
222722
222740
222751
222781
222789
222794
222796
222824
222828
222829
222834
222839
222845
222864
222865
222868
222871
222898
222905
222911
222930
222934
222945
222953
222955
222957
222962
222963
222967
223001
223002
223004
223005
223006
223015
223016
223017
223032
223042
223043
223049
223055
223087
223089
223090
223092
223094
223120
223122
223128
223129
223131
223138
223154
223172
223178
223181
223199
223201
223208
223217
223218
223229
223240
223245
223263
223280
223290
223302
223303
223305
223327
223333
223358
223367
223372
223384
223390
223391
223394
223400
223403
223407
223418
223432
223436
223437
223464
223467
223478
223487
223533
223564
223606
223616
223652
223653
223655
223663
223665
223671
223672
223685
223686
223692
223693
223695
223728
223731
223735
223742
223761
223762
223767
223768
223786
223802
223803
223810
223811
223814
223819
223849
223857
223864
223879
223880
223881
223883
223886
223915
223917
223943
223955
223986
223996
223997
224002
224005
224011
224013
224024
224028
224058
224068
224069
224070
224076
224079
224092
224101
224116
224120
224123
224165
224188
224191
224199
224202
224235
224245
224263
224264
224268
224272
224273
224274
224275
224277
224284
224289
224290
224291
224313
224314
224316
224321
224323
224324
224357
224358
224360
224369
224389
224395
224397
224401
224425
224433
224438
224452
224462
224463
224465
224466
224470
224482
224507
224535
224549
224551
224571
224593
224603
224604
224610
224611
224621
224622
224653
224654
224665
224667
224705
224706
224708
224714
224715
224716
224718
224726
224733
224734
224752
224781
224790
224791
224800
224825
224826
224835
224836
224837
224851
224869
224870
224873
224874
224875
224881
224885
224888
224906
224924
224925
224946
224952
224956
224957
224959
224992
224994
224996
224997
225001
225003
225013
225020
225025
225042
225043
225052
225057
225065
225068
225083
225096
225106
225113
225126
225154
225155
225170
225171
225185
225204
225217
225235
225236
225237
225239
225246
225247
225250
225268
225275
225276
225288
225289
225313
225319
225322
225335
225346
225347
225352
225356
225365
225374
225389
225391
225399
225400
225424
225425
225427
225431
225432
225440
225441
225458
225466
225487
225495
225503
225549
225551
225556
225567
225571
225588
225592
225600
225621
225638
225647
225648
225653
225685
225697
225720
225731
225732
225754
225760
225761
225762
225763
225767
225773
225775
225806
225812
225846
225848
225852
225857
225859
225882
225886
225894
225921
225941
225943
225944
225947
225948
225975
225977
225982
225983
225994
226001
226008
226009
226028
226029
226036
226047
226073
226086
226098
226125
226126
226130
226159
226178
226179
226185
226209
226211
226212
226232
226258
226275
226314
226319
226324
226325
226342
226354
226357
226366
226367
226369
226388
226394
226401
226406
226437
226438
226443
226444
226453
226476
226492
226493
226503
226504
226524
226526
226537
226544
226569
226582
226584
226615
226616
226617
226621
226649
226650
226658
226663
226669
226696
226699
226703
226706
226711
226760
226761
226769
226803
226848
226852
226903
226904
226905
226910
226911
226918
226921
226922
226929
226963
226976
226982
226997
227007
227015
227020
227051
227057
227074
227094
227104
227145
227146
227150
227151
227155
227156
227165
227180
227188
227198
227208
227214
227220
227236
227251
227254
227320
227332
227333
227342
227352
227362
227363
227364
227391
227392
227393
227396
227399
227418
227421
227422
227444
227469
227475
227485
227489
227492
227512
227516
227517
227522
227524
227530
227537
227552
227602
227603
227609
227611
227612
227613
227628
227635
227641
227654
227658
227661
227664
227666
227667
227680
227692
227696
227707
227743
227747
227748
227753
227755
227757
227758
227761
227777
227792
227793
227797
227802
227804
227809
227839
227840
227849
227862
227874
227876
227882
227887
227916
227917
227919
227920
227923
227924
227927
227928
227936
227938
227949
227953
227964
227971
227972
227991
228004
228011
228033
228048
228049
228051
228059
228113
228114
228115
228116
228131
228133
228169
228170
228172
228173
228189
228207
228210
228216
228220
228255
228257
228260
228261
228264
228268
228271
228272
228276
228289
228305
228306
228326
228341
228343
228348
228350
228353
228354
228361
228368
228378
228379
228389
228393
228421
228422
228426
228427
228428
228443
228469
228470
228471
228472
228473
228474
228475
228520
228521
228527
228530
228535
228548
228563
228581
228589
228594
228600
228601
228610
228613
228614
228615
228616
228617
228628
228630
228657
228658
228660
228662
228679
228700
228716
228726
228734
228743
228744
228749
228753
228811
228818
228820
228831
228845
228849
228853
228866
228881
228882
228894
228895
228897
228899
228938
228943
228946
228953
228962
228981
228994
228997
228998
229000
229009
229021
229037
229038
229039
229040
229077
229078
229102
229109
229115
229116
229117
229120
229121
229145
229165
229166
229169
229173
229174
229175
229190
229221
229222
229225
229248
229265
229266
229275
229285
229287
229294
229314
229331
229336
229337
229345
229346
229354
229379
229424
229431
229435
229436
229472
229474
229480
229481
229482
229488
229492
229493
229515
229523
229527
229528
229532
229538
229558
229570
229575
229577
229583
229585
229611
229615
229617
229618
229632
229654
229656
229657
229660
229676
229681
229698
229703
229718
229719
229724
229748
229791
229792
229796
229797
229805
229840
229841
229842
229844
229851
229852
229853
229854
229859
229860
229870
229871
229888
229901
229906
229909
229938
229943
229973
229975
229976
229977
229989
230019
230020
230030
230069
230070
230077
230078
230083
230093
230105
230111
230123
230124
230125
230127
230129
230147
230149
230189
230207
230218
230236
230237
230242
230250
230270
230271
230277
230281
230284
230285
230296
230298
230328
230331
230336
230349
230376
230386
230389
230394
230395
230398
230423
230428
230430
230435
230448
230461
230466
230467
230480
230509
230510
230511
230525
230565
230576
230620
230622
230638
230653
230654
230669
230681
230688
230692
230694
230701
230702
230709
230730
230735
230736
230746
230785
230787
230796
230797
230803
230811
230833
230837
230843
230849
230856
230857
230874
230892
230893
230900
230903
230904
230906
230908
230909
230910
230932
230938
230939
230943
230985
230993
230998
231010
231045
231048
231049
231057
231058
231064
231096
231097
231098
231104
231114
231135
231136
231137
231150
231151
231153
231158
231166
231169
231187
231188
231189
231193
231194
231199
231205
231208
231209
231219
231235
231240
231243
231289
231291
231302
231306
231307
231345
231380
231383
231384
231388
231389
231416
231417
231424
231431
231442
231477
231480
231485
231490
231513
231523
231570
231571
231579
231581
231584
231590
231601
231629
231630
231678
231681
231708
231723
231733
231762
231763
231768
231775
231778
231786
231787
231799
231806
231807
231813
231824
231832
231865
231867
231868
231874
231875
231885
231894
231925
231965
231966
231967
231968
231975
231979
231985
232000
232034
232035
232045
232049
232065
232066
232075
232078
232082
232084
232128
232129
232133
232148
232170
232176
232177
232218
232224
232230
232243
232259
232264
232272
232285
232286
232312
232319
232324
232340
232353
232357
232358
232359
232364
232371
232382
232392
232393
232421
232422
232429
232436
232448
232482
232483
232490
232492
232493
232494
232499
232512
232514
232532
232533
232539
232545
232560
232586
232589
232590
232596
232640
232641
232647
232670
232671
232692
232709
232723
232730
232731
232738
232743
232749
232778
232786
232791
232799
232800
232827
232833
232834
232845
232846
232848
232857
232897
232904
232911
232940
232952
232960
232981
232988
232996
233003
233015
233026
233046
233055
233064
233071
233075
233095
233104
233105
233111
233137
233138
233154
233169
233170
233173
233187
233199
233221
233231
233246
233250
233272
233273
233275
233276
233286
233300
233304
233314
233320
233323
233335
233337
233364
233376
233377
233387
233388
233396
233397
233416
233433
233449
233455
233461
233462
233464
233466
233468
233472
233474
233475
233500
233508
233518
233526
233530
233531
233547
233561
233564
233570
233581
233601
233632
233633
233667
233675
233691
233692
233693
233700
233737
233738
233742
233750
233765
233774
233785
233786
233794
233795
233798
233838
233839
233841
233848
233851
233860
233861
233869
233873
233894
233896
233903
233910
233913
233914
233917
233955
233956
233963
233969
233974
233983
233985
234039
234070
234076
234077
234091
234103
234105
234129
234133
234134
234140
234141
234142
234148
234149
234190
234192
234197
234200
234212
234214
234240
234241
234242
234251
234252
234262
234268
234299
234300
234313
234317
234323
234324
234335
234336
234337
234389
234390
234393
234402
234403
234404
234435
234440
234453
234459
234463
234469
234481
234490
234504
234523
234531
234570
234575
234576
234587
234599
234606
234639
234641
234645
234646
234696
234712
234713
234748
234750
234751
234752
234757
234800
234805
234810
234812
234849
234850
234858
234861
234869
234872
234879
234887
234916
234918
234924
234937
234956
234960
234965
234966
235013
235016
235019
235020
235022
235030
235062
235063
235079
235082
235116
235120
235130
235132
235138
235139
235140
235143
235154
235164
235181
235185
235189
235190
235192
235193
235197
235200
235203
235237
235238
235245
235276
235291
235298
235299
235304
235333
235342
235359
235375
235409
235416
235417
235418
235420
235423
235424
235432
235434
235441
235444
235445
235457
235458
235461
235467
235474
235481
235489
235516
235523
235524
235560
235577
235579
235592
235594
235597
235638
235648
235658
235660
235668
235671
235673
235696
235697
235703
235726
235759
235768
235777
235778
235779
235782
235801
235810
235826
235827
235829
235833
235838
235839
235844
235877
235884
235891
235892
235896
235920
235941
235946
235948
235955
235989
235996
235998
235999
236000
236004
236016
236018
236022
236032
236033
236055
236061
236063
236084
236108
236112
236121
236126
236129
236131
236161
236167
236168
236175
236176
236177
236181
236182
236191
236194
236200
236216
236218
236223
236224
236230
236271
236277
236278
236279
236284
236292
236294
236296
236297
236335
236351
236352
236360
236362
236370
236387
236393
236457
236461
236464
236493
236494
236497
236502
236503
236509
236510
236511
236513
236526
236527
236576
236607
236628
236629
236630
236640
236641
236649
236651
236689
236690
236691
236692
236706
236735
236743
236746
236762
236789
236790
236791
236801
236802
236810
236814
236822
236865
236875
236881
236884
236905
236908
236914
236917
236923
236924
236927
236941
236942
236943
236944
236952
236966
236974
236985
236994
236995
237001
237005
237027
237032
237041
237051
237052
237084
237089
237093
237096
237097
237114
237124
237137
237168
237174
237178
237186
237191
237195
237229
237231
237244
237275
237287
237293
237305
237315
237320
237344
237345
237352
237362
237379
237390
237403
237411
237415
237438
237444
237459
237466
237474
237476
237481
237482
237491
237494
237511
237519
237523
237524
237528
237536
237544
237558
237559
237575
237576
237577
237583
237585
237592
237593
237595
237597
237616
237621
237622
237623
237624
237625
237634
237688
237689
237694
237696
237705
237754
237760
237766
237768
237782
237814
237815
237822
237829
237830
237833
237840
237876
237877
237878
237883
237887
237888
237895
237903
237904
237940
237941
237947
237949
237950
237959
237960
237976
238003
238029
238059
238063
238072
238073
238115
238116
238120
238121
238122
238130
238180
238189
238190
238241
238242
238255
238265
238298
238299
238309
238310
238315
238360
238367
238368
238376
238381
238387
238395
238412
238419
238423
238430
238432
238448
238469
238471
238473
238477
238483
238484
238494
238497
238499
238504
238531
238532
238533
238536
238545
238546
238547
238549
238553
238572
238581
238584
238603
238604
238611
238616
238617
238624
238625
238626
238627
238630
238655
238682
238685
238686
238687
238692
238694
238704
238742
238743
238752
238755
238765
238808
238809
238813
238815
238820
238830
238836
238844
238846
238869
238876
238877
238889
238904
238910
238911
238912
238913
238940
238941
238942
238945
238958
238963
238964
238966
238968
238969
238972
238990
238994
238996
239004
239005
239011
239020
239032
239058
239059
239060
239070
239080
239094
239139
239145
239153
239159
239175
239206
239216
239228
239240
239241
239266
239273
239274
239275
239279
239283
239340
239341
239342
239350
239356
239401
239402
239409
239410
239411
239456
239457
239460
239464
239490
239508
239513
239519
239524
239526
239546
239552
239561
239569
239570
239575
239632
239643
239646
239683
239692
239701
239705
239709
239715
239735
239748
239766
239767
239774
239783
239811
239826
239830
239835
239836
239843
239852
239853
239881
239886
239887
239888
239890
239897
239904
239910
239941
239944
239957
239959
239980
239981
240003
240004
240005
240008
240030
240050
240052
240057
240058
240059
240070
240107
240126
240169
240184
240185
240191
240192
240205
240245
240256
240258
240259
240264
240265
240266
240312
240331
240334
240337
240370
240371
240376
240385
240386
240389
240398
240419
240420
240423
240424
240427
240435
240463
240475
240478
240484
240485
240490
240491
240496
240497
240501
240504
240535
240542
240548
240552
240554
240558
240580
240621
240627
240634
240647
240650
240672
240676
240694
240695
240736
240738
240739
240747
240752
240809
240810
240811
240825
240826
240883
240886
240911
240953
240954
240955
240959
240976
240991
240999
241000
241001
241004
241007
241009
241017
241022
241029
241035
241066
241071
241076
241079
241083
241135
241139
241142
241149
241150
241151
241199
241212
241213
241234
241239
241244
241247
241248
241256
241271
241308
241315
241316
241323
241326
241334
241358
241396
241405
241406
241411
241431
241434
241435
241455
241456
241462
241465
241466
241474
241475
241482
241489
241490
241518
241524
241525
241526
241527
241528
241536
241537
241538
241543
241547
241548
241551
241568
241589
241591
241595
241598
241605
241606
241607
241624
241645
241646
241660
241662
241675
241686
241700
241724
241730
241737
241773
241788
241818
241834
241835
241842
241843
241853
241855
241875
241879
241917
241921
241923
241931
241932
241936
241939
241977
241978
241980
241986
241999
242007
242027
242041
242042
242058
242063
242074
242093
242100
242111
242115
242125
242126
242128
242133
242134
242135
242147
242185
242188
242189
242190
242191
242202
242203
242210
242214
242220
242223
242229
242238
242253
242259
242260
242261
242269
242331
242332
242335
242339
242340
242343
242357
242360
242400
242402
242404
242406
242440
242451
242453
242457
242468
242471
242474
242476
242484
242490
242491
242536
242537
242545
242566
242574
242595
242603
242607
242633
242634
242685
242700
242703
242734
242738
242742
242743
242744
242745
242752
242801
242802
242803
242804
242810
242811
242812
242824
242840
242850
242857
242866
242867
242868
242889
242907
242940
242942
242946
242947
242956
242958
242963
242972
243010
243018
243025
243028
243068
243076
243077
243080
243090
243092
243096
243101
243102
243149
243156
243157
243162
243166
243167
243187
243193
243208
243210
243216
243217
243220
243224
243246
243262
243271
243272
243273
243284
243290
243308
243332
243344
243349
243351
243357
243361
243366
243376
243380
243394
243407
243417
243418
243424
243437
243438
243439
243444
243449
243489
243495
243496
243508
243512
243515
243518
243568
243571
243575
243587
243632
243637
243638
243639
243641
243650
243661
243662
243668
243693
243719
243724
243725
243726
243727
243728
243730
243736
243737
243739
243740
243741
243747
243765
243798
243802
243803
243812
243813
243814
243816
243819
243835
243869
243879
243880
243881
243892
243902
243933
243935
243938
243941
243946
243957
244012
244013
244014
244020
244032
244036
244041
244048
244083
244087
244089
244090
244124
244144
244145
244146
244147
244154
244156
244163
244170
244174
244191
244195
244205
244217
244218
244219
244220
244225
244228
244229
244231
244236
244249
244287
244288
244299
244306
244311
244315
244330
244368
244370
244403
244404
244407
244411
244448
244452
244462
244467
244476
244483
244527
244528
244529
244532
244540
244541
244544
244553
244554
244611
244615
244637
244641
244642
244647
244652
244676
244694
244695
244701
244702
244717
244719
244726
244727
244729
244762
244764
244765
244769
244773
244806
244834
244839
244840
244841
244845
244866
244919
244920
244924
244935
244941
244942
244952
244958
244960
244965
244996
244997
244999
245002
245029
245045
245046
245048
245058
245064
245070
245083
245097
245113
245120
245121
245122
245123
245124
245125
245128
245144
245145
245146
245151
245197
245198
245199
245206
245207
245217
245218
245271
245274
245275
245276
245277
245279
245286
245292
245302
245320
245333
245341
245342
245346
245347
245374
245376
245384
245402
245406
245428
245439
245440
245442
245449
245457
245505
245511
245513
245514
245563
245577
245579
245582
245587
245596
245607
245611
245619
245627
245642
245658
245682
245717
245720
245721
245727
245740
245787
245795
245804
245805
245806
245835
245857
245869
245875
245885
245894
245938
245939
245941
245959
245982
245983
246016
246024
246027
246028
246036
246050
246053
246054
246055
246057
246069
246077
246114
246115
246120
246124
246125
246131
246136
246147
246149
246166
246176
246206
246207
246215
246216
246217
246223
246231
246232
246236
246259
246260
246261
246283
246301
246309
246349
246354
246355
246356
246366
246381
246389
246390
246397
246415
246433
246437
246438
246488
246500
246561
246585
246586
246587
246602
246610
246628
246633
246634
246646
246647
246688
246720
246732
246781
246786
246787
246792
246807
246808
246809
246810
246811
246812
246813
246814
246815
246816
246817
246818
246819
246820
246821
246822
246823
246824
246825
246826
246827
246828
246829
246830
246831
246832
246833
246834
246835
246836
246838
246839
246840
246841
246842
246843
246844
246845
246846
246847
246848
246849
246850
246851
246852
246853
246854
246855
246856
246857
246858
246859
246860
246861
246862
246863
246864
246865
246866
246868
246869
246870
246871
246872
246873
246874
246876
246877
246878
246880
246881
246882
246883
246884
246885
246886
246887
246888
246889
246890
246891
246892
246893
246894
246895
246896
246897
246898
246899
246900
246901
246902
246903
246904
246905
246906
246908
246909
246910
246911
246912
246913
246914
246915
246916
246917
246918
246919
246920
246921
246922
246923
246924
246925
246926
246927
246928
246929
246930
246931
246932
246933
246934
246935
246936
246937
246938
246939
246940
246941
246942
246943
246944
246945
246946
246947
246949
246950
246951
246952
246953
246954
246955
246956
246957
246958
246959
246960
246961
246962
246963
246964
246965
246966
246967
246968
246969
246970
246971
246972
246973
246974
246975
246976
246977
246978
246979
246980
246981
246982
246983
246985
246986
246987
246988
246989
246990
246991
246992
246993
246994
246995
246996
246997
246998
246999
247000
247002
247003
247004
247005
247006
247007
247008
247009
247010
247011
247012
247013
247015
247016
247017
247018
247019
247020
247021
247022
247023
247024
247025
247026
247027
247028
247029
247030
247031
247032
247033
247034
247035
247036
247037
247038
247039
247040
247041
247042
247043
247044
247045
247046
247047
247049
247050
247051
247052
247053
247054
247056
247057
247058
247059
247060
247064
247065
247066
247067
247068
247069
247072
247073
247074
247075
247076
247077
247078
247079
247080
247081
247082
247084
247085
247086
247087
247088
247089
247090
247091
247092
247095
247096
247097
247098
247099
247100
247101
247102
247103
247104
247106
247107
247108
247109
247110
247111
247112
247113
247114
247115
247117
247118
247119
247120
247121
247123
247124
247125
247126
247127
247129
247130
247131
247132
247134
247135
247136
247137
247138
247139
247140
247141
247142
247143
247144
247145
247146
247147
247148
247149
247150
247151
247152
247153
247154
247156
247157
247158
247159
247160
247161
247162
247163
247164
247165
247166
247167
247168
247169
247170
247171
247173
247174
247175
247177
247178
247179
247180
247181
247183
247184
247185
247186
247187
247188
247189
247191
247192
247193
247194
247195
247197
247198
247199
247200
247202
247203
247204
247205
247206
247207
247208
247209
247210
247211
247212
247213
247214
247215
247216
247217
247218
247219
247220
247221
247222
247223
247224
247225
247226
247227
247228
247229
247230
247231
247232
247233
247234
247235
247236
247237
247238
247239
247240
247241
247242
247243
247244
247245
247246
247247
247248
247249
247250
247251
247252
247253
247254
247255
247256
247257
247258
247259
247260
247261
247262
247263
247264
247265
247266
247267
247268
247269
247270
247271
247272
247273
247274
247275
247276
247277
247278
247279
247280
247281
247282
247283
247284
247285
247286
247287
247288
247289
247290
247291
247292
247293
247294
247295
247296
247297
247298
247299
247300
247301
247302
247303
247304
247305
247306
247307
247308
247309
247310
247311
247312
247313
247314
247315
247316
247317
247318
247319
247320
247321
247322
247323
247324
247325
247326
247327
247328
247329
247330
247331
247332
247333
247334
247335
247336
247337
247338
247339
247340
247341
247342
247343
247344
247345
247346
247347
247348
247349
247350
247351
247352
247353
247354
247355
247356
247357
247358
247359
247360
247361
247362
247363
247364
247365
247366
247367
247368
247369
247370
247371
247372
247373
247374
247375
247376
247377
247378
247379
247380
247381
247382
247383
247384
247385
247386
247387
247388
247389
247390
247391
247392
247393
247394
247395
247396
247397
247398
247399
247400
247401
247402
247403
247404
247405
247406
247407
247408
247409
247410
247411
247412
247413
247414
247415
247416
247417
247418
247419
247420
247421
247422
247423
247424
247425
247426
247427
247428
247429
247430
247431
247432
247433
247434
247435
247436
247437
247438
247439
247440
247441
247442
247443
247444
247445
247446
247447
247448
247449
247450
247451
247452
247453
247454
247455
247456
247457
247458
247459
247460
247461
247462
247463
247464
247465
247466
247467
247468
247469
247470
247471
247472
247473
247474
247475
247476
247477
247478
247479
247480
247481
247482
247483
247484
247485
247486
247487
247488
247489
247490
247491
247492
247493
247494
247495
247496
247497
247498
247499
247500
247501
247502
247503
247504
247505
247506
247507
247508
247509
247510
247511
247512
247513
247514
247515
247516
247517
247518
247519
247520
247521
247522
247523
247524
247525
247526
247527
247528
247529
247530
247531
247532
247533
247534
247535
247536
247537
247539
247540
247541
247542
247543
247544
247545
247546
247547
247548
247549
247550
247551
247552
247553
247554
247555
247556
247557
247558
247559
247560
247561
247562
247563
247564
247565
247566
247567
247568
247569
247570
247571
247572
247573
247575
247576
247577
247578
247579
247580
247581
247582
247583
247584
247585
247586
247587
247588
247589
247590
247591
247592
247593
247594
247595
247596
247597
247598
247599
247600
247601
247602
247603
247604
247605
247606
247607
247608
247609
247610
247611
247612
247613
247614
247615
247616
247617
247618
247619
247620
247621
247622
247623
247624
247625
247626
247627
247628
247629
247630
247631
247632
247633
247634
247635
247636
247637
247638
247639
247640
247641
247642
247643
247644
247645
247646
247647
247648
247649
247650
247651
247652
247653
247654
247655
247656
247657
247658
247659
247660
247661
247662
247663
247664
247665
247666
247667
247668
247669
247670
247671
247672
247673
247674
247675
247676
247677
247678
247679
247680
247681
247682
247683
247684
247685
247686
247687
247688
247689
247690
247691
247692
247693
247694
247695
247696
247697
247698
247699
247700
247701
247702
247703
247704
247705
247706
247707
247708
247709
247710
247711
247712
247713
247714
247715
247716
247717
247718
247719
247720
247721
247722
247723
247724
247725
247726
247727
247728
247729
247730
247731
247732
247733
247734
247735
247736
247737
247738
247739
247740
247741
247742
247743
247744
247745
247746
247747
247748
247749
247750
247751
247752
247753
247754
247755
247756
247757
247758
247759
247760
247761
247762
247763
247764
247765
247766
247767
247768
247769
247770
247771
247772
247773
247774
247775
247776
247777
247778
247779
247780
247781
247782
247783
247784
247785
247786
247787
247788
247789
247791
247792
247793
247794
247795
247796
247797
247798
247799
247800
247801
247803
247804
247805
247806
247807
247808
247809
247810
247811
247812
247813
247814
247815
247816
247817
247818
247819
247821
247822
247823
247824
247825
247827
247828
247829
247830
247831
247832
247833
247834
247835
247836
247837
247838
247839
247840
247841
247842
247843
247844
247845
247846
247847
247848
247849
247850
247851
247852
247853
247854
247855
247856
247857
247858
247859
247860
247861
247862
247863
247864
247865
247866
247867
247868
247869
247870
247871
247872
247873
247874
247875
247876
247877
247878
247879
247881
247882
247883
247884
247885
247886
247887
247888
247889
247890
247891
247892
247893
247894
247895
247896
247897
247898
247899
247900
247901
247902
247903
247904
247905
247906
247907
247908
247909
247910
247911
247912
247913
247914
247915
247916
247917
247918
247919
247920
247921
247922
247923
247924
247925
247926
247927
247928
247929
247930
247931
247932
247933
247934
247935
247936
247937
247938
247939
247941
247942
247943
247944
247945
247946
247947
247948
247949
247950
247951
247952
247953
247954
247955
247956
247957
247958
247959
247960
247961
247962
247963
247964
247965
247966
247967
247968
247969
247970
247971
247972
247973
247974
247975
247976
247977
247978
247979
247981
247982
247983
247984
247985
247986
247987
247988
247989
247990
247991
247992
247993
247995
247996
247997
247998
247999
248000
248001
248002
248003
248004
248005
248006
248007
248008
248009
248010
248011
248012
248013
248014
248015
248016
248017
248018
248019
248020
248021
248022
248023
248024
248025
248026
248027
248028
248029
248030
248031
248033
248034
248035
248036
248037
248038
248039
248041
248042
248043
248044
248045
248046
248047
248048
248049
248050
248051
248052
248053
248054
248055
248056
248057
248058
248059
248060
248061
248062
248063
248064
248065
248066
248067
248068
248069
