# vocab_size=248070
# repo=Qwen/Qwen3.6-35B-A3B
# tokenizer_sha256=5f9e4d4901a92b997e463c1f46055088b6cca5ca61a6522d1b9f64c4bb81cb42
0
1
2
3
4
5
6
7
8
9
10
11
12
13
14
15
16
17
18
19
20
21
22
23
24
25
26
27
28
29
30
31
32
33
34
35
36
37
38
39
40
41
42
43
44
45
46
47
48
49
50
51
52
53
54
55
56
57
58
59
60
61
62
63
64
65
66
67
68
69
70
71
72
73
74
75
76
77
78
79
80
81
82
83
84
85
86
87
88
89
90
91
92
93
94
95
96
97
98
99
100
101
102
103
104
105
106
107
108
109
110
111
112
113
114
115
116
117
118
119
120
121
122
123
124
125
126
127
128
129
130
131
132
133
134
135
136
137
138
139
140
141
142
143
144
145
146
147
148
149
150
151
152
153
154
155
156
157
158
159
160
161
162
163
164
165
166
167
168
169
170
171
172
173
174
175
176
177
178
179
180
181
182
183
184
185
186
187
188
189
190
191
192
193
194
195
196
197
198
199
200
201
202
203
204
205
206
207
208
209
210
211
212
213
214
215
216
217
218
219
220
221
222
223
224
225
226
227
228
229
230
231
232
233
234
235
236
237
238
239
240
241
242
243
244
245
246
247
248
249
250
251
252
253
254
255
256
257
258
259
260
261
262
263
264
265
266
267
268
269
270
271
272
273
274
275
276
277
278
279
280
281
282
283
284
285
286
287
288
289
290
291
292
293
294
295
296
297
298
299
300
301
302
303
304
305
306
307
308
309
310
311
312
313
314
315
316
318
319
320
321
322
323
324
325
326
327
328
329
330
331
332
333
334
335
336
337
338
339
340
341
342
343
344
345
346
347
348
349
350
351
352
353
354
355
356
357
358
359
360
361
362
363
364
365
366
367
368
369
370
371
372
373
374
375
376
377
378
379
380
381
382
383
384
385
386
387
388
389
390
391
392
393
394
395
396
397
398
399
400
401
402
403
404
405
406
407
408
409
410
411
412
413
414
415
416
417
418
419
420
421
422
423
424
425
426
427
428
429
430
431
432
433
434
435
436
437
438
439
440
441
442
443
444
445
446
447
448
449
450
451
452
453
454
455
456
457
458
459
460
461
462
463
464
465
466
467
468
469
470
471
472
473
474
475
476
477
478
479
480
481
482
483
484
485
486
487
488
489
490
491
492
493
494
495
496
497
498
499
500
501
502
503
504
505
506
507
508
509
510
511
512
513
514
515
516
517
518
519
520
521
522
523
524
525
526
527
528
529
530
531
532
533
534
535
536
537
538
539
540
541
542
543
544
545
546
547
548
549
550
551
552
553
554
555
556
557
558
559
560
561
562
563
564
565
566
567
568
569
570
571
572
573
574
575
576
577
578
579
580
581
582
583
584
585
586
587
588
589
590
591
592
593
594
595
596
597
598
599
600
601
602
603
604
605
606
607
608
609
610
611
612
613
614
615
616
617
618
619
620
621
622
623
624
625
626
627
628
629
630
631
632
633
634
635
636
637
638
639
640
641
642
643
644
645
646
647
648
649
650
651
652
653
654
655
656
657
658
659
660
661
662
663
664
665
666
667
668
669
670
671
672
673
674
675
676
677
678
679
680
681
682
683
684
685
686
687
688
689
690
691
692
693
694
695
696
697
698
699
700
701
702
703
704
705
706
707
708
709
710
711
712
713
714
715
716
717
718
719
720
721
722
723
724
725
726
727
728
729
730
731
732
733
734
735
736
737
738
739
740
741
742
743
744
745
746
747
748
749
750
751
752
753
754
755
756
757
758
759
760
761
762
763
764
765
766
767
768
769
770
771
772
773
776
777
778
779
780
781
782
783
784
785
786
787
788
789
790
791
792
793
794
795
796
797
798
799
800
801
802
803
804
805
806
807
808
809
810
811
812
813
814
815
816
817
818
819
821
822
823
824
825
826
827
828
829
830
831
832
833
834
835
836
837
838
839
840
841
842
843
844
846
847
848
849
850
851
852
853
854
855
856
857
858
859
860
861
862
863
864
866
867
868
869
870
871
872
873
874
875
876
877
878
879
880
881
882
883
884
885
886
887
888
889
890
891
892
893
894
895
896
897
898
899
900
901
902
903
904
905
906
907
908
909
910
911
912
913
914
915
916
917
918
919
920
921
922
923
924
925
926
927
928
929
930
931
932
933
934
935
936
937
938
939
940
941
942
943
944
945
946
947
948
949
950
951
952
953
954
955
956
957
958
959
960
961
962
963
964
965
966
967
968
969
970
971
972
973
974
975
976
977
978
979
980
981
982
983
984
985
986
987
988
989
990
991
992
993
994
995
996
997
998
999
1000
1001
1002
1003
1004
1005
1006
1007
1008
1009
1010
1011
1012
1013
1014
1015
1016
1017
1018
1019
1020
1021
1022
1023
1024
1025
1026
1027
1028
1029
1030
1031
1032
1034
1035
1036
1037
1038
1039
1040
1041
1042
1043
1044
1045
1046
1047
1048
1049
1050
1051
1052
1053
1054
1055
1056
1057
1058
1059
1060
1061
1062
1063
1064
1065
1066
1067
1068
1069
1070
1071
1072
1073
1074
1075
1076
1077
1078
1079
1080
1081
1082
1083
1084
1085
1086
1087
1088
1089
1090
1091
1092
1093
1094
1095
1096
1097
1098
1099
1100
1101
1102
1103
1104
1105
1106
1107
1108
1109
1110
1111
1112
1113
1114
1115
1116
1117
1118
1119
1120
1121
1122
1123
1124
1125
1126
1127
1128
1129
1130
1131
1132
1133
1134
1135
1136
1137
1138
1139
1140
1141
1142
1143
1144
1145
1146
1147
1148
1149
1150
1151
1152
1153
1154
1155
1156
1157
1158
1159
1160
1161
1162
1163
1164
1165
1166
1167
1168
1169
1170
1171
1172
1173
1174
1175
1176
1178
1179
1180
1181
1182
1183
1184
1185
1186
1187
1188
1189
1190
1191
1192
1193
1194
1195
1196
1197
1198
1199
1200
1201
1202
1203
1204
1205
1206
1207
1208
1209
1210
1211
1212
1213
1214
1215
1216
1217
1218
1219
1220
1221
1222
1223
1224
1225
1226
1227
1228
1229
1230
1231
1232
1233
1234
1235
1236
1237
1238
1239
1240
1241
1242
1243
1244
1245
1246
1247
1248
1249
1250
1251
1252
1253
1254
1255
1256
1257
1258
1259
1260
1261
1262
1263
1264
1265
1266
1267
1268
1269
1270
1271
1272
1273
1274
1275
1276
1277
1278
1279
1280
1281
1282
1283
1284
1285
1286
1287
1288
1289
1290
1291
1292
1293
1294
1295
1296
1297
1298
1299
1300
1301
1302
1303
1304
1305
1306
1307
1308
1309
1310
1311
1312
1313
1314
1315
1316
1317
1318
1319
1320
1321
1322
1323
1324
1325
1326
1327
1328
1329
1330
1331
1332
1333
1334
1335
1336
1337
1338
1339
1340
1341
1342
1343
1344
1345
1346
1347
1348
1349
1350
1351
1352
1353
1354
1355
1356
1357
1358
1360
1361
1362
1363
1364
1365
1366
1367
1368
1369
1370
1371
1372
1373
1374
1375
1376
1377
1378
1379
1380
1381
1382
1383
1384
1385
1386
1387
1388
1389
1390
1391
1392
1393
1394
1395
1396
1397
1399
1400
1401
1402
1403
1404
1405
1406
1407
1408
1409
1410
1411
1412
1413
1414
1415
1416
1417
1418
1419
1420
1421
1422
1423
1424
1425
1426
1427
1428
1429
1430
1431
1432
1433
1434
1435
1436
1437
1438
1439
1440
1441
1442
1443
1444
1445
1446
1447
1448
1449
1450
1451
1452
1453
1454
1455
1456
1457
1458
1459
1460
1461
1462
1463
1464
1465
1466
1467
1468
1469
1470
1471
1472
1473
1474
1475
1476
1477
1478
1479
1480
1481
1482
1483
1484
1485
1486
1487
1488
1489
1490
1491
1492
1493
1494
1495
1496
1497
1498
1499
1500
1501
1502
1503
1505
1506
1507
1508
1509
1510
1511
1512
1513
1514
1515
1516
1517
1518
1519
1520
1521
1522
1523
1524
1525
1526
1527
1528
1529
1530
1531
1532
1533
1534
1535
1536
1537
1538
1539
1540
1541
1542
1543
1544
1545
1546
1547
1548
1549
1550
1551
1552
1553
1554
1555
1556
1557
1558
1559
1560
1561
1562
1563
1564
1565
1566
1567
1568
1569
1570
1571
1572
1573
1574
1575
1576
1577
1578
1579
1580
1581
1582
1583
1584
1585
1586
1587
1588
1589
1590
1591
1592
1593
1594
1595
1596
1597
1598
1599
1600
1601
1602
1603
1604
1605
1606
1607
1608
1609
1610
1611
1612
1613
1614
1615
1616
1617
1618
1619
1620
1622
1623
1624
1625
1626
1627
1628
1629
1630
1631
1632
1633
1634
1635
1636
1637
1638
1639
1640
1641
1642
1643
1644
1645
1646
1647
1648
1649
1650
1651
1652
1653
1654
1655
1656
1657
1658
1659
1660
1661
1662
1663
1664
1665
1666
1667
1668
1669
1670
1671
1672
1673
1674
1675
1676
1677
1678
1679
1680
1681
1682
1683
1684
1685
1686
1687
1688
1689
1690
1691
1692
1693
1694
1695
1696
1697
1698
1699
1700
1701
1702
1703
1704
1705
1706
1707
1708
1709
1710
1711
1712
1713
1714
1715
1716
1717
1718
1719
1720
1721
1722
1723
1724
1725
1726
1727
1728
1729
1730
1731
1732
1733
1734
1735
1736
1737
1738
1739
1740
1741
1742
1743
1744
1745
1746
1747
1748
1749
1750
1751
1752
1753
1754
1755
1756
1757
1759
1760
1761
1762
1763
1764
1765
1766
1767
1768
1769
1770
1771
1772
1773
1774
1775
1776
1777
1778
1779
1780
1781
1782
1783
1784
1785
1786
1787
1788
1789
1790
1791
1792
1793
1794
1795
1796
1797
1798
1799
1800
1801
1802
1803
1804
1805
1806
1807
1808
1809
1810
1811
1812
1813
1814
1815
1816
1817
1818
1819
1820
1821
1822
1823
1824
1825
1826
1827
1828
1829
1830
1831
1832
1833
1834
1835
1836
1837
1838
1839
1840
1841
1842
1843
1844
1845
1846
1847
1848
1849
1850
1851
1852
1853
1854
1855
1856
1857
1858
1859
1860
1861
1862
1863
1864
1865
1866
1867
1868
1869
1870
1871
1873
1874
1875
1876
1877
1878
1879
1880
1881
1882
1883
1884
1885
1886
1887
1888
1889
1890
1891
1892
1893
1894
1895
1896
1897
1898
1899
1900
1901
1902
1903
1904
1905
1906
1907
1908
1909
1910
1911
1912
1913
1914
1915
1916
1917
1918
1919
1920
1921
1922
1923
1924
1925
1926
1927
1928
1929
1930
1931
1932
1933
1934
1935
1936
1937
1938
1939
1940
1941
1942
1943
1944
1945
1946
1947
1948
1949
1950
1951
1952
1953
1954
1955
1956
1957
1958
1959
1960
1962
1964
1965
1966
1967
1968
1969
1970
1971
1972
1973
1974
1975
1976
1977
1978
1979
1980
1981
1982
1983
1984
1985
1986
1987
1988
1989
1990
1991
1992
1993
1994
1995
1996
1997
1998
1999
2000
2001
2002
2003
2004
2005
2006
2007
2008
2009
2010
2011
2012
2013
2014
2015
2016
2017
2018
2019
2020
2021
2022
2023
2024
2025
2026
2027
2028
2029
2030
2031
2032
2033
2034
2035
2036
2037
2038
2039
2040
2041
2042
2043
2044
2045
2046
2047
2048
2049
2050
2051
2052
2053
2054
2055
2056
2057
2058
2059
2060
2061
2062
2063
2064
2065
2066
2067
2068
2069
2070
2071
2072
2073
2074
2075
2076
2077
2078
2079
2080
2081
2082
2083
2084
2085
2086
2087
2088
2089
2090
2091
2092
2093
2094
2095
2096
2097
2098
2099
2100
2101
2102
2103
2104
2105
2106
2107
2108
2109
2110
2111
2112
2113
2114
2115
2116
2117
2118
2119
2120
2121
2122
2123
2124
2125
2126
2127
2128
2129
2130
2131
2132
2133
2134
2135
2136
2137
2138
2139
2140
2141
2142
2143
2144
2145
2146
2147
2148
2149
2150
2151
2152
2153
2154
2155
2156
2157
2158
2159
2160
2161
2162
2163
2164
2165
2166
2167
2168
2169
2170
2171
2172
2173
2174
2175
2176
2177
2178
2179
2180
2181
2182
2183
2184
2185
2186
2187
2188
2189
2190
2191
2192
2193
2194
2195
2196
2197
2198
2199
2200
2201
2202
2203
2204
2205
2206
2208
2209
2210
2211
2212
2213
2214
2215
2216
2217
2218
2219
2220
2221
2222
2223
2224
2225
2226
2227
2228
2229
2230
2231
2232
2233
2234
2235
2236
2237
2238
2239
2240
2241
2242
2243
2244
2245
2246
2247
2248
2249
2250
2251
2252
2253
2254
2255
2256
2257
2258
2259
2260
2261
2262
2263
2264
2265
2266
2267
2268
2269
2270
2271
2272
2273
2274
2275
2276
2277
2278
2279
2280
2281
2282
2283
2284
2285
2286
2287
2288
2289
2290
2291
2292
2293
2294
2295
2296
2297
2298
2299
2300
2301
2302
2303
2304
2305
2306
2307
2308
2309
2310
2311
2312
2313
2314
2315
2316
2317
2318
2319
2320
2321
2322
2323
2324
2325
2326
2327
2328
2329
2330
2331
2332
2333
2334
2335
2336
2337
2338
2339
2340
2341
2342
2343
2344
2345
2346
2347
2348
2349
2350
2351
2352
2353
2354
2355
2356
2357
2358
2359
2360
2361
2362
2363
2364
2365
2366
2367
2368
2369
2370
2371
2372
2373
2374
2375
2376
2377
2378
2379
2380
2381
2382
2383
2384
2385
2386
2387
2388
2389
2390
2391
2392
2393
2394
2395
2396
2397
2398
2399
2400
2401
2402
2403
2404
2405
2406
2407
2408
2410
2411
2412
2413
2414
2415
2416
2418
2420
2421
2422
2423
2424
2425
2426
2427
2428
2429
2430
2431
2432
2433
2434
2435
2436
2437
2438
2439
2440
2441
2442
2443
2444
2445
2446
2447
2448
2450
2451
2452
2453
2454
2455
2456
2457
2458
2459
2460
2461
2462
2463
2464
2465
2466
2467
2468
2469
2470
2471
2472
2473
2474
2475
2476
2477
2478
2479
2480
2481
2482
2483
2484
2485
2486
2487
2488
2489
2490
2491
2492
2493
2494
2495
2496
2497
2498
2499
2500
2501
2502
2503
2504
2505
2506
2507
2508
2509
2510
2511
2512
2513
2514
2515
2516
2517
2518
2519
2520
2521
2522
2523
2524
2525
2526
2527
2528
2529
2530
2531
2532
2533
2534
2535
2536
2537
2538
2539
2540
2541
2542
2543
2544
2545
2546
2547
2548
2549
2550
2551
2552
2553
2554
2555
2556
2557
2558
2559
2560
2561
2562
2563
2564
2565
2566
2567
2568
2569
2570
2571
2572
2573
2574
2575
2576
2577
2578
2579
2580
2581
2582
2583
2584
2585
2586
2587
2588
2589
2590
2591
2592
2593
2594
2595
2596
2597
2598
2599
2600
2601
2602
2603
2604
2605
2606
2607
2608
2609
2610
2611
2612
2613
2614
2615
2616
2617
2618
2619
2620
2621
2622
2623
2624
2625
2626
2627
2628
2629
2630
2631
2632
2633
2634
2635
2636
2637
2638
2639
2640
2641
2642
2643
2644
2645
2646
2647
2648
2649
2650
2651
2652
2653
2654
2655
2656
2657
2658
2659
2660
2661
2662
2663
2664
2665
2666
2667
2668
2669
2670
2671
2672
2673
2674
2675
2676
2677
2678
2679
2680
2681
2682
2683
2684
2685
2686
2687
2688
2689
2690
2691
2692
2693
2694
2695
2696
2697
2698
2699
2700
2701
2702
2703
2704
2705
2706
2707
2708
2709
2710
2711
2712
2713
2714
2715
2716
2717
2718
2719
2720
2721
2722
2723
2724
2725
2726
2727
2728
2729
2730
2731
2732
2733
2734
2735
2736
2737
2738
2739
2740
2741
2742
2743
2744
2745
2746
2747
2748
2749
2750
2751
2752
2753
2754
2755
2756
2757
2758
2759
2760
2761
2762
2763
2764
2765
2766
2767
2768
2769
2770
2771
2772
2773
2774
2775
2776
2777
2778
2779
2780
2781
2782
2783
2784
2785
2786
2787
2788
2789
2790
2791
2792
2793
2794
2795
2796
2797
2798
2799
2800
2801
2802
2803
2804
2805
2806
2807
2808
2809
2810
2811
2812
2813
2814
2815
2816
2817
2818
2819
2820
2821
2822
2823
2824
2825
2826
2827
2828
2829
2830
2831
2832
2833
2834
2835
2836
2837
2838
2839
2840
2841
2842
2843
2844
2845
2846
2847
2848
2849
2850
2851
2852
2853
2854
2855
2856
2857
2858
2859
2860
2861
2862
2863
2864
2865
2866
2867
2868
2869
2870
2871
2872
2873
2874
2875
2876
2877
2878
2879
2880
2881
2882
2883
2884
2885
2886
2887
2888
2889
2890
2891
2892
2893
2894
2895
2896
2897
2898
2899
2900
2901
2902
2903
2904
2905
2906
2907
2908
2909
2910
2911
2912
2913
2914
2915
2916
2917
2918
2919
2920
2921
2922
2923
2924
2925
2926
2927
2928
2929
2930
2931
2932
2933
2934
2935
2936
2937
2938
2939
2940
2941
2942
2943
2944
2945
2946
2947
2948
2949
2950
2951
2952
2953
2954
2955
2956
2957
2958
2959
2960
2961
2962
2963
2964
2965
2966
2967
2968
2969
2970
2971
2972
2973
2974
2975
2976
2977
2978
2979
2980
2981
2982
2983
2984
2985
2986
2987
2988
2989
2990
2991
2992
2993
2994
2995
2996
2997
2998
2999
3000
3001
3002
3003
3004
3005
3006
3007
3008
3009
3010
3012
3013
3014
3015
3016
3017
3018
3019
3020
3021
3022
3023
3024
3025
3026
3027
3028
3029
3030
3031
3032
3033
3034
3035
3036
3037
3038
3039
3040
3041
3042
3043
3044
3045
3046
3047
3048
3049
3050
3051
3052
3053
3054
3055
3056
3057
3058
3059
3060
3061
3062
3063
3064
3065
3066
3067
3068
3069
3070
3071
3072
3073
3074
3075
3076
3077
3078
3079
3080
3081
3082
3083
3084
3085
3086
3087
3088
3089
3090
3091
3092
3093
3094
3095
3096
3097
3098
3099
3100
3101
3102
3103
3104
3105
3106
3107
3108
3109
3110
3111
3112
3113
3114
3115
3116
3117
3118
3119
3120
3121
3122
3123
3124
3125
3126
3127
3128
3129
3130
3131
3132
3133
3134
3135
3136
3137
3138
3139
3140
3141
3142
3143
3144
3145
3146
3147
3148
3149
3150
3151
3152
3153
3154
3155
3156
3157
3158
3159
3160
3161
3162
3163
3164
3165
3166
3167
3168
3169
3170
3171
3172
3173
3174
3175
3176
3177
3178
3179
3180
3181
3182
3183
3184
3185
3186
3187
3188
3189
3190
3191
3192
3193
3194
3195
3196
3197
3198
3199
3200
3201
3202
3203
3204
3205
3207
3208
3209
3210
3212
3213
3214
3215
3216
3217
3218
3219
3221
3222
3223
3224
3225
3226
3228
3229
3230
3231
3232
3233
3234
3235
3237
3238
3239
3240
3241
3242
3243
3244
3245
3246
3247
3248
3249
3250
3251
3252
3253
3254
3255
3256
3257
3258
3259
3260
3261
3262
3263
3264
3265
3266
3267
3268
3269
3270
3271
3272
3273
3274
3275
3276
3277
3278
3279
3280
3281
3282
3283
3284
3285
3286
3287
3288
3289
3290
3291
3292
3293
3294
3295
3296
3297
3298
3299
3300
3301
3302
3303
3304
3305
3306
3307
3308
3309
3310
3311
3312
3313
3314
3315
3316
3317
3318
3319
3320
3321
3322
3323
3324
3325
3326
3327
3328
3329
3330
3331
3332
3333
3334
3335
3336
3337
3338
3339
3340
3341
3342
3343
3344
3345
3346
3347
3348
3349
3350
3351
3352
3354
3355
3356
3357
3358
3359
3360
3361
3362
3363
3364
3365
3366
3367
3368
3369
3370
3371
3372
3373
3374
3375
3376
3377
3378
3379
3380
3381
3382
3383
3384
3385
3386
3387
3388
3389
3390
3391
3392
3393
3394
3395
3396
3397
3398
3399
3400
3401
3402
3403
3404
3405
3406
3407
3408
3409
3410
3411
3412
3413
3414
3415
3416
3417
3418
3419
3420
3421
3422
3423
3424
3425
3426
3427
3428
3429
3430
3431
3432
3433
3434
3435
3436
3437
3438
3439
3440
3441
3442
3443
3444
3445
3446
3447
3448
3449
3450
3451
3452
3453
3455
3456
3457
3458
3459
3460
3461
3462
3463
3464
3465
3466
3467
3468
3469
3470
3471
3472
3473
3474
3476
3477
3478
3479
3480
3481
3482
3483
3484
3485
3486
3487
3488
3489
3490
3491
3492
3493
3494
3495
3496
3497
3498
3499
3500
3501
3502
3503
3504
3505
3506
3507
3508
3509
3510
3511
3512
3513
3514
3515
3516
3517
3518
3519
3520
3521
3522
3523
3524
3525
3526
3527
3528
3529
3530
3531
3532
3533
3534
3535
3536
3537
3538
3539
3540
3541
3542
3543
3544
3545
3546
3547
3548
3549
3550
3551
3552
3553
3554
3555
3556
3557
3558
3559
3560
3561
3562
3563
3564
3565
3566
3567
3568
3569
3570
3571
3572
3573
3574
3575
3576
3577
3578
3579
3580
3581
3582
3583
3584
3585
3586
3587
3588
3589
3590
3591
3593
3594
3595
3596
3597
3598
3599
3600
3601
3602
3603
3604
3605
3606
3608
3609
3610
3611
3612
3613
3614
3615
3616
3617
3618
3619
3620
3621
3622
3623
3624
3625
3626
3627
3628
3629
3630
3631
3632
3633
3634
3635
3636
3637
3638
3639
3640
3641
3642
3643
3644
3645
3646
3648
3649
3650
3651
3652
3653
3654
3655
3656
3657
3658
3659
3660
3661
3662
3663
3664
3665
3666
3667
3668
3669
3670
3671
3672
3673
3674
3675
3676
3677
3678
3679
3680
3681
3682
3683
3684
3685
3686
3687
3688
3689
3690
3691
3692
3693
3694
3695
3696
3697
3698
3699
3700
3701
3702
3703
3704
3705
3706
3707
3708
3709
3710
3711
3712
3713
3714
3715
3716
3717
3718
3719
3720
3721
3722
3723
3724
3725
3726
3727
3728
3729
3730
3731
3732
3733
3734
3735
3736
3737
3738
3739
3740
3741
3742
3743
3744
3745
3746
3747
3748
3749
3750
3751
3752
3753
3754
3755
3756
3757
3758
3759
3760
3761
3762
3763
3764
3765
3766
3767
3768
3769
3770
3771
3772
3773
3774
3775
3776
3777
3778
3779
3780
3781
3782
3783
3784
3785
3786
3787
3788
3789
3790
3791
3792
3793
3794
3795
3796
3797
3798
3799
3800
3801
3802
3803
3804
3805
3806
3807
3808
3809
3810
3811
3812
3813
3814
3815
3816
3817
3818
3819
3820
3821
3822
3823
3824
3825
3826
3827
3828
3829
3830
3831
3832
3833
3834
3835
3836
3837
3838
3839
3840
3841
3842
3843
3844
3845
3847
3848
3849
3850
3851
3852
3853
3854
3855
3856
3857
3858
3859
3860
3861
3862
3863
3864
3865
3866
3867
3868
3869
3870
3871
3872
3873
3874
3875
3876
3877
3878
3879
3881
3882
3883
3884
3885
3886
3887
3888
3889
3890
3891
3892
3895
3896
3897
3898
3899
3900
3901
3902
3903
3904
3905
3906
3907
3908
3909
3910
3911
3912
3913
3914
3915
3916
3917
3918
3919
3920
3921
3922
3923
3924
3925
3926
3927
3928
3929
3930
3931
3932
3933
3934
3935
3936
3937
3938
3939
3940
3941
3942
3943
3944
3945
3946
3947
3948
3949
3950
3951
3952
3953
3954
3955
3956
3957
3958
3959
3960
3961
3962
3963
3964
3965
3966
3967
3968
3969
3970
3971
3972
3973
3974
3975
3976
3977
3978
3979
3980
3981
3982
3983
3984
3985
3986
3987
3988
3989
3990
3991
3992
3993
3994
3995
3996
3997
3998
3999
4000
4001
4002
4003
4004
4005
4006
4007
4008
4009
4010
4011
4012
4013
4014
4015
4016
4017
4018
4019
4020
4021
4022
4023
4024
4025
4026
4027
4028
4029
4030
4031
4032
4033
4034
4035
4036
4037
4038
4039
4040
4041
4042
4043
4044
4045
4046
4047
4048
4049
4050
4051
4052
4053
4054
4055
4056
4057
4058
4059
4060
4061
4062
4063
4064
4065
4066
4067
4068
4069
4070
4071
4072
4073
4074
4075
4076
4077
4078
4079
4080
4081
4082
4083
4084
4086
4087
4088
4089
4090
4091
4092
4093
4094
4095
4096
4097
4098
4099
4100
4101
4102
4104
4105
4106
4107
4108
4109
4110
4111
4112
4114
4115
4116
4117
4118
4119
4120
4121
4122
4123
4124
4125
4126
4127
4128
4129
4130
4131
4132
4133
4134
4135
4136
4137
4138
4139
4140
4141
4142
4143
4144
4145
4146
4147
4148
4149
4150
4151
4152
4154
4155
4156
4157
4158
4159
4160
4161
4162
4163
4164
4165
4166
4167
4168
4169
4170
4171
4172
4173
4174
4175
4176
4177
4178
4179
4180
4181
4182
4183
4184
4185
4186
4188
4189
4190
4191
4192
4193
4194
4195
4196
4197
4199
4200
4201
4202
4203
4204
4205
4206
4207
4208
4209
4210
4211
4212
4213
4214
4216
4217
4218
4219
4220
4221
4222
4223
4224
4225
4226
4227
4228
4229
4230
4231
4232
4233
4234
4235
4236
4237
4238
4239
4240
4241
4242
4243
4244
4245
4246
4247
4248
4249
4251
4252
4253
4254
4255
4256
4257
4258
4259
4260
4261
4262
4263
4264
4265
4266
4267
4268
4269
4270
4271
4272
4273
4274
4275
4276
4277
4278
4279
4281
4282
4283
4284
4285
4286
4287
4288
4289
4290
4291
4292
4293
4294
4295
4296
4297
4299
4300
4301
4302
4303
4304
4306
4307
4308
4309
4310
4311
4312
4313
4314
4315
4316
4317
4318
4319
4320
4321
4322
4323
4324
4325
4327
4328
4329
4330
4331
4332
4333
4334
4335
4336
4337
4338
4339
4340
4341
4342
4343
4344
4345
4346
4347
4348
4350
4351
4352
4353
4354
4355
4356
4357
4358
4359
4360
4361
4362
4363
4364
4365
4366
4368
4369
4370
4371
4372
4373
4374
4375
4376
4377
4378
4379
4380
4381
4382
4383
4384
4385
4386
4387
4389
4390
4391
4392
4393
4394
4395
4396
4397
4398
4399
4400
4401
4402
4403
4404
4405
4406
4407
4408
4409
4410
4411
4412
4413
4414
4415
4416
4417
4418
4419
4420
4421
4422
4423
4424
4425
4426
4427
4428
4429
4430
4431
4432
4433
4434
4435
4436
4437
4438
4439
4440
4441
4442
4443
4444
4445
4446
4447
4448
4449
4450
4451
4452
4453
4454
4455
4456
4457
4458
4459
4460
4461
4462
4463
4464
4465
4466
4467
4468
4469
4470
4471
4472
4473
4474
4475
4476
4477
4478
4479
4480
4481
4482
4483
4484
4485
4486
4487
4488
4489
4490
4491
4492
4493
4494
4495
4496
4497
4498
4499
4500
4501
4502
4503
4504
4505
4506
4507
4508
4509
4510
4511
4512
4513
4514
4515
4516
4517
4518
4519
4520
4521
4522
4523
4524
4525
4526
4528
4529
4530
4531
4532
4533
4534
4535
4536
4537
4538
4539
4540
4541
4542
4543
4544
4545
4546
4547
4548
4549
4550
4551
4552
4553
4554
4555
4556
4557
4558
4559
4560
4561
4562
4563
4564
4565
4566
4567
4568
4570
4571
4572
4573
4574
4575
4576
4577
4578
4580
4581
4582
4583
4584
4585
4586
4587
4588
4589
4590
4591
4592
4593
4594
4595
4596
4598
4599
4600
4601
4602
4603
4604
4605
4606
4607
4608
4609
4610
4611
4612
4613
4614
4615
4616
4617
4618
4619
4620
4621
4622
4623
4624
4625
4626
4627
4628
4629
4630
4631
4632
4633
4634
4635
4636
4637
4638
4639
4640
4641
4642
4643
4644
4645
4647
4648
4649
4650
4651
4652
4653
4654
4655
4656
4657
4658
4659
4660
4661
4662
4663
4664
4665
4666
4667
4668
4669
4670
4671
4672
4673
4674
4675
4676
4677
4678
4679
4680
4681
4682
4683
4684
4685
4686
4687
4688
4689
4690
4691
4692
4693
4694
4695
4696
4697
4698
4699
4700
4701
4702
4703
4704
4705
4706
4707
4708
4709
4710
4711
4712
4713
4714
4715
4716
4717
4718
4719
4720
4721
4722
4723
4724
4725
4726
4727
4729
4730
4731
4732
4733
4734
4735
4736
4737
4738
4739
4740
4741
4742
4743
4744
4745
4746
4747
4748
4749
4750
4751
4752
4753
4754
4755
4756
4757
4758
4759
4761
4762
4763
4764
4765
4766
4767
4768
4769
4770
4771
4772
4773
4774
4775
4776
4777
4778
4779
4780
4781
4782
4783
4784
4785
4786
4787
4788
4789
4790
4791
4792
4793
4794
4795
4796
4797
4798
4799
4800
4801
4802
4803
4804
4805
4806
4807
4808
4809
4810
4811
4813
4814
4815
4816
4817
4818
4820
4821
4822
4823
4824
4825
4826
4827
4828
4829
4830
4831
4832
4833
4834
4835
4836
4837
4838
4839
4840
4841
4842
4843
4844
4845
4846
4847
4848
4849
4850
4851
4852
4853
4854
4855
4856
4857
4858
4859
4860
4861
4862
4863
4864
4865
4866
4867
4868
4869
4870
4871
4872
4873
4874
4875
4876
4877
4878
4879
4880
4881
4882
4883
4884
4885
4886
4887
4888
4889
4890
4891
4892
4893
4894
4895
4896
4897
4898
4899
4900
4901
4902
4903
4904
4905
4906
4907
4908
4909
4910
4911
4912
4913
4914
4915
4916
4917
4918
4919
4920
4921
4922
4923
4924
4925
4926
4927
4928
4929
4930
4931
4933
4934
4935
4936
4937
4938
4939
4940
4941
4942
4943
4944
4945
4946
4947
4948
4949
4950
4951
4952
4953
4954
4955
4956
4957
4958
4959
4960
4961
4962
4963
4964
4965
4966
4967
4968
4969
4970
4971
4972
4973
4974
4976
4977
4978
4979
4980
4981
4982
4983
4984
4985
4986
4987
4988
4989
4990
4991
4992
4993
4994
4995
4996
4997
4998
4999
5000
5001
5002
5003
5004
5005
5006
5007
5008
5009
5010
5011
5012
5013
5014
5015
5016
5017
5018
5019
5020
5021
5022
5023
5024
5025
5026
5027
5028
5029
5030
5031
5032
5033
5034
5035
5036
5037
5038
5039
5040
5041
5042
5043
5044
5045
5046
5047
5048
5049
5050
5051
5052
5053
5054
5055
5056
5057
5058
5059
5060
5061
5062
5064
5065
5066
5067
5068
5069
5070
5071
5072
5073
5074
5075
5076
5077
5078
5079
5081
5082
5083
5084
5085
5086
5087
5088
5089
5090
5091
5092
5093
5094
5095
5096
5097
5098
5099
5100
5101
5102
5103
5104
5105
5106
5107
5108
5109
5110
5111
5112
5113
5114
5115
5116
5117
5118
5119
5120
5121
5122
5123
5124
5125
5126
5127
5128
5129
5130
5131
5132
5133
5134
5135
5136
5137
5138
5139
5140
5141
5142
5143
5144
5145
5146
5147
5148
5149
5150
5151
5152
5154
5155
5157
5158
5159
5160
5161
5162
5163
5164
5165
5166
5167
5168
5169
5170
5171
5173
5174
5175
5176
5177
5178
5179
5180
5181
5182
5183
5184
5185
5186
5187
5188
5189
5190
5191
5192
5193
5194
5195
5196
5197
5198
5199
5200
5201
5202
5203
5204
5205
5206
5207
5208
5209
5210
5211
5212
5213
5214
5215
5216
5217
5218
5219
5220
5221
5222
5223
5224
5225
5226
5227
5228
5229
5230
5231
5232
5233
5234
5235
5236
5237
5238
5239
5240
5241
5242
5243
5244
5245
5246
5247
5248
5249
5250
5251
5252
5253
5254
5255
5256
5257
5258
5259
5260
5261
5262
5263
5264
5265
5266
5267
5268
5269
5270
5271
5272
5273
5274
5275
5276
5277
5278
5279
5280
5281
5282
5283
5284
5285
5286
5287
5288
5289
5290
5291
5292
5293
5295
5296
5297
5298
5299
5300
5301
5302
5303
5304
5305
5306
5307
5308
5309
5310
5312
5313
5314
5315
5316
5317
5318
5319
5320
5321
5322
5323
5324
5325
5326
5327
5328
5329
5330
5331
5332
5333
5334
5335
5336
5337
5338
5339
5340
5341
5342
5343
5344
5345
5346
5347
5348
5349
5350
5351
5352
5353
5354
5355
5356
5357
5358
5359
5360
5361
5362
5363
5364
5365
5366
5367
5368
5369
5370
5371
5372
5373
5374
5375
5376
5377
5378
5379
5380
5381
5382
5383
5384
5385
5386
5387
5388
5389
5390
5391
5392
5394
5395
5396
5397
5398
5399
5400
5401
5402
5403
5404
5405
5406
5407
5408
5409
5410
5411
5412
5413
5414
5415
5416
5417
5418
5419
5420
5421
5422
5423
5424
5425
5426
5427
5428
5429
5430
5431
5432
5433
5434
5435
5436
5437
5438
5439
5440
5441
5442
5443
5444
5445
5446
5447
5448
5449
5450
5451
5452
5453
5454
5455
5456
5457
5458
5459
5460
5461
5462
5463
5464
5465
5466
5467
5468
5469
5471
5472
5473
5474
5475
5476
5477
5478
5479
5480
5481
5482
5483
5484
5485
5486
5487
5488
5489
5490
5491
5492
5493
5494
5495
5497
5498
5499
5500
5501
5502
5503
5505
5506
5507
5508
5509
5510
5511
5512
5513
5514
5515
5516
5517
5518
5519
5520
5521
5522
5523
5524
5525
5526
5527
5528
5529
5530
5531
5532
5533
5534
5535
5536
5537
5538
5539
5540
5541
5542
5543
5544
5545
5546
5547
5548
5549
5550
5551
5552
5553
5554
5555
5557
5558
5559
5560
5561
5562
5563
5564
5565
5566
5567
5568
5569
5570
5571
5572
5574
5575
5576
5577
5578
5579
5581
5582
5583
5584
5585
5586
5587
5588
5589
5590
5591
5592
5593
5594
5595
5596
5597
5598
5599
5600
5601
5602
5603
5604
5605
5606
5607
5608
5609
5610
5611
5612
5613
5614
5615
5617
5618
5619
5620
5621
5622
5623
5624
5625
5626
5627
5628
5629
5630
5631
5632
5633
5634
5636
5637
5638
5639
5640
5641
5642
5643
5644
5645
5646
5647
5648
5649
5650
5651
5652
5653
5654
5655
5656
5657
5658
5659
5660
5661
5662
5663
5664
5665
5666
5667
5668
5669
5670
5671
5672
5673
5674
5675
5676
5677
5678
5679
5680
5681
5682
5683
5684
5685
5686
5687
5688
5689
5690
5691
5692
5693
5694
5695
5696
5697
5698
5699
5700
5701
5702
5703
5704
5705
5706
5707
5708
5709
5710
5711
5712
5713
5714
5715
5716
5717
5718
5720
5721
5722
5723
5724
5725
5726
5727
5728
5730
5731
5732
5733
5734
5735
5736
5737
5738
5739
5740
5741
5742
5743
5745
5746
5747
5748
5749
5750
5751
5752
5753
5754
5755
5756
5757
5758
5759
5761
5762
5763
5764
5765
5766
5767
5768
5769
5770
5771
5772
5773
5774
5775
5776
5777
5778
5779
5780
5781
5782
5783
5784
5785
5786
5787
5788
5789
5790
5791
5792
5793
5794
5795
5796
5797
5798
5799
5800
5801
5802
5803
5804
5805
5807
5808
5809
5810
5812
5813
5814
5815
5816
5817
5818
5819
5820
5821
5822
5823
5824
5825
5826
5827
5828
5829
5830
5831
5832
5833
5834
5835
5836
5837
5838
5839
5840
5841
5842
5843
5844
5846
5847
5848
5849
5850
5851
5852
5853
5854
5855
5856
5857
5858
5860
5861
5862
5863
5864
5865
5866
5867
5868
5869
5870
5871
5872
5874
5875
5876
5877
5878
5879
5880
5882
5883
5884
5886
5887
5888
5889
5890
5891
5893
5894
5895
5896
5897
5898
5899
5900
5901
5902
5903
5904
5905
5906
5907
5908
5909
5910
5911
5912
5913
5914
5915
5916
5917
5918
5919
5920
5921
5922
5923
5924
5925
5926
5927
5928
5929
5930
5931
5932
5933
5934
5935
5936
5937
5938
5939
5940
5941
5943
5944
5945
5946
5947
5948
5949
5950
5951
5952
5953
5954
5955
5956
5957
5958
5959
5961
5962
5963
5964
5966
5967
5968
5969
5970
5971
5972
5973
5974
5975
5976
5977
5978
5979
5980
5981
5982
5983
5984
5985
5986
5987
5988
5989
5990
5991
5992
5993
5994
5995
5996
5997
5998
5999
6000
6001
6002
6003
6004
6005
6006
6007
6008
6009
6011
6012
6013
6014
6015
6016
6017
6018
6019
6020
6021
6022
6023
6024
6025
6026
6027
6028
6029
6030
6031
6032
6033
6034
6036
6037
6038
6039
6040
6041
6042
6043
6044
6045
6046
6047
6048
6049
6050
6051
6052
6053
6054
6055
6056
6057
6058
6059
6060
6061
6062
6063
6064
6065
6066
6067
6068
6069
6070
6071
6072
6073
6074
6075
6076
6077
6078
6079
6080
6081
6082
6083
6084
6085
6086
6087
6088
6089
6090
6091
6092
6093
6094
6095
6096
6097
6098
6099
6100
6101
6102
6103
6104
6105
6106
6107
6108
6109
6110
6111
6112
6113
6114
6115
6116
6117
6118
6119
6120
6121
6122
6123
6124
6125
6126
6127
6128
6129
6130
6131
6132
6133
6134
6135
6136
6137
6138
6139
6140
6141
6142
6143
6144
6145
6146
6147
6148
6149
6150
6151
6152
6153
6154
6155
6156
6157
6158
6159
6160
6161
6162
6163
6164
6165
6166
6167
6168
6169
6170
6171
6172
6173
6174
6175
6176
6177
6178
6179
6180
6182
6183
6184
6185
6186
6187
6188
6189
6190
6191
6192
6193
6194
6195
6196
6197
6198
6199
6201
6202
6203
6204
6205
6206
6207
6208
6209
6210
6211
6212
6213
6214
6215
6216
6217
6218
6220
6221
6222
6223
6224
6225
6226
6227
6228
6229
6230
6231
6232
6233
6234
6235
6236
6237
6238
6239
6240
6241
6242
6243
6244
6245
6246
6248
6249
6250
6251
6252
6253
6254
6255
6256
6257
6258
6259
6260
6261
6262
6263
6264
6265
6266
6267
6268
6269
6270
6272
6273
6274
6275
6276
6277
6278
6279
6280
6281
6282
6283
6284
6285
6286
6287
6288
6289
6290
6291
6292
6293
6294
6295
6296
6297
6298
6299
6300
6301
6302
6304
6305
6306
6307
6308
6309
6310
6311
6312
6313
6314
6315
6316
6317
6318
6319
6320
6321
6322
6323
6324
6325
6326
6327
6328
6329
6330
6331
6332
6333
6334
6335
6336
6337
6338
6339
6340
6341
6342
6343
6344
6345
6346
6347
6348
6349
6350
6351
6352
6353
6354
6355
6356
6357
6358
6359
6360
6361
6362
6363
6364
6365
6366
6367
6368
6369
6370
6371
6372
6373
6374
6375
6376
6377
6378
6379
6380
6381
6382
6383
6384
6385
6386
6387
6388
6389
6390
6391
6392
6393
6394
6395
6396
6397
6398
6399
6400
6401
6402
6403
6404
6405
6406
6407
6408
6409
6410
6411
6412
6413
6414
6415
6416
6418
6419
6420
6421
6422
6424
6425
6426
6427
6428
6429
6430
6431
6433
6434
6435
6436
6437
6438
6439
6440
6441
6442
6443
6444
6445
6446
6447
6448
6449
6450
6451
6452
6453
6454
6455
6456
6457
6458
6459
6461
6462
6463
6464
6466
6467
6468
6469
6470
6471
6472
6473
6474
6475
6476
6477
6478
6479
6480
6481
6482
6483
6484
6485
6486
6487
6488
6489
6490
6491
6492
6493
6494
6495
6496
6497
6498
6499
6500
6501
6502
6503
6504
6505
6507
6508
6509
6510
6511
6512
6513
6514
6515
6516
6517
6518
6519
6520
6521
6522
6523
6525
6526
6527
6528
6529
6530
6531
6532
6533
6534
6535
6536
6537
6538
6539
6540
6541
6542
6543
6544
6545
6546
6547
6548
6549
6550
6551
6552
6553
6554
6555
6556
6557
6558
6559
6560
6561
6562
6563
6564
6565
6566
6567
6568
6569
6570
6571
6572
6573
6574
6575
6576
6577
6578
6579
6580
6581
6582
6583
6584
6585
6587
6588
6589
6590
6591
6592
6593
6594
6595
6596
6597
6599
6600
6601
6602
6603
6604
6605
6606
6607
6608
6609
6610
6611
6612
6613
6614
6615
6616
6617
6618
6619
6620
6621
6622
6623
6624
6625
6627
6628
6629
6630
6631
6632
6633
6634
6635
6636
6637
6638
6639
6640
6641
6642
6643
6644
6645
6646
6647
6648
6649
6650
6651
6652
6653
6654
6655
6656
6657
6658
6659
6660
6661
6662
6663
6664
6665
6666
6667
6668
6669
6670
6672
6673
6674
6675
6676
6677
6678
6679
6680
6681
6683
6684
6685
6686
6687
6688
6689
6691
6692
6693
6694
6695
6696
6697
6698
6699
6700
6701
6702
6703
6704
6705
6706
6707
6708
6709
6710
6711
6712
6713
6714
6715
6716
6717
6718
6719
6720
6721
6722
6723
6724
6725
6726
6727
6728
6729
6730
6731
6733
6734
6735
6736
6737
6738
6739
6740
6741
6742
6743
6744
6745
6746
6747
6748
6749
6750
6751
6752
6753
6754
6755
6756
6757
6758
6759
6760
6761
6762
6763
6764
6765
6766
6767
6768
6769
6770
6771
6772
6773
6774
6775
6776
6777
6778
6779
6780
6781
6782
6783
6784
6785
6787
6788
6789
6790
6791
6792
6794
6795
6796
6797
6798
6799
6800
6801
6802
6803
6804
6805
6806
6807
6808
6809
6810
6811
6812
6813
6814
6815
6816
6817
6818
6819
6820
6821
6823
6824
6825
6826
6829
6830
6832
6833
6834
6835
6836
6837
6838
6839
6840
6841
6842
6843
6844
6845
6846
6847
6848
6849
6850
6851
6852
6853
6854
6855
6856
6857
6858
6859
6860
6861
6862
6863
6864
6865
6866
6867
6868
6869
6870
6871
6872
6873
6874
6875
6876
6878
6879
6880
6881
6882
6884
6885
6886
6887
6889
6890
6891
6892
6893
6895
6896
6897
6898
6899
6900
6901
6902
6903
6904
6905
6906
6907
6908
6909
6910
6911
6912
6913
6914
6915
6916
6917
6918
6919
6920
6921
6922
6923
6924
6925
6926
6927
6928
6929
6930
6931
6932
6933
6934
6935
6936
6937
6939
6940
6941
6942
6943
6944
6945
6946
6947
6948
6949
6950
6951
6952
6953
6954
6956
6957
6958
6959
6960
6961
6962
6963
6964
6965
6966
6967
6968
6969
6970
6971
6972
6973
6974
6975
6976
6977
6978
6979
6980
6982
6983
6984
6985
6986
6987
6988
6989
6990
6991
6992
6993
6994
6995
6996
6997
6999
7001
7002
7003
7004
7005
7006
7007
7008
7009
7010
7011
7012
7013
7014
7016
7017
7018
7019
7020
7021
7022
7023
7024
7025
7026
7027
7028
7029
7030
7031
7032
7033
7034
7035
7036
7037
7038
7039
7040
7041
7042
7043
7044
7045
7046
7047
7048
7049
7050
7051
7052
7053
7054
7055
7056
7057
7058
7059
7060
7061
7062
7063
7064
7065
7066
7067
7068
7070
7071
7072
7073
7074
7075
7076
7077
7078
7079
7080
7081
7082
7083
7085
7086
7087
7088
7089
7090
7091
7092
7093
7094
7095
7096
7097
7098
7099
7100
7101
7102
7104
7105
7106
7107
7108
7109
7110
7111
7112
7113
7114
7115
7116
7117
7119
7120
7121
7122
7123
7124
7125
7126
7127
7128
7129
7130
7131
7132
7133
7134
7135
7136
7137
7139
7140
7141
7142
7143
7144
7145
7146
7147
7148
7149
7150
7151
7152
7153
7154
7155
7156
7157
7158
7159
7160
7161
7162
7163
7164
7165
7166
7167
7168
7169
7170
7171
7172
7173
7174
7175
7176
7177
7178
7179
7181
7182
7183
7185
7186
7187
7188
7189
7190
7191
7192
7193
7194
7195
7196
7197
7198
7199
7200
7201
7202
7203
7204
7205
7206
7207
7208
7209
7210
7211
7212
7213
7214
7215
7216
7217
7218
7219
7220
7221
7222
7223
7224
7225
7226
7227
7228
7229
7230
7231
7232
7233
7234
7236
7237
7238
7239
7240
7241
7242
7243
7244
7245
7246
7247
7248
7249
7250
7251
7252
7253
7254
7255
7256
7258
7259
7260
7261
7262
7263
7265
7266
7267
7268
7269
7270
7271
7272
7274
7275
7276
7277
7278
7279
7280
7281
7283
7284
7285
7286
7287
7288
7289
7290
7291
7292
7293
7294
7295
7296
7297
7298
7299
7300
7301
7302
7303
7304
7305
7306
7307
7308
7309
7310
7311
7312
7313
7314
7315
7316
7317
7318
7319
7320
7321
7322
7324
7325
7326
7327
7328
7329
7330
7331
7332
7333
7334
7335
7336
7337
7338
7339
7340
7341
7342
7343
7344
7345
7346
7347
7348
7349
7350
7351
7352
7353
7354
7355
7356
7357
7358
7359
7360
7361
7362
7363
7364
7365
7366
7367
7368
7369
7370
7371
7372
7373
7374
7375
7376
7377
7378
7379
7380
7381
7382
7383
7384
7385
7386
7387
7388
7389
7390
7391
7392
7393
7394
7395
7396
7397
7398
7399
7401
7402
7403
7404
7406
7407
7408
7409
7410
7411
7412
7413
7415
7416
7417
7418
7419
7420
7421
7422
7423
7424
7425
7426
7427
7428
7429
7430
7431
7432
7433
7434
7435
7436
7437
7438
7439
7440
7441
7442
7444
7445
7446
7447
7448
7449
7450
7451
7452
7453
7454
7455
7457
7458
7459
7460
7461
7462
7463
7464
7465
7466
7467
7468
7469
7470
7472
7473
7474
7476
7477
7478
7479
7480
7481
7482
7483
7484
7485
7486
7487
7488
7489
7490
7491
7492
7493
7494
7495
7496
7497
7498
7499
7500
7501
7502
7503
7504
7505
7506
7508
7509
7510
7511
7512
7513
7514
7515
7516
7517
7518
7519
7520
7521
7522
7523
7524
7525
7526
7527
7528
7529
7530
7531
7532
7533
7534
7535
7536
7537
7538
7539
7540
7541
7542
7543
7544
7545
7546
7547
7548
7549
7550
7551
7552
7553
7554
7555
7556
7557
7558
7559
7560
7561
7563
7564
7565
7566
7567
7568
7569
7570
7571
7572
7573
7574
7575
7576
7578
7579
7580
7581
7582
7583
7584
7585
7586
7587
7588
7589
7590
7591
7592
7593
7594
7595
7596
7597
7598
7599
7601
7602
7603
7604
7605
7606
7607
7608
7609
7610
7611
7612
7613
7614
7615
7616
7617
7618
7619
7620
7621
7622
7623
7624
7625
7626
7627
7628
7629
7632
7633
7634
7635
7636
7637
7638
7639
7640
7641
7642
7643
7644
7645
7646
7647
7648
7649
7650
7651
7652
7653
7654
7655
7656
7657
7658
7659
7660
7661
7662
7663
7664
7665
7666
7667
7669
7670
7671
7672
7673
7674
7675
7676
7677
7678
7679
7680
7681
7682
7683
7684
7685
7686
7687
7689
7690
7691
7692
7693
7694
7695
7696
7697
7698
7699
7700
7701
7702
7703
7704
7705
7706
7707
7708
7709
7710
7711
7712
7713
7714
7715
7716
7717
7718
7719
7720
7721
7722
7723
7724
7725
7726
7727
7728
7729
7730
7731
7732
7733
7734
7735
7736
7737
7738
7739
7740
7741
7742
7743
7744
7745
7746
7747
7748
7749
7750
7751
7752
7753
7754
7755
7756
7757
7758
7759
7760
7761
7762
7763
7764
7765
7766
7767
7768
7769
7770
7771
7772
7773
7775
7776
7777
7778
7779
7780
7781
7782
7783
7784
7785
7786
7787
7788
7789
7790
7791
7792
7793
7794
7795
7796
7797
7798
7799
7800
7801
7802
7803
7804
7805
7806
7807
7808
7809
7810
7811
7812
7813
7815
7817
7818
7819
7820
7821
7822
7823
7824
7825
7826
7827
7828
7829
7830
7831
7832
7833
7834
7835
7836
7837
7838
7839
7840
7841
7842
7843
7844
7847
7848
7849
7850
7851
7852
7853
7854
7855
7856
7857
7859
7860
7861
7862
7863
7864
7865
7866
7867
7869
7870
7871
7872
7873
7874
7875
7876
7877
7878
7879
7880
7881
7883
7884
7885
7886
7887
7888
7889
7890
7891
7892
7893
7894
7895
7896
7897
7898
7899
7900
7901
7902
7903
7904
7905
7906
7907
7909
7910
7911
7912
7913
7914
7915
7916
7917
7918
7919
7920
7921
7922
7923
7924
7925
7926
7927
7928
7929
7930
7931
7932
7933
7934
7935
7936
7937
7938
7939
7940
7941
7942
7943
7944
7945
7946
7947
7948
7949
7950
7951
7952
7953
7954
7955
7956
7957
7958
7960
7962
7963
7964
7965
7966
7967
7968
7969
7970
7971
7972
7973
7974
7975
7976
7977
7978
7979
7980
7981
7982
7983
7984
7985
7986
7987
7988
7990
7991
7992
7993
7994
7995
7996
7997
7998
7999
8000
8001
8002
8003
8005
8006
8007
8008
8009
8010
8011
8012
8013
8014
8015
8016
8017
8018
8019
8020
8021
8022
8023
8024
8025
8026
8027
8028
8029
8030
8032
8033
8034
8036
8037
8038
8039
8040
8041
8042
8043
8044
8045
8046
8047
8049
8050
8051
8052
8053
8054
8055
8056
8057
8058
8059
8060
8061
8062
8063
8064
8065
8066
8068
8069
8070
8071
8072
8074
8075
8076
8077
8078
8079
8080
8081
8082
8083
8084
8085
8086
8087
8088
8089
8090
8091
8092
8093
8094
8095
8096
8097
8098
8099
8100
8101
8102
8103
8104
8105
8106
8107
8108
8109
8110
8111
8112
8113
8114
8115
8116
8117
8118
8119
8120
8121
8122
8123
8124
8125
8126
8127
8128
8129
8130
8131
8132
8133
8134
8135
8136
8137
8138
8139
8140
8141
8142
8143
8144
8145
8146
8147
8148
8149
8150
8151
8152
8153
8154
8155
8156
8157
8158
8159
8160
8161
8162
8163
8164
8165
8166
8167
8168
8169
8170
8171
8172
8173
8174
8176
8177
8178
8179
8180
8181
8182
8183
8184
8185
8186
8187
8188
8189
8190
8191
8192
8193
8194
8195
8196
8197
8198
8199
8200
8201
8202
8203
8204
8205
8206
8207
8208
8209
8210
8211
8213
8214
8215
8216
8217
8218
8219
8220
8221
8222
8223
8224
8225
8226
8227
8228
8229
8230
8231
8232
8233
8234
8235
8236
8237
8238
8239
8240
8241
8242
8243
8244
8245
8246
8248
8249
8250
8251
8252
8253
8254
8255
8256
8257
8258
8259
8260
8261
8262
8263
8264
8265
8266
8267
8268
8269
8270
8271
8272
8273
8274
8275
8276
8278
8279
8280
8281
8282
8283
8284
8285
8286
8287
8288
8289
8290
8291
8292
8293
8294
8295
8296
8297
8298
8299
8300
8302
8303
8304
8305
8306
8307
8308
8309
8310
8311
8312
8313
8315
8316
8317
8318
8319
8320
8321
8322
8323
8324
8325
8326
8327
8328
8329
8330
8332
8333
8334
8335
8336
8337
8338
8339
8340
8341
8342
8343
8344
8345
8346
8347
8348
8350
8351
8352
8353
8354
8355
8356
8357
8358
8359
8360
8361
8362
8363
8364
8365
8366
8367
8368
8369
8371
8372
8373
8374
8375
8376
8377
8378
8379
8380
8381
8382
8383
8384
8385
8386
8387
8388
8389
8390
8391
8392
8393
8394
8395
8396
8397
8398
8399
8400
8401
8402
8403
8404
8405
8406
8407
8408
8409
8410
8411
8412
8413
8415
8416
8417
8418
8419
8420
8421
8422
8423
8424
8425
8426
8427
8428
8429
8430
8431
8432
8433
8434
8435
8436
8437
8438
8439
8440
8441
8442
8443
8444
8445
8446
8448
8449
8450
8451
8452
8453
8454
8455
8456
8457
8458
8459
8460
8461
8462
8463
8464
8465
8466
8467
8468
8469
8470
8471
8472
8473
8474
8475
8476
8477
8478
8479
8480
8481
8482
8483
8484
8485
8486
8487
8488
8489
8490
8491
8492
8493
8494
8495
8496
8497
8498
8499
8500
8501
8502
8503
8504
8505
8506
8507
8508
8509
8510
8511
8512
8513
8514
8515
8516
8517
8518
8519
8520
8521
8523
8524
8525
8526
8527
8528
8529
8530
8531
8532
8533
8534
8535
8536
8537
8538
8539
8540
8541
8542
8543
8544
8545
8546
8547
8548
8549
8550
8551
8552
8553
8554
8555
8556
8557
8558
8559
8560
8561
8562
8563
8564
8565
8566
8567
8568
8569
8570
8571
8572
8573
8574
8575
8577
8578
8580
8581
8582
8583
8584
8585
8586
8587
8588
8589
8590
8591
8592
8593
8594
8595
8596
8597
8598
8599
8600
8601
8602
8604
8605
8606
8608
8609
8610
8611
8612
8613
8614
8615
8616
8617
8618
8619
8620
8621
8622
8623
8624
8625
8626
8627
8628
8629
8630
8631
8632
8633
8634
8635
8636
8637
8638
8639
8640
8642
8643
8644
8645
8646
8647
8648
8649
8650
8651
8652
8653
8654
8655
8656
8657
8658
8659
8660
8661
8662
8663
8664
8665
8666
8667
8668
8669
8670
8671
8672
8673
8674
8675
8677
8678
8679
8680
8681
8682
8683
8684
8685
8686
8687
8688
8689
8690
8691
8692
8693
8694
8695
8696
8697
8698
8699
8700
8701
8702
8703
8704
8705
8706
8707
8708
8709
8710
8712
8713
8714
8716
8717
8718
8719
8720
8721
8722
8723
8724
8725
8727
8728
8729
8731
8732
8733
8734
8735
8736
8737
8738
8739
8740
8741
8742
8743
8744
8745
8746
8747
8748
8749
8750
8751
8752
8753
8754
8755
8756
8757
8758
8759
8760
8761
8762
8763
8764
8765
8766
8767
8768
8769
8770
8771
8772
8773
8775
8776
8777
8778
8779
8780
8781
8782
8783
8784
8785
8786
8788
8789
8790
8791
8792
8793
8794
8795
8796
8797
8798
8799
8800
8801
8802
8803
8804
8805
8806
8807
8808
8809
8810
8811
8812
8813
8814
8815
8816
8817
8818
8819
8820
8821
8822
8823
8825
8826
8827
8828
8829
8830
8831
8833
8834
8835
8836
8837
8838
8839
8840
8841
8842
8843
8844
8845
8846
8847
8848
8849
8850
8851
8852
8853
8854
8855
8856
8857
8858
8859
8860
8861
8862
8863
8864
8865
8866
8868
8869
8870
8871
8872
8873
8874
8875
8876
8877
8878
8879
8880
8881
8882
8883
8884
8885
8886
8887
8888
8889
8890
8891
8892
8893
8894
8895
8896
8897
8898
8900
8901
8902
8903
8904
8905
8906
8907
8908
8909
8910
8911
8912
8913
8914
8915
8916
8917
8918
8919
8920
8921
8922
8923
8924
8925
8926
8927
8928
8929
8930
8931
8932
8933
8934
8936
8937
8938
8940
8941
8942
8943
8944
8945
8946
8947
8948
8949
8950
8951
8952
8953
8955
8956
8957
8958
8959
8960
8961
8962
8963
8964
8965
8966
8967
8968
8969
8970
8971
8972
8973
8974
8976
8977
8978
8979
8980
8981
8982
8983
8984
8985
8986
8987
8988
8989
8990
8991
8992
8993
8994
8995
8996
8997
8998
8999
9000
9001
9002
9003
9004
9005
9006
9007
9008
9009
9010
9011
9012
9013
9014
9015
9016
9017
9018
9019
9020
9021
9022
9023
9024
9025
9026
9027
9028
9029
9030
9031
9032
9033
9034
9035
9036
9037
9038
9039
9040
9041
9042
9043
9044
9045
9046
9047
9048
9049
9050
9052
9053
9054
9055
9056
9057
9058
9059
9060
9061
9062
9063
9064
9065
9066
9067
9068
9069
9070
9071
9072
9073
9074
9075
9076
9077
9078
9079
9080
9081
9082
9083
9084
9085
9086
9087
9088
9089
9090
9091
9092
9093
9094
9095
9096
9097
9098
9099
9100
9101
9102
9103
9104
9105
9106
9107
9108
9109
9110
9111
9112
9113
9114
9115
9116
9117
9118
9119
9120
9121
9122
9123
9124
9125
9128
9129
9131
9132
9133
9134
9135
9136
9137
9138
9139
9140
9141
9142
9143
9144
9145
9146
9147
9148
9149
9150
9151
9152
9153
9154
9155
9156
9157
9158
9159
9160
9161
9162
9163
9164
9165
9166
9167
9168
9169
9170
9171
9172
9173
9174
9175
9176
9178
9180
9181
9182
9183
9184
9185
9186
9187
9188
9189
9190
9191
9192
9193
9194
9195
9196
9197
9198
9199
9200
9201
9202
9203
9204
9205
9206
9207
9208
9209
9210
9211
9212
9213
9214
9215
9216
9217
9218
9219
9220
9221
9222
9223
9224
9226
9227
9228
9229
9230
9231
9232
9233
9234
9235
9236
9237
9238
9239
9240
9241
9242
9244
9245
9247
9248
9249
9250
9251
9252
9253
9254
9255
9256
9257
9258
9259
9261
9262
9263
9264
9265
9266
9267
9268
9269
9270
9272
9273
9274
9276
9277
9278
9279
9280
9281
9282
9283
9284
9285
9286
9287
9288
9289
9290
9292
9293
9295
9296
9297
9298
9299
9300
9301
9302
9303
9304
9305
9306
9307
9308
9309
9310
9311
9312
9313
9314
9315
9317
9318
9319
9321
9322
9323
9324
9325
9326
9327
9328
9330
9331
9332
9333
9334
9335
9336
9337
9338
9339
9340
9341
9342
9343
9344
9345
9346
9347
9348
9349
9350
9351
9352
9353
9354
9355
9356
9357
9358
9361
9362
9363
9364
9365
9366
9367
9368
9369
9370
9371
9372
9373
9374
9375
9376
9377
9378
9379
9380
9381
9383
9384
9385
9386
9387
9388
9389
9390
9391
9392
9393
9394
9395
9396
9397
9398
9399
9400
9401
9402
9403
9404
9405
9406
9407
9408
9409
9410
9411
9412
9413
9414
9415
9416
9417
9418
9419
9420
9421
9422
9423
9424
9425
9426
9427
9428
9429
9430
9431
9432
9433
9434
9435
9437
9439
9440
9441
9442
9443
9444
9445
9446
9447
9449
9450
9451
9452
9453
9454
9455
9456
9457
9459
9460
9461
9462
9463
9464
9465
9466
9467
9468
9469
9470
9471
9472
9473
9474
9475
9476
9477
9478
9479
9480
9481
9482
9483
9484
9485
9486
9487
9488
9489
9490
9491
9492
9493
9494
9495
9496
9497
9498
9499
9500
9501
9502
9503
9504
9505
9506
9507
9508
9509
9510
9511
9512
9513
9514
9515
9516
9517
9518
9519
9520
9521
9522
9523
9524
9525
9526
9527
9528
9529
9531
9532
9533
9534
9535
9536
9537
9538
9539
9540
9541
9542
9543
9544
9545
9546
9548
9550
9551
9552
9553
9554
9555
9556
9557
9558
9559
9560
9561
9562
9563
9564
9565
9566
9567
9568
9569
9570
9571
9572
9573
9574
9575
9576
9577
9578
9579
9580
9581
9582
9583
9584
9585
9586
9587
9588
9589
9590
9591
9592
9593
9594
9596
9597
9598
9599
9600
9601
9602
9603
9604
9605
9607
9608
9609
9610
9611
9612
9613
9614
9615
9616
9617
9618
9619
9620
9621
9622
9623
9624
9625
9626
9627
9628
9629
9630
9632
9633
9634
9635
9636
9637
9638
9639
9640
9641
9642
9643
9645
9646
9647
9648
9649
9650
9651
9652
9653
9655
9656
9657
9658
9659
9660
9662
9663
9664
9665
9666
9667
9668
9669
9670
9671
9672
9673
9674
9675
9676
9677
9679
9680
9681
9682
9684
9685
9686
9687
9688
9689
9690
9691
9692
9693
9694
9695
9696
9697
9698
9699
9700
9701
9703
9704
9705
9707
9708
9709
9710
9711
9712
9713
9714
9715
9716
9718
9719
9720
9721
9722
9723
9724
9725
9726
9727
9728
9729
9730
9731
9732
9733
9734
9735
9736
9737
9738
9739
9740
9742
9743
9744
9745
9746
9747
9748
9749
9750
9751
9752
9753
9754
9755
9756
9757
9758
9760
9761
9762
9763
9764
9766
9767
9768
9769
9770
9771
9772
9773
9774
9775
9776
9777
9778
9779
9780
9781
9782
9783
9784
9785
9786
9787
9788
9789
9790
9791
9792
9793
9795
9796
9797
9798
9799
9800
9801
9802
9803
9804
9805
9806
9807
9808
9809
9810
9811
9812
9813
9814
9815
9816
9817
9818
9819
9821
9822
9823
9824
9825
9826
9827
9828
9829
9830
9831
9832
9833
9834
9835
9836
9837
9838
9839
9840
9841
9842
9843
9844
9845
9846
9847
9848
9849
9850
9851
9852
9853
9854
9855
9856
9857
9858
9859
9860
9861
9862
9863
9864
9865
9866
9867
9868
9869
9870
9871
9872
9873
9874
9875
9877
9878
9879
9880
9882
9883
9884
9885
9886
9888
9889
9890
9892
9893
9894
9895
9896
9897
9899
9900
9902
9903
9904
9905
9906
9907
9908
9909
9910
9911
9912
9913
9914
9915
9916
9917
9918
9919
9920
9921
9922
9923
9924
9925
9926
9927
9928
9929
9930
9931
9932
9933
9934
9936
9937
9938
9939
9940
9941
9943
9944
9945
9946
9947
9948
9949
9950
9951
9952
9953
9954
9955
9956
9957
9958
9959
9960
9961
9962
9963
9964
9965
9966
9967
9968
9969
9970
9971
9972
9973
9974
9975
9976
9977
9978
9979
9980
9981
9982
9984
9985
9986
9987
9988
9989
9990
9991
9992
9994
9995
9996
9997
9998
10000
10001
10002
10003
10004
10005
10006
10008
10009
10010
10011
10012
10013
10014
10015
10016
10017
10018
10019
10020
10021
10022
10023
10024
10025
10027
10028
10029
10030
10031
10032
10033
10034
10035
10036
10037
10038
10039
10040
10041
10042
10043
10044
10045
10046
10047
10049
10050
10052
10053
10054
10055
10056
10057
10058
10059
10060
10061
10062
10063
10064
10065
10066
10067
10069
10070
10071
10072
10073
10074
10075
10076
10077
10078
10079
10080
10081
10082
10083
10084
10085
10086
10087
10088
10089
10090
10091
10092
10094
10095
10096
10097
10098
10101
10102
10103
10104
10105
10106
10107
10108
10110
10112
10113
10114
10115
10116
10117
10118
10119
10120
10121
10122
10123
10124
10125
10126
10127
10128
10130
10131
10132
10133
10134
10135
10136
10137
10138
10139
10140
10141
10142
10143
10144
10145
10146
10147
10149
10150
10151
10152
10153
10154
10155
10156
10157
10158
10159
10160
10161
10162
10163
10164
10165
10166
10167
10168
10169
10170
10172
10173
10174
10175
10176
10177
10178
10179
10180
10181
10182
10183
10184
10185
10186
10187
10188
10189
10190
10191
10192
10193
10194
10195
10196
10197
10198
10199
10200
10201
10202
10203
10204
10205
10206
10207
10208
10209
10210
10211
10212
10213
10215
10216
10217
10218
10219
10220
10221
10222
10223
10226
10228
10229
10230
10231
10232
10233
10234
10235
10236
10237
10238
10239
10240
10241
10242
10243
10244
10245
10246
10247
10248
10249
10250
10252
10253
10254
10255
10256
10257
10258
10259
10260
10261
10262
10263
10264
10265
10266
10267
10268
10269
10270
10271
10272
10273
10274
10275
10276
10277
10278
10279
10280
10281
10282
10283
10284
10286
10287
10288
10289
10290
10291
10292
10293
10294
10295
10296
10297
10298
10299
10300
10301
10302
10303
10304
10305
10306
10307
10308
10309
10310
10311
10312
10313
10314
10315
10316
10317
10318
10319
10320
10321
10322
10323
10324
10325
10326
10327
10328
10329
10330
10331
10332
10333
10334
10335
10336
10337
10338
10339
10340
10341
10342
10343
10344
10345
10346
10347
10348
10349
10350
10351
10352
10354
10355
10356
10357
10358
10359
10360
10361
10362
10364
10365
10366
10367
10368
10369
10370
10371
10372
10373
10374
10375
10376
10377
10378
10379
10380
10381
10382
10383
10384
10385
10386
10388
10390
10391
10392
10393
10394
10396
10397
10398
10399
10400
10401
10402
10403
10404
10405
10406
10407
10408
10410
10411
10412
10413
10414
10415
10416
10417
10418
10419
10420
10424
10425
10426
10427
10428
10429
10430
10431
10432
10433
10434
10435
10436
10437
10438
10439
10440
10441
10442
10443
10445
10446
10447
10449
10450
10451
10452
10453
10454
10455
10456
10457
10458
10459
10460
10461
10462
10463
10464
10465
10466
10467
10468
10469
10470
10471
10472
10473
10474
10475
10476
10477
10478
10479
10480
10481
10482
10483
10484
10485
10486
10487
10488
10489
10490
10491
10492
10493
10494
10495
10496
10497
10498
10499
10500
10501
10502
10503
10504
10505
10506
10507
10509
10510
10511
10512
10513
10514
10515
10516
10517
10518
10519
10520
10521
10522
10523
10524
10525
10526
10527
10528
10529
10530
10531
10532
10533
10534
10535
10536
10537
10538
10539
10540
10541
10542
10543
10544
10545
10546
10547
10548
10549
10550
10551
10552
10553
10555
10556
10557
10558
10559
10560
10561
10562
10563
10564
10565
10567
10568
10569
10570
10572
10573
10574
10575
10576
10577
10578
10579
10580
10582
10583
10584
10585
10586
10587
10588
10589
10590
10591
10592
10593
10594
10595
10596
10597
10598
10599
10600
10601
10602
10603
10604
10605
10606
10607
10608
10609
10610
10611
10612
10613
10614
10615
10616
10617
10618
10619
10620
10621
10623
10624
10625
10626
10627
10628
10629
10630
10631
10632
10633
10634
10635
10636
10637
10638
10639
10640
10641
10642
10643
10644
10645
10646
10647
10648
10649
10650
10652
10653
10654
10655
10657
10658
10659
10660
10661
10662
10663
10664
10665
10666
10668
10669
10670
10671
10672
10673
10674
10675
10676
10677
10678
10679
10680
10681
10682
10684
10685
10686
10689
10690
10691
10692
10693
10694
10695
10696
10697
10698
10699
10700
10701
10702
10703
10705
10706
10707
10708
10709
10710
10711
10712
10713
10714
10715
10716
10717
10718
10719
10720
10721
10722
10723
10724
10725
10726
10727
10728
10729
10730
10731
10732
10733
10734
10735
10736
10737
10738
10739
10740
10741
10742
10743
10744
10745
10746
10747
10748
10749
10750
10751
10752
10753
10754
10755
10756
10757
10758
10759
10760
10761
10762
10763
10764
10765
10766
10767
10768
10769
10770
10771
10772
10773
10774
10775
10776
10777
10778
10779
10781
10782
10783
10784
10785
10786
10787
10788
10789
10790
10791
10793
10794
10795
10796
10797
10798
10799
10800
10801
10802
10804
10805
10806
10807
10808
10809
10810
10811
10812
10813
10814
10815
10816
10817
10818
10819
10820
10822
10823
10824
10825
10826
10827
10828
10829
10831
10832
10833
10834
10835
10836
10837
10838
10839
10840
10841
10842
10843
10844
10845
10846
10847
10849
10850
10851
10852
10853
10854
10855
10856
10857
10858
10859
10860
10861
10862
10863
10864
10865
10866
10867
10868
10869
10870
10871
10872
10873
10874
10875
10876
10877
10878
10879
10880
10881
10882
10883
10884
10885
10886
10887
10888
10889
10890
10892
10893
10894
10895
10896
10897
10898
10899
10900
10901
10902
10903
10904
10905
10906
10907
10908
10910
10911
10912
10913
10914
10915
10916
10917
10918
10919
10920
10921
10922
10923
10924
10925
10926
10927
10928
10929
10930
10931
10932
10933
10934
10936
10937
10938
10939
10940
10941
10942
10944
10945
10947
10948
10949
10950
10951
10952
10953
10954
10955
10956
10957
10958
10959
10960
10961
10962
10963
10964
10965
10966
10967
10968
10969
10970
10971
10972
10973
10975
10976
10977
10978
10979
10980
10981
10982
10983
10984
10985
10986
10988
10989
10990
10991
10992
10993
10994
10995
10996
10997
10999
11000
11002
11003
11004
11006
11007
11008
11009
11010
11011
11012
11013
11014
11015
11016
11017
11018
11019
11020
11021
11022
11023
11024
11025
11026
11028
11029
11030
11031
11033
11034
11035
11036
11037
11038
11039
11040
11041
11043
11044
11045
11046
11047
11048
11049
11051
11052
11053
11054
11055
11057
11058
11059
11060
11061
11062
11063
11064
11065
11066
11067
11068
11069
11071
11072
11073
11074
11075
11076
11077
11078
11079
11080
11081
11083
11084
11085
11086
11087
11088
11089
11090
11091
11092
11093
11094
11095
11096
11097
11098
11099
11100
11101
11102
11103
11104
11105
11106
11107
11108
11109
11110
11111
11112
11113
11114
11115
11116
11117
11118
11119
11120
11121
11122
11123
11124
11125
11126
11127
11128
11129
11130
11131
11132
11133
11134
11135
11136
11137
11138
11139
11140
11141
11142
11143
11144
11145
11146
11147
11148
11149
11150
11151
11152
11153
11154
11155
11156
11157
11158
11159
11160
11161
11162
11163
11164
11165
11166
11167
11168
11169
11170
11171
11172
11173
11174
11176
11177
11178
11179
11180
11181
11182
11183
11184
11185
11186
11187
11188
11189
11190
11191
11192
11193
11194
11195
11196
11197
11198
11199
11201
11202
11203
11204
11205
11206
11207
11208
11209
11210
11211
11212
11214
11215
11216
11217
11218
11219
11220
11221
11222
11223
11224
11225
11227
11228
11229
11230
11231
11232
11233
11234
11235
11236
11238
11239
11240
11241
11242
11243
11244
11245
11246
11247
11248
11249
11250
11251
11252
11253
11254
11255
11256
11257
11258
11259
11261
11262
11263
11264
11265
11266
11267
11268
11269
11270
11271
11272
11273
11274
11276
11277
11278
11279
11280
11282
11283
11284
11285
11286
11287
11288
11289
11290
11291
11292
11293
11294
11295
11296
11297
11298
11299
11300
11301
11302
11304
11305
11306
11307
11308
11309
11310
11311
11312
11313
11314
11315
11316
11317
11318
11319
11320
11321
11322
11323
11324
11325
11326
11327
11328
11329
11330
11331
11332
11333
11334
11335
11336
11337
11338
11339
11340
11341
11342
11343
11344
11345
11346
11347
11348
11349
11350
11351
11352
11353
11354
11355
11356
11357
11358
11359
11360
11361
11362
11363
11365
11366
11367
11368
11369
11370
11371
11372
11373
11375
11376
11377
11378
11380
11381
11382
11383
11384
11385
11386
11387
11388
11389
11390
11391
11393
11394
11395
11396
11397
11398
11399
11400
11401
11402
11404
11405
11406
11407
11408
11409
11410
11411
11412
11413
11414
11415
11416
11417
11419
11420
11421
11422
11423
11424
11425
11426
11427
11428
11429
11430
11431
11432
11433
11434
11435
11436
11437
11438
11439
11440
11441
11442
11443
11444
11446
11447
11448
11450
11451
11452
11453
11454
11455
11456
11457
11458
11459
11460
11461
11464
11465
11466
11467
11468
11469
11470
11471
11472
11473
11474
11475
11477
11478
11480
11481
11482
11483
11484
11485
11486
11488
11489
11490
11491
11492
11493
11494
11495
11496
11497
11498
11499
11500
11501
11502
11503
11504
11505
11506
11507
11508
11509
11510
11511
11512
11513
11514
11516
11517
11518
11519
11520
11521
11523
11524
11525
11526
11527
11528
11529
11530
11531
11532
11533
11534
11535
11536
11537
11538
11539
11540
11541
11542
11543
11544
11545
11546
11547
11548
11549
11550
11551
11552
11553
11554
11555
11556
11557
11559
11560
11561
11562
11563
11564
11565
11566
11567
11568
11569
11570
11571
11572
11573
11574
11576
11577
11578
11579
11580
11581
11583
11585
11586
11587
11588
11590
11591
11592
11593
11594
11595
11596
11597
11598
11599
11600
11601
11602
11603
11604
11605
11606
11607
11608
11609
11610
11611
11612
11613
11614
11615
11616
11617
11618
11619
11620
11621
11622
11623
11625
11626
11627
11628
11629
11630
11631
11632
11633
11634
11635
11636
11637
11638
11639
11640
11641
11642
11643
11644
11645
11646
11647
11648
11650
11651
11652
11653
11654
11655
11656
11657
11658
11659
11660
11661
11662
11663
11664
11665
11666
11667
11668
11669
11670
11671
11672
11673
11674
11675
11676
11677
11678
11679
11680
11681
11682
11683
11684
11685
11686
11687
11688
11689
11690
11691
11692
11693
11694
11695
11696
11697
11698
11699
11700
11701
11702
11703
11704
11705
11706
11707
11708
11709
11710
11712
11715
11716
11717
11718
11719
11720
11721
11722
11723
11724
11725
11726
11727
11728
11729
11730
11731
11733
11734
11735
11736
11737
11740
11741
11742
11743
11744
11745
11746
11747
11748
11749
11750
11751
11752
11753
11754
11755
11756
11758
11759
11760
11761
11762
11763
11764
11765
11766
11767
11768
11770
11771
11772
11774
11775
11776
11777
11778
11779
11780
11781
11782
11783
11784
11785
11786
11787
11788
11789
11790
11791
11792
11793
11794
11795
11796
11797
11798
11799
11800
11801
11802
11803
11804
11805
11806
11807
11808
11809
11810
11811
11812
11813
11814
11815
11816
11817
11818
11819
11820
11821
11822
11823
11824
11825
11827
11828
11829
11830
11831
11832
11833
11834
11835
11836
11837
11838
11839
11840
11842
11843
11844
11845
11846
11847
11848
11849
11851
11852
11853
11854
11855
11856
11857
11858
11860
11861
11862
11863
11864
11865
11866
11868
11869
11870
11871
11872
11873
11874
11875
11876
11877
11878
11879
11880
11881
11882
11883
11884
11885
11886
11888
11889
11890
11891
11892
11893
11894
11895
11896
11897
11898
11899
11900
11901
11902
11903
11904
11905
11906
11908
11909
11910
11911
11912
11913
11914
11915
11916
11917
11918
11919
11920
11921
11923
11924
11925
11926
11927
11928
11930
11931
11932
11933
11936
11937
11938
11939
11940
11941
11942
11943
11944
11945
11946
11947
11948
11949
11950
11951
11952
11953
11954
11955
11956
11957
11958
11959
11960
11961
11962
11963
11964
11965
11966
11967
11968
11969
11970
11971
11972
11973
11974
11975
11976
11977
11978
11979
11980
11981
11982
11983
11984
11985
11986
11987
11988
11990
11991
11992
11993
11994
11995
11996
11997
11998
11999
12000
12001
12002
12003
12004
12005
12006
12007
12008
12009
12010
12011
12013
12014
12015
12017
12018
12019
12020
12021
12022
12023
12024
12025
12026
12027
12028
12029
12030
12031
12032
12033
12034
12035
12036
12037
12038
12039
12040
12041
12042
12043
12044
12045
12046
12047
12048
12049
12050
12051
12052
12053
12054
12055
12056
12057
12058
12059
12060
12061
12062
12064
12065
12066
12067
12068
12069
12070
12071
12072
12073
12074
12075
12076
12077
12078
12079
12080
12081
12082
12083
12084
12085
12086
12087
12088
12089
12090
12091
12092
12093
12095
12096
12097
12098
12099
12100
12101
12102
12103
12104
12105
12106
12107
12108
12109
12110
12111
12112
12113
12114
12115
12116
12117
12118
12119
12120
12121
12122
12123
12124
12125
12126
12128
12129
12130
12131
12132
12133
12134
12135
12136
12137
12138
12139
12140
12141
12142
12143
12144
12145
12146
12147
12148
12149
12150
12151
12152
12153
12154
12155
12156
12157
12158
12159
12160
12161
12162
12163
12164
12165
12166
12167
12168
12169
12170
12171
12172
12173
12174
12176
12177
12178
12179
12180
12181
12182
12183
12184
12185
12186
12187
12188
12189
12190
12191
12192
12193
12194
12195
12196
12197
12198
12199
12200
12201
12202
12203
12204
12205
12206
12207
12208
12209
12210
12211
12214
12215
12216
12217
12218
12219
12220
12221
12222
12223
12224
12225
12226
12227
12228
12229
12230
12231
12232
12233
12234
12235
12236
12237
12238
12239
12240
12241
12242
12243
12244
12245
12246
12247
12248
12249
12250
12251
12252
12253
12254
12255
12256
12257
12258
12259
12260
12261
12262
12263
12264
12265
12266
12267
12268
12269
12270
12271
12272
12273
12274
12275
12277
12278
12279
12280
12281
12282
12283
12284
12285
12286
12287
12288
12289
12290
12291
12292
12293
12294
12295
12296
12297
12298
12299
12300
12301
12302
12303
12304
12305
12306
12307
12308
12309
12310
12311
12312
12313
12314
12315
12316
12317
12319
12320
12321
12322
12323
12325
12326
12327
12330
12331
12332
12333
12334
12335
12336
12337
12338
12339
12340
12341
12342
12343
12344
12345
12346
12347
12348
12350
12351
12352
12353
12354
12355
12356
12357
12358
12359
12360
12361
12362
12363
12364
12365
12366
12367
12368
12369
12370
12371
12373
12375
12376
12377
12378
12379
12380
12381
12383
12384
12386
12387
12388
12389
12390
12391
12392
12393
12394
12395
12396
12397
12398
12399
12400
12401
12402
12403
12404
12405
12406
12407
12408
12410
12411
12412
12413
12414
12415
12416
12417
12418
12419
12420
12421
12422
12423
12424
12425
12426
12427
12428
12429
12430
12431
12432
12433
12434
12435
12436
12437
12439
12441
12442
12443
12444
12445
12446
12447
12448
12449
12450
12451
12452
12453
12454
12455
12456
12457
12458
12459
12460
12461
12462
12463
12464
12465
12466
12467
12468
12470
12471
12472
12473
12474
12475
12476
12477
12478
12479
12480
12481
12482
12483
12484
12485
12486
12488
12489
12490
12491
12492
12493
12494
12495
12496
12497
12498
12499
12500
12501
12502
12503
12504
12505
12506
12507
12508
12509
12510
12511
12512
12513
12514
12515
12516
12517
12518
12519
12520
12521
12522
12523
12524
12525
12526
12527
12528
12529
12530
12531
12532
12533
12534
12535
12536
12537
12538
12539
12540
12541
12542
12543
12544
12545
12546
12547
12548
12549
12550
12551
12552
12553
12554
12555
12556
12557
12558
12559
12560
12561
12562
12563
12564
12566
12567
12568
12569
12570
12571
12572
12573
12574
12575
12576
12577
12578
12579
12580
12581
12582
12583
12584
12585
12586
12587
12588
12589
12590
12591
12593
12594
12595
12596
12597
12598
12600
12601
12602
12603
12604
12606
12607
12608
12609
12610
12611
12612
12613
12614
12615
12616
12617
12618
12619
12620
12621
12622
12623
12624
12625
12626
12627
12628
12629
12630
12631
12633
12634
12635
12636
12637
12638
12639
12640
12641
12642
12643
12644
12645
12646
12647
12648
12649
12650
12651
12652
12653
12654
12655
12656
12657
12659
12660
12661
12662
12663
12664
12665
12666
12667
12668
12669
12671
12672
12673
12674
12675
12676
12678
12679
12680
12681
12682
12683
12684
12685
12688
12689
12690
12692
12693
12694
12695
12696
12697
12698
12699
12700
12701
12702
12704
12705
12706
12707
12708
12709
12710
12711
12712
12713
12714
12715
12716
12717
12718
12719
12720
12721
12722
12723
12724
12725
12726
12727
12728
12731
12732
12733
12734
12735
12736
12737
12738
12739
12740
12741
12742
12743
12744
12745
12746
12747
12748
12749
12750
12751
12752
12753
12754
12755
12756
12757
12758
12759
12760
12761
12762
12763
12764
12765
12766
12767
12768
12769
12770
12771
12772
12773
12774
12775
12776
12777
12778
12779
12780
12781
12782
12784
12785
12786
12787
12788
12789
12790
12791
12792
12793
12794
12795
12796
12797
12798
12799
12800
12801
12802
12803
12804
12805
12806
12807
12808
12809
12811
12812
12813
12814
12815
12816
12817
12818
12819
12820
12821
12822
12823
12824
12825
12826
12827
12828
12829
12830
12831
12832
12833
12834
12836
12837
12838
12840
12841
12842
12843
12844
12845
12846
12847
12848
12849
12850
12851
12852
12853
12854
12855
12856
12857
12858
12859
12860
12861
12863
12864
12865
12866
12867
12868
12869
12870
12871
12872
12873
12874
12875
12876
12877
12878
12879
12880
12881
12882
12883
12884
12887
12888
12889
12891
12892
12893
12894
12895
12896
12897
12898
12899
12900
12901
12903
12904
12905
12906
12907
12908
12909
12910
12911
12912
12913
12914
12915
12916
12917
12918
12919
12920
12921
12922
12923
12924
12925
12926
12927
12928
12929
12930
12931
12932
12933
12934
12935
12936
12937
12938
12939
12940
12941
12942
12943
12944
12945
12946
12947
12948
12949
12950
12951
12952
12953
12954
12955
12957
12958
12959
12960
12961
12962
12963
12964
12965
12966
12967
12968
12969
12970
12971
12973
12974
12975
12976
12977
12978
12980
12981
12982
12983
12984
12985
12986
12987
12988
12990
12991
12993
12994
12995
12996
12997
12998
12999
13000
13001
13002
13003
13004
13005
13006
13007
13009
13010
13011
13012
13013
13014
13015
13016
13017
13018
13019
13021
13022
13023
13024
13026
13027
13028
13029
13030
13031
13033
13034
13035
13036
13037
13038
13039
13040
13041
13042
13043
13044
13045
13046
13047
13048
13049
13050
13051
13052
13053
13054
13055
13056
13057
13058
13059
13060
13061
13062
13063
13064
13065
13066
13067
13068
13069
13071
13072
13073
13074
13075
13076
13077
13079
13080
13081
13082
13083
13084
13085
13086
13087
13088
13089
13090
13091
13092
13093
13094
13095
13096
13097
13098
13099
13100
13101
13102
13103
13104
13105
13106
13107
13108
13109
13110
13112
13113
13114
13116
13117
13118
13120
13121
13122
13123
13125
13126
13127
13128
13129
13131
13132
13135
13136
13137
13138
13139
13140
13141
13142
13143
13144
13145
13146
13147
13148
13150
13151
13153
13154
13155
13156
13157
13158
13159
13160
13161
13162
13163
13164
13165
13166
13167
13168
13170
13171
13172
13173
13175
13176
13177
13178
13179
13180
13181
13183
13184
13185
13186
13187
13188
13189
13190
13191
13192
13193
13194
13195
13196
13197
13198
13199
13200
13201
13202
13203
13204
13205
13207
13208
13209
13210
13211
13212
13213
13214
13215
13216
13217
13218
13219
13220
13221
13222
13223
13224
13226
13227
13228
13229
13230
13231
13232
13233
13234
13235
13236
13237
13238
13239
13240
13242
13243
13244
13245
13246
13248
13249
13250
13251
13252
13253
13254
13255
13256
13258
13259
13260
13261
13262
13263
13264
13265
13266
13267
13268
13269
13270
13271
13272
13273
13274
13276
13278
13279
13280
13281
13282
13283
13284
13285
13286
13288
13289
13290
13292
13293
13295
13296
13298
13299
13301
13302
13303
13305
13306
13307
13308
13309
13310
13311
13312
13313
13315
13316
13317
13318
13319
13320
13322
13323
13324
13325
13326
13328
13329
13330
13331
13332
13333
13334
13335
13336
13337
13338
13339
13340
13341
13343
13344
13345
13346
13347
13348
13350
13351
13352
13353
13354
13355
13356
13357
13358
13359
13360
13362
13363
13364
13365
13366
13367
13368
13369
13370
13371
13372
13373
13374
13375
13376
13377
13378
13379
13380
13382
13383
13384
13385
13386
13387
13388
13389
13390
13391
13392
13393
13394
13395
13396
13397
13398
13399
13400
13402
13403
13404
13405
13406
13407
13408
13409
13410
13411
13412
13413
13414
13415
13416
13417
13418
13419
13420
13421
13422
13423
13424
13425
13426
13427
13428
13429
13430
13431
13432
13433
13434
13435
13436
13437
13438
13439
13440
13441
13442
13443
13444
13445
13446
13447
13448
13449
13450
13451
13452
13453
13454
13455
13456
13457
13458
13459
13460
13462
13464
13465
13468
13469
13470
13471
13472
13473
13474
13475
13477
13478
13479
13480
13481
13482
13483
13484
13485
13486
13487
13488
13489
13490
13491
13492
13493
13494
13495
13496
13497
13498
13499
13500
13501
13502
13503
13504
13505
13506
13507
13508
13509
13511
13512
13513
13514
13515
13516
13518
13519
13520
13521
13522
13523
13524
13525
13527
13528
13529
13530
13531
13532
13533
13534
13535
13536
13537
13538
13539
13540
13541
13542
13543
13544
13545
13546
13547
13548
13550
13552
13553
13554
13555
13556
13557
13558
13559
13560
13561
13562
13563
13564
13565
13566
13567
13568
13569
13570
13571
13572
13573
13574
13575
13576
13577
13578
13579
13580
13581
13582
13583
13584
13585
13586
13587
13588
13589
13590
13591
13592
13593
13594
13595
13596
13597
13598
13599
13600
13601
13602
13603
13604
13605
13606
13607
13608
13609
13610
13611
13612
13613
13614
13615
13616
13617
13618
13620
13621
13622
13623
13624
13625
13626
13627
13628
13630
13631
13632
13633
13634
13635
13636
13637
13638
13639
13640
13641
13642
13643
13644
13645
13646
13647
13648
13649
13650
13651
13652
13653
13654
13655
13657
13658
13659
13660
13661
13662
13663
13664
13665
13666
13667
13668
13669
13670
13671
13672
13673
13674
13675
13676
13677
13679
13680
13681
13682
13683
13684
13685
13686
13687
13688
13689
13690
13691
13692
13693
13694
13695
13696
13697
13698
13699
13700
13701
13702
13704
13705
13706
13707
13708
13709
13710
13711
13712
13713
13714
13715
13716
13717
13718
13721
13722
13723
13724
13725
13726
13727
13728
13729
13730
13731
13732
13733
13734
13735
13736
13738
13739
13741
13742
13744
13745
13746
13747
13748
13749
13750
13751
13752
13753
13754
13755
13756
13757
13758
13759
13760
13761
13762
13763
13764
13765
13766
13767
13768
13769
13770
13771
13772
13773
13775
13776
13777
13778
13779
13780
13781
13783
13784
13785
13786
13787
13788
13789
13790
13791
13792
13793
13794
13795
13797
13798
13799
13800
13801
13802
13803
13804
13805
13806
13807
13808
13809
13810
13811
13812
13813
13814
13816
13817
13818
13819
13820
13821
13822
13823
13824
13826
13827
13829
13830
13831
13832
13833
13834
13835
13837
13838
13839
13840
13841
13842
13843
13844
13845
13846
13847
13848
13849
13850
13851
13852
13853
13854
13855
13856
13857
13858
13859
13860
13861
13862
13863
13864
13865
13866
13867
13868
13870
13871
13872
13873
13874
13875
13876
13877
13878
13879
13880
13881
13882
13883
13884
13885
13887
13888
13890
13891
13892
13893
13894
13895
13896
13897
13898
13899
13900
13901
13902
13903
13904
13905
13906
13907
13908
13909
13910
13911
13912
13913
13914
13915
13916
13917
13918
13919
13920
13921
13923
13924
13925
13926
13927
13928
13929
13932
13933
13934
13935
13936
13938
13939
13940
13941
13942
13943
13944
13945
13946
13947
13948
13949
13950
13951
13952
13954
13955
13957
13958
13959
13960
13961
13962
13963
13964
13965
13966
13967
13968
13969
13970
13971
13972
13973
13974
13975
13976
13977
13978
13979
13980
13981
13982
13983
13984
13985
13986
13987
13988
13989
13990
13991
13992
13993
13995
13996
13997
13998
13999
14000
14002
14003
14004
14005
14006
14007
14008
14009
14010
14011
14012
14013
14014
14015
14016
14018
14019
14020
14021
14022
14023
14024
14025
14026
14027
14029
14030
14031
14032
14033
14034
14035
14036
14037
14038
14039
14040
14041
14042
14043
14044
14045
14046
14047
14048
14050
14051
14053
14054
14055
14056
14058
14059
14060
14061
14063
14064
14065
14066
14067
14068
14069
14070
14071
14072
14073
14074
14075
14076
14077
14078
14079
14080
14081
14082
14083
14084
14085
14086
14087
14088
14089
14090
14091
14092
14093
14094
14095
14097
14098
14100
14101
14102
14103
14104
14105
14106
14107
14108
14109
14110
14111
14112
14113
14114
14115
14116
14117
14118
14119
14120
14121
14122
14123
14124
14125
14127
14128
14129
14130
14131
14132
14133
14134
14135
14136
14137
14138
14139
14141
14142
14143
14144
14145
14146
14147
14148
14149
14151
14152
14153
14154
14155
14156
14157
14159
14160
14161
14162
14163
14164
14165
14166
14167
14168
14169
14170
14171
14172
14173
14174
14175
14176
14177
14178
14179
14180
14181
14182
14183
14184
14185
14186
14187
14188
14189
14190
14191
14192
14193
14194
14195
14196
14197
14198
14199
14200
14201
14202
14203
14204
14205
14206
14207
14208
14209
14210
14211
14212
14213
14214
14215
14217
14218
14219
14220
14221
14222
14223
14224
14225
14226
14227
14228
14229
14230
14231
14232
14233
14234
14235
14236
14237
14238
14239
14240
14241
14242
14243
14244
14245
14246
14247
14248
14249
14250
14251
14252
14254
14255
14256
14257
14258
14259
14260
14261
14262
14263
14264
14265
14266
14267
14268
14269
14270
14271
14272
14273
14274
14276
14277
14278
14279
14280
14281
14282
14283
14284
14285
14286
14287
14288
14289
14290
14291
14292
14293
14294
14296
14297
14299
14300
14301
14302
14304
14305
14306
14307
14308
14309
14311
14312
14313
14314
14315
14316
14318
14320
14321
14322
14323
14325
14326
14327
14328
14330
14331
14332
14333
14334
14335
14336
14337
14338
14339
14340
14341
14342
14343
14344
14345
14346
14347
14348
14349
14351
14352
14354
14355
14356
14358
14359
14360
14361
14362
14363
14365
14367
14368
14369
14370
14371
14372
14373
14374
14375
14376
14377
14378
14379
14380
14381
14382
14383
14384
14385
14386
14387
14388
14389
14390
14391
14392
14393
14394
14395
14396
14397
14398
14399
14400
14401
14402
14403
14404
14405
14406
14407
14408
14409
14410
14411
14412
14413
14414
14415
14416
14417
14418
14419
14420
14421
14422
14423
14425
14426
14427
14428
14429
14430
14431
14432
14434
14435
14436
14437
14438
14440
14441
14442
14443
14444
14445
14446
14447
14448
14449
14450
14452
14453
14454
14455
14456
14457
14458
14459
14460
14461
14462
14463
14464
14465
14466
14467
14468
14469
14470
14471
14472
14473
14474
14475
14476
14477
14478
14479
14480
14481
14482
14484
14485
14486
14488
14489
14490
14493
14495
14496
14497
14498
14499
14500
14501
14502
14503
14504
14505
14506
14507
14508
14509
14511
14512
14513
14514
14515
14516
14517
14518
14519
14520
14522
14523
14524
14525
14526
14527
14528
14529
14531
14532
14533
14534
14535
14536
14537
14538
14540
14541
14542
14543
14544
14545
14546
14547
14548
14549
14551
14552
14553
14554
14555
14556
14557
14558
14559
14560
14561
14562
14563
14565
14566
14567
14569
14570
14571
14572
14573
14574
14575
14576
14577
14578
14580
14581
14583
14585
14586
14587
14588
14589
14590
14591
14593
14594
14595
14596
14597
14598
14599
14600
14601
14602
14603
14605
14606
14607
14608
14609
14610
14611
14612
14613
14615
14616
14617
14618
14619
14620
14621
14622
14623
14625
14626
14627
14628
14629
14630
14631
14632
14634
14635
14636
14637
14639
14640
14641
14642
14643
14644
14645
14646
14647
14648
14649
14650
14651
14652
14653
14654
14655
14656
14657
14658
14659
14660
14661
14663
14664
14665
14666
14667
14668
14669
14670
14671
14672
14673
14674
14676
14677
14678
14679
14680
14681
14682
14683
14684
14685
14686
14687
14688
14689
14690
14691
14692
14693
14694
14695
14696
14697
14698
14699
14700
14701
14702
14703
14704
14705
14706
14707
14708
14709
14710
14711
14712
14713
14714
14715
14716
14717
14718
14720
14721
14722
14725
14726
14727
14728
14730
14731
14732
14733
14734
14735
14736
14737
14738
14739
14740
14741
14742
14743
14744
14745
14746
14747
14748
14749
14750
14751
14752
14753
14754
14755
14756
14757
14758
14759
14760
14761
14762
14763
14764
14765
14767
14768
14770
14771
14772
14773
14774
14775
14777
14778
14779
14780
14781
14782
14783
14784
14785
14786
14787
14788
14789
14790
14791
14792
14793
14794
14795
14796
14797
14798
14799
14800
14801
14802
14803
14804
14805
14807
14808
14809
14810
14811
14812
14813
14814
14815
14816
14817
14818
14819
14820
14821
14822
14823
14824
14825
14826
14827
14828
14829
14830
14831
14832
14833
14834
14835
14836
14837
14838
14839
14840
14841
14842
14843
14844
14845
14846
14848
14849
14850
14851
14852
14853
14854
14855
14856
14857
14858
14859
14860
14861
14862
14863
14864
14865
14866
14867
14868
14869
14870
14871
14872
14873
14874
14875
14876
14877
14879
14880
14881
14882
14883
14884
14885
14886
14887
14888
14889
14890
14891
14892
14893
14894
14895
14896
14897
14898
14899
14901
14902
14903
14904
14905
14906
14907
14908
14909
14910
14911
14912
14913
14914
14915
14916
14917
14918
14920
14921
14922
14923
14924
14926
14927
14928
14929
14930
14931
14932
14933
14934
14935
14936
14937
14938
14939
14940
14942
14943
14944
14945
14946
14947
14949
14950
14951
14952
14953
14954
14955
14957
14958
14959
14960
14961
14962
14963
14964
14965
14967
14968
14969
14970
14971
14972
14973
14974
14975
14976
14977
14978
14979
14980
14981
14982
14983
14984
14985
14986
14987
14988
14989
14991
14992
14993
14995
14996
14997
14999
15000
15001
15002
15003
15004
15005
15006
15007
15008
15009
15010
15011
15012
15013
15014
15015
15016
15018
15019
15020
15022
15023
15024
15025
15026
15027
15028
15029
15030
15031
15032
15034
15035
15036
15037
15038
15039
15040
15041
15042
15043
15044
15045
15046
15047
15048
15049
15050
15051
15052
15053
15055
15056
15057
15058
15059
15060
15062
15063
15064
15065
15066
15067
15069
15070
15071
15072
15074
15075
15076
15077
15078
15080
15081
15082
15083
15085
15086
15087
15088
15089
15090
15092
15093
15094
15095
15096
15097
15098
15099
15101
15103
15104
15105
15106
15107
15108
15109
15110
15112
15113
15114
15115
15116
15117
15118
15119
15120
15121
15122
15123
15124
15125
15126
15127
15128
15129
15130
15131
15132
15133
15134
15135
15136
15137
15139
15140
15141
15142
15144
15145
15146
15147
15148
15149
15150
15152
15153
15155
15156
15157
15158
15160
15161
15162
15163
15164
15165
15166
15167
15168
15169
15170
15171
15172
15173
15174
15175
15176
15177
15178
15180
15181
15183
15184
15185
15186
15190
15191
15192
15193
15194
15196
15197
15198
15199
15200
15201
15202
15203
15204
15205
15206
15207
15208
15209
15210
15211
15212
15213
15214
15215
15216
15217
15218
15220
15221
15222
15225
15226
15227
15228
15229
15230
15231
15232
15233
15234
15235
15236
15237
15238
15239
15240
15241
15242
15243
15244
15245
15246
15247
15248
15249
15250
15251
15252
15254
15255
15256
15257
15258
15259
15260
15261
15262
15263
15264
15265
15266
15267
15268
15269
15270
15271
15272
15273
15274
15275
15276
15277
15278
15279
15280
15282
15284
15285
15286
15288
15289
15291
15292
15293
15294
15295
15296
15297
15298
15299
15300
15301
15302
15303
15304
15305
15306
15307
15308
15309
15310
15311
15312
15313
15314
15315
15316
15317
15318
15319
15320
15321
15322
15323
15324
15325
15326
15327
15328
15329
15330
15331
15332
15333
15334
15335
15336
15337
15338
15339
15340
15341
15342
15344
15345
15346
15347
15348
15349
15350
15351
15352
15353
15354
15355
15356
15358
15359
15360
15361
15362
15363
15364
15365
15366
15367
15369
15370
15371
15373
15374
15375
15376
15377
15378
15379
15380
15381
15382
15383
15384
15385
15386
15387
15388
15389
15390
15391
15392
15393
15394
15395
15396
15397
15398
15399
15400
15401
15402
15403
15405
15406
15407
15408
15409
15410
15411
15412
15413
15414
15415
15416
15417
15418
15420
15421
15422
15424
15425
15426
15427
15428
15429
15430
15431
15432
15433
15434
15435
15436
15437
15438
15439
15440
15441
15443
15444
15445
15446
15448
15449
15450
15451
15452
15453
15454
15455
15456
15458
15460
15462
15463
15464
15465
15466
15467
15468
15469
15470
15471
15472
15473
15474
15476
15477
15478
15480
15481
15482
15483
15484
15485
15486
15487
15488
15489
15490
15491
15492
15493
15494
15495
15496
15497
15498
15499
15500
15501
15503
15504
15505
15506
15507
15508
15510
15511
15512
15513
15514
15515
15516
15518
15519
15521
15522
15523
15524
15525
15526
15527
15528
15529
15530
15531
15532
15533
15535
15536
15537
15539
15540
15541
15542
15543
15544
15545
15546
15547
15548
15549
15550
15551
15552
15553
15554
15555
15556
15557
15558
15559
15560
15561
15562
15563
15564
15565
15566
15567
15568
15569
15570
15571
15572
15573
15574
15575
15576
15577
15578
15579
15580
15581
15582
15584
15585
15586
15587
15588
15589
15590
15591
15592
15593
15594
15595
15596
15597
15598
15599
15600
15601
15603
15604
15605
15606
15607
15608
15609
15610
15611
15612
15613
15614
15615
15616
15617
15618
15619
15620
15621
15622
15623
15624
15625
15626
15627
15628
15629
15630
15631
15632
15633
15634
15635
15636
15637
15639
15640
15641
15642
15643
15644
15645
15646
15647
15648
15649
15650
15651
15653
15654
15656
15657
15658
15659
15660
15661
15662
15663
15664
15665
15666
15667
15669
15670
15672
15673
15674
15675
15676
15677
15678
15679
15680
15681
15682
15683
15684
15685
15686
15687
15688
15689
15690
15692
15693
15694
15695
15696
15697
15698
15699
15700
15701
15702
15703
15704
15705
15706
15707
15708
15709
15710
15711
15712
15713
15714
15715
15716
15717
15718
15719
15720
15721
15722
15723
15724
15725
15726
15727
15728
15729
15731
15732
15733
15734
15735
15736
15737
15738
15739
15740
15741
15742
15743
15744
15745
15746
15747
15748
15749
15750
15751
15752
15753
15754
15756
15758
15759
15761
15762
15764
15765
15766
15767
15768
15769
15770
15771
15772
15773
15774
15775
15776
15777
15778
15780
15781
15782
15783
15784
15785
15786
15787
15788
15789
15790
15791
15792
15793
15794
15795
15796
15797
15798
15799
15802
15803
15804
15805
15806
15807
15808
15809
15810
15811
15812
15813
15814
15815
15816
15817
15818
15822
15823
15824
15825
15827
15828
15829
15830
15831
15832
15833
15834
15835
15836
15837
15838
15839
15840
15841
15842
15843
15844
15845
15846
15847
15848
15849
15850
15851
15853
15854
15855
15856
15859
15860
15861
15862
15863
15864
15865
15866
15867
15868
15869
15870
15871
15872
15873
15874
15875
15876
15877
15878
15879
15880
15881
15882
15883
15884
15885
15886
15887
15888
15889
15891
15892
15893
15894
15895
15896
15897
15898
15899
15900
15902
15903
15904
15905
15906
15907
15908
15909
15910
15911
15912
15915
15917
15918
15919
15920
15921
15922
15923
15924
15925
15926
15927
15928
15929
15930
15931
15932
15933
15934
15935
15936
15937
15938
15939
15941
15942
15943
15944
15945
15946
15947
15948
15949
15950
15951
15952
15953
15954
15955
15956
15957
15958
15959
15960
15961
15962
15963
15964
15965
15966
15967
15968
15969
15970
15971
15972
15973
15974
15975
15976
15977
15978
15979
15980
15981
15982
15983
15984
15985
15987
15988
15989
15990
15991
15992
15993
15994
15995
15996
15997
15998
15999
16000
16001
16002
16004
16005
16006
16007
16008
16009
16010
16011
16012
16013
16014
16015
16016
16017
16018
16019
16020
16021
16022
16023
16024
16025
16026
16027
16028
16029
16030
16031
16032
16033
16034
16035
16036
16037
16038
16039
16040
16041
16042
16043
16044
16045
16046
16047
16048
16049
16050
16051
16052
16053
16055
16056
16057
16058
16059
16060
16061
16062
16063
16064
16065
16066
16067
16068
16069
16070
16071
16072
16073
16075
16076
16077
16078
16079
16080
16081
16082
16083
16084
16085
16086
16087
16088
16089
16090
16091
16092
16093
16094
16095
16096
16097
16098
16099
16100
16101
16102
16103
16104
16105
16106
16107
16108
16109
16110
16111
16112
16113
16114
16115
16116
16117
16118
16119
16120
16121
16122
16124
16125
16126
16127
16128
16129
16130
16131
16132
16133
16134
16136
16137
16138
16139
16140
16141
16142
16143
16144
16145
16146
16147
16148
16149
16150
16151
16152
16153
16154
16155
16156
16157
16158
16159
16160
16161
16162
16163
16164
16165
16166
16167
16168
16169
16170
16171
16172
16173
16174
16175
16176
16177
16178
16179
16180
16182
16183
16184
16185
16186
16187
16188
16189
16190
16191
16192
16194
16195
16196
16197
16198
16200
16201
16202
16204
16205
16207
16208
16209
16210
16211
16212
16213
16214
16215
16216
16218
16219
16220
16221
16222
16223
16224
16225
16228
16229
16230
16231
16232
16233
16234
16235
16236
16237
16238
16239
16240
16241
16242
16243
16244
16245
16246
16247
16248
16249
16250
16251
16252
16253
16254
16256
16257
16258
16260
16261
16262
16263
16264
16266
16267
16268
16270
16272
16274
16275
16276
16277
16278
16279
16280
16281
16282
16283
16284
16285
16288
16289
16290
16291
16293
16294
16295
16296
16297
16298
16299
16300
16301
16302
16303
16304
16305
16306
16307
16308
16309
16310
16311
16312
16313
16314
16315
16317
16318
16319
16320
16321
16323
16324
16325
16326
16327
16328
16329
16330
16331
16332
16333
16334
16335
16336
16337
16338
16340
16341
16343
16344
16345
16346
16347
16348
16349
16350
16351
16352
16353
16354
16355
16356
16357
16358
16359
16360
16361
16362
16364
16365
16366
16367
16368
16369
16370
16371
16372
16373
16375
16376
16377
16378
16379
16381
16382
16383
16384
16385
16386
16387
16388
16389
16390
16391
16392
16393
16394
16395
16396
16397
16398
16399
16400
16401
16402
16403
16404
16405
16406
16407
16408
16409
16410
16411
16412
16413
16414
16415
16416
16417
16418
16419
16420
16421
16422
16423
16424
16425
16427
16428
16429
16430
16431
16432
16433
16434
16435
16436
16437
16438
16439
16440
16441
16442
16443
16444
16445
16447
16448
16450
16451
16452
16453
16454
16455
16456
16457
16461
16463
16465
16466
16467
16468
16469
16470
16471
16472
16473
16474
16475
16476
16477
16478
16480
16482
16484
16485
16486
16487
16488
16489
16490
16491
16492
16493
16494
16495
16496
16498
16499
16500
16501
16502
16503
16504
16505
16506
16507
16508
16509
16510
16511
16512
16513
16515
16516
16517
16518
16519
16520
16521
16522
16523
16524
16525
16526
16527
16528
16529
16530
16531
16532
16534
16535
16536
16538
16539
16540
16541
16542
16543
16545
16546
16547
16548
16549
16550
16551
16552
16553
16555
16556
16558
16559
16560
16561
16562
16563
16564
16565
16566
16567
16568
16569
16570
16571
16572
16573
16574
16575
16576
16577
16578
16579
16580
16581
16582
16583
16585
16586
16587
16588
16589
16590
16591
16592
16593
16594
16595
16596
16597
16598
16599
16600
16601
16602
16603
16604
16605
16606
16607
16608
16609
16610
16611
16612
16613
16614
16615
16617
16618
16619
16620
16621
16622
16623
16624
16625
16626
16627
16628
16629
16630
16631
16632
16633
16634
16635
16636
16637
16638
16639
16640
16641
16642
16643
16644
16645
16646
16647
16648
16649
16650
16651
16653
16654
16655
16656
16657
16658
16659
16660
16661
16662
16663
16664
16665
16666
16668
16670
16671
16672
16673
16674
16675
16676
16677
16678
16679
16681
16682
16683
16684
16686
16687
16688
16689
16690
16691
16692
16693
16694
16695
16696
16697
16698
16699
16701
16702
16703
16704
16705
16706
16707
16708
16709
16710
16711
16712
16713
16714
16715
16716
16717
16718
16719
16720
16721
16722
16723
16724
16725
16727
16728
16731
16732
16733
16734
16735
16736
16737
16738
16739
16740
16741
16742
16743
16744
16746
16747
16748
16749
16751
16752
16753
16754
16755
16756
16757
16758
16759
16760
16761
16762
16763
16764
16765
16766
16767
16768
16769
16770
16771
16772
16773
16775
16776
16777
16778
16779
16781
16782
16783
16784
16785
16786
16787
16788
16789
16790
16792
16793
16794
16796
16797
16798
16799
16800
16802
16803
16804
16806
16807
16808
16809
16810
16811
16812
16813
16814
16815
16816
16817
16818
16819
16820
16821
16822
16823
16825
16826
16827
16828
16829
16830
16831
16832
16833
16834
16835
16836
16837
16838
16839
16840
16842
16843
16844
16845
16846
16847
16849
16850
16852
16853
16855
16856
16857
16858
16859
16860
16862
16863
16864
16865
16866
16867
16868
16869
16870
16871
16872
16873
16874
16875
16876
16877
16878
16879
16880
16881
16883
16884
16885
16887
16888
16889
16890
16891
16892
16893
16894
16895
16897
16898
16899
16900
16901
16902
16903
16904
16905
16906
16907
16908
16909
16910
16911
16912
16913
16914
16915
16916
16917
16918
16920
16921
16922
16923
16924
16926
16927
16928
16929
16930
16932
16933
16935
16936
16937
16938
16939
16940
16941
16942
16943
16944
16945
16946
16947
16949
16950
16951
16952
16953
16954
16955
16956
16957
16958
16959
16960
16961
16962
16963
16964
16965
16966
16967
16968
16969
16970
16971
16972
16973
16974
16975
16976
16977
16978
16979
16980
16981
16982
16983
16984
16985
16986
16987
16988
16989
16991
16992
16993
16995
16996
16997
16998
16999
17000
17002
17003
17004
17005
17006
17007
17008
17009
17010
17011
17012
17013
17015
17016
17017
17018
17019
17020
17021
17022
17023
17024
17027
17028
17029
17030
17031
17032
17033
17034
17038
17039
17040
17041
17042
17043
17044
17045
17046
17047
17048
17049
17050
17051
17052
17053
17054
17055
17057
17058
17059
17060
17061
17062
17063
17064
17065
17066
17067
17068
17069
17070
17071
17072
17073
17074
17075
17076
17077
17078
17079
17080
17081
17082
17083
17084
17085
17086
17087
17088
17089
17090
17091
17092
17093
17094
17096
17097
17098
17099
17100
17101
17102
17104
17105
17106
17107
17108
17109
17110
17111
17112
17113
17114
17115
17116
17117
17118
17119
17120
17121
17122
17123
17125
17126
17127
17128
17129
17130
17131
17132
17133
17134
17135
17136
17138
17139
17140
17141
17142
17143
17144
17145
17146
17147
17148
17149
17150
17151
17152
17153
17154
17155
17156
17157
17158
17159
17160
17161
17162
17163
17164
17165
17166
17167
17168
17169
17171
17172
17173
17174
17175
17176
17177
17178
17179
17180
17181
17182
17183
17184
17185
17186
17187
17188
17189
17190
17191
17192
17193
17195
17196
17197
17198
17199
17200
17201
17203
17204
17205
17206
17207
17208
17209
17210
17211
17212
17213
17214
17216
17217
17218
17219
17220
17221
17223
17224
17225
17226
17227
17228
17229
17230
17232
17233
17234
17235
17236
17237
17238
17239
17240
17241
17242
17243
17244
17245
17246
17247
17248
17249
17251
17252
17253
17254
17256
17257
17258
17259
17260
17261
17262
17263
17264
17265
17266
17267
17268
17269
17270
17271
17272
17273
17274
17275
17277
17278
17279
17280
17281
17282
17283
17284
17285
17287
17288
17289
17290
17291
17292
17293
17294
17295
17296
17297
17298
17299
17300
17302
17303
17304
17305
17306
17307
17308
17309
17310
17311
17312
17313
17314
17315
17316
17317
17318
17319
17320
17321
17322
17323
17324
17325
17326
17328
17330
17331
17332
17333
17334
17335
17336
17338
17339
17340
17342
17343
17344
17345
17346
17347
17349
17350
17352
17353
17354
17355
17356
17357
17358
17359
17360
17362
17363
17364
17365
17366
17367
17368
17369
17370
17371
17372
17373
17374
17375
17376
17377
17378
17379
17380
17381
17382
17383
17384
17385
17386
17387
17388
17389
17390
17391
17392
17393
17394
17395
17396
17397
17398
17399
17400
17401
17402
17403
17404
17405
17406
17407
17408
17409
17410
17411
17413
17414
17415
17416
17417
17418
17420
17422
17423
17424
17425
17426
17427
17428
17429
17430
17431
17432
17433
17434
17435
17436
17437
17438
17439
17440
17441
17442
17443
17444
17445
17447
17448
17450
17452
17453
17454
17455
17456
17457
17458
17459
17461
17462
17463
17464
17465
17466
17467
17469
17470
17471
17472
17473
17474
17475
17476
17477
17479
17480
17481
17482
17483
17484
17485
17486
17487
17488
17489
17490
17491
17492
17493
17494
17495
17496
17497
17498
17500
17501
17502
17503
17504
17506
17507
17508
17509
17510
17511
17512
17513
17514
17515
17516
17517
17519
17521
17523
17524
17525
17526
17527
17528
17529
17530
17531
17532
17533
17534
17535
17536
17537
17538
17539
17540
17541
17542
17543
17544
17545
17546
17547
17548
17549
17550
17551
17553
17554
17555
17556
17557
17558
17559
17560
17561
17562
17563
17564
17565
17566
17567
17568
17569
17570
17571
17572
17573
17574
17575
17576
17577
17578
17579
17580
17581
17582
17583
17584
17585
17586
17587
17588
17589
17590
17591
17592
17593
17594
17595
17596
17597
17598
17599
17600
17601
17602
17603
17604
17605
17606
17607
17608
17609
17610
17612
17613
17614
17615
17616
17617
17619
17620
17621
17622
17623
17624
17625
17626
17627
17628
17629
17631
17632
17633
17634
17635
17636
17637
17638
17639
17640
17641
17642
17643
17644
17645
17646
17648
17649
17650
17651
17652
17653
17654
17655
17656
17657
17658
17659
17660
17661
17663
17664
17666
17667
17668
17669
17670
17671
17672
17673
17674
17675
17676
17677
17678
17679
17680
17681
17682
17683
17684
17685
17686
17688
17689
17690
17691
17692
17693
17694
17695
17696
17697
17698
17699
17701
17702
17703
17704
17705
17706
17708
17709
17710
17711
17714
17717
17719
17720
17721
17722
17723
17724
17725
17726
17727
17728
17730
17731
17732
17733
17734
17735
17736
17737
17738
17739
17740
17741
17742
17743
17745
17746
17748
17749
17750
17751
17752
17754
17755
17756
17757
17758
17759
17760
17761
17762
17763
17764
17765
17766
17767
17768
17769
17770
17771
17772
17773
17774
17775
17776
17778
17779
17780
17781
17782
17783
17784
17785
17786
17787
17788
17789
17790
17791
17792
17793
17794
17795
17796
17797
17798
17799
17800
17801
17802
17803
17804
17805
17806
17807
17809
17810
17811
17812
17814
17815
17818
17819
17820
17821
17822
17824
17825
17826
17827
17828
17829
17830
17831
17832
17833
17834
17835
17836
17837
17839
17840
17841
17843
17844
17845
17848
17849
17850
17851
17852
17853
17854
17855
17856
17857
17859
17860
17861
17862
17863
17864
17865
17866
17867
17868
17869
17870
17872
17873
17874
17875
17877
17878
17879
17880
17881
17882
17883
17884
17885
17886
17887
17888
17890
17891
17892
17893
17896
17897
17898
17899
17900
17901
17902
17904
17905
17906
17907
17908
17910
17911
17912
17913
17914
17915
17916
17917
17918
17919
17920
17921
17922
17923
17925
17926
17927
17928
17929
17930
17931
17932
17933
17934
17935
17936
17937
17938
17939
17940
17941
17942
17943
17944
17945
17948
17949
17950
17951
17952
17953
17954
17955
17956
17957
17958
17959
17960
17961
17962
17963
17964
17965
17967
17968
17969
17970
17971
17972
17973
17974
17975
17976
17977
17978
17979
17980
17981
17982
17983
17984
17985
17986
17987
17988
17990
17991
17992
17994
17995
17996
17997
17998
17999
18000
18001
18002
18003
18004
18005
18006
18007
18008
18009
18010
18011
18013
18014
18015
18016
18017
18018
18020
18021
18022
18023
18024
18025
18026
18027
18028
18029
18030
18031
18032
18033
18034
18035
18036
18037
18038
18039
18040
18041
18042
18043
18044
18046
18047
18048
18049
18050
18051
18052
18053
18054
18055
18056
18057
18058
18059
18060
18061
18063
18065
18066
18068
18069
18070
18071
18072
18073
18074
18075
18076
18077
18078
18079
18080
18081
18082
18083
18084
18085
18086
18087
18088
18089
18090
18091
18092
18093
18094
18095
18096
18097
18098
18099
18100
18101
18102
18103
18104
18105
18106
18107
18108
18109
18110
18112
18113
18114
18115
18116
18117
18118
18119
18120
18121
18122
18124
18125
18126
18128
18130
18131
18132
18133
18134
18135
18136
18137
18138
18139
18140
18141
18142
18143
18144
18145
18146
18147
18148
18149
18150
18151
18153
18154
18155
18156
18157
18158
18160
18162
18163
18164
18165
18166
18167
18168
18169
18170
18171
18172
18173
18174
18175
18176
18177
18178
18179
18180
18181
18182
18183
18184
18185
18186
18187
18188
18189
18191
18192
18193
18194
18195
18196
18197
18198
18199
18200
18201
18202
18203
18204
18205
18206
18207
18208
18209
18211
18212
18213
18214
18215
18216
18217
18218
18220
18221
18222
18223
18224
18225
18226
18227
18229
18230
18231
18232
18233
18234
18235
18236
18237
18238
18239
18240
18241
18242
18243
18244
18245
18246
18247
18248
18249
18251
18252
18253
18254
18255
18258
18259
18260
18261
18262
18263
18264
18265
18266
18267
18268
18269
18270
18271
18272
18273
18274
18275
18276
18277
18278
18279
18280
18282
18283
18284
18285
18286
18287
18288
18289
18290
18291
18292
18293
18294
18295
18296
18297
18298
18299
18300
18301
18302
18303
18304
18305
18306
18307
18308
18309
18310
18311
18312
18313
18315
18316
18318
18319
18320
18322
18323
18324
18325
18326
18327
18328
18329
18330
18331
18332
18333
18334
18335
18336
18337
18338
18339
18340
18342
18343
18344
18346
18347
18348
18349
18350
18351
18352
18353
18354
18356
18357
18358
18359
18363
18364
18365
18367
18368
18369
18370
18371
18372
18373
18374
18375
18376
18377
18378
18379
18380
18381
18382
18383
18384
18385
18386
18387
18388
18389
18390
18391
18392
18393
18394
18395
18396
18397
18398
18399
18400
18401
18402
18403
18404
18405
18406
18407
18408
18409
18410
18411
18412
18413
18414
18415
18416
18417
18418
18419
18420
18421
18422
18423
18424
18425
18426
18427
18428
18429
18430
18431
18432
18433
18434
18435
18436
18438
18439
18440
18443
18444
18445
18446
18447
18448
18450
18451
18452
18453
18455
18456
18457
18458
18459
18460
18461
18462
18463
18464
18465
18466
18467
18468
18469
18470
18471
18472
18473
18475
18476
18477
18478
18479
18480
18481
18482
18483
18484
18485
18486
18487
18488
18489
18490
18491
18492
18493
18494
18496
18497
18498
18499
18500
18502
18503
18504
18505
18506
18507
18508
18509
18510
18511
18512
18513
18514
18515
18516
18517
18518
18519
18520
18521
18522
18523
18524
18525
18526
18527
18528
18529
18530
18531
18532
18533
18534
18535
18536
18537
18538
18539
18540
18541
18542
18543
18544
18545
18546
18547
18548
18549
18550
18551
18552
18553
18554
18555
18556
18557
18558
18559
18560
18561
18562
18563
18564
18565
18566
18567
18568
18569
18570
18571
18572
18573
18574
18575
18576
18577
18578
18579
18581
18582
18583
18585
18586
18587
18588
18590
18591
18592
18593
18594
18596
18597
18598
18599
18600
18601
18602
18603
18605
18606
18607
18608
18609
18610
18612
18613
18614
18615
18616
18617
18618
18619
18620
18622
18623
18624
18626
18627
18630
18631
18632
18633
18634
18635
18636
18637
18638
18639
18641
18642
18643
18644
18645
18646
18647
18648
18649
18650
18652
18653
18654
18655
18656
18657
18658
18659
18660
18661
18662
18664
18666
18667
18668
18669
18670
18671
18673
18674
18675
18676
18677
18678
18679
18680
18681
18682
18683
18684
18685
18686
18687
18689
18690
18691
18692
18693
18694
18695
18696
18697
18698
18699
18700
18701
18702
18704
18705
18706
18707
18708
18709
18710
18711
18712
18713
18714
18715
18716
18717
18718
18720
18721
18722
18723
18724
18725
18726
18727
18728
18729
18730
18731
18732
18733
18734
18735
18736
18737
18738
18739
18740
18741
18743
18744
18745
18746
18747
18748
18749
18750
18751
18752
18754
18755
18756
18757
18758
18759
18760
18761
18762
18763
18764
18765
18766
18767
18768
18769
18770
18771
18772
18773
18774
18775
18776
18777
18778
18779
18781
18782
18783
18784
18785
18786
18788
18790
18791
18792
18794
18795
18796
18797
18798
18799
18800
18801
18802
18803
18804
18805
18806
18807
18808
18809
18810
18811
18813
18814
18815
18816
18817
18818
18819
18820
18821
18822
18823
18824
18826
18827
18828
18829
18830
18831
18833
18834
18835
18836
18837
18838
18839
18840
18841
18842
18843
18844
18845
18847
18848
18849
18850
18851
18853
18854
18855
18856
18857
18858
18859
18861
18862
18863
18864
18865
18866
18867
18868
18869
18870
18871
18872
18873
18874
18875
18876
18877
18878
18879
18880
18881
18882
18883
18884
18885
18886
18887
18888
18889
18890
18892
18893
18894
18895
18896
18897
18898
18899
18900
18901
18902
18904
18905
18906
18907
18908
18909
18910
18911
18912
18913
18915
18916
18917
18918
18919
18920
18921
18922
18924
18925
18926
18927
18928
18929
18930
18931
18932
18933
18934
18935
18936
18937
18938
18939
18940
18941
18942
18943
18944
18945
18946
18948
18949
18950
18951
18952
18953
18954
18955
18956
18957
18958
18959
18960
18961
18962
18963
18964
18965
18966
18967
18970
18971
18972
18973
18974
18975
18976
18977
18978
18979
18980
18981
18982
18983
18984
18985
18986
18987
18988
18989
18990
18991
18992
18993
18995
18997
18998
18999
19000
19001
19002
19003
19005
19007
19008
19009
19010
19011
19012
19013
19014
19015
19017
19018
19019
19020
19022
19023
19024
19025
19026
19027
19028
19029
19030
19032
19033
19034
19036
19037
19038
19039
19040
19041
19042
19043
19044
19046
19047
19048
19049
19050
19051
19052
19053
19054
19055
19056
19057
19058
19059
19060
19061
19062
19064
19065
19066
19067
19068
19069
19070
19072
19073
19074
19076
19077
19078
19079
19080
19081
19083
19084
19085
19086
19087
19088
19089
19090
19091
19092
19094
19095
19096
19097
19098
19099
19100
19101
19102
19103
19104
19105
19106
19107
19108
19109
19110
19111
19112
19113
19114
19115
19116
19117
19119
19120
19121
19122
19123
19124
19125
19126
19127
19128
19129
19130
19132
19133
19135
19136
19137
19138
19139
19140
19141
19142
19143
19144
19145
19146
19147
19148
19149
19150
19151
19152
19153
19154
19156
19157
19158
19159
19160
19161
19162
19163
19164
19165
19166
19167
19168
19169
19170
19171
19172
19173
19174
19175
19176
19177
19178
19179
19180
19181
19182
19183
19184
19185
19186
19187
19188
19189
19190
19191
19192
19193
19194
19195
19196
19197
19200
19201
19202
19204
19205
19206
19207
19208
19209
19210
19211
19212
19213
19214
19215
19216
19217
19218
19220
19221
19222
19223
19225
19226
19227
19228
19229
19231
19232
19233
19234
19235
19237
19238
19239
19241
19242
19245
19246
19247
19248
19249
19250
19251
19252
19253
19254
19255
19256
19257
19258
19260
19261
19262
19263
19264
19265
19266
19267
19268
19269
19270
19271
19272
19273
19274
19275
19276
19277
19278
19279
19280
19281
19282
19283
19284
19285
19286
19287
19288
19290
19291
19292
19293
19294
19296
19297
19298
19299
19300
19301
19303
19304
19305
19306
19307
19308
19309
19310
19312
19313
19314
19315
19316
19317
19318
19319
19320
19321
19322
19323
19324
19325
19328
19329
19330
19331
19332
19333
19334
19335
19336
19337
19338
19339
19340
19341
19342
19343
19344
19345
19346
19347
19348
19349
19350
19351
19352
19353
19354
19355
19356
19357
19359
19360
19361
19362
19363
19364
19365
19366
19367
19368
19369
19370
19371
19372
19373
19375
19376
19379
19381
19382
19383
19385
19386
19387
19388
19389
19390
19391
19392
19393
19394
19395
19396
19397
19398
19399
19400
19401
19402
19403
19404
19405
19406
19407
19408
19409
19410
19411
19412
19413
19416
19417
19418
19420
19421
19422
19423
19424
19425
19426
19427
19428
19429
19432
19433
19434
19435
19438
19439
19440
19441
19442
19444
19446
19447
19448
19449
19450
19451
19452
19453
19454
19455
19457
19458
19459
19460
19461
19462
19463
19464
19465
19466
19468
19469
19470
19471
19473
19474
19478
19480
19481
19482
19483
19484
19486
19487
19488
19489
19490
19491
19492
19493
19494
19495
19496
19498
19499
19500
19501
19502
19503
19504
19505
19506
19507
19508
19509
19510
19511
19512
19513
19514
19515
19516
19517
19518
19521
19522
19524
19525
19526
19527
19528
19529
19530
19531
19532
19533
19534
19535
19536
19537
19538
19539
19540
19541
19542
19543
19544
19545
19547
19548
19549
19551
19552
19553
19554
19555
19556
19557
19558
19559
19560
19561
19562
19564
19565
19566
19567
19568
19569
19570
19572
19573
19574
19575
19576
19577
19579
19580
19581
19582
19583
19584
19585
19586
19588
19589
19591
19592
19593
19594
19595
19596
19597
19598
19599
19600
19601
19603
19604
19605
19606
19610
19611
19612
19613
19614
19615
19616
19617
19618
19619
19620
19621
19622
19623
19625
19626
19627
19628
19629
19630
19631
19632
19633
19634
19635
19636
19638
19639
19641
19642
19643
19644
19645
19646
19647
19648
19649
19650
19651
19652
19653
19654
19655
19659
19660
19661
19662
19663
19664
19666
19667
19668
19669
19670
19671
19672
19673
19674
19675
19676
19677
19678
19680
19681
19682
19684
19685
19686
19687
19688
19689
19690
19691
19692
19693
19694
19695
19696
19697
19698
19699
19700
19702
19703
19704
19705
19706
19707
19708
19709
19710
19711
19712
19713
19715
19716
19717
19718
19719
19720
19722
19723
19724
19725
19726
19727
19729
19730
19731
19732
19733
19735
19736
19739
19740
19741
19742
19743
19744
19745
19747
19748
19749
19750
19752
19753
19754
19755
19757
19760
19761
19762
19763
19764
19765
19766
19767
19768
19769
19771
19772
19773
19774
19775
19776
19777
19778
19779
19781
19782
19783
19784
19785
19786
19787
19788
19789
19790
19791
19792
19793
19794
19795
19796
19797
19798
19799
19800
19802
19803
19804
19805
19806
19807
19808
19809
19810
19811
19812
19813
19814
19815
19816
19818
19820
19821
19822
19823
19824
19825
19826
19827
19828
19829
19830
19831
19832
19833
19834
19835
19836
19837
19839
19840
19841
19842
19843
19845
19846
19847
19848
19849
19850
19851
19852
19854
19855
19856
19857
19858
19859
19860
19861
19862
19863
19864
19865
19866
19867
19868
19869
19870
19871
19872
19873
19874
19875
19877
19878
19879
19881
19882
19883
19884
19885
19886
19887
19888
19889
19890
19891
19892
19893
19894
19895
19896
19897
19898
19899
19900
19902
19903
19904
19905
19908
19909
19910
19911
19912
19913
19914
19915
19916
19917
19918
19919
19920
19921
19922
19923
19925
19926
19927
19929
19930
19931
19932
19933
19934
19935
19936
19939
19941
19942
19943
19946
19947
19949
19950
19951
19952
19953
19954
19956
19957
19958
19959
19960
19961
19962
19963
19964
19965
19967
19968
19969
19970
19971
19973
19974
19976
19977
19978
19979
19980
19981
19982
19983
19984
19985
19986
19987
19988
19989
19990
19991
19992
19993
19994
19995
19996
19997
19998
19999
20000
20001
20002
20003
20004
20005
20006
20007
20009
20010
20011
20012
20013
20014
20015
20016
20017
20018
20019
20021
20022
20023
20024
20025
20026
20027
20028
20029
20030
20031
20032
20034
20035
20036
20038
20040
20042
20043
20044
20045
20046
20047
20048
20049
20050
20051
20052
20053
20054
20056
20057
20058
20059
20060
20061
20062
20063
20064
20065
20066
20067
20068
20069
20070
20071
20072
20073
20074
20075
20076
20077
20078
20079
20080
20081
20084
20085
20086
20087
20088
20089
20090
20091
20092
20093
20094
20095
20096
20097
20098
20099
20100
20101
20102
20103
20104
20105
20106
20107
20108
20109
20110
20111
20112
20113
20114
20115
20116
20117
20120
20121
20122
20123
20124
20125
20126
20127
20128
20129
20130
20131
20132
20134
20135
20138
20139
20140
20141
20142
20143
20144
20145
20146
20147
20148
20149
20151
20152
20153
20155
20156
20158
20159
20160
20161
20162
20163
20165
20166
20167
20168
20169
20170
20171
20172
20173
20174
20175
20176
20178
20179
20180
20181
20182
20183
20184
20185
20186
20187
20188
20189
20190
20191
20192
20193
20194
20195
20196
20197
20199
20201
20203
20204
20205
20206
20207
20208
20209
20211
20212
20213
20214
20215
20216
20217
20218
20219
20220
20221
20222
20224
20225
20226
20228
20229
20230
20231
20232
20233
20234
20235
20236
20238
20239
20240
20241
20243
20244
20245
20246
20249
20250
20251
20253
20254
20255
20256
20257
20258
20259
20260
20262
20263
20264
20265
20266
20267
20268
20269
20270
20271
20273
20274
20275
20276
20277
20278
20279
20280
20281
20282
20283
20284
20285
20286
20287
20288
20289
20290
20291
20292
20293
20294
20295
20296
20297
20299
20302
20304
20305
20306
20307
20308
20309
20310
20311
20312
20314
20315
20316
20317
20318
20319
20320
20321
20322
20323
20324
20325
20326
20327
20328
20329
20330
20331
20332
20333
20334
20335
20336
20337
20338
20339
20340
20341
20342
20343
20344
20345
20346
20347
20348
20350
20351
20352
20353
20355
20356
20357
20358
20359
20360
20361
20362
20363
20364
20365
20366
20367
20368
20369
20370
20371
20372
20373
20374
20375
20376
20377
20378
20379
20380
20381
20382
20383
20384
20385
20386
20387
20388
20389
20390
20391
20392
20394
20395
20396
20397
20398
20400
20401
20403
20404
20405
20406
20407
20408
20409
20411
20412
20413
20414
20415
20416
20417
20418
20419
20420
20421
20422
20423
20424
20425
20426
20427
20428
20430
20431
20432
20433
20434
20436
20437
20438
20439
20440
20441
20442
20443
20444
20446
20447
20448
20449
20450
20452
20453
20454
20455
20456
20457
20459
20460
20461
20463
20464
20465
20466
20467
20468
20469
20470
20471
20472
20473
20474
20475
20476
20477
20478
20479
20480
20481
20482
20483
20484
20485
20487
20488
20489
20490
20491
20492
20494
20495
20496
20497
20498
20499
20500
20501
20502
20503
20504
20505
20506
20507
20508
20509
20510
20511
20512
20513
20514
20515
20516
20518
20519
20520
20521
20522
20523
20524
20525
20526
20527
20529
20530
20531
20533
20535
20536
20537
20538
20539
20540
20541
20542
20543
20545
20546
20547
20548
20549
20550
20551
20552
20553
20554
20555
20557
20558
20559
20560
20561
20562
20563
20564
20565
20566
20567
20568
20569
20570
20571
20572
20573
20575
20576
20577
20578
20579
20580
20581
20582
20583
20584
20585
20586
20587
20588
20589
20590
20591
20592
20593
20594
20596
20597
20598
20599
20600
20602
20604
20606
20607
20608
20609
20610
20611
20612
20613
20614
20615
20616
20617
20618
20619
20620
20621
20622
20623
20624
20625
20626
20627
20629
20630
20631
20632
20633
20634
20635
20636
20637
20638
20639
20640
20641
20643
20644
20645
20646
20647
20648
20649
20650
20651
20652
20653
20654
20655
20656
20657
20658
20659
20660
20661
20662
20663
20664
20665
20666
20667
20668
20670
20671
20672
20673
20674
20675
20676
20677
20678
20679
20680
20681
20682
20683
20684
20685
20688
20689
20691
20692
20693
20694
20695
20696
20699
20700
20701
20702
20703
20704
20705
20706
20707
20708
20709
20710
20711
20712
20713
20714
20715
20716
20717
20719
20720
20721
20722
20723
20724
20725
20726
20727
20728
20729
20730
20731
20732
20733
20734
20735
20736
20737
20738
20739
20740
20741
20742
20743
20744
20746
20747
20748
20749
20750
20751
20752
20753
20754
20755
20756
20757
20758
20759
20761
20762
20763
20764
20765
20766
20767
20768
20769
20770
20771
20772
20773
20774
20775
20776
20777
20778
20779
20780
20781
20782
20783
20784
20785
20787
20788
20789
20790
20791
20792
20793
20794
20795
20796
20797
20798
20799
20800
20801
20802
20803
20804
20805
20806
20807
20808
20809
20810
20811
20812
20813
20814
20815
20816
20817
20818
20819
20820
20821
20822
20823
20825
20826
20827
20828
20829
20830
20831
20832
20833
20834
20836
20837
20838
20841
20843
20844
20846
20847
20848
20849
20850
20851
20852
20853
20854
20855
20856
20857
20858
20859
20860
20861
20862
20863
20864
20865
20866
20868
20869
20871
20872
20873
20874
20875
20876
20877
20878
20879
20880
20881
20882
20883
20884
20885
20886
20887
20888
20889
20890
20891
20892
20893
20894
20895
20896
20897
20898
20899
20901
20903
20904
20905
20906
20908
20909
20910
20911
20912
20913
20914
20915
20918
20919
20920
20921
20922
20923
20924
20926
20927
20928
20929
20930
20932
20933
20934
20935
20936
20937
20939
20940
20941
20942
20943
20945
20946
20947
20948
20949
20950
20951
20952
20953
20954
20955
20956
20957
20958
20959
20960
20961
20963
20965
20966
20967
20968
20969
20970
20971
20972
20973
20974
20975
20976
20977
20978
20979
20980
20981
20982
20983
20984
20986
20987
20988
20989
20990
20991
20992
20993
20994
20996
20997
20999
21000
21001
21002
21003
21004
21005
21006
21007
21008
21009
21010
21011
21012
21013
21015
21016
21017
21018
21019
21021
21022
21023
21024
21025
21026
21027
21029
21030
21031
21033
21034
21035
21036
21037
21038
21040
21041
21042
21044
21046
21047
21048
21049
21050
21051
21052
21054
21055
21057
21059
21061
21062
21063
21064
21065
21066
21067
21068
21069
21070
21071
21072
21073
21074
21076
21077
21078
21079
21080
21081
21083
21084
21085
21087
21090
21091
21092
21093
21094
21095
21096
21097
21098
21099
21100
21101
21102
21103
21104
21105
21106
21107
21108
21109
21110
21111
21112
21113
21114
21115
21116
21117
21118
21119
21120
21121
21122
21123
21124
21125
21126
21127
21128
21129
21130
21131
21132
21133
21134
21135
21136
21137
21138
21139
21141
21142
21143
21144
21145
21146
21147
21148
21149
21150
21151
21152
21153
21154
21155
21156
21157
21158
21159
21160
21161
21162
21163
21164
21165
21166
21168
21169
21170
21171
21172
21173
21174
21175
21176
21177
21178
21179
21180
21181
21182
21183
21184
21185
21186
21187
21188
21189
21190
21191
21192
21193
21194
21195
21196
21197
21199
21200
21201
21202
21203
21204
21205
21206
21207
21208
21209
21210
21211
21213
21214
21215
21216
21217
21218
21219
21220
21221
21222
21223
21224
21226
21227
21228
21229
21231
21232
21233
21234
21235
21236
21237
21238
21239
21240
21241
21242
21243
21244
21245
21246
21248
21249
21250
21251
21252
21253
21254
21255
21256
21257
21258
21259
21260
21261
21262
21263
21264
21265
21267
21268
21269
21270
21271
21272
21273
21274
21275
21276
21278
21279
21280
21281
21282
21283
21284
21285
21286
21288
21289
21291
21292
21293
21294
21295
21296
21297
21298
21299
21300
21301
21303
21304
21306
21307
21308
21309
21310
21311
21312
21314
21316
21317
21318
21320
21321
21322
21323
21324
21325
21326
21327
21328
21329
21330
21332
21333
21334
21335
21337
21338
21339
21340
21341
21342
21343
21344
21345
21346
21347
21348
21349
21350
21351
21352
21353
21354
21355
21356
21357
21358
21359
21360
21362
21363
21365
21366
21367
21368
21369
21370
21371
21372
21373
21374
21375
21377
21378
21379
21380
21381
21382
21383
21384
21385
21386
21387
21388
21389
21390
21391
21392
21393
21394
21395
21396
21397
21398
21399
21400
21401
21402
21403
21405
21406
21407
21408
21409
21410
21412
21413
21414
21415
21417
21419
21420
21421
21422
21423
21424
21425
21426
21427
21428
21429
21431
21432
21433
21434
21435
21436
21437
21439
21440
21441
21442
21443
21444
21445
21446
21449
21450
21451
21452
21453
21454
21455
21456
21458
21459
21460
21461
21463
21464
21465
21466
21469
21470
21471
21472
21473
21474
21475
21477
21478
21479
21480
21481
21482
21483
21484
21485
21486
21487
21488
21489
21490
21492
21493
21494
21495
21496
21497
21498
21500
21502
21503
21504
21505
21506
21507
21508
21509
21510
21511
21512
21513
21514
21515
21516
21517
21518
21520
21521
21525
21527
21528
21529
21530
21531
21532
21533
21534
21535
21536
21537
21538
21539
21540
21541
21542
21543
21544
21545
21546
21547
21548
21549
21550
21551
21553
21555
21556
21557
21558
21559
21560
21561
21562
21563
21564
21565
21566
21567
21568
21569
21571
21572
21573
21574
21575
21576
21577
21578
21579
21580
21581
21582
21583
21585
21586
21587
21588
21589
21590
21591
21592
21593
21594
21595
21597
21598
21599
21600
21601
21602
21603
21604
21605
21606
21607
21608
21609
21610
21611
21612
21613
21614
21616
21617
21618
21619
21620
21621
21622
21623
21624
21625
21626
21627
21628
21629
21630
21631
21632
21633
21634
21635
21637
21638
21639
21640
21641
21642
21643
21645
21646
21647
21648
21649
21650
21652
21653
21654
21655
21656
21657
21658
21660
21661
21662
21663
21664
21665
21666
21668
21670
21671
21672
21673
21674
21675
21676
21677
21678
21679
21680
21681
21682
21683
21684
21685
21686
21687
21688
21689
21690
21691
21692
21693
21694
21695
21696
21697
21698
21699
21700
21701
21703
21704
21705
21706
21707
21708
21709
21710
21711
21712
21714
21715
21716
21717
21719
21720
21721
21722
21724
21725
21726
21727
21728
21729
21730
21731
21733
21734
21735
21736
21737
21738
21739
21740
21741
21742
21743
21744
21745
21746
21747
21748
21749
21750
21751
21752
21753
21754
21755
21756
21758
21759
21760
21761
21762
21764
21765
21766
21767
21768
21769
21772
21773
21774
21775
21776
21777
21778
21779
21780
21782
21783
21784
21785
21786
21787
21788
21789
21790
21791
21792
21793
21794
21795
21796
21797
21798
21799
21800
21801
21802
21803
21804
21805
21806
21808
21809
21810
21811
21812
21813
21814
21815
21816
21817
21818
21819
21820
21821
21822
21823
21824
21825
21826
21827
21828
21830
21831
21832
21833
21835
21837
21838
21839
21840
21841
21842
21843
21844
21845
21846
21848
21849
21850
21851
21852
21853
21854
21855
21856
21857
21858
21859
21860
21861
21863
21864
21866
21867
21868
21869
21870
21871
21872
21873
21874
21875
21876
21877
21878
21879
21880
21881
21883
21884
21885
21886
21887
21888
21889
21891
21892
21893
21894
21895
21896
21897
21898
21899
21900
21901
21902
21903
21904
21905
21906
21907
21908
21909
21910
21911
21912
21913
21914
21915
21916
21917
21918
21921
21922
21924
21925
21926
21927
21928
21929
21930
21931
21933
21934
21935
21936
21938
21939
21940
21941
21943
21944
21945
21946
21947
21948
21949
21950
21951
21952
21953
21954
21955
21956
21957
21958
21959
21960
21961
21962
21963
21964
21965
21966
21967
21968
21969
21970
21971
21972
21973
21974
21976
21977
21978
21979
21981
21982
21983
21985
21986
21987
21988
21989
21990
21991
21992
21993
21994
21995
21996
21997
21998
21999
22000
22001
22002
22003
22004
22005
22006
22007
22008
22009
22010
22011
22013
22014
22015
22016
22017
22019
22020
22021
22022
22023
22024
22025
22026
22027
22028
22030
22031
22032
22033
22034
22035
22036
22037
22038
22039
22040
22041
22042
22043
22044
22045
22046
22047
22048
22049
22050
22052
22053
22054
22055
22056
22057
22059
22060
22061
22062
22063
22064
22066
22067
22068
22070
22071
22072
22073
22075
22076
22077
22078
22079
22080
22081
22082
22084
22085
22086
22087
22088
22089
22090
22091
22092
22093
22094
22095
22096
22098
22099
22100
22101
22102
22103
22104
22105
22106
22107
22108
22109
22110
22112
22113
22114
22115
22116
22117
22120
22121
22124
22125
22126
22127
22128
22129
22130
22131
22132
22133
22134
22135
22136
22137
22138
22139
22140
22141
22142
22143
22144
22145
22146
22147
22149
22150
22151
22152
22153
22154
22155
22156
22157
22158
22159
22160
22161
22162
22163
22164
22165
22166
22167
22168
22169
22170
22171
22172
22174
22175
22176
22177
22178
22179
22180
22181
22182
22183
22184
22185
22186
22187
22188
22189
22190
22191
22193
22194
22195
22196
22197
22198
22199
22200
22201
22202
22203
22205
22206
22207
22208
22209
22210
22211
22212
22213
22214
22217
22218
22219
22220
22221
22222
22223
22225
22226
22227
22228
22229
22230
22231
22232
22233
22234
22235
22236
22237
22238
22239
22240
22241
22242
22243
22244
22245
22246
22247
22248
22249
22250
22251
22253
22254
22255
22256
22257
22258
22259
22260
22262
22263
22265
22266
22267
22268
22269
22270
22271
22272
22273
22274
22275
22276
22277
22278
22279
22280
22281
22282
22283
22284
22285
22286
22287
22289
22290
22291
22292
22293
22294
22295
22296
22297
22298
22299
22300
22301
22302
22303
22304
22305
22306
22307
22308
22309
22310
22312
22313
22315
22316
22317
22318
22319
22320
22321
22322
22323
22324
22325
22326
22327
22328
22329
22330
22331
22332
22333
22334
22335
22336
22337
22338
22339
22341
22342
22343
22344
22345
22346
22347
22348
22349
22350
22351
22353
22354
22355
22356
22357
22358
22359
22360
22361
22362
22363
22364
22365
22367
22368
22369
22370
22371
22372
22373
22374
22375
22377
22378
22379
22380
22381
22382
22383
22384
22385
22386
22387
22390
22391
22392
22393
22394
22395
22396
22397
22399
22400
22402
22403
22405
22406
22407
22408
22409
22410
22411
22412
22413
22414
22415
22416
22417
22418
22419
22421
22422
22423
22424
22425
22426
22427
22428
22429
22430
22431
22432
22433
22434
22435
22436
22437
22439
22440
22441
22442
22443
22444
22445
22446
22447
22448
22449
22450
22451
22452
22453
22455
22456
22458
22459
22460
22461
22462
22463
22464
22465
22466
22467
22468
22469
22470
22471
22472
22473
22474
22475
22476
22477
22478
22479
22480
22481
22482
22483
22484
22485
22486
22487
22488
22489
22491
22492
22493
22494
22495
22496
22497
22498
22499
22500
22501
22502
22503
22505
22506
22507
22509
22510
22511
22512
22513
22514
22515
22516
22517
22518
22519
22521
22522
22523
22524
22525
22526
22527
22528
22529
22530
22531
22532
22533
22534
22535
22536
22537
22538
22540
22541
22542
22543
22544
22545
22546
22549
22550
22551
22552
22553
22554
22555
22556
22557
22558
22559
22560
22561
22562
22563
22564
22565
22567
22569
22570
22571
22572
22573
22574
22575
22576
22577
22578
22579
22580
22581
22582
22583
22584
22585
22586
22587
22588
22589
22590
22591
22592
22593
22594
22595
22596
22597
22598
22599
22600
22601
22602
22604
22605
22606
22608
22609
22610
22611
22612
22613
22614
22615
22617
22618
22619
22620
22621
22622
22623
22624
22625
22626
22627
22628
22629
22630
22631
22632
22633
22634
22635
22636
22637
22638
22639
22640
22641
22642
22643
22644
22645
22646
22647
22648
22649
22651
22652
22653
22654
22655
22656
22657
22658
22659
22660
22661
22662
22663
22664
22665
22666
22668
22669
22670
22671
22672
22673
22674
22675
22676
22677
22678
22679
22680
22682
22683
22684
22685
22686
22687
22690
22692
22693
22695
22696
22697
22698
22699
22700
22701
22702
22703
22705
22706
22707
22708
22709
22710
22711
22713
22714
22715
22716
22717
22718
22719
22720
22721
22723
22724
22725
22727
22728
22729
22730
22731
22732
22733
22735
22736
22737
22738
22739
22740
22741
22742
22743
22744
22746
22748
22749
22750
22751
22753
22754
22755
22756
22757
22759
22760
22761
22762
22763
22764
22765
22766
22767
22768
22770
22771
22772
22773
22774
22775
22776
22777
22778
22779
22780
22782
22783
22784
22785
22786
22787
22788
22790
22791
22792
22793
22794
22796
22797
22799
22800
22801
22802
22803
22804
22805
22806
22807
22809
22810
22811
22812
22813
22814
22815
22816
22817
22819
22820
22821
22822
22823
22824
22825
22826
22827
22828
22830
22832
22833
22834
22835
22836
22838
22839
22840
22841
22842
22843
22844
22845
22846
22847
22848
22849
22850
22851
22852
22853
22854
22855
22856
22857
22858
22860
22861
22862
22863
22864
22865
22866
22867
22868
22869
22870
22871
22872
22873
22874
22875
22876
22877
22878
22879
22880
22881
22882
22885
22887
22888
22889
22890
22891
22892
22893
22894
22895
22897
22898
22900
22901
22902
22903
22904
22905
22906
22907
22908
22909
22910
22911
22912
22914
22915
22916
22917
22918
22919
22920
22921
22922
22923
22924
22925
22926
22927
22928
22929
22930
22931
22933
22934
22936
22937
22939
22940
22941
22942
22943
22944
22945
22946
22947
22948
22949
22950
22951
22952
22953
22954
22955
22956
22957
22958
22960
22961
22962
22963
22965
22966
22967
22968
22969
22970
22973
22974
22975
22976
22977
22978
22979
22980
22981
22982
22983
22984
22985
22986
22987
22988
22990
22991
22992
22993
22994
22995
22996
22997
22998
22999
23000
23001
23002
23003
23004
23005
23006
23007
23008
23009
23010
23011
23012
23014
23016
23017
23018
23021
23022
23023
23024
23025
23026
23027
23028
23029
23030
23032
23033
23034
23035
23036
23037
23038
23040
23041
23043
23044
23045
23046
23047
23049
23050
23053
23057
23058
23059
23060
23061
23063
23064
23065
23066
23067
23069
23070
23071
23072
23073
23074
23075
23076
23077
23078
23079
23080
23081
23082
23083
23084
23085
23086
23087
23088
23090
23092
23093
23094
23095
23097
23098
23099
23101
23102
23103
23104
23105
23106
23107
23108
23109
23110
23111
23112
23113
23114
23115
23116
23117
23118
23119
23120
23121
23122
23123
23124
23128
23129
23130
23132
23133
23134
23135
23136
23137
23140
23141
23142
23143
23144
23145
23146
23148
23150
23151
23152
23153
23154
23155
23156
23157
23158
23159
23160
23161
23162
23163
23164
23165
23166
23167
23168
23169
23170
23172
23173
23174
23175
23176
23177
23178
23180
23181
23182
23183
23184
23185
23186
23187
23189
23190
23191
23192
23193
23194
23195
23196
23197
23198
23199
23200
23201
23202
23203
23204
23205
23206
23207
23208
23209
23210
23211
23212
23213
23214
23215
23216
23217
23218
23219
23220
23221
23222
23223
23225
23226
23227
23229
23230
23232
23233
23235
23236
23237
23238
23239
23240
23241
23243
23244
23245
23246
23248
23249
23250
23251
23252
23253
23254
23255
23256
23257
23258
23259
23260
23261
23262
23263
23264
23265
23266
23267
23268
23269
23270
23271
23272
23273
23274
23275
23276
23277
23278
23279
23280
23281
23282
23283
23284
23285
23286
23287
23288
23290
23291
23292
23293
23294
23295
23296
23297
23298
23299
23300
23301
23302
23303
23304
23305
23307
23308
23310
23311
23312
23314
23315
23316
23317
23318
23319
23320
23322
23323
23324
23325
23326
23327
23329
23330
23331
23332
23334
23335
23336
23338
23339
23341
23342
23343
23344
23345
23346
23348
23349
23351
23352
23353
23354
23355
23356
23357
23358
23359
23360
23361
23362
23364
23367
23368
23369
23371
23372
23373
23374
23375
23377
23378
23379
23380
23381
23382
23383
23384
23385
23386
23387
23389
23391
23393
23394
23395
23396
23397
23398
23399
23400
23401
23402
23403
23405
23407
23408
23409
23410
23411
23412
23413
23414
23415
23416
23417
23418
23419
23421
23422
23423
23424
23425
23426
23428
23429
23431
23432
23434
23435
23436
23437
23438
23439
23442
23443
23444
23446
23447
23448
23449
23450
23451
23452
23454
23455
23456
23457
23458
23459
23461
23463
23464
23465
23466
23467
23468
23469
23470
23471
23472
23474
23475
23476
23477
23478
23479
23480
23481
23482
23483
23484
23485
23486
23487
23488
23489
23492
23493
23494
23495
23496
23497
23498
23499
23500
23501
23502
23503
23505
23506
23507
23508
23509
23510
23511
23512
23513
23514
23515
23516
23517
23520
23521
23522
23523
23524
23525
23526
23527
23529
23530
23531
23532
23533
23534
23535
23536
23537
23538
23539
23540
23541
23542
23543
23544
23545
23546
23547
23548
23549
23550
23551
23553
23554
23556
23557
23559
23560
23561
23562
23563
23564
23566
23567
23568
23570
23571
23572
23573
23575
23576
23577
23578
23579
23580
23581
23582
23583
23584
23585
23586
23587
23588
23589
23590
23591
23592
23593
23594
23595
23596
23597
23598
23600
23601
23602
23603
23604
23605
23606
23607
23608
23609
23610
23611
23613
23614
23615
23616
23617
23618
23619
23620
23622
23624
23625
23626
23628
23629
23630
23631
23632
23633
23634
23635
23636
23637
23638
23639
23640
23641
23642
23643
23644
23645
23647
23648
23649
23650
23651
23652
23653
23654
23655
23657
23658
23659
23661
23662
23663
23664
23665
23667
23668
23669
23670
23672
23673
23674
23675
23676
23677
23678
23679
23680
23681
23682
23683
23684
23685
23686
23688
23689
23690
23692
23693
23695
23697
23698
23699
23700
23702
23703
23704
23705
23706
23708
23709
23711
23712
23713
23714
23715
23716
23717
23718
23719
23720
23721
23722
23723
23724
23725
23726
23727
23728
23729
23730
23731
23733
23734
23735
23736
23737
23738
23739
23740
23741
23742
23743
23744
23746
23747
23748
23749
23750
23751
23752
23753
23754
23755
23756
23757
23758
23759
23760
23761
23762
23763
23764
23765
23767
23768
23769
23770
23771
23772
23773
23774
23775
23776
23777
23778
23779
23782
23783
23784
23785
23786
23787
23789
23790
23791
23792
23793
23794
23795
23796
23797
23799
23800
23801
23802
23804
23805
23806
23807
23808
23809
23810
23811
23812
23814
23815
23816
23817
23818
23819
23820
23821
23822
23823
23825
23826
23827
23828
23829
23830
23831
23832
23833
23834
23835
23836
23837
23838
23839
23841
23842
23843
23844
23845
23846
23847
23848
23849
23850
23851
23852
23853
23854
23855
23856
23857
23858
23859
23860
23861
23862
23864
23866
23867
23868
23870
23871
23872
23873
23874
23875
23876
23877
23878
23879
23880
23883
23884
23885
23886
23889
23890
23891
23892
23893
23894
23895
23896
23897
23898
23899
23900
23901
23903
23904
23905
23906
23907
23908
23909
23910
23911
23912
23913
23914
23915
23917
23918
23919
23920
23921
23922
23923
23925
23926
23927
23928
23929
23930
23931
23932
23934
23935
23936
23937
23938
23940
23941
23942
23944
23945
23946
23947
23948
23949
23950
23951
23952
23953
23954
23955
23956
23957
23958
23959
23960
23961
23962
23963
23964
23965
23966
23967
23968
23969
23970
23971
23972
23973
23975
23977
23978
23980
23981
23982
23983
23984
23985
23986
23987
23989
23991
23992
23993
23994
23995
23996
23997
23999
24001
24002
24003
24004
24005
24006
24007
24008
24009
24010
24011
24012
24013
24014
24015
24016
24017
24018
24019
24020
24021
24022
24023
24024
24025
24026
24027
24028
24029
24030
24031
24033
24034
24035
24036
24037
24038
24039
24040
24041
24043
24046
24047
24048
24049
24050
24051
24052
24053
24054
24056
24057
24058
24059
24060
24061
24062
24063
24064
24065
24066
24067
24068
24070
24072
24073
24074
24075
24076
24077
24078
24079
24080
24081
24082
24083
24084
24085
24086
24087
24088
24089
24090
24091
24092
24093
24094
24095
24096
24097
24098
24100
24101
24102
24103
24104
24105
24106
24107
24108
24109
24110
24111
24112
24113
24115
24116
24117
24118
24119
24120
24121
24122
24123
24124
24125
24126
24127
24128
24129
24130
24132
24133
24136
24137
24138
24139
24140
24141
24142
24145
24146
24147
24148
24149
24150
24151
24152
24153
24154
24155
24156
24157
24158
24159
24160
24161
24162
24163
24164
24165
24166
24167
24168
24169
24170
24171
24173
24174
24175
24176
24177
24178
24179
24180
24181
24183
24184
24185
24186
24187
24188
24189
24190
24191
24192
24193
24194
24195
24197
24198
24199
24200
24201
24202
24203
24204
24205
24206
24207
24208
24209
24210
24212
24214
24216
24217
24218
24219
24220
24221
24222
24223
24224
24225
24226
24227
24228
24229
24230
24231
24233
24234
24235
24236
24237
24238
24239
24240
24241
24242
24243
24244
24245
24247
24249
24250
24251
24252
24253
24254
24255
24256
24257
24259
24260
24261
24262
24263
24264
24265
24266
24267
24268
24269
24270
24271
24272
24273
24274
24275
24276
24277
24278
24279
24280
24281
24282
24283
24284
24285
24286
24288
24289
24290
24291
24293
24294
24295
24296
24297
24298
24299
24300
24301
24302
24303
24304
24305
24306
24307
24308
24309
24310
24311
24312
24313
24314
24315
24316
24317
24318
24319
24320
24321
24322
24323
24324
24325
24326
24328
24329
24330
24331
24332
24333
24334
24335
24336
24337
24338
24339
24340
24341
24342
24343
24344
24345
24346
24347
24348
24349
24350
24351
24352
24353
24354
24355
24356
24357
24358
24359
24360
24362
24363
24364
24365
24366
24367
24368
24369
24370
24372
24373
24374
24375
24376
24377
24378
24379
24380
24381
24382
24383
24384
24385
24386
24387
24388
24389
24390
24391
24392
24393
24395
24396
24397
24398
24399
24400
24401
24402
24403
24404
24407
24408
24409
24410
24411
24412
24413
24414
24415
24416
24418
24419
24420
24421
24422
24423
24424
24425
24426
24427
24429
24434
24435
24436
24437
24438
24439
24441
24442
24443
24444
24445
24446
24447
24448
24449
24450
24452
24453
24454
24455
24456
24458
24459
24460
24461
24462
24463
24464
24467
24468
24469
24470
24471
24472
24475
24477
24478
24479
24480
24481
24482
24484
24485
24486
24487
24488
24489
24490
24491
24493
24494
24495
24496
24497
24499
24500
24501
24502
24503
24504
24505
24506
24507
24508
24509
24510
24511
24512
24513
24514
24515
24516
24517
24518
24519
24520
24521
24522
24523
24524
24526
24527
24528
24529
24530
24531
24532
24533
24534
24535
24536
24537
24538
24539
24542
24543
24544
24545
24546
24547
24548
24549
24550
24551
24552
24553
24554
24555
24556
24557
24559
24560
24561
24562
24563
24564
24565
24566
24567
24568
24569
24570
24571
24572
24573
24574
24575
24576
24577
24578
24579
24580
24581
24582
24583
24584
24586
24587
24588
24589
24590
24591
24592
24593
24595
24596
24597
24598
24599
24600
24601
24602
24603
24604
24605
24606
24608
24609
24610
24611
24612
24613
24614
24615
24616
24617
24618
24619
24620
24621
24622
24623
24624
24625
24626
24627
24628
24629
24631
24632
24633
24634
24635
24636
24637
24638
24639
24640
24641
24642
24643
24644
24645
24646
24647
24648
24649
24651
24652
24653
24654
24655
24656
24657
24658
24659
24660
24661
24662
24663
24664
24665
24666
24667
24668
24669
24670
24671
24672
24674
24675
24676
24677
24678
24679
24680
24681
24683
24685
24687
24689
24690
24691
24692
24693
24694
24695
24696
24697
24698
24699
24700
24701
24702
24703
24704
24708
24710
24713
24714
24715
24716
24717
24718
24719
24720
24721
24722
24723
24724
24725
24726
24727
24728
24729
24731
24732
24733
24734
24735
24736
24737
24738
24739
24740
24742
24744
24745
24746
24747
24749
24750
24751
24752
24753
24755
24756
24757
24758
24759
24760
24762
24763
24764
24765
24766
24767
24768
24769
24770
24771
24772
24773
24775
24776
24777
24778
24779
24780
24781
24782
24783
24784
24785
24786
24787
24788
24789
24790
24791
24792
24793
24794
24795
24796
24797
24798
24799
24800
24801
24802
24804
24805
24806
24807
24808
24809
24810
24811
24812
24813
24814
24815
24816
24817
24819
24820
24821
24822
24824
24825
24826
24827
24828
24829
24830
24831
24832
24833
24834
24835
24836
24837
24838
24839
24840
24841
24842
24843
24844
24845
24846
24847
24848
24849
24850
24851
24852
24853
24854
24855
24856
24857
24858
24860
24861
24862
24863
24864
24865
24866
24867
24868
24869
24870
24873
24874
24875
24876
24878
24879
24880
24881
24882
24883
24886
24887
24888
24890
24891
24892
24893
24894
24895
24896
24897
24898
24899
24900
24901
24902
24903
24904
24905
24907
24909
24911
24912
24915
24917
24918
24919
24921
24922
24923
24924
24925
24927
24928
24929
24930
24931
24932
24933
24934
24935
24936
24937
24938
24939
24940
24941
24942
24943
24944
24946
24947
24948
24949
24950
24951
24952
24953
24954
24955
24956
24957
24958
24959
24960
24962
24963
24964
24965
24966
24967
24968
24969
24970
24971
24972
24973
24974
24975
24976
24977
24978
24979
24980
24981
24982
24983
24985
24986
24987
24988
24989
24990
24991
24992
24993
24995
24997
24998
24999
25000
25001
25002
25003
25004
25005
25006
25007
25008
25009
25010
25012
25013
25014
25015
25016
25017
25018
25019
25020
25022
25023
25025
25026
25027
25028
25029
25030
25032
25033
25034
25035
25036
25037
25038
25039
25040
25041
25042
25043
25044
25045
25046
25047
25048
25049
25050
25051
25052
25053
25054
25055
25056
25057
25058
25060
25062
25063
25064
25065
25066
25067
25068
25070
25072
25073
25074
25075
25076
25077
25078
25079
25080
25081
25082
25083
25084
25085
25086
25087
25088
25089
25091
25092
25093
25095
25096
25097
25098
25099
25100
25101
25103
25104
25105
25106
25108
25109
25111
25112
25113
25114
25115
25116
25117
25118
25119
25120
25121
25122
25123
25124
25125
25126
25127
25128
25129
25130
25131
25132
25133
25134
25135
25136
25137
25138
25140
25141
25142
25143
25144
25145
25146
25147
25148
25149
25152
25153
25154
25155
25156
25157
25158
25160
25161
25162
25163
25164
25165
25166
25167
25168
25169
25170
25171
25172
25173
25174
25175
25177
25178
25179
25180
25181
25182
25183
25186
25187
25188
25190
25191
25192
25193
25194
25195
25196
25197
25198
25199
25200
25201
25202
25203
25204
25205
25206
25207
25208
25209
25210
25211
25212
25213
25214
25215
25216
25217
25218
25219
25220
25221
25222
25223
25224
25225
25226
25227
25228
25229
25230
25231
25232
25233
25234
25235
25236
25237
25238
25240
25241
25243
25244
25245
25246
25247
25248
25249
25250
25251
25252
25253
25254
25255
25256
25257
25258
25259
25260
25261
25262
25264
25265
25267
25268
25269
25270
25271
25273
25274
25276
25277
25278
25279
25280
25281
25282
25283
25284
25285
25286
25287
25289
25290
25291
25292
25293
25294
25296
25297
25299
25300
25301
25302
25303
25304
25306
25307
25309
25310
25311
25312
25313
25314
25315
25316
25317
25318
25319
25320
25321
25322
25323
25324
25325
25326
25328
25329
25330
25331
25333
25334
25335
25336
25337
25338
25339
25340
25341
25342
25343
25344
25347
25348
25349
25350
25351
25352
25353
25354
25357
25358
25362
25363
25364
25365
25366
25367
25368
25369
25370
25371
25372
25373
25374
25375
25376
25377
25378
25379
25380
25382
25383
25384
25385
25386
25387
25388
25389
25391
25392
25393
25394
25395
25396
25397
25398
25399
25400
25402
25403
25404
25405
25406
25407
25408
25410
25411
25412
25414
25416
25417
25419
25420
25421
25422
25423
25424
25425
25426
25427
25428
25429
25430
25431
25432
25433
25434
25435
25436
25437
25438
25439
25440
25441
25442
25443
25445
25446
25447
25448
25449
25450
25451
25452
25453
25455
25456
25457
25458
25459
25460
25461
25462
25463
25464
25465
25466
25467
25468
25469
25470
25471
25472
25473
25474
25476
25477
25478
25479
25480
25481
25482
25483
25484
25485
25486
25487
25489
25490
25492
25493
25494
25496
25497
25498
25499
25500
25501
25502
25503
25504
25506
25507
25508
25509
25510
25513
25514
25516
25517
25518
25519
25520
25521
25522
25523
25524
25525
25526
25527
25528
25530
25531
25532
25533
25534
25535
25536
25537
25538
25539
25540
25541
25542
25543
25544
25545
25546
25547
25548
25549
25550
25551
25552
25553
25555
25556
25557
25558
25559
25561
25562
25563
25564
25565
25566
25567
25568
25569
25570
25571
25572
25573
25574
25575
25576
25577
25578
25579
25580
25581
25582
25583
25584
25585
25586
25587
25588
25590
25591
25592
25593
25594
25595
25597
25598
25599
25600
25601
25602
25605
25606
25607
25608
25609
25610
25611
25612
25613
25615
25616
25617
25618
25619
25620
25621
25622
25624
25626
25627
25628
25629
25630
25631
25632
25633
25634
25635
25636
25637
25638
25639
25640
25641
25642
25643
25644
25645
25646
25647
25648
25649
25650
25651
25652
25654
25655
25656
25657
25658
25659
25660
25661
25662
25663
25664
25665
25666
25667
25668
25669
25670
25672
25673
25674
25675
25676
25677
25678
25679
25680
25681
25682
25683
25685
25686
25688
25689
25690
25691
25692
25693
25694
25695
25696
25697
25698
25699
25700
25701
25702
25703
25704
25705
25706
25707
25708
25709
25710
25711
25712
25714
25715
25716
25717
25718
25719
25720
25721
25722
25723
25724
25725
25726
25727
25728
25729
25730
25731
25733
25734
25735
25736
25737
25738
25739
25740
25741
25742
25744
25745
25746
25747
25748
25749
25750
25751
25752
25753
25754
25756
25757
25758
25760
25761
25762
25763
25766
25767
25768
25769
25770
25771
25772
25773
25774
25775
25776
25778
25779
25780
25781
25783
25785
25786
25787
25788
25790
25791
25792
25793
25794
25795
25796
25797
25798
25800
25801
25802
25803
25804
25805
25806
25807
25808
25809
25810
25811
25812
25813
25814
25816
25817
25818
25819
25820
25821
25822
25823
25824
25825
25826
25827
25828
25829
25830
25831
25832
25833
25834
25835
25836
25838
25839
25841
25842
25844
25845
25846
25847
25848
25849
25850
25851
25852
25854
25855
25856
25857
25858
25860
25861
25862
25863
25864
25865
25866
25867
25868
25869
25871
25872
25873
25874
25875
25876
25877
25878
25879
25880
25881
25882
25883
25884
25885
25887
25888
25889
25890
25891
25892
25893
25894
25895
25896
25897
25898
25899
25900
25901
25902
25903
25904
25905
25907
25908
25909
25910
25911
25912
25913
25914
25915
25916
25917
25918
25919
25920
25921
25922
25923
25924
25926
25927
25928
25929
25930
25931
25932
25933
25934
25935
25936
25938
25939
25940
25941
25942
25943
25944
25945
25946
25948
25949
25950
25951
25952
25953
25954
25955
25956
25957
25958
25959
25961
25962
25964
25965
25966
25967
25968
25969
25970
25971
25972
25973
25974
25975
25976
25977
25979
25981
25984
25985
25986
25988
25989
25991
25992
25993
25994
25996
25997
25998
26000
26001
26002
26003
26004
26005
26006
26007
26008
26009
26010
26011
26012
26013
26014
26015
26017
26018
26019
26021
26022
26023
26024
26025
26026
26027
26028
26029
26030
26031
26032
26033
26034
26035
26036
26037
26038
26039
26040
26041
26042
26043
26044
26045
26047
26048
26049
26050
26052
26053
26054
26055
26056
26058
26060
26061
26062
26063
26064
26065
26067
26068
26069
26070
26071
26072
26073
26074
26075
26076
26077
26078
26079
26080
26081
26083
26084
26085
26087
26088
26089
26091
26092
26093
26094
26095
26096
26097
26098
26099
26100
26101
26102
26103
26104
26106
26107
26108
26109
26110
26111
26112
26113
26115
26116
26117
26119
26122
26123
26124
26125
26126
26127
26128
26129
26131
26132
26133
26134
26135
26137
26138
26139
26140
26141
26142
26143
26144
26146
26147
26148
26150
26151
26152
26153
26154
26155
26156
26157
26158
26160
26161
26162
26163
26164
26165
26166
26167
26168
26170
26172
26173
26174
26175
26177
26178
26179
26180
26181
26182
26183
26184
26185
26187
26188
26189
26190
26191
26192
26193
26194
26195
26196
26197
26198
26200
26201
26202
26203
26204
26205
26206
26207
26208
26209
26211
26213
26214
26215
26216
26217
26218
26219
26222
26223
26224
26225
26226
26227
26228
26230
26231
26232
26233
26234
26235
26236
26237
26238
26239
26241
26242
26243
26246
26247
26248
26250
26251
26252
26253
26254
26256
26257
26258
26259
26260
26261
26262
26263
26264
26265
26266
26267
26268
26270
26271
26273
26274
26275
26276
26277
26278
26279
26280
26281
26282
26283
26284
26286
26287
26288
26289
26290
26291
26292
26293
26294
26295
26296
26297
26298
26299
26300
26301
26302
26303
26304
26305
26306
26307
26308
26309
26310
26311
26312
26313
26314
26315
26316
26317
26318
26320
26321
26322
26323
26324
26325
26327
26328
26329
26330
26331
26332
26333
26334
26335
26336
26338
26339
26340
26341
26342
26343
26344
26345
26346
26347
26348
26349
26350
26351
26352
26353
26354
26355
26356
26357
26358
26359
26360
26361
26363
26364
26365
26366
26367
26368
26369
26370
26372
26373
26375
26377
26378
26379
26380
26381
26382
26383
26384
26385
26386
26387
26388
26389
26390
26391
26392
26393
26394
26395
26396
26397
26398
26400
26401
26402
26403
26404
26405
26406
26407
26408
26409
26410
26411
26412
26413
26415
26416
26417
26418
26419
26420
26421
26422
26423
26424
26425
26427
26428
26429
26430
26431
26432
26433
26434
26436
26437
26438
26439
26440
26441
26442
26443
26444
26446
26447
26448
26450
26451
26452
26453
26454
26455
26457
26458
26459
26460
26462
26463
26464
26466
26468
26469
26470
26471
26472
26473
26474
26475
26477
26478
26479
26482
26483
26484
26486
26487
26488
26490
26491
26492
26493
26494
26496
26498
26500
26501
26502
26503
26504
26506
26507
26508
26510
26512
26513
26514
26515
26516
26517
26518
26519
26520
26521
26522
26523
26524
26525
26526
26527
26528
26530
26531
26532
26533
26534
26535
26536
26537
26539
26540
26541
26542
26543
26544
26545
26547
26548
26549
26550
26551
26552
26554
26555
26556
26557
26558
26560
26561
26564
26565
26566
26568
26569
26570
26571
26572
26573
26574
26575
26576
26577
26578
26579
26581
26582
26583
26584
26585
26586
26587
26588
26589
26590
26591
26592
26593
26595
26596
26597
26598
26599
26600
26601
26602
26603
26605
26606
26607
26608
26609
26610
26611
26612
26613
26614
26615
26616
26617
26618
26619
26620
26621
26622
26623
26624
26625
26626
26628
26629
26630
26631
26632
26634
26635
26636
26637
26639
26640
26641
26642
26643
26644
26645
26646
26647
26648
26649
26650
26651
26652
26653
26654
26655
26656
26657
26658
26659
26660
26661
26662
26663
26664
26666
26667
26669
26670
26671
26672
26676
26677
26678
26679
26680
26681
26682
26683
26684
26685
26686
26687
26688
26689
26690
26691
26694
26696
26697
26698
26699
26701
26702
26703
26704
26705
26706
26707
26708
26709
26710
26711
26713
26714
26715
26716
26717
26718
26721
26722
26723
26724
26727
26728
26729
26730
26731
26732
26733
26734
26735
26737
26738
26739
26740
26743
26745
26746
26747
26748
26750
26753
26754
26755
26756
26758
26759
26760
26762
26763
26764
26765
26766
26767
26768
26769
26770
26772
26773
26774
26775
26777
26778
26779
26781
26782
26783
26784
26785
26786
26787
26788
26789
26790
26791
26792
26793
26796
26798
26799
26801
26802
26803
26804
26805
26806
26807
26808
26809
26810
26811
26812
26814
26815
26816
26817
26818
26819
26820
26821
26822
26823
26824
26825
26826
26828
26829
26831
26832
26833
26834
26835
26837
26838
26839
26841
26842
26843
26844
26845
26846
26847
26848
26849
26850
26852
26853
26854
26857
26858
26859
26860
26861
26862
26863
26864
26865
26867
26870
26871
26872
26873
26874
26875
26876
26878
26879
26880
26881
26882
26883
26884
26886
26887
26889
26891
26892
26893
26894
26895
26896
26897
26898
26899
26900
26901
26902
26903
26904
26905
26907
26908
26909
26910
26911
26912
26913
26914
26915
26917
26918
26920
26921
26922
26923
26924
26925
26926
26927
26928
26929
26930
26931
26932
26933
26934
26936
26937
26938
26939
26940
26941
26942
26943
26944
26946
26947
26948
26949
26950
26951
26952
26953
26954
26955
26956
26957
26961
26963
26964
26965
26966
26967
26968
26969
26970
26971
26972
26973
26974
26975
26977
26978
26980
26981
26982
26984
26985
26986
26988
26989
26990
26991
26992
26993
26994
26996
26997
26998
26999
27000
27001
27002
27003
27004
27005
27006
27007
27008
27009
27010
27011
27012
27013
27014
27015
27016
27017
27018
27020
27021
27022
27023
27024
27025
27026
27027
27028
27030
27031
27032
27033
27034
27035
27036
27038
27041
27042
27043
27044
27045
27047
27048
27049
27050
27051
27053
27054
27055
27056
27058
27059
27060
27062
27063
27064
27065
27066
27067
27068
27069
27070
27072
27073
27074
27076
27077
27078
27079
27080
27081
27082
27083
27084
27085
27086
27087
27088
27089
27090
27091
27092
27094
27095
27096
27097
27099
27100
27101
27102
27103
27104
27105
27106
27107
27108
27109
27110
27111
27112
27113
27114
27116
27117
27118
27119
27120
27121
27122
27123
27124
27125
27126
27127
27128
27129
27130
27131
27132
27133
27134
27135
27136
27137
27138
27139
27140
27141
27142
27143
27146
27147
27148
27150
27151
27152
27153
27155
27156
27158
27159
27160
27161
27162
27163
27164
27165
27166
27167
27168
27169
27171
27172
27173
27174
27175
27179
27180
27181
27182
27183
27184
27185
27186
27187
27188
27189
27190
27191
27192
27193
27194
27195
27196
27197
27198
27199
27200
27201
27203
27204
27205
27206
27207
27208
27209
27210
27211
27212
27213
27214
27215
27216
27217
27218
27219
27221
27222
27223
27224
27225
27226
27227
27228
27229
27230
27231
27232
27233
27235
27236
27237
27238
27240
27242
27243
27245
27246
27247
27248
27251
27253
27254
27255
27256
27257
27258
27259
27260
27262
27263
27264
27265
27266
27267
27268
27269
27270
27271
27273
27275
27276
27277
27279
27280
27281
27282
27283
27284
27285
27286
27287
27288
27289
27290
27291
27292
27293
27294
27295
27296
27297
27298
27299
27300
27301
27302
27303
27304
27305
27306
27307
27308
27309
27310
27312
27313
27314
27315
27317
27318
27319
27320
27321
27322
27323
27324
27325
27327
27328
27329
27330
27331
27332
27333
27334
27335
27336
27337
27338
27339
27340
27342
27343
27344
27345
27346
27350
27351
27352
27353
27354
27355
27356
27357
27358
27359
27360
27361
27362
27363
27365
27366
27367
27368
27369
27370
27371
27372
27373
27374
27376
27377
27378
27379
27380
27381
27382
27383
27384
27385
27386
27387
27388
27389
27390
27391
27392
27393
27394
27395
27396
27398
27400
27401
27402
27403
27404
27405
27406
27408
27409
27410
27411
27412
27413
27415
27416
27417
27418
27419
27420
27421
27422
27423
27424
27425
27426
27427
27428
27429
27430
27432
27433
27435
27436
27437
27438
27439
27441
27442
27443
27445
27446
27447
27448
27449
27450
27451
27452
27453
27454
27455
27457
27458
27459
27460
27461
27462
27463
27464
27466
27467
27469
27470
27471
27472
27475
27477
27478
27480
27481
27482
27483
27484
27485
27486
27487
27488
27489
27490
27491
27492
27493
27494
27495
27496
27498
27499
27500
27502
27503
27504
27507
27509
27510
27512
27513
27514
27515
27517
27518
27519
27520
27521
27522
27523
27524
27525
27526
27528
27529
27530
27531
27532
27533
27534
27535
27536
27537
27538
27539
27540
27541
27542
27543
27544
27545
27546
27548
27549
27550
27551
27552
27553
27554
27555
27556
27557
27558
27559
27560
27561
27562
27563
27564
27565
27566
27567
27568
27570
27571
27572
27573
27574
27575
27577
27578
27580
27581
27582
27583
27584
27585
27586
27587
27588
27589
27590
27591
27592
27593
27595
27596
27597
27598
27599
27600
27601
27602
27603
27604
27605
27606
27607
27608
27609
27610
27611
27612
27613
27614
27615
27616
27618
27619
27620
27621
27622
27623
27624
27625
27626
27628
27629
27630
27631
27632
27633
27634
27635
27636
27638
27639
27641
27642
27643
27645
27646
27647
27648
27649
27650
27651
27652
27653
27654
27655
27656
27657
27659
27661
27662
27663
27664
27665
27666
27667
27668
27669
27670
27671
27672
27673
27674
27675
27676
27677
27679
27680
27681
27682
27683
27684
27685
27686
27687
27689
27690
27691
27692
27693
27694
27695
27696
27697
27698
27699
27700
27701
27702
27703
27704
27705
27706
27707
27708
27709
27710
27711
27712
27713
27714
27716
27717
27718
27719
27720
27721
27722
27723
27724
27725
27726
27727
27730
27731
27732
27733
27734
27735
27736
27737
27738
27739
27740
27741
27742
27743
27744
27745
27746
27747
27748
27749
27750
27751
27752
27753
27754
27755
27756
27757
27758
27759
27760
27761
27763
27764
27765
27766
27767
27768
27769
27770
27771
27772
27775
27776
27777
27778
27779
27780
27781
27782
27784
27786
27787
27788
27789
27790
27791
27792
27793
27794
27795
27796
27797
27798
27799
27800
27801
27802
27803
27804
27805
27806
27807
27808
27809
27811
27812
27815
27817
27819
27820
27821
27822
27823
27824
27825
27826
27827
27830
27831
27832
27833
27834
27836
27837
27838
27840
27841
27843
27844
27845
27846
27847
27848
27849
27850
27851
27852
27853
27854
27856
27857
27858
27859
27860
27861
27862
27863
27864
27865
27866
27867
27868
27869
27870
27871
27872
27873
27875
27876
27878
27879
27881
27882
27885
27887
27888
27889
27891
27892
27893
27894
27895
27896
27897
27900
27902
27903
27904
27905
27906
27907
27908
27909
27910
27911
27912
27913
27914
27915
27916
27917
27918
27919
27920
27921
27922
27923
27924
27925
27926
27927
27928
27929
27930
27931
27932
27933
27934
27935
27936
27938
27940
27941
27942
27944
27945
27946
27947
27948
27949
27950
27951
27952
27953
27955
27956
27958
27959
27960
27962
27963
27964
27965
27966
27967
27968
27969
27971
27972
27973
27974
27975
27976
27977
27978
27979
27980
27981
27982
27984
27986
27987
27988
27989
27990
27991
27992
27993
27995
27996
27997
27998
27999
28000
28001
28003
28004
28005
28007
28008
28009
28011
28012
28013
28014
28015
28016
28018
28019
28021
28022
28024
28025
28026
28028
28030
28031
28032
28033
28034
28036
28037
28039
28041
28042
28043
28044
28047
28048
28049
28050
28051
28052
28053
28054
28055
28056
28057
28058
28059
28060
28061
28062
28063
28064
28066
28067
28068
28069
28070
28071
28072
28073
28074
28075
28076
28077
28078
28079
28080
28081
28082
28085
28086
28087
28088
28089
28090
28091
28092
28094
28095
28096
28097
28098
28099
28100
28101
28103
28104
28105
28106
28107
28109
28110
28111
28112
28113
28115
28116
28118
28119
28120
28121
28122
28124
28125
28126
28127
28128
28129
28130
28133
28136
28137
28138
28139
28140
28141
28142
28143
28144
28147
28148
28149
28151
28152
28153
28154
28155
28156
28157
28158
28159
28161
28162
28163
28164
28165
28167
28168
28169
28170
28171
28172
28173
28174
28175
28176
28177
28178
28180
28181
28183
28184
28185
28186
28187
28188
28189
28190
28191
28192
28193
28194
28196
28197
28198
28199
28200
28201
28202
28203
28205
28206
28207
28208
28209
28210
28211
28213
28214
28215
28216
28217
28218
28219
28220
28221
28222
28223
28224
28225
28226
28227
28228
28229
28230
28231
28232
28233
28234
28235
28236
28237
28238
28239
28240
28241
28242
28243
28244
28245
28246
28247
28248
28249
28250
28252
28253
28254
28255
28256
28257
28258
28259
28260
28261
28262
28263
28265
28266
28267
28268
28270
28271
28272
28274
28275
28276
28277
28278
28279
28280
28281
28282
28283
28284
28285
28286
28288
28290
28291
28292
28293
28294
28295
28296
28297
28298
28299
28300
28301
28302
28303
28304
28305
28306
28307
28308
28310
28311
28312
28313
28314
28315
28316
28317
28318
28319
28320
28321
28322
28323
28326
28327
28328
28329
28330
28331
28332
28333
28334
28335
28336
28338
28339
28340
28341
28342
28343
28346
28347
28348
28349
28350
28352
28354
28355
28356
28357
28358
28359
28360
28362
28363
28365
28366
28367
28368
28370
28371
28372
28374
28376
28377
28378
28380
28381
28382
28383
28384
28385
28386
28387
28389
28390
28391
28392
28393
28394
28395
28396
28397
28398
28399
28400
28401
28402
28403
28404
28405
28406
28407
28408
28410
28411
28412
28413
28414
28415
28416
28417
28418
28419
28420
28421
28422
28423
28425
28426
28427
28428
28429
28430
28432
28433
28434
28435
28438
28439
28440
28441
28442
28443
28444
28445
28446
28447
28448
28449
28450
28451
28452
28453
28454
28455
28457
28458
28459
28460
28461
28462
28463
28464
28465
28466
28468
28469
28470
28471
28472
28473
28474
28475
28476
28477
28481
28482
28484
28485
28486
28487
28488
28489
28490
28493
28494
28495
28496
28497
28498
28500
28501
28502
28503
28504
28505
28506
28507
28508
28509
28510
28511
28513
28514
28515
28516
28517
28518
28519
28520
28521
28522
28523
28524
28525
28526
28527
28528
28529
28530
28531
28532
28534
28535
28536
28537
28538
28539
28540
28541
28542
28543
28544
28545
28546
28547
28548
28549
28550
28551
28552
28554
28555
28556
28557
28558
28559
28560
28561
28562
28563
28564
28565
28566
28567
28568
28569
28571
28572
28573
28574
28575
28578
28579
28583
28584
28585
28586
28587
28588
28589
28592
28593
28594
28595
28596
28597
28598
28599
28600
28601
28602
28603
28604
28606
28607
28608
28609
28610
28611
28612
28613
28614
28615
28616
28617
28618
28619
28620
28621
28622
28623
28624
28625
28626
28627
28628
28629
28631
28632
28633
28635
28637
28638
28639
28640
28641
28642
28644
28645
28646
28647
28648
28649
28650
28651
28652
28654
28655
28657
28658
28659
28660
28661
28662
28663
28665
28666
28667
28669
28670
28671
28673
28674
28675
28676
28677
28678
28679
28681
28682
28684
28685
28686
28687
28688
28689
28690
28691
28692
28693
28694
28695
28696
28697
28698
28699
28700
28701
28702
28704
28705
28706
28707
28708
28709
28710
28711
28712
28713
28714
28715
28717
28718
28719
28721
28722
28723
28725
28726
28727
28728
28729
28730
28731
28732
28733
28735
28736
28737
28738
28739
28740
28741
28742
28743
28746
28747
28749
28750
28751
28753
28754
28755
28756
28757
28758
28759
28760
28761
28762
28763
28764
28765
28766
28767
28768
28769
28770
28771
28772
28773
28774
28775
28776
28778
28782
28783
28784
28785
28786
28787
28788
28789
28790
28791
28792
28793
28794
28795
28796
28797
28799
28800
28802
28803
28804
28805
28806
28807
28808
28810
28811
28812
28813
28815
28816
28817
28819
28820
28821
28822
28825
28826
28827
28828
28829
28830
28831
28832
28833
28834
28835
28837
28838
28839
28840
28841
28842
28844
28845
28846
28847
28849
28850
28852
28853
28854
28855
28856
28857
28858
28860
28862
28864
28865
28867
28868
28869
28870
28871
28872
28873
28874
28875
28876
28877
28878
28879
28880
28881
28882
28883
28884
28885
28886
28887
28889
28891
28892
28893
28894
28895
28896
28897
28898
28899
28900
28901
28902
28903
28904
28905
28906
28907
28908
28909
28910
28911
28913
28915
28916
28917
28918
28919
28920
28921
28923
28924
28926
28928
28929
28930
28931
28932
28933
28934
28935
28936
28938
28939
28940
28941
28942
28943
28944
28945
28946
28947
28949
28950
28952
28953
28954
28955
28956
28957
28958
28960
28961
28962
28963
28964
28966
28967
28969
28970
28971
28972
28973
28974
28975
28976
28978
28979
28980
28981
28983
28985
28986
28988
28990
28991
28992
28993
28994
28995
28996
28997
28998
28999
29000
29001
29002
29003
29005
29006
29007
29008
29009
29010
29011
29012
29013
29014
29015
29016
29017
29018
29020
29021
29022
29024
29025
29026
29027
29028
29029
29030
29031
29032
29033
29035
29037
29038
29039
29040
29041
29042
29044
29045
29046
29047
29048
29049
29050
29051
29052
29053
29054
29055
29056
29057
29058
29059
29060
29061
29062
29063
29064
29066
29067
29068
29069
29070
29071
29072
29073
29074
29075
29076
29077
29078
29080
29081
29082
29084
29085
29086
29088
29089
29090
29091
29092
29093
29094
29095
29096
29097
29099
29100
29101
29102
29103
29104
29105
29106
29107
29108
29109
29110
29111
29112
29113
29114
29115
29116
29117
29118
29119
29120
29121
29122
29123
29125
29127
29128
29129
29130
29131
29133
29134
29136
29137
29139
29140
29141
29142
29143
29144
29145
29146
29147
29148
29149
29150
29153
29154
29155
29157
29158
29159
29160
29161
29162
29164
29166
29167
29168
29169
29170
29171
29172
29174
29176
29177
29178
29179
29180
29181
29182
29183
29184
29187
29189
29190
29191
29192
29193
29195
29197
29199
29200
29201
29202
29203
29204
29206
29208
29209
29210
29211
29212
29213
29214
29215
29216
29217
29218
29219
29220
29221
29222
29223
29225
29226
29229
29230
29231
29233
29234
29235
29236
29237
29238
29239
29242
29243
29245
29246
29247
29248
29249
29251
29252
29253
29254
29255
29256
29257
29259
29260
29261
29262
29263
29264
29265
29267
29268
29269
29270
29272
29273
29274
29275
29276
29278
29279
29280
29281
29282
29283
29284
29285
29286
29287
29288
29289
29290
29291
29292
29293
29294
29295
29296
29297
29298
29299
29300
29301
29302
29303
29304
29306
29308
29309
29310
29311
29313
29314
29315
29316
29317
29318
29320
29321
29322
29324
29326
29327
29328
29329
29330
29331
29333
29334
29337
29339
29340
29342
29343
29344
29345
29346
29347
29348
29349
29350
29351
29353
29354
29356
29357
29358
29359
29360
29362
29363
29364
29365
29367
29368
29369
29370
29371
29372
29375
29377
29378
29379
29380
29381
29382
29383
29384
29385
29386
29388
29389
29390
29391
29392
29393
29394
29395
29396
29397
29398
29400
29401
29403
29404
29406
29407
29408
29409
29410
29411
29412
29413
29414
29415
29416
29419
29420
29421
29422
29423
29424
29425
29426
29428
29429
29430
29431
29433
29434
29435
29436
29437
29438
29439
29440
29441
29442
29443
29445
29446
29447
29448
29449
29450
29451
29452
29454
29455
29456
29457
29458
29459
29460
29461
29462
29463
29464
29465
29466
29469
29470
29471
29472
29473
29474
29476
29477
29478
29481
29482
29485
29486
29487
29490
29491
29492
29493
29494
29495
29496
29499
29500
29501
29502
29503
29504
29505
29506
29507
29508
29509
29510
29511
29512
29515
29516
29517
29518
29519
29520
29521
29522
29523
29525
29526
29527
29528
29529
29530
29531
29532
29533
29534
29535
29537
29538
29539
29540
29541
29542
29543
29544
29545
29546
29547
29548
29549
29550
29551
29552
29553
29554
29555
29556
29557
29558
29559
29560
29561
29562
29563
29564
29566
29567
29568
29569
29570
29571
29572
29573
29574
29575
29576
29577
29578
29579
29580
29581
29582
29584
29585
29586
29587
29588
29589
29591
29592
29593
29594
29595
29596
29597
29598
29599
29600
29601
29602
29603
29605
29606
29607
29608
29609
29611
29612
29613
29614
29615
29616
29617
29618
29619
29620
29621
29622
29623
29624
29625
29627
29628
29629
29630
29631
29634
29635
29636
29637
29638
29639
29640
29641
29642
29643
29644
29645
29646
29647
29648
29649
29650
29651
29652
29653
29655
29656
29657
29658
29659
29660
29663
29664
29665
29666
29667
29668
29669
29670
29672
29674
29675
29677
29678
29680
29681
29682
29683
29684
29685
29686
29687
29688
29689
29690
29691
29692
29693
29694
29695
29696
29697
29698
29699
29700
29701
29702
29703
29706
29707
29709
29711
29712
29713
29714
29715
29716
29717
29719
29721
29722
29723
29725
29726
29727
29728
29729
29730
29731
29732
29733
29734
29735
29736
29737
29738
29739
29740
29741
29742
29743
29744
29745
29746
29747
29748
29749
29750
29751
29752
29753
29754
29755
29756
29758
29760
29761
29762
29763
29764
29765
29767
29768
29769
29770
29771
29772
29773
29774
29775
29776
29777
29778
29780
29781
29783
29784
29785
29786
29787
29792
29793
29794
29795
29796
29797
29798
29799
29800
29801
29802
29804
29805
29806
29807
29808
29809
29810
29811
29812
29813
29814
29815
29816
29817
29818
29819
29820
29821
29822
29823
29824
29826
29827
29828
29830
29831
29832
29833
29834
29835
29836
29838
29839
29840
29841
29842
29843
29844
29845
29846
29847
29849
29850
29851
29852
29853
29854
29855
29856
29858
29859
29860
29861
29862
29863
29865
29866
29867
29868
29869
29872
29873
29875
29877
29878
29879
29880
29881
29883
29884
29885
29886
29887
29889
29890
29891
29892
29893
29895
29896
29897
29898
29899
29900
29901
29902
29903
29904
29905
29906
29907
29908
29910
29912
29913
29914
29916
29918
29919
29921
29922
29924
29925
29926
29927
29928
29929
29931
29932
29933
29934
29935
29936
29938
29939
29940
29941
29942
29945
29946
29949
29950
29951
29952
29953
29954
29955
29956
29957
29958
29959
29960
29961
29962
29963
29964
29965
29966
29967
29968
29969
29970
29971
29972
29973
29974
29975
29976
29977
29978
29979
29980
29982
29983
29984
29985
29986
29988
29989
29990
29991
29992
29993
29995
29997
29998
29999
30000
30001
30003
30004
30006
30007
30008
30009
30010
30011
30013
30014
30015
30016
30017
30018
30020
30021
30022
30023
30027
30028
30029
30030
30031
30032
30033
30034
30035
30036
30037
30038
30039
30040
30042
30043
30044
30046
30047
30049
30051
30052
30053
30054
30055
30056
30057
30058
30059
30060
30061
30062
30063
30064
30065
30066
30067
30068
30069
30070
30071
30073
30074
30076
30078
30079
30080
30081
30082
30083
30084
30086
30087
30088
30089
30090
30091
30092
30094
30095
30096
30097
30098
30099
30101
30102
30103
30104
30106
30107
30108
30109
30111
30112
30113
30114
30116
30117
30118
30119
30120
30121
30122
30123
30124
30125
30126
30127
30128
30129
30131
30132
30135
30136
30137
30138
30139
30140
30141
30142
30143
30144
30145
30146
30147
30148
30149
30150
30151
30152
30153
30154
30155
30156
30157
30158
30160
30162
30163
30164
30165
30167
30171
30172
30173
30174
30175
30176
30177
30179
30180
30181
30182
30183
30184
30185
30186
30187
30188
30189
30190
30191
30192
30193
30195
30196
30197
30198
30200
30202
30203
30204
30205
30207
30208
30209
30211
30212
30214
30215
30216
30217
30218
30219
30220
30221
30222
30223
30224
30225
30226
30227
30228
30230
30231
30232
30233
30234
30235
30236
30237
30238
30239
30240
30241
30242
30243
30244
30245
30246
30248
30249
30251
30252
30253
30254
30255
30257
30258
30260
30261
30262
30263
30264
30265
30266
30267
30268
30269
30270
30271
30272
30273
30274
30276
30277
30278
30279
30280
30282
30283
30284
30285
30286
30287
30288
30289
30290
30291
30292
30293
30294
30295
30296
30297
30298
30299
30300
30303
30304
30305
30306
30307
30308
30309
30310
30311
30313
30314
30315
30316
30317
30318
30319
30320
30321
30322
30323
30324
30325
30326
30327
30328
30329
30330
30331
30332
30333
30334
30335
30337
30338
30339
30340
30342
30343
30344
30345
30346
30347
30348
30349
30350
30351
30353
30354
30355
30357
30358
30359
30360
30361
30362
30363
30364
30365
30366
30367
30368
30369
30370
30371
30372
30373
30374
30376
30377
30378
30379
30381
30382
30383
30385
30386
30389
30390
30391
30392
30393
30394
30396
30397
30398
30399
30401
30402
30404
30405
30406
30407
30408
30410
30411
30412
30413
30414
30415
30416
30417
30419
30420
30421
30422
30423
30424
30425
30426
30427
30429
30430
30431
30433
30434
30435
30436
30437
30438
30439
30441
30442
30443
30444
30445
30446
30448
30449
30450
30451
30452
30453
30455
30456
30457
30458
30459
30460
30462
30463
30465
30466
30467
30469
30470
30471
30472
30473
30474
30475
30476
30477
30479
30480
30481
30482
30483
30485
30486
30487
30488
30489
30490
30491
30492
30493
30494
30495
30496
30497
30498
30499
30500
30501
30503
30505
30506
30508
30509
30510
30511
30512
30513
30514
30515
30516
30517
30518
30519
30520
30521
30523
30524
30525
30527
30529
30530
30531
30532
30533
30534
30535
30536
30537
30538
30539
30541
30542
30543
30545
30546
30550
30551
30552
30553
30557
30558
30559
30560
30561
30562
30563
30564
30565
30566
30568
30569
30570
30571
30573
30575
30576
30577
30578
30579
30580
30581
30582
30584
30585
30586
30587
30588
30590
30591
30592
30593
30594
30595
30596
30597
30598
30599
30600
30601
30603
30604
30605
30606
30607
30608
30609
30610
30611
30612
30613
30614
30615
30616
30617
30618
30619
30620
30621
30622
30623
30624
30625
30626
30628
30630
30632
30634
30635
30637
30638
30639
30640
30641
30644
30646
30647
30648
30650
30651
30652
30653
30654
30655
30656
30658
30659
30660
30661
30662
30663
30664
30665
30666
30667
30668
30669
30670
30672
30673
30674
30675
30676
30677
30678
30679
30680
30681
30682
30683
30684
30686
30687
30688
30689
30690
30691
30692
30693
30694
30695
30696
30697
30698
30699
30700
30701
30702
30703
30704
30705
30707
30708
30709
30710
30711
30712
30713
30714
30715
30716
30717
30718
30719
30720
30723
30724
30725
30726
30727
30728
30729
30730
30731
30732
30733
30735
30738
30740
30741
30742
30743
30744
30745
30746
30747
30748
30749
30750
30751
30752
30753
30754
30755
30756
30757
30758
30759
30760
30761
30762
30763
30764
30765
30766
30767
30768
30769
30773
30774
30775
30776
30777
30778
30779
30780
30782
30783
30784
30785
30786
30787
30788
30789
30790
30792
30793
30794
30795
30796
30797
30798
30799
30800
30801
30802
30803
30804
30805
30806
30807
30808
30809
30810
30812
30813
30814
30815
30816
30817
30818
30819
30820
30821
30822
30823
30824
30825
30826
30827
30828
30831
30832
30834
30835
30836
30837
30838
30839
30840
30841
30842
30843
30844
30845
30846
30847
30848
30849
30850
30851
30852
30853
30854
30855
30857
30858
30859
30860
30861
30862
30863
30864
30865
30866
30867
30868
30869
30870
30871
30872
30873
30874
30875
30876
30877
30878
30879
30880
30881
30882
30883
30885
30886
30887
30888
30889
30891
30892
30893
30894
30895
30897
30898
30899
30900
30901
30902
30903
30904
30906
30907
30908
30909
30911
30912
30913
30914
30915
30917
30918
30919
30921
30923
30924
30925
30926
30927
30928
30931
30932
30933
30934
30935
30936
30937
30938
30939
30940
30941
30942
30943
30944
30945
30946
30948
30949
30950
30951
30952
30953
30954
30955
30956
30957
30958
30959
30960
30961
30962
30963
30965
30966
30967
30968
30969
30971
30972
30973
30974
30975
30976
30977
30978
30979
30980
30982
30983
30987
30988
30989
30990
30991
30992
30993
30994
30995
30996
30997
30999
31000
31002
31003
31004
31005
31007
31008
31009
31010
31011
31012
31013
31014
31015
31016
31017
31020
31022
31023
31024
31025
31027
31028
31029
31030
31032
31034
31035
31036
31037
31038
31039
31042
31043
31044
31045
31046
31047
31049
31051
31052
31053
31054
31055
31056
31057
31058
31059
31061
31062
31063
31064
31065
31066
31069
31070
31071
31072
31073
31074
31075
31076
31077
31078
31079
31080
31081
31082
31083
31084
31085
31086
31087
31088
31089
31090
31091
31092
31093
31095
31096
31097
31098
31100
31101
31102
31103
31104
31105
31106
31107
31108
31109
31110
31111
31113
31114
31115
31116
31117
31118
31119
31120
31121
31122
31123
31124
31126
31127
31128
31129
31130
31131
31133
31134
31135
31136
31137
31138
31139
31141
31142
31143
31144
31146
31147
31148
31149
31150
31151
31152
31153
31154
31155
31156
31157
31158
31160
31162
31163
31164
31165
31167
31168
31169
31170
31171
31172
31173
31174
31175
31176
31177
31178
31179
31180
31181
31182
31183
31184
31185
31186
31187
31188
31189
31190
31192
31193
31195
31196
31197
31198
31199
31200
31201
31203
31204
31205
31207
31208
31209
31210
31211
31212
31213
31215
31216
31217
31218
31219
31220
31221
31224
31225
31226
31227
31228
31229
31230
31231
31233
31234
31235
31236
31238
31239
31240
31241
31242
31243
31244
31245
31246
31247
31248
31249
31250
31251
31253
31254
31255
31256
31257
31258
31259
31260
31261
31262
31263
31264
31265
31266
31267
31268
31269
31270
31271
31272
31273
31274
31275
31276
31277
31279
31281
31282
31284
31285
31286
31287
31288
31289
31291
31292
31294
31295
31296
31297
31299
31300
31301
31302
31303
31304
31305
31306
31307
31308
31309
31310
31311
31312
31313
31314
31315
31317
31318
31319
31320
31321
31324
31325
31326
31327
31328
31329
31330
31331
31333
31334
31335
31337
31338
31340
31341
31342
31343
31344
31345
31346
31347
31348
31349
31350
31351
31352
31353
31354
31355
31356
31357
31358
31359
31360
31361
31363
31364
31365
31366
31367
31368
31369
31370
31371
31374
31375
31376
31377
31378
31379
31381
31383
31384
31385
31386
31387
31388
31389
31390
31391
31392
31393
31394
31395
31397
31398
31400
31401
31402
31403
31404
31405
31406
31407
31409
31410
31411
31413
31414
31415
31416
31417
31418
31419
31420
31422
31423
31424
31427
31428
31430
31431
31432
31433
31434
31435
31436
31437
31438
31439
31440
31441
31442
31443
31444
31445
31446
31447
31448
31449
31450
31451
31452
31453
31454
31456
31457
31458
31459
31460
31461
31462
31464
31465
31466
31467
31468
31469
31471
31474
31477
31478
31479
31480
31481
31483
31484
31485
31488
31489
31490
31491
31493
31494
31495
31496
31497
31498
31499
31500
31502
31503
31504
31505
31507
31508
31509
31510
31511
31512
31513
31514
31515
31516
31517
31519
31520
31521
31522
31523
31524
31525
31526
31528
31529
31530
31531
31532
31533
31534
31535
31536
31538
31539
31540
31541
31542
31543
31544
31545
31546
31547
31548
31550
31551
31552
31553
31554
31555
31556
31557
31558
31559
31560
31561
31562
31563
31564
31565
31566
31567
31569
31570
31571
31572
31573
31574
31575
31576
31577
31579
31580
31581
31582
31584
31588
31589
31590
31591
31592
31593
31594
31595
31596
31597
31599
31600
31602
31603
31604
31605
31606
31607
31608
31609
31610
31611
31612
31613
31614
31615
31616
31617
31619
31621
31622
31623
31624
31625
31626
31627
31628
31629
31630
31633
31634
31635
31636
31637
31638
31639
31640
31641
31642
31643
31644
31645
31646
31647
31648
31649
31650
31651
31654
31655
31656
31657
31659
31660
31661
31662
31663
31664
31665
31666
31667
31668
31669
31670
31671
31673
31674
31676
31677
31679
31680
31681
31683
31685
31686
31687
31688
31689
31690
31691
31692
31693
31694
31695
31696
31697
31699
31700
31701
31702
31703
31704
31705
31706
31708
31709
31710
31711
31712
31713
31714
31716
31717
31718
31719
31720
31721
31722
31723
31724
31725
31728
31729
31730
31731
31732
31733
31734
31735
31736
31737
31738
31740
31741
31743
31744
31745
31746
31747
31748
31749
31750
31752
31753
31754
31756
31757
31759
31760
31761
31762
31763
31764
31765
31766
31767
31768
31769
31770
31773
31774
31775
31776
31777
31778
31779
31780
31781
31783
31784
31785
31786
31788
31789
31790
31791
31792
31793
31794
31795
31797
31798
31799
31800
31801
31802
31803
31805
31808
31809
31810
31811
31812
31813
31814
31815
31816
31819
31820
31821
31822
31823
31824
31826
31829
31833
31834
31835
31837
31838
31839
31841
31844
31846
31847
31850
31852
31853
31854
31855
31856
31857
31858
31859
31860
31861
31862
31864
31867
31868
31869
31871
31872
31874
31875
31877
31878
31879
31881
31882
31883
31884
31885
31886
31887
31888
31889
31890
31891
31894
31895
31896
31897
31899
31900
31901
31902
31904
31906
31907
31908
31909
31910
31911
31913
31914
31915
31918
31919
31920
31921
31922
31923
31924
31925
31926
31927
31928
31929
31930
31931
31932
31933
31934
31935
31936
31937
31938
31939
31940
31941
31942
31943
31944
31945
31946
31947
31948
31949
31950
31951
31952
31954
31955
31957
31958
31959
31960
31961
31962
31964
31965
31966
31968
31969
31970
31971
31972
31973
31974
31975
31976
31978
31979
31981
31982
31983
31984
31985
31986
31987
31988
31989
31990
31991
31992
31993
31994
31995
31996
31997
31998
31999
32000
32001
32002
32003
32004
32005
32006
32007
32008
32009
32010
32011
32013
32015
32016
32017
32018
32019
32021
32022
32023
32024
32025
32026
32027
32029
32030
32031
32032
32034
32035
32036
32037
32039
32040
32041
32042
32043
32044
32045
32048
32049
32050
32052
32053
32054
32055
32057
32058
32059
32060
32061
32062
32065
32066
32067
32068
32069
32071
32073
32074
32075
32076
32078
32079
32080
32081
32082
32083
32084
32085
32086
32087
32088
32089
32090
32091
32092
32093
32094
32095
32096
32097
32098
32099
32100
32102
32104
32107
32108
32110
32112
32113
32114
32115
32116
32117
32118
32119
32120
32121
32122
32123
32125
32127
32128
32129
32130
32131
32132
32133
32135
32137
32138
32139
32141
32143
32144
32145
32146
32147
32148
32149
32150
32151
32153
32154
32156
32157
32158
32159
32160
32161
32162
32163
32164
32166
32167
32168
32169
32170
32171
32172
32173
32174
32175
32176
32177
32178
32179
32180
32181
32182
32183
32184
32185
32186
32187
32188
32189
32190
32191
32192
32193
32194
32195
32197
32198
32199
32201
32202
32204
32205
32207
32208
32209
32210
32211
32212
32213
32215
32216
32218
32219
32220
32222
32223
32224
32225
32226
32227
32228
32229
32230
32231
32234
32235
32236
32237
32238
32239
32241
32242
32243
32244
32245
32246
32247
32248
32249
32251
32252
32253
32254
32255
32256
32257
32258
32259
32260
32261
32262
32263
32264
32265
32266
32267
32269
32270
32272
32273
32274
32275
32276
32277
32278
32279
32280
32281
32282
32283
32284
32285
32286
32287
32288
32289
32290
32291
32292
32293
32294
32295
32296
32298
32299
32300
32301
32302
32303
32304
32305
32306
32308
32309
32310
32312
32313
32314
32315
32316
32317
32318
32319
32320
32321
32322
32323
32325
32326
32327
32328
32329
32330
32331
32332
32333
32334
32335
32336
32337
32338
32339
32341
32342
32343
32344
32345
32346
32347
32348
32349
32350
32351
32353
32354
32355
32357
32358
32359
32360
32361
32362
32364
32365
32366
32367
32368
32369
32370
32371
32372
32373
32374
32375
32376
32377
32378
32379
32380
32381
32382
32383
32384
32385
32386
32387
32388
32389
32390
32391
32392
32393
32394
32396
32401
32403
32404
32405
32407
32410
32411
32412
32413
32414
32415
32416
32417
32418
32419
32420
32421
32422
32423
32424
32425
32427
32428
32429
32430
32432
32433
32434
32435
32436
32437
32438
32439
32440
32441
32442
32443
32445
32446
32447
32448
32449
32450
32451
32452
32453
32454
32455
32456
32457
32458
32459
32460
32461
32462
32464
32465
32466
32467
32468
32469
32471
32472
32473
32474
32475
32476
32477
32478
32479
32480
32482
32483
32484
32485
32486
32487
32488
32489
32490
32491
32492
32493
32494
32495
32496
32497
32498
32499
32500
32501
32503
32504
32505
32507
32508
32509
32511
32512
32513
32514
32516
32517
32519
32520
32521
32522
32523
32524
32525
32526
32527
32528
32530
32532
32534
32535
32536
32537
32540
32542
32543
32544
32545
32546
32547
32548
32549
32550
32551
32553
32554
32555
32556
32558
32559
32560
32561
32563
32564
32565
32566
32567
32569
32570
32571
32572
32573
32574
32577
32578
32579
32580
32581
32582
32584
32585
32586
32587
32588
32589
32590
32591
32592
32594
32595
32596
32597
32599
32600
32601
32602
32603
32604
32605
32606
32607
32608
32609
32610
32611
32612
32613
32614
32615
32616
32617
32619
32620
32622
32623
32624
32625
32626
32627
32628
32629
32630
32631
32633
32634
32635
32636
32637
32638
32639
32640
32641
32644
32645
32646
32647
32649
32650
32651
32652
32653
32654
32655
32656
32657
32658
32659
32661
32662
32663
32664
32665
32666
32667
32668
32670
32671
32672
32673
32674
32675
32676
32678
32680
32681
32683
32684
32685
32686
32687
32688
32689
32690
32691
32692
32694
32695
32696
32698
32699
32700
32701
32702
32703
32705
32706
32707
32708
32709
32710
32712
32713
32714
32715
32717
32718
32719
32720
32721
32722
32723
32724
32725
32726
32727
32728
32729
32730
32732
32734
32735
32736
32740
32741
32742
32743
32744
32745
32746
32747
32748
32749
32750
32751
32752
32753
32754
32755
32756
32757
32758
32759
32760
32762
32764
32765
32766
32767
32768
32769
32770
32771
32772
32773
32775
32776
32777
32778
32780
32782
32783
32784
32785
32786
32787
32788
32789
32790
32791
32792
32793
32795
32796
32797
32798
32799
32800
32801
32802
32804
32805
32807
32808
32809
32810
32811
32813
32814
32815
32816
32817
32818
32819
32820
32821
32822
32823
32824
32825
32826
32827
32828
32829
32830
32831
32832
32833
32834
32835
32836
32837
32838
32839
32840
32841
32842
32843
32844
32845
32847
32848
32849
32850
32851
32852
32853
32854
32855
32856
32857
32858
32859
32861
32862
32863
32865
32866
32868
32870
32871
32872
32873
32874
32875
32876
32877
32878
32879
32880
32881
32882
32883
32884
32885
32886
32888
32889
32890
32891
32892
32893
32894
32895
32896
32897
32898
32899
32900
32902
32903
32904
32905
32906
32907
32909
32910
32911
32913
32914
32915
32916
32917
32918
32919
32920
32921
32922
32923
32924
32925
32926
32927
32928
32929
32930
32931
32932
32933
32934
32935
32936
32939
32940
32941
32942
32943
32944
32945
32946
32947
32949
32950
32951
32952
32953
32954
32955
32956
32957
32958
32960
32961
32962
32963
32964
32966
32967
32968
32969
32970
32971
32972
32973
32974
32975
32976
32977
32979
32980
32981
32982
32983
32984
32985
32986
32987
32988
32989
32990
32991
32992
32994
32995
32996
32997
32998
33001
33002
33003
33004
33005
33007
33009
33010
33011
33012
33015
33016
33017
33018
33019
33021
33023
33024
33025
33026
33027
33028
33029
33030
33031
33032
33033
33034
33035
33036
33037
33038
33039
33040
33041
33042
33044
33045
33046
33047
33048
33049
33051
33052
33053
33054
33055
33056
33057
33058
33059
33060
33061
33062
33063
33064
33065
33066
33067
33068
33069
33070
33072
33073
33074
33075
33076
33078
33079
33080
33081
33082
33083
33084
33085
33086
33087
33088
33089
33091
33093
33094
33095
33096
33097
33098
33100
33101
33102
33105
33106
33107
33108
33109
33110
33111
33113
33114
33115
33116
33118
33119
33120
33121
33122
33123
33124
33125
33126
33127
33129
33130
33131
33132
33133
33135
33137
33138
33139
33140
33142
33144
33145
33146
33147
33148
33149
33150
33151
33152
33153
33154
33155
33156
33158
33159
33160
33161
33163
33164
33165
33166
33167
33168
33169
33170
33171
33172
33173
33174
33176
33177
33178
33179
33180
33182
33184
33185
33188
33189
33190
33191
33192
33193
33194
33195
33196
33197
33198
33199
33200
33204
33205
33206
33207
33208
33210
33211
33212
33213
33214
33216
33217
33218
33219
33220
33224
33226
33227
33228
33229
33230
33231
33232
33233
33234
33235
33237
33238
33239
33240
33241
33242
33244
33245
33246
33247
33248
33249
33250
33251
33252
33253
33254
33255
33256
33259
33260
33261
33263
33264
33265
33266
33267
33268
33269
33270
33271
33272
33273
33274
33275
33276
33277
33278
33279
33283
33284
33285
33286
33287
33289
33290
33291
33292
33293
33295
33296
33297
33298
33299
33300
33301
33302
33303
33304
33305
33306
33307
33308
33309
33310
33311
33312
33313
33314
33316
33317
33318
33319
33320
33322
33323
33324
33325
33329
33330
33331
33332
33333
33334
33335
33336
33337
33338
33340
33341
33342
33343
33344
33345
33346
33347
33348
33349
33350
33351
33352
33353
33354
33355
33356
33357
33358
33359
33360
33361
33362
33363
33364
33365
33366
33367
33371
33373
33374
33376
33377
33378
33379
33380
33381
33382
33385
33386
33387
33388
33389
33390
33391
33392
33393
33394
33395
33396
33398
33400
33401
33402
33403
33404
33405
33406
33407
33408
33409
33411
33412
33413
33414
33416
33417
33418
33419
33420
33421
33422
33423
33424
33425
33426
33427
33429
33430
33431
33433
33435
33436
33437
33439
33440
33441
33442
33443
33444
33445
33446
33447
33448
33449
33450
33451
33452
33453
33455
33457
33458
33459
33461
33462
33463
33464
33465
33466
33467
33468
33470
33471
33472
33473
33474
33475
33476
33477
33478
33479
33480
33481
33483
33484
33485
33486
33488
33489
33490
33491
33492
33493
33494
33495
33497
33498
33499
33501
33502
33503
33504
33505
33506
33507
33508
33509
33510
33513
33514
33515
33516
33517
33518
33519
33520
33521
33522
33523
33524
33525
33527
33528
33530
33531
33532
33534
33535
33536
33537
33538
33539
33540
33541
33544
33545
33546
33547
33549
33550
33551
33552
33554
33555
33556
33557
33558
33559
33563
33564
33565
33566
33567
33569
33570
33572
33573
33575
33576
33577
33578
33579
33580
33582
33583
33584
33585
33586
33588
33589
33590
33591
33592
33593
33594
33595
33597
33598
33599
33600
33601
33602
33603
33604
33606
33607
33608
33609
33611
33612
33613
33617
33618
33619
33620
33621
33622
33625
33626
33628
33630
33631
33632
33633
33634
33635
33637
33638
33639
33640
33642
33644
33645
33647
33648
33649
33651
33652
33654
33655
33656
33657
33658
33659
33660
33661
33662
33664
33665
33666
33667
33669
33670
33671
33672
33673
33675
33676
33678
33679
33680
33681
33682
33683
33684
33685
33686
33687
33689
33690
33691
33692
33694
33695
33696
33697
33699
33700
33701
33702
33704
33705
33706
33707
33708
33709
33710
33711
33712
33713
33714
33715
33716
33718
33719
33720
33721
33722
33723
33724
33725
33726
33730
33731
33732
33733
33734
33735
33737
33739
33740
33741
33742
33743
33744
33745
33746
33748
33749
33750
33751
33752
33753
33754
33756
33757
33758
33759
33760
33761
33762
33763
33764
33765
33766
33767
33768
33769
33770
33771
33773
33774
33776
33777
33778
33779
33780
33781
33782
33783
33784
33786
33787
33788
33789
33790
33791
33792
33793
33794
33795
33797
33799
33800
33801
33802
33803
33804
33805
33807
33808
33809
33810
33811
33812
33814
33815
33816
33817
33818
33820
33821
33822
33823
33825
33826
33827
33828
33829
33830
33831
33832
33833
33836
33837
33838
33839
33840
33841
33842
33843
33844
33845
33847
33848
33849
33850
33852
33853
33854
33855
33856
33857
33859
33860
33862
33863
33865
33866
33867
33868
33869
33872
33873
33874
33875
33876
33877
33879
33880
33882
33883
33886
33887
33888
33889
33891
33892
33893
33894
33896
33897
33898
33899
33900
33901
33902
33903
33904
33905
33907
33909
33910
33911
33912
33913
33914
33915
33916
33917
33918
33919
33920
33921
33922
33924
33927
33928
33929
33930
33931
33932
33933
33934
33935
33936
33939
33940
33944
33945
33946
33948
33949
33950
33951
33952
33953
33954
33955
33956
33957
33958
33959
33960
33961
33962
33963
33965
33966
33967
33968
33969
33970
33971
33972
33973
33974
33975
33976
33977
33978
33979
33980
33982
33983
33984
33985
33986
33987
33988
33989
33990
33991
33992
33993
33994
33995
33996
33997
33998
33999
34001
34003
34004
34005
34006
34007
34008
34010
34011
34012
34013
34015
34016
34017
34018
34019
34020
34021
34022
34023
34024
34027
34028
34029
34030
34032
34033
34034
34036
34037
34038
34040
34041
34042
34043
34044
34045
34046
34047
34048
34050
34051
34052
34053
34054
34055
34056
34057
34058
34059
34060
34061
34062
34063
34065
34066
34067
34068
34070
34071
34072
34073
34074
34075
34076
34077
34078
34080
34081
34082
34083
34085
34086
34088
34091
34093
34094
34096
34097
34098
34099
34100
34101
34102
34103
34104
34105
34106
34107
34108
34109
34110
34111
34112
34114
34116
34117
34118
34120
34122
34123
34124
34125
34126
34128
34129
34130
34131
34132
34133
34134
34135
34136
34137
34139
34140
34141
34142
34143
34144
34145
34146
34147
34148
34149
34150
34151
34153
34154
34156
34157
34159
34160
34162
34163
34164
34165
34166
34167
34169
34170
34171
34172
34173
34174
34175
34176
34177
34178
34179
34180
34181
34183
34184
34185
34186
34187
34188
34189
34191
34192
34195
34196
34198
34199
34200
34201
34202
34203
34204
34205
34206
34207
34208
34209
34210
34211
34212
34215
34217
34218
34219
34220
34221
34222
34223
34224
34225
34226
34227
34228
34229
34230
34231
34232
34233
34234
34235
34236
34237
34238
34241
34242
34243
34244
34245
34246
34248
34249
34250
34252
34253
34254
34255
34256
34257
34258
34259
34260
34261
34263
34264
34265
34267
34268
34269
34270
34271
34272
34273
34274
34275
34276
34277
34278
34279
34281
34282
34283
34284
34285
34286
34287
34288
34289
34290
34291
34292
34293
34294
34295
34296
34298
34299
34300
34301
34303
34304
34305
34306
34307
34308
34310
34311
34312
34313
34314
34315
34317
34318
34319
34320
34322
34323
34325
34326
34327
34328
34329
34330
34331
34334
34335
34336
34337
34338
34339
34340
34341
34342
34343
34344
34346
34347
34349
34350
34351
34352
34353
34356
34358
34359
34360
34361
34362
34364
34365
34366
34367
34369
34370
34371
34372
34373
34374
34375
34376
34377
34378
34379
34380
34382
34383
34384
34385
34386
34387
34388
34389
34390
34391
34392
34393
34395
34396
34397
34398
34402
34403
34404
34405
34406
34407
34408
34409
34410
34412
34413
34414
34415
34416
34417
34418
34419
34420
34421
34422
34424
34425
34426
34427
34428
34429
34430
34431
34432
34433
34435
34436
34437
34438
34439
34440
34441
34444
34445
34446
34447
34448
34449
34451
34454
34457
34459
34460
34461
34462
34463
34464
34465
34467
34468
34469
34470
34471
34472
34473
34474
34475
34477
34479
34480
34481
34482
34483
34485
34486
34487
34489
34490
34491
34492
34493
34494
34495
34498
34499
34500
34501
34502
34503
34504
34505
34506
34507
34508
34509
34510
34512
34513
34514
34516
34517
34519
34520
34521
34522
34523
34524
34525
34526
34527
34529
34530
34531
34532
34533
34534
34535
34537
34538
34539
34540
34541
34542
34543
34545
34546
34547
34548
34549
34550
34551
34554
34555
34556
34557
34558
34559
34560
34562
34563
34565
34566
34568
34569
34571
34572
34573
34574
34576
34577
34578
34579
34580
34581
34582
34583
34584
34585
34586
34587
34588
34589
34590
34591
34593
34594
34595
34596
34597
34598
34600
34601
34602
34603
34604
34605
34606
34607
34609
34610
34612
34613
34614
34615
34617
34620
34621
34622
34623
34624
34625
34626
34628
34629
34630
34632
34633
34634
34635
34636
34638
34639
34641
34643
34644
34645
34646
34647
34648
34649
34651
34652
34653
34654
34655
34656
34657
34659
34660
34661
34662
34663
34664
34665
34666
34667
34668
34669
34670
34671
34672
34673
34674
34676
34677
34678
34679
34680
34681
34682
34683
34684
34685
34686
34687
34688
34690
34691
34692
34693
34694
34695
34696
34699
34700
34702
34703
34704
34705
34706
34707
34708
34709
34710
34711
34712
34713
34714
34716
34717
34718
34719
34722
34723
34724
34725
34726
34727
34728
34729
34731
34732
34733
34735
34736
34737
34738
34739
34740
34741
34742
34743
34744
34745
34746
34747
34748
34750
34752
34754
34755
34756
34758
34759
34761
34764
34765
34766
34767
34768
34769
34770
34771
34772
34773
34774
34775
34776
34777
34779
34780
34781
34783
34786
34787
34788
34789
34790
34791
34792
34793
34794
34795
34796
34797
34798
34800
34801
34802
34803
34805
34806
34807
34808
34809
34810
34811
34812
34813
34815
34816
34817
34818
34819
34821
34822
34823
34825
34826
34827
34828
34830
34831
34832
34833
34835
34838
34839
34840
34841
34842
34843
34844
34845
34846
34847
34848
34849
34850
34851
34852
34854
34856
34858
34859
34860
34862
34863
34864
34865
34867
34868
34869
34870
34871
34872
34873
34874
34875
34876
34877
34878
34879
34880
34881
34884
34885
34886
34887
34888
34889
34890
34891
34893
34895
34896
34897
34898
34900
34901
34902
34903
34904
34905
34906
34907
34908
34909
34910
34911
34912
34913
34915
34916
34917
34919
34920
34922
34923
34924
34925
34926
34927
34928
34929
34930
34932
34934
34935
34936
34937
34938
34939
34940
34941
34942
34943
34944
34945
34946
34947
34948
34949
34950
34951
34952
34953
34954
34955
34956
34958
34959
34960
34961
34962
34964
34965
34966
34968
34969
34970
34971
34972
34973
34977
34978
34980
34981
34982
34985
34986
34987
34988
34989
34990
34991
34992
34993
34994
34995
34997
34998
35000
35001
35002
35003
35004
35005
35006
35007
35009
35010
35011
35012
35013
35015
35016
35017
35018
35019
35020
35021
35022
35023
35024
35025
35027
35028
35030
35032
35034
35035
35036
35037
35039
35041
35042
35043
35044
35045
35046
35047
35048
35050
35051
35052
35053
35054
35055
35056
35057
35058
35059
35060
35061
35066
35067
35070
35072
35073
35074
35075
35076
35077
35078
35079
35080
35081
35082
35084
35085
35086
35087
35088
35090
35091
35092
35093
35094
35095
35096
35097
35098
35099
35100
35101
35102
35103
35104
35105
35106
35107
35108
35109
35110
35111
35112
35113
35114
35116
35117
35118
35119
35120
35121
35122
35123
35124
35125
35126
35127
35130
35131
35132
35133
35134
35135
35136
35137
35138
35139
35140
35141
35142
35143
35144
35145
35146
35148
35149
35150
35151
35152
35153
35154
35155
35156
35157
35159
35160
35161
35163
35164
35165
35166
35167
35168
35169
35170
35171
35172
35173
35174
35175
35177
35178
35179
35181
35182
35183
35184
35185
35186
35187
35188
35189
35190
35191
35193
35194
35195
35196
35197
35198
35199
35200
35201
35202
35203
35204
35205
35207
35208
35209
35210
35211
35212
35214
35216
35217
35218
35219
35220
35221
35222
35223
35224
35225
35226
35228
35229
35231
35232
35233
35234
35235
35237
35238
35239
35240
35241
35242
35243
35244
35246
35247
35248
35249
35250
35251
35252
35254
35255
35256
35257
35259
35260
35261
35262
35264
35265
35270
35271
35272
35273
35274
35275
35276
35277
35278
35280
35281
35282
35283
35284
35286
35288
35289
35290
35292
35293
35294
35296
35297
35298
35299
35300
35301
35302
35303
35306
35307
35308
35309
35311
35312
35313
35316
35317
35318
35319
35320
35321
35322
35323
35324
35325
35326
35327
35329
35331
35332
35334
35335
35336
35337
35338
35339
35340
35341
35342
35343
35344
35346
35348
35351
35354
35355
35356
35357
35358
35359
35360
35361
35362
35363
35364
35365
35366
35368
35369
35371
35372
35373
35374
35375
35376
35378
35380
35381
35382
35383
35384
35386
35387
35389
35390
35391
35393
35394
35395
35396
35397
35398
35399
35400
35401
35402
35403
35404
35405
35406
35407
35408
35409
35411
35413
35414
35416
35417
35418
35419
35420
35421
35422
35423
35424
35425
35426
35427
35430
35431
35432
35433
35434
35435
35436
35438
35441
35442
35443
35444
35445
35446
35448
35449
35451
35452
35453
35454
35455
35456
35457
35458
35459
35461
35462
35463
35464
35465
35466
35467
35468
35470
35471
35472
35473
35474
35475
35476
35477
35478
35479
35480
35481
35482
35483
35485
35486
35488
35489
35490
35491
35492
35493
35494
35495
35497
35498
35500
35501
35502
35503
35504
35505
35506
35507
35509
35510
35511
35512
35513
35514
35515
35516
35517
35519
35520
35521
35522
35523
35524
35525
35528
35529
35530
35531
35532
35533
35534
35535
35536
35537
35538
35539
35541
35542
35543
35544
35545
35546
35547
35548
35550
35551
35552
35554
35555
35556
35557
35558
35559
35560
35561
35562
35564
35565
35566
35567
35568
35569
35570
35571
35572
35574
35575
35576
35577
35580
35581
35582
35583
35584
35585
35587
35588
35589
35590
35591
35593
35594
35595
35596
35597
35599
35600
35601
35602
35603
35604
35605
35606
35607
35608
35609
35611
35612
35613
35614
35615
35617
35618
35619
35620
35621
35622
35623
35624
35625
35626
35629
35631
35633
35634
35635
35636
35637
35638
35639
35640
35642
35643
35644
35645
35646
35647
35648
35649
35650
35652
35653
35654
35655
35656
35657
35658
35659
35661
35662
35663
35664
35665
35667
35668
35669
35670
35671
35672
35673
35674
35675
35677
35678
35679
35680
35682
35683
35685
35686
35687
35688
35689
35690
35691
35692
35693
35694
35695
35697
35698
35699
35700
35701
35702
35704
35705
35706
35707
35708
35709
35710
35711
35712
35713
35715
35716
35717
35718
35719
35721
35722
35723
35724
35725
35726
35727
35728
35729
35731
35732
35733
35734
35735
35736
35737
35738
35739
35740
35741
35742
35744
35746
35747
35748
35749
35750
35751
35752
35754
35755
35756
35757
35758
35759
35760
35761
35762
35763
35764
35765
35766
35767
35768
35769
35771
35772
35773
35774
35775
35776
35778
35779
35780
35781
35782
35784
35785
35786
35787
35788
35789
35790
35791
35792
35793
35794
35795
35796
35798
35800
35801
35803
35804
35806
35807
35808
35809
35810
35811
35812
35813
35814
35815
35817
35819
35821
35822
35824
35825
35826
35830
35831
35832
35836
35837
35838
35840
35841
35842
35843
35844
35845
35846
35847
35848
35849
35850
35851
35852
35853
35855
35856
35857
35858
35859
35861
35862
35863
35864
35865
35866
35867
35868
35869
35870
35871
35872
35873
35874
35875
35876
35877
35878
35880
35881
35882
35883
35884
35885
35886
35887
35888
35889
35890
35891
35892
35893
35894
35895
35896
35900
35901
35902
35904
35907
35908
35909
35910
35911
35912
35913
35914
35915
35916
35917
35919
35920
35921
35922
35923
35924
35925
35926
35927
35929
35930
35931
35932
35934
35935
35936
35937
35938
35939
35940
35941
35942
35943
35944
35945
35947
35948
35950
35952
35953
35955
35956
35957
35958
35959
35960
35961
35962
35963
35965
35967
35968
35969
35970
35971
35972
35974
35975
35976
35977
35978
35979
35980
35981
35983
35984
35985
35986
35987
35988
35989
35990
35991
35992
35993
35994
35995
35996
35997
35998
35999
36000
36001
36002
36003
36004
36007
36008
36009
36010
36011
36012
36013
36014
36015
36016
36017
36018
36021
36022
36023
36024
36025
36026
36027
36028
36030
36032
36033
36034
36035
36036
36038
36039
36040
36042
36043
36044
36045
36049
36050
36052
36055
36056
36059
36060
36064
36065
36066
36067
36068
36069
36070
36071
36073
36074
36075
36076
36078
36079
36080
36081
36084
36085
36086
36087
36088
36089
36090
36091
36092
36093
36095
36096
36097
36098
36099
36100
36101
36102
36103
36104
36106
36108
36109
36110
36111
36112
36113
36114
36115
36116
36117
36118
36119
36120
36121
36122
36123
36124
36125
36126
36127
36128
36129
36131
36132
36133
36134
36137
36138
36139
36140
36141
36142
36143
36144
36145
36146
36147
36148
36149
36150
36151
36152
36153
36154
36155
36156
36157
36158
36159
36160
36162
36163
36164
36165
36166
36167
36168
36169
36170
36171
36173
36174
36175
36176
36179
36180
36181
36182
36183
36184
36185
36186
36187
36188
36189
36190
36191
36192
36193
36194
36195
36196
36197
36198
36199
36200
36201
36202
36203
36204
36205
36206
36207
36208
36210
36211
36212
36213
36214
36217
36218
36219
36220
36221
36222
36223
36224
36225
36226
36227
36228
36229
36230
36231
36233
36234
36235
36237
36238
36239
36243
36244
36245
36246
36247
36249
36250
36251
36252
36253
36254
36256
36257
36258
36259
36260
36261
36263
36265
36268
36269
36270
36271
36272
36273
36274
36275
36276
36277
36278
36279
36280
36281
36282
36283
36284
36286
36288
36289
36290
36291
36292
36295
36296
36297
36298
36299
36300
36301
36302
36303
36304
36306
36307
36308
36309
36310
36311
36312
36313
36314
36315
36317
36318
36319
36320
36321
36322
36324
36325
36326
36327
36328
36329
36330
36331
36332
36333
36334
36335
36336
36337
36338
36339
36341
36342
36343
36344
36346
36347
36348
36349
36350
36351
36352
36353
36354
36355
36356
36357
36358
36359
36361
36363
36364
36365
36366
36367
36368
36369
36370
36371
36372
36373
36375
36376
36377
36378
36379
36381
36382
36383
36384
36386
36387
36388
36390
36391
36393
36395
36397
36398
36400
36401
36403
36404
36405
36406
36407
36408
36409
36410
36412
36414
36415
36416
36417
36418
36419
36420
36421
36422
36423
36424
36425
36426
36427
36428
36429
36431
36432
36434
36435
36436
36437
36438
36439
36440
36441
36442
36445
36446
36448
36449
36450
36451
36452
36453
36454
36456
36457
36459
36460
36461
36462
36463
36464
36465
36466
36467
36468
36469
36472
36473
36474
36475
36477
36478
36479
36480
36481
36482
36483
36485
36487
36488
36489
36490
36491
36492
36493
36494
36495
36496
36497
36498
36499
36500
36501
36503
36504
36506
36507
36510
36513
36514
36515
36516
36517
36518
36519
36520
36521
36523
36524
36526
36527
36529
36530
36531
36532
36534
36535
36536
36537
36538
36539
36540
36541
36544
36545
36546
36547
36549
36550
36551
36552
36553
36554
36555
36556
36557
36558
36560
36561
36562
36563
36564
36565
36566
36568
36569
36570
36571
36572
36574
36575
36576
36577
36579
36580
36582
36583
36584
36585
36586
36588
36589
36590
36591
36592
36593
36594
36595
36596
36597
36598
36599
36600
36601
36602
36604
36605
36606
36608
36609
36610
36612
36613
36614
36615
36616
36617
36618
36619
36620
36621
36622
36623
36624
36626
36627
36628
36629
36630
36631
36632
36633
36634
36636
36637
36638
36639
36640
36641
36642
36643
36644
36645
36646
36647
36648
36649
36650
36651
36652
36653
36654
36655
36656
36657
36658
36660
36662
36663
36664
36665
36667
36668
36670
36671
36673
36674
36676
36678
36679
36680
36681
36683
36684
36685
36686
36687
36688
36690
36691
36692
36693
36695
36696
36698
36699
36700
36701
36703
36704
36706
36707
36712
36714
36715
36717
36719
36720
36721
36722
36724
36725
36728
36729
36730
36731
36732
36733
36734
36735
36736
36737
36739
36740
36741
36742
36743
36744
36745
36746
36748
36749
36751
36754
36755
36756
36757
36758
36759
36760
36762
36763
36764
36765
36766
36767
36769
36770
36771
36773
36774
36775
36776
36777
36778
36779
36780
36781
36783
36784
36785
36786
36787
36789
36790
36791
36792
36793
36794
36795
36796
36797
36799
36800
36801
36802
36803
36804
36806
36807
36808
36809
36810
36811
36812
36813
36814
36816
36817
36818
36819
36820
36821
36822
36823
36824
36825
36827
36830
36831
36832
36833
36834
36835
36836
36838
36840
36841
36842
36843
36844
36845
36846
36847
36849
36850
36851
36852
36853
36855
36856
36857
36859
36860
36861
36862
36863
36864
36865
36866
36867
36868
36869
36870
36871
36873
36874
36875
36876
36877
36878
36879
36881
36882
36883
36884
36885
36886
36887
36889
36890
36891
36892
36893
36894
36895
36897
36898
36899
36900
36901
36902
36903
36904
36906
36908
36909
36910
36911
36912
36913
36915
36916
36917
36919
36920
36921
36922
36923
36924
36925
36926
36927
36928
36929
36931
36932
36933
36934
36935
36937
36938
36939
36940
36941
36942
36943
36944
36945
36946
36947
36948
36949
36950
36951
36953
36954
36956
36958
36959
36960
36962
36963
36964
36965
36966
36967
36968
36969
36970
36971
36972
36973
36974
36975
36976
36977
36978
36979
36980
36981
36982
36983
36984
36985
36986
36987
36988
36989
36990
36991
36993
36996
36998
36999
37001
37002
37003
37004
37005
37006
37008
37009
37010
37011
37012
37013
37014
37016
37017
37019
37020
37022
37023
37024
37025
37026
37027
37028
37029
37033
37034
37035
37036
37037
37038
37040
37041
37042
37043
37045
37046
37047
37048
37049
37051
37052
37053
37054
37055
37056
37057
37058
37059
37060
37061
37062
37063
37064
37065
37066
37067
37069
37070
37072
37073
37075
37076
37077
37078
37079
37080
37083
37084
37085
37087
37088
37089
37090
37092
37093
37094
37096
37097
37098
37099
37101
37102
37103
37104
37105
37106
37107
37109
37110
37112
37113
37115
37116
37118
37119
37121
37122
37123
37125
37126
37127
37128
37129
37130
37131
37132
37134
37135
37136
37137
37138
37139
37140
37141
37142
37143
37145
37146
37147
37148
37149
37150
37151
37152
37153
37154
37155
37157
37158
37159
37160
37162
37163
37164
37166
37167
37168
37169
37170
37171
37172
37174
37175
37176
37177
37178
37179
37180
37182
37183
37184
37185
37186
37189
37190
37191
37192
37193
37194
37195
37197
37198
37199
37200
37201
37202
37203
37204
37205
37207
37208
37209
37210
37211
37212
37213
37214
37216
37217
37218
37219
37220
37221
37222
37223
37224
37225
37226
37227
37228
37229
37230
37231
37232
37233
37234
37235
37236
37237
37238
37240
37241
37242
37244
37245
37246
37247
37248
37249
37250
37252
37253
37254
37255
37257
37259
37260
37262
37263
37264
37265
37266
37267
37269
37270
37271
37272
37273
37274
37276
37277
37280
37281
37282
37284
37285
37286
37288
37289
37290
37291
37292
37293
37294
37296
37297
37298
37299
37300
37301
37302
37303
37305
37306
37307
37308
37309
37310
37311
37312
37313
37315
37316
37317
37319
37320
37321
37322
37323
37326
37327
37328
37329
37330
37331
37332
37334
37335
37336
37337
37338
37339
37341
37342
37343
37344
37345
37346
37347
37348
37350
37351
37352
37353
37354
37355
37356
37357
37358
37359
37360
37361
37363
37364
37365
37366
37367
37368
37370
37371
37372
37374
37377
37378
37379
37380
37382
37383
37384
37385
37386
37388
37389
37391
37393
37394
37395
37396
37397
37398
37399
37400
37401
37402
37403
37404
37405
37406
37408
37409
37410
37411
37412
37413
37415
37416
37417
37418
37421
37422
37423
37424
37425
37427
37428
37429
37430
37431
37432
37433
37435
37436
37437
37438
37441
37442
37443
37444
37445
37446
37447
37448
37449
37450
37451
37452
37453
37456
37457
37458
37459
37460
37461
37462
37463
37464
37465
37466
37467
37468
37469
37470
37471
37473
37474
37475
37476
37477
37478
37481
37482
37483
37485
37486
37487
37488
37490
37491
37492
37493
37496
37497
37498
37499
37500
37501
37502
37504
37505
37506
37507
37508
37509
37510
37511
37512
37513
37514
37515
37516
37517
37518
37519
37520
37521
37522
37523
37524
37525
37526
37527
37529
37531
37532
37533
37534
37536
37537
37538
37539
37540
37542
37543
37545
37547
37549
37550
37551
37553
37554
37555
37556
37557
37561
37562
37563
37564
37565
37566
37567
37568
37569
37570
37571
37572
37573
37574
37575
37576
37577
37578
37579
37582
37584
37585
37586
37587
37589
37590
37591
37592
37593
37595
37596
37597
37598
37600
37602
37603
37604
37606
37607
37608
37609
37610
37611
37612
37613
37614
37616
37617
37618
37619
37620
37621
37622
37625
37626
37627
37628
37629
37630
37631
37632
37633
37635
37636
37637
37638
37639
37640
37641
37643
37644
37645
37646
37647
37649
37650
37652
37653
37654
37655
37656
37657
37658
37659
37660
37662
37663
37664
37665
37666
37667
37668
37670
37671
37672
37673
37674
37675
37676
37677
37679
37680
37681
37682
37683
37684
37685
37686
37687
37688
37689
37690
37691
37693
37694
37695
37696
37698
37699
37700
37701
37702
37703
37704
37705
37707
37708
37709
37710
37713
37714
37715
37716
37718
37719
37721
37722
37725
37726
37727
37728
37729
37730
37732
37733
37734
37735
37736
37737
37738
37739
37740
37741
37742
37743
37744
37745
37746
37747
37748
37749
37750
37751
37753
37754
37755
37756
37758
37759
37760
37761
37762
37763
37764
37765
37767
37768
37769
37770
37771
37775
37779
37780
37781
37782
37787
37788
37789
37791
37792
37793
37794
37795
37796
37797
37798
37799
37800
37801
37802
37803
37804
37805
37806
37807
37808
37809
37810
37811
37812
37813
37815
37817
37818
37819
37820
37822
37823
37824
37825
37826
37827
37828
37829
37830
37831
37832
37833
37835
37836
37837
37838
37842
37843
37844
37845
37846
37847
37848
37849
37850
37851
37852
37853
37854
37855
37856
37857
37860
37861
37863
37864
37865
37866
37868
37870
37871
37872
37874
37876
37877
37879
37880
37882
37883
37884
37885
37886
37887
37888
37889
37890
37892
37894
37895
37896
37897
37898
37899
37900
37901
37902
37903
37904
37907
37908
37909
37910
37911
37912
37914
37915
37916
37917
37918
37919
37920
37921
37922
37923
37924
37925
37926
37928
37930
37931
37932
37933
37934
37935
37936
37937
37938
37939
37941
37942
37943
37944
37945
37946
37947
37951
37953
37954
37955
37956
37957
37958
37960
37961
37962
37963
37964
37965
37966
37967
37968
37969
37970
37972
37973
37974
37975
37976
37977
37978
37980
37981
37982
37983
37984
37985
37986
37987
37989
37990
37991
37992
37993
37994
37995
37996
37997
37998
37999
38000
38001
38002
38003
38004
38005
38007
38008
38009
38010
38011
38012
38013
38015
38016
38018
38019
38020
38021
38022
38023
38024
38025
38026
38027
38028
38029
38030
38031
38032
38033
38034
38035
38036
38037
38038
38039
38041
38042
38043
38044
38045
38049
38050
38053
38054
38055
38056
38057
38058
38059
38060
38061
38062
38063
38064
38065
38066
38067
38068
38070
38071
38072
38073
38074
38075
38076
38079
38080
38081
38082
38083
38084
38085
38086
38087
38088
38089
38090
38091
38092
38093
38094
38095
38096
38097
38098
38099
38100
38101
38103
38104
38105
38106
38107
38108
38109
38110
38111
38112
38113
38114
38115
38116
38117
38118
38119
38121
38124
38125
38126
38127
38128
38129
38130
38131
38132
38134
38135
38136
38137
38138
38139
38141
38143
38144
38145
38146
38147
38148
38149
38152
38153
38154
38155
38156
38157
38158
38160
38161
38163
38166
38167
38168
38169
38170
38171
38172
38173
38175
38176
38177
38178
38180
38181
38182
38183
38185
38186
38187
38188
38189
38190
38191
38192
38193
38194
38195
38196
38198
38199
38200
38201
38202
38203
38204
38205
38206
38207
38208
38209
38210
38211
38212
38213
38214
38215
38216
38217
38220
38222
38224
38225
38226
38227
38228
38229
38231
38233
38236
38237
38238
38239
38240
38242
38243
38244
38245
38247
38248
38249
38250
38251
38252
38253
38254
38256
38257
38258
38259
38260
38261
38262
38264
38265
38267
38269
38273
38274
38275
38276
38277
38278
38279
38280
38281
38282
38284
38285
38286
38287
38288
38289
38290
38292
38293
38294
38295
38296
38297
38298
38299
38300
38301
38302
38303
38304
38308
38309
38310
38314
38315
38316
38318
38319
38320
38321
38323
38324
38325
38327
38329
38330
38331
38332
38333
38334
38335
38338
38339
38341
38343
38344
38345
38346
38347
38348
38349
38350
38351
38352
38354
38356
38357
38358
38359
38360
38361
38362
38363
38364
38365
38366
38367
38368
38369
38371
38372
38373
38374
38375
38376
38378
38380
38381
38382
38383
38384
38385
38386
38387
38389
38390
38391
38392
38393
38394
38396
38397
38399
38400
38401
38402
38403
38404
38405
38406
38407
38408
38409
38410
38411
38412
38413
38415
38416
38417
38418
38419
38420
38421
38422
38423
38425
38426
38428
38429
38430
38432
38433
38434
38435
38436
38437
38438
38439
38442
38443
38444
38445
38447
38449
38450
38451
38453
38454
38456
38457
38459
38460
38461
38462
38463
38464
38465
38467
38469
38470
38471
38472
38473
38474
38475
38476
38477
38478
38479
38480
38481
38482
38483
38485
38486
38488
38489
38490
38491
38493
38494
38495
38496
38498
38501
38502
38503
38504
38505
38506
38507
38508
38510
38511
38512
38513
38514
38515
38516
38517
38518
38519
38520
38521
38522
38523
38528
38529
38530
38531
38532
38535
38536
38537
38538
38540
38541
38543
38544
38545
38546
38548
38549
38550
38551
38553
38554
38555
38556
38557
38558
38559
38561
38562
38563
38564
38566
38567
38568
38569
38570
38572
38573
38574
38575
38577
38580
38581
38583
38584
38585
38586
38587
38589
38590
38591
38592
38593
38594
38595
38597
38598
38601
38603
38605
38606
38607
38608
38609
38610
38613
38615
38616
38617
38618
38619
38620
38621
38622
38624
38625
38626
38627
38628
38629
38631
38632
38633
38634
38636
38637
38638
38640
38641
38642
38643
38644
38645
38646
38647
38648
38649
38650
38651
38652
38653
38655
38656
38657
38658
38660
38661
38662
38663
38664
38665
38666
38667
38668
38669
38670
38671
38672
38673
38675
38676
38677
38678
38679
38680
38681
38683
38684
38685
38686
38688
38689
38690
38691
38692
38693
38694
38695
38696
38697
38698
38699
38700
38701
38702
38703
38704
38705
38706
38707
38708
38710
38712
38713
38714
38715
38716
38718
38722
38723
38725
38726
38727
38728
38729
38731
38732
38733
38734
38736
38737
38738
38741
38742
38743
38745
38746
38747
38748
38749
38752
38753
38754
38755
38756
38757
38758
38760
38761
38762
38763
38764
38766
38767
38768
38769
38770
38771
38773
38774
38775
38776
38777
38778
38779
38782
38783
38784
38785
38786
38787
38788
38789
38790
38791
38793
38794
38795
38796
38797
38798
38799
38800
38802
38803
38804
38805
38806
38807
38808
38810
38812
38813
38815
38816
38817
38818
38819
38821
38823
38824
38825
38826
38827
38829
38830
38831
38832
38833
38834
38836
38837
38838
38839
38841
38842
38843
38844
38845
38847
38848
38850
38851
38852
38854
38855
38856
38857
38859
38860
38861
38862
38863
38864
38865
38866
38867
38868
38870
38871
38872
38873
38874
38875
38876
38877
38878
38879
38880
38882
38883
38884
38885
38886
38888
38889
38890
38891
38892
38893
38894
38895
38896
38897
38898
38899
38901
38902
38903
38906
38907
38908
38910
38911
38913
38914
38915
38916
38920
38921
38922
38923
38925
38926
38928
38929
38930
38932
38934
38935
38936
38937
38938
38939
38942
38943
38944
38945
38946
38947
38948
38950
38951
38952
38953
38955
38956
38957
38958
38959
38960
38961
38962
38963
38965
38968
38970
38971
38972
38973
38974
38975
38976
38977
38978
38980
38981
38982
38983
38984
38985
38986
38987
38988
38989
38991
38993
38994
38995
38996
38997
38998
38999
39001
39002
39003
39004
39005
39006
39007
39008
39009
39010
39011
39012
39013
39015
39016
39017
39018
39019
39021
39023
39025
39026
39028
39029
39030
39031
39032
39033
39034
39035
39038
39039
39040
39041
39042
39043
39044
39045
39046
39047
39048
39049
39051
39052
39054
39056
39058
39059
39060
39062
39063
39064
39065
39066
39067
39068
39070
39071
39072
39073
39074
39075
39076
39078
39080
39081
39082
39084
39085
39087
39088
39090
39091
39094
39095
39096
39098
39099
39100
39101
39102
39103
39105
39106
39107
39108
39109
39110
39111
39113
39114
39115
39116
39117
39118
39119
39120
39121
39122
39124
39125
39126
39127
39128
39129
39130
39131
39132
39133
39134
39135
39136
39137
39138
39139
39140
39141
39142
39143
39144
39145
39147
39149
39150
39151
39153
39155
39157
39158
39160
39161
39163
39164
39165
39167
39170
39171
39172
39173
39174
39175
39176
39177
39179
39180
39181
39182
39183
39184
39185
39186
39187
39188
39189
39190
39192
39193
39194
39195
39196
39197
39198
39199
39200
39202
39204
39205
39206
39207
39209
39210
39211
39212
39213
39214
39215
39218
39219
39220
39221
39222
39223
39224
39225
39226
39227
39228
39229
39230
39231
39232
39233
39234
39235
39236
39237
39238
39239
39240
39241
39242
39243
39244
39245
39246
39247
39248
39249
39250
39251
39252
39254
39255
39257
39258
39259
39260
39262
39263
39264
39266
39267
39268
39269
39270
39271
39272
39273
39274
39275
39276
39277
39278
39280
39281
39282
39284
39285
39286
39287
39289
39290
39291
39292
39293
39294
39295
39297
39298
39299
39300
39301
39302
39303
39304
39306
39307
39308
39309
39310
39311
39313
39314
39315
39316
39317
39318
39319
39321
39323
39324
39325
39326
39327
39328
39330
39331
39332
39333
39334
39335
39336
39337
39338
39339
39340
39341
39342
39343
39344
39345
39346
39347
39348
39349
39350
39351
39352
39353
39354
39355
39356
39357
39358
39359
39360
39361
39362
39364
39365
39366
39367
39368
39369
39371
39372
39373
39374
39375
39377
39378
39379
39380
39381
39382
39383
39386
39387
39388
39390
39391
39393
39394
39395
39397
39399
39402
39403
39405
39406
39407
39410
39411
39412
39413
39415
39416
39417
39419
39420
39421
39422
39423
39424
39426
39427
39428
39429
39430
39431
39432
39435
39436
39437
39438
39439
39440
39441
39442
39443
39444
39445
39446
39449
39450
39451
39452
39454
39455
39456
39457
39460
39462
39463
39464
39465
39467
39468
39470
39471
39472
39474
39476
39477
39478
39480
39481
39482
39484
39485
39487
39488
39489
39490
39491
39492
39493
39494
39495
39496
39498
39499
39500
39502
39503
39504
39505
39506
39507
39508
39509
39510
39511
39512
39513
39514
39515
39516
39517
39518
39520
39523
39524
39525
39527
39529
39530
39531
39532
39533
39535
39536
39537
39538
39539
39540
39541
39542
39543
39544
39545
39547
39548
39549
39550
39551
39552
39553
39554
39555
39557
39558
39559
39562
39563
39564
39565
39566
39567
39569
39570
39571
39572
39574
39575
39577
39578
39579
39580
39581
39582
39583
39585
39586
39587
39588
39590
39591
39592
39594
39597
39599
39600
39601
39602
39603
39604
39607
39608
39610
39611
39612
39613
39614
39615
39616
39617
39618
39619
39620
39621
39622
39623
39624
39626
39627
39629
39630
39633
39635
39636
39637
39639
39640
39641
39642
39643
39644
39645
39646
39647
39648
39649
39650
39651
39652
39653
39654
39655
39656
39657
39658
39659
39660
39661
39662
39663
39664
39665
39666
39668
39671
39672
39673
39674
39675
39676
39677
39678
39679
39680
39681
39682
39685
39686
39687
39688
39689
39691
39692
39693
39694
39698
39700
39701
39702
39703
39704
39705
39706
39707
39708
39712
39714
39716
39717
39718
39719
39720
39721
39722
39726
39727
39728
39730
39733
39736
39737
39738
39739
39740
39741
39742
39743
39744
39745
39746
39747
39748
39749
39750
39751
39752
39753
39754
39755
39756
39757
39758
39759
39760
39761
39762
39763
39764
39766
39767
39768
39770
39771
39772
39773
39774
39775
39776
39777
39778
39779
39781
39782
39783
39784
39785
39786
39787
39788
39789
39792
39794
39795
39796
39797
39799
39800
39801
39803
39805
39806
39808
39809
39811
39812
39813
39814
39815
39816
39817
39818
39819
39820
39821
39822
39823
39824
39825
39826
39827
39829
39830
39831
39832
39833
39834
39835
39836
39837
39838
39839
39840
39841
39842
39843
39844
39845
39846
39847
39849
39850
39851
39852
39853
39854
39855
39856
39857
39858
39859
39860
39861
39862
39865
39866
39867
39869
39870
39871
39872
39874
39875
39876
39878
39879
39880
39881
39882
39885
39886
39887
39888
39889
39890
39891
39892
39893
39894
39895
39896
39897
39898
39899
39902
39903
39904
39905
39907
39908
39909
39911
39913
39914
39915
39916
39918
39919
39920
39921
39922
39923
39924
39926
39927
39928
39929
39930
39931
39934
39935
39937
39938
39939
39942
39943
39944
39945
39946
39947
39948
39949
39950
39951
39952
39953
39954
39957
39958
39960
39961
39962
39963
39964
39965
39967
39968
39970
39972
39973
39975
39976
39977
39978
39979
39980
39981
39982
39983
39984
39985
39986
39987
39988
39990
39991
39992
39996
39997
39998
39999
40000
40001
40002
40003
40004
40005
40007
40008
40009
40011
40012
40013
40014
40016
40019
40020
40022
40023
40024
40025
40026
40027
40028
40029
40032
40033
40034
40036
40037
40038
40039
40040
40041
40042
40043
40044
40046
40047
40048
40049
40050
40051
40052
40053
40055
40056
40057
40058
40059
40061
40062
40063
40064
40065
40066
40068
40070
40071
40072
40073
40074
40075
40076
40077
40078
40079
40080
40081
40082
40083
40084
40085
40086
40087
40088
40089
40090
40092
40093
40095
40096
40097
40098
40099
40100
40101
40102
40103
40104
40105
40106
40107
40108
40109
40110
40111
40112
40113
40114
40115
40116
40117
40118
40119
40121
40122
40123
40124
40125
40126
40127
40128
40129
40130
40131
40132
40133
40134
40135
40136
40138
40139
40142
40143
40144
40145
40146
40147
40148
40149
40151
40152
40153
40155
40156
40157
40158
40160
40161
40162
40163
40164
40165
40166
40167
40168
40170
40171
40173
40174
40175
40176
40177
40179
40181
40182
40183
40186
40188
40189
40190
40192
40193
40195
40197
40198
40199
40200
40201
40202
40203
40204
40206
40207
40208
40209
40210
40212
40213
40214
40215
40216
40217
40218
40219
40220
40224
40225
40226
40227
40228
40229
40230
40231
40232
40233
40235
40236
40237
40238
40239
40240
40241
40243
40246
40247
40248
40249
40250
40251
40252
40253
40255
40256
40257
40258
40259
40260
40261
40262
40263
40264
40266
40267
40268
40270
40271
40272
40274
40275
40276
40277
40278
40279
40281
40282
40283
40284
40285
40286
40287
40289
40290
40291
40292
40293
40294
40295
40296
40297
40298
40300
40301
40302
40303
40305
40307
40308
40309
40310
40311
40312
40314
40315
40316
40317
40322
40323
40324
40327
40328
40329
40330
40331
40332
40333
40335
40336
40337
40338
40339
40340
40341
40342
40343
40344
40345
40346
40347
40348
40349
40350
40351
40352
40353
40354
40355
40356
40357
40358
40359
40360
40361
40362
40365
40366
40367
40368
40369
40370
40372
40373
40374
40376
40378
40379
40380
40381
40382
40383
40384
40385
40386
40387
40388
40390
40391
40392
40393
40396
40397
40398
40399
40400
40401
40403
40404
40406
40408
40409
40410
40411
40412
40413
40414
40415
40416
40417
40419
40420
40422
40423
40424
40425
40427
40428
40429
40430
40431
40433
40435
40436
40438
40440
40441
40443
40444
40446
40447
40449
40450
40451
40452
40453
40454
40455
40456
40457
40458
40459
40461
40464
40465
40467
40468
40469
40470
40473
40474
40475
40476
40477
40478
40479
40480
40481
40482
40484
40485
40486
40488
40489
40490
40491
40492
40494
40495
40496
40497
40499
40500
40501
40502
40503
40504
40505
40506
40507
40509
40510
40512
40513
40514
40516
40518
40521
40523
40524
40525
40527
40528
40529
40530
40532
40534
40535
40536
40537
40538
40539
40540
40541
40542
40543
40544
40545
40546
40547
40548
40549
40550
40551
40552
40554
40556
40557
40558
40559
40561
40562
40563
40564
40565
40568
40569
40570
40571
40572
40574
40575
40576
40577
40578
40579
40580
40581
40582
40583
40584
40587
40588
40589
40590
40591
40592
40593
40594
40597
40598
40599
40600
40601
40602
40604
40605
40608
40609
40610
40611
40612
40613
40614
40615
40617
40618
40619
40621
40622
40623
40624
40625
40626
40627
40628
40629
40630
40631
40632
40633
40634
40638
40639
40640
40641
40642
40643
40645
40646
40647
40648
40650
40651
40652
40653
40654
40655
40656
40657
40659
40660
40661
40662
40663
40664
40665
40666
40667
40669
40670
40671
40672
40673
40674
40675
40676
40677
40678
40679
40681
40682
40683
40685
40686
40687
40688
40689
40691
40692
40693
40696
40697
40698
40699
40701
40702
40707
40710
40711
40712
40713
40715
40716
40717
40718
40719
40720
40721
40722
40723
40724
40725
40726
40727
40728
40729
40730
40731
40732
40733
40734
40737
40738
40739
40741
40742
40745
40746
40747
40748
40749
40750
40751
40754
40755
40756
40757
40758
40759
40760
40761
40762
40763
40764
40767
40768
40769
40770
40772
40773
40774
40775
40776
40779
40780
40781
40782
40784
40785
40786
40787
40788
40789
40790
40791
40792
40793
40794
40795
40797
40798
40799
40802
40803
40804
40805
40806
40808
40811
40812
40813
40814
40815
40816
40817
40818
40819
40820
40821
40823
40825
40826
40827
40828
40829
40830
40832
40833
40834
40835
40836
40837
40838
40839
40840
40841
40842
40843
40844
40845
40846
40848
40851
40853
40854
40855
40856
40857
40858
40860
40861
40863
40864
40867
40868
40870
40871
40872
40873
40874
40876
40878
40879
40881
40883
40884
40885
40886
40887
40889
40890
40891
40893
40894
40895
40896
40897
40899
40900
40901
40904
40905
40906
40907
40908
40909
40912
40913
40914
40915
40916
40917
40918
40919
40920
40921
40922
40923
40924
40926
40927
40928
40929
40931
40932
40933
40934
40935
40937
40938
40940
40941
40942
40944
40945
40946
40947
40948
40949
40950
40951
40952
40953
40954
40956
40957
40958
40959
40960
40961
40963
40964
40966
40967
40968
40969
40970
40971
40972
40973
40974
40976
40977
40978
40979
40980
40981
40982
40983
40984
40985
40986
40987
40988
40990
40991
40993
40995
40996
40998
40999
41000
41001
41003
41004
41005
41006
41008
41009
41010
41011
41012
41013
41014
41015
41016
41017
41018
41019
41020
41021
41022
41024
41025
41027
41028
41029
41031
41032
41033
41034
41036
41038
41039
41040
41042
41043
41046
41047
41048
41049
41050
41051
41052
41053
41054
41055
41057
41058
41059
41061
41062
41063
41064
41065
41066
41067
41068
41069
41071
41075
41076
41077
41078
41079
41080
41081
41082
41085
41086
41087
41088
41089
41090
41091
41093
41094
41095
41096
41097
41099
41100
41101
41103
41104
41105
41106
41108
41110
41111
41113
41114
41115
41117
41118
41119
41120
41122
41124
41125
41126
41127
41128
41129
41131
41132
41133
41134
41135
41136
41138
41139
41140
41141
41142
41143
41144
41145
41146
41147
41148
41150
41151
41152
41153
41154
41155
41156
41158
41159
41160
41161
41162
41163
41164
41165
41166
41167
41168
41169
41170
41171
41173
41175
41176
41177
41178
41179
41180
41182
41183
41184
41185
41186
41187
41188
41190
41191
41192
41193
41195
41196
41197
41198
41199
41200
41201
41204
41205
41208
41209
41211
41212
41213
41217
41218
41219
41220
41221
41222
41223
41224
41226
41227
41228
41229
41230
41231
41232
41233
41234
41235
41237
41238
41239
41242
41243
41244
41246
41247
41248
41250
41251
41255
41256
41257
41258
41259
41260
41261
41262
41263
41265
41266
41267
41268
41269
41270
41271
41272
41273
41274
41275
41276
41278
41279
41280
41282
41283
41285
41286
41287
41288
41289
41290
41291
41292
41293
41294
41295
41297
41298
41300
41304
41305
41306
41307
41309
41311
41313
41314
41315
41317
41318
41320
41322
41324
41325
41326
41327
41328
41329
41330
41331
41332
41333
41334
41335
41336
41337
41339
41340
41341
41343
41344
41345
41346
41350
41352
41353
41354
41355
41357
41358
41359
41360
41361
41363
41364
41365
41366
41367
41368
41371
41372
41373
41374
41375
41376
41378
41379
41380
41381
41382
41384
41385
41386
41388
41389
41390
41391
41392
41393
41395
41396
41397
41399
41400
41402
41403
41404
41407
41408
41409
41411
41412
41413
41414
41415
41416
41417
41418
41419
41423
41424
41425
41426
41427
41429
41430
41433
41434
41435
41436
41437
41438
41439
41440
41442
41443
41445
41446
41447
41448
41450
41451
41453
41454
41455
41457
41458
41459
41460
41461
41462
41463
41464
41467
41468
41469
41470
41472
41473
41474
41475
41476
41477
41478
41479
41480
41484
41487
41488
41489
41490
41491
41493
41494
41495
41496
41497
41498
41499
41500
41501
41502
41504
41505
41506
41507
41508
41509
41510
41511
41512
41513
41514
41515
41516
41517
41518
41520
41521
41522
41523
41525
41526
41528
41529
41530
41531
41532
41533
41534
41535
41536
41537
41538
41539
41540
41542
41543
41544
41545
41546
41547
41548
41549
41550
41551
41552
41553
41554
41555
41557
41559
41560
41561
41562
41563
41564
41565
41566
41567
41568
41569
41570
41571
41572
41573
41574
41575
41577
41578
41579
41580
41581
41582
41583
41584
41586
41587
41589
41590
41591
41592
41594
41596
41599
41600
41602
41603
41604
41605
41606
41608
41609
41611
41613
41614
41615
41616
41617
41618
41619
41621
41622
41623
41624
41625
41626
41627
41630
41632
41633
41634
41635
41636
41637
41638
41640
41641
41642
41643
41645
41646
41647
41650
41651
41652
41653
41655
41657
41658
41659
41660
41661
41662
41663
41664
41665
41666
41667
41668
41669
41670
41671
41673
41674
41675
41676
41677
41678
41679
41680
41681
41683
41684
41685
41687
41688
41689
41691
41692
41693
41695
41696
41697
41698
41699
41700
41701
41702
41703
41704
41705
41706
41707
41710
41711
41712
41713
41714
41716
41717
41718
41720
41722
41724
41726
41727
41728
41729
41730
41731
41732
41733
41735
41736
41737
41738
41741
41743
41744
41745
41747
41748
41749
41750
41751
41752
41753
41754
41755
41756
41757
41758
41759
41760
41761
41762
41763
41764
41766
41767
41768
41769
41770
41772
41774
41776
41777
41778
41779
41780
41781
41783
41784
41786
41787
41788
41789
41790
41791
41792
41793
41794
41795
41796
41798
41799
41800
41801
41802
41803
41804
41805
41807
41808
41809
41810
41811
41812
41813
41814
41815
41816
41820
41821
41822
41823
41824
41827
41829
41830
41831
41832
41833
41834
41835
41836
41838
41839
41840
41843
41844
41846
41847
41848
41849
41850
41851
41852
41853
41854
41855
41856
41857
41858
41860
41861
41862
41863
41864
41866
41867
41868
41869
41870
41871
41872
41874
41876
41877
41878
41879
41880
41881
41882
41883
41884
41886
41888
41889
41890
41891
41892
41893
41895
41896
41897
41898
41899
41900
41901
41902
41903
41904
41906
41907
41908
41909
41911
41912
41913
41915
41916
41918
41919
41920
41921
41922
41923
41924
41925
41926
41928
41929
41930
41931
41932
41933
41934
41935
41936
41937
41939
41940
41942
41943
41944
41946
41947
41948
41949
41951
41952
41954
41955
41956
41957
41959
41960
41961
41962
41963
41964
41965
41966
41967
41968
41973
41974
41975
41977
41978
41979
41980
41981
41982
41983
41984
41985
41986
41989
41991
41992
41993
41994
41995
41997
41998
41999
42000
42001
42002
42003
42004
42005
42007
42009
42011
42012
42013
42014
42015
42016
42017
42018
42019
42020
42021
42022
42023
42024
42026
42027
42028
42029
42032
42033
42037
42039
42041
42042
42044
42045
42046
42047
42048
42049
42050
42051
42052
42053
42054
42055
42056
42057
42058
42059
42060
42061
42062
42063
42064
42065
42067
42068
42069
42070
42071
42072
42073
42074
42075
42076
42077
42078
42079
42080
42081
42082
42084
42085
42086
42087
42088
42089
42091
42092
42093
42095
42096
42097
42098
42099
42100
42101
42102
42103
42104
42105
42106
42107
42108
42109
42110
42112
42115
42116
42117
42118
42119
42120
42122
42123
42125
42126
42127
42128
42129
42131
42132
42133
42135
42136
42138
42139
42140
42141
42143
42144
42145
42146
42147
42149
42151
42152
42153
42154
42155
42156
42157
42158
42159
42160
42161
42162
42163
42164
42165
42166
42167
42169
42170
42171
42172
42173
42174
42176
42177
42178
42179
42180
42181
42182
42183
42185
42187
42188
42189
42190
42191
42193
42195
42196
42197
42198
42199
42200
42201
42203
42204
42205
42206
42208
42209
42210
42212
42214
42216
42218
42219
42220
42222
42227
42228
42229
42230
42232
42233
42234
42236
42237
42238
42239
42240
42241
42242
42243
42244
42246
42247
42249
42250
42251
42252
42253
42254
42256
42257
42258
42259
42261
42262
42263
42264
42265
42266
42267
42268
42269
42270
42272
42274
42275
42276
42278
42279
42280
42281
42282
42284
42286
42287
42288
42289
42290
42291
42292
42294
42295
42296
42297
42298
42299
42300
42301
42303
42304
42305
42306
42307
42308
42309
42310
42311
42312
42314
42315
42316
42317
42318
42320
42322
42323
42324
42325
42326
42327
42328
42329
42330
42331
42332
42333
42335
42336
42337
42338
42339
42340
42341
42342
42343
42344
42345
42346
42347
42348
42349
42350
42351
42353
42354
42355
42356
42357
42358
42359
42360
42362
42363
42364
42365
42366
42367
42368
42369
42370
42371
42373
42374
42377
42378
42379
42380
42381
42382
42383
42384
42385
42386
42387
42389
42391
42392
42393
42395
42396
42397
42398
42401
42402
42403
42404
42405
42406
42407
42410
42411
42412
42413
42414
42416
42417
42418
42419
42420
42421
42422
42423
42424
42425
42426
42427
42428
42429
42431
42432
42434
42435
42436
42437
42438
42441
42442
42443
42445
42446
42447
42448
42449
42450
42451
42452
42455
42456
42458
42459
42460
42461
42462
42463
42464
42465
42466
42467
42468
42469
42470
42471
42472
42473
42474
42475
42476
42477
42478
42479
42480
42481
42482
42483
42484
42485
42486
42487
42488
42489
42490
42491
42492
42493
42495
42496
42497
42498
42499
42500
42501
42502
42503
42504
42505
42506
42507
42508
42510
42511
42513
42514
42516
42517
42518
42519
42520
42521
42522
42523
42524
42525
42526
42527
42528
42529
42530
42531
42532
42533
42534
42535
42536
42540
42541
42543
42544
42545
42546
42547
42549
42553
42555
42556
42557
42558
42559
42561
42562
42563
42565
42568
42570
42572
42573
42574
42578
42579
42581
42583
42584
42585
42587
42589
42590
42592
42593
42594
42596
42597
42598
42599
42601
42602
42604
42605
42606
42607
42608
42609
42610
42611
42612
42613
42614
42615
42616
42617
42618
42619
42621
42622
42624
42626
42628
42629
42630
42632
42633
42634
42635
42636
42637
42641
42642
42643
42644
42648
42649
42650
42651
42653
42655
42657
42658
42661
42662
42663
42664
42665
42666
42667
42668
42669
42670
42672
42673
42674
42675
42676
42677
42678
42679
42680
42682
42683
42684
42685
42689
42690
42691
42692
42693
42694
42695
42696
42697
42699
42700
42701
42703
42704
42705
42706
42707
42708
42709
42710
42711
42712
42714
42715
42716
42717
42718
42719
42720
42721
42722
42723
42724
42725
42726
42727
42728
42730
42732
42733
42734
42735
42736
42737
42738
42739
42741
42742
42743
42744
42745
42746
42747
42748
42749
42750
42752
42753
42754
42755
42756
42757
42758
42759
42760
42762
42763
42764
42765
42766
42767
42768
42769
42770
42771
42773
42774
42775
42777
42778
42779
42780
42782
42784
42785
42786
42787
42788
42789
42790
42791
42792
42793
42794
42796
42797
42798
42799
42800
42801
42802
42803
42804
42807
42808
42809
42810
42812
42813
42814
42815
42816
42820
42821
42822
42824
42825
42826
42827
42828
42832
42833
42834
42835
42836
42837
42838
42841
42842
42843
42844
42845
42846
42847
42849
42850
42851
42852
42853
42854
42855
42857
42858
42859
42861
42862
42863
42864
42865
42866
42868
42869
42870
42871
42872
42873
42874
42875
42876
42877
42878
42879
42880
42881
42883
42884
42885
42886
42887
42888
42889
42890
42891
42893
42894
42895
42896
42897
42898
42899
42900
42901
42902
42903
42904
42905
42907
42908
42909
42910
42911
42912
42913
42914
42915
42916
42918
42919
42923
42924
42925
42926
42927
42929
42930
42931
42932
42933
42934
42935
42936
42937
42938
42939
42940
42941
42942
42943
42945
42946
42948
42949
42950
42951
42953
42954
42955
42956
42957
42959
42960
42962
42963
42964
42966
42967
42968
42969
42970
42971
42972
42974
42975
42976
42978
42979
42980
42981
42983
42984
42985
42986
42988
42989
42991
42992
42993
42994
42995
42996
42997
42999
43000
43001
43004
43005
43006
43007
43008
43009
43011
43013
43014
43015
43016
43017
43018
43019
43020
43021
43022
43024
43025
43026
43027
43028
43029
43030
43031
43032
43033
43034
43035
43036
43037
43038
43041
43042
43043
43044
43045
43046
43047
43048
43049
43050
43051
43053
43054
43055
43057
43058
43060
43062
43063
43064
43065
43066
43067
43069
43070
43071
43072
43073
43074
43075
43078
43079
43080
43081
43082
43083
43085
43086
43088
43089
43091
43092
43093
43094
43095
43096
43098
43099
43100
43101
43102
43103
43104
43105
43108
43110
43111
43113
43114
43117
43119
43120
43121
43122
43124
43126
43127
43128
43129
43130
43132
43133
43134
43135
43136
43137
43138
43139
43140
43141
43142
43143
43144
43145
43146
43147
43148
43149
43150
43151
43152
43153
43155
43156
43157
43158
43159
43160
43161
43162
43163
43164
43165
43166
43167
43168
43169
43170
43171
43173
43174
43176
43177
43178
43179
43181
43183
43184
43185
43187
43188
43189
43190
43191
43192
43193
43194
43195
43196
43197
43199
43202
43203
43204
43205
43206
43207
43208
43209
43210
43211
43214
43215
43216
43217
43218
43219
43220
43221
43222
43223
43224
43225
43226
43227
43230
43232
43233
43234
43235
43236
43239
43240
43241
43242
43243
43244
43245
43246
43247
43248
43250
43251
43252
43253
43254
43255
43256
43257
43260
43261
43265
43266
43267
43268
43269
43270
43271
43272
43274
43275
43279
43280
43281
43282
43283
43284
43285
43287
43288
43289
43290
43291
43292
43293
43294
43295
43296
43298
43299
43300
43301
43303
43304
43305
43307
43309
43310
43311
43312
43313
43314
43315
43316
43317
43318
43319
43320
43322
43323
43324
43325
43326
43327
43328
43329
43330
43332
43333
43334
43335
43337
43338
43339
43341
43342
43343
43344
43345
43346
43347
43349
43350
43352
43354
43355
43356
43357
43361
43362
43363
43364
43365
43366
43367
43369
43370
43371
43372
43373
43374
43375
43376
43377
43378
43379
43380
43381
43382
43385
43386
43387
43388
43389
43390
43393
43394
43395
43396
43397
43398
43399
43400
43401
43402
43405
43406
43407
43408
43409
43410
43412
43413
43414
43415
43417
43418
43419
43420
43421
43423
43424
43427
43428
43429
43430
43431
43432
43433
43434
43435
43436
43437
43438
43439
43440
43441
43442
43444
43445
43446
43447
43448
43449
43450
43451
43453
43454
43456
43457
43459
43460
43461
43462
43463
43466
43467
43468
43469
43471
43472
43473
43476
43477
43478
43479
43480
43481
43482
43483
43485
43486
43487
43488
43489
43490
43492
43493
43494
43495
43496
43497
43498
43499
43500
43501
43502
43503
43504
43505
43506
43507
43508
43509
43510
43511
43512
43515
43516
43517
43518
43520
43521
43522
43523
43524
43527
43528
43529
43530
43532
43533
43534
43535
43536
43537
43538
43539
43540
43541
43542
43543
43544
43545
43546
43548
43552
43553
43554
43555
43556
43557
43558
43559
43560
43561
43562
43563
43565
43567
43568
43570
43571
43572
43574
43575
43576
43579
43580
43581
43582
43583
43584
43585
43586
43587
43588
43589
43592
43594
43595
43600
43601
43602
43603
43604
43605
43606
43609
43610
43611
43612
43613
43614
43615
43617
43618
43619
43620
43621
43623
43625
43626
43627
43628
43629
43630
43631
43633
43635
43636
43637
43638
43639
43640
43641
43642
43643
43644
43645
43647
43648
43649
43650
43651
43652
43654
43655
43656
43659
43660
43661
43663
43664
43665
43666
43668
43669
43670
43671
43672
43673
43674
43675
43676
43677
43679
43680
43681
43683
43686
43687
43688
43690
43691
43692
43693
43694
43695
43696
43697
43698
43699
43700
43701
43702
43703
43705
43706
43707
43709
43710
43712
43714
43715
43716
43717
43718
43719
43720
43722
43723
43724
43725
43726
43727
43728
43729
43731
43732
43733
43734
43735
43736
43737
43738
43739
43740
43741
43742
43743
43744
43745
43746
43748
43749
43750
43751
43752
43753
43755
43756
43757
43759
43761
43763
43764
43765
43766
43767
43768
43769
43770
43771
43773
43774
43775
43776
43777
43778
43779
43780
43781
43782
43783
43786
43787
43788
43791
43792
43793
43795
43796
43797
43798
43800
43801
43802
43804
43806
43807
43809
43812
43814
43815
43816
43817
43818
43819
43822
43823
43824
43825
43826
43827
43828
43830
43831
43832
43833
43834
43835
43837
43838
43839
43840
43841
43843
43844
43845
43846
43847
43848
43850
43852
43853
43854
43855
43856
43857
43858
43859
43860
43861
43865
43866
43867
43868
43870
43871
43872
43873
43874
43876
43877
43878
43881
43882
43883
43884
43886
43887
43888
43889
43891
43892
43893
43894
43895
43896
43897
43899
43900
43902
43904
43906
43908
43910
43911
43913
43914
43915
43917
43919
43920
43921
43922
43923
43924
43925
43927
43928
43929
43932
43934
43935
43936
43937
43938
43939
43940
43941
43943
43944
43945
43946
43947
43948
43949
43950
43951
43952
43953
43954
43956
43957
43958
43959
43960
43962
43963
43964
43965
43967
43969
43971
43973
43974
43976
43977
43978
43981
43982
43983
43984
43985
43986
43987
43988
43989
43990
43991
43992
43994
43995
43996
43997
43998
43999
44001
44003
44004
44005
44006
44007
44009
44010
44011
44012
44013
44014
44015
44016
44017
44020
44022
44023
44024
44025
44026
44027
44028
44029
44030
44031
44032
44034
44035
44037
44038
44039
44040
44041
44042
44043
44044
44045
44047
44048
44049
44050
44051
44052
44053
44054
44055
44056
44057
44059
44060
44061
44062
44065
44066
44067
44068
44072
44074
44075
44077
44078
44079
44080
44081
44084
44085
44086
44087
44089
44090
44091
44094
44095
44096
44098
44099
44101
44102
44103
44104
44106
44107
44109
44111
44113
44114
44115
44116
44118
44119
44120
44121
44122
44123
44124
44125
44126
44127
44128
44131
44132
44133
44134
44135
44136
44139
44140
44141
44142
44143
44144
44145
44147
44148
44149
44150
44151
44152
44153
44154
44155
44157
44159
44160
44162
44163
44164
44165
44166
44168
44169
44170
44171
44172
44173
44174
44175
44176
44177
44178
44179
44181
44182
44183
44184
44186
44189
44191
44192
44193
44194
44195
44196
44197
44198
44199
44200
44201
44202
44203
44204
44205
44206
44207
44208
44211
44212
44213
44214
44215
44216
44217
44218
44219
44220
44221
44222
44223
44224
44225
44226
44227
44228
44229
44230
44231
44232
44234
44237
44239
44240
44241
44242
44243
44244
44246
44247
44248
44249
44250
44252
44253
44254
44255
44257
44258
44259
44260
44265
44267
44268
44269
44270
44271
44272
44274
44275
44277
44279
44280
44282
44283
44284
44286
44287
44289
44290
44292
44294
44295
44296
44298
44299
44300
44301
44303
44304
44305
44307
44309
44310
44312
44313
44314
44315
44316
44317
44318
44319
44321
44324
44325
44327
44328
44329
44330
44331
44332
44333
44334
44335
44336
44337
44338
44339
44340
44341
44342
44343
44344
44345
44346
44347
44348
44349
44350
44351
44352
44353
44354
44356
44357
44359
44361
44362
44363
44364
44365
44366
44367
44368
44369
44372
44373
44374
44375
44377
44378
44380
44382
44383
44384
44385
44386
44388
44393
44394
44395
44396
44397
44398
44399
44400
44401
44402
44405
44407
44408
44409
44410
44411
44413
44414
44416
44417
44418
44421
44422
44424
44425
44426
44428
44429
44431
44432
44433
44435
44436
44439
44440
44441
44442
44443
44444
44445
44446
44447
44448
44449
44450
44452
44453
44454
44455
44456
44457
44458
44459
44462
44463
44464
44465
44466
44467
44469
44472
44473
44474
44475
44476
44477
44478
44479
44480
44481
44482
44483
44484
44485
44486
44487
44488
44489
44491
44492
44495
44497
44498
44499
44500
44501
44502
44504
44505
44506
44507
44508
44510
44511
44512
44514
44515
44516
44517
44518
44519
44521
44523
44524
44525
44528
44529
44530
44531
44532
44533
44534
44535
44538
44539
44540
44541
44543
44544
44545
44546
44548
44549
44550
44551
44552
44553
44555
44556
44557
44558
44559
44560
44561
44562
44564
44565
44566
44568
44569
44570
44571
44572
44573
44574
44575
44576
44577
44578
44579
44583
44585
44586
44587
44588
44589
44590
44592
44593
44594
44595
44596
44597
44598
44599
44600
44601
44602
44603
44604
44606
44608
44610
44611
44613
44614
44615
44616
44618
44620
44622
44624
44625
44626
44628
44629
44630
44631
44632
44633
44634
44635
44636
44637
44638
44639
44640
44641
44642
44643
44644
44645
44646
44647
44648
44649
44651
44652
44653
44654
44656
44658
44659
44660
44661
44662
44663
44664
44665
44666
44667
44668
44669
44670
44671
44672
44673
44674
44675
44676
44678
44679
44680
44683
44684
44687
44688
44689
44690
44692
44693
44694
44696
44697
44698
44699
44700
44702
44703
44706
44708
44709
44712
44713
44715
44716
44717
44718
44719
44720
44721
44722
44723
44724
44726
44728
44729
44731
44732
44733
44734
44736
44737
44738
44739
44740
44741
44742
44744
44745
44746
44747
44748
44749
44751
44752
44753
44754
44755
44756
44757
44758
44761
44762
44764
44766
44767
44768
44770
44771
44772
44773
44776
44777
44778
44779
44780
44781
44782
44783
44784
44786
44787
44788
44791
44793
44794
44795
44796
44798
44800
44802
44804
44805
44806
44808
44810
44811
44812
44813
44814
44815
44816
44817
44818
44819
44820
44821
44822
44823
44824
44826
44827
44828
44829
44830
44831
44833
44838
44839
44841
44842
44843
44844
44845
44846
44847
44848
44849
44850
44851
44852
44853
44854
44856
44857
44859
44860
44861
44863
44864
44865
44866
44867
44868
44870
44871
44873
44874
44875
44876
44877
44878
44880
44881
44883
44884
44885
44886
44887
44888
44889
44890
44891
44892
44893
44894
44896
44899
44900
44901
44903
44904
44905
44907
44908
44909
44910
44911
44912
44913
44915
44916
44917
44918
44920
44921
44922
44923
44924
44925
44926
44932
44933
44934
44935
44936
44937
44938
44941
44942
44943
44944
44946
44947
44948
44949
44950
44952
44954
44955
44958
44959
44960
44962
44963
44964
44965
44966
44967
44968
44969
44970
44971
44972
44974
44975
44978
44979
44980
44981
44982
44983
44984
44985
44986
44987
44988
44989
44990
44993
44995
44996
44997
44998
44999
45000
45001
45002
45003
45004
45005
45006
45007
45008
45009
45011
45012
45013
45015
45016
45018
45019
45021
45022
45023
45024
45025
45026
45028
45030
45031
45032
45033
45034
45035
45036
45038
45039
45040
45041
45044
45046
45047
45048
45049
45050
45051
45052
45053
45054
45055
45056
45057
45058
45059
45061
45063
45064
45065
45066
45068
45069
45070
45071
45072
45073
45074
45075
45076
45077
45078
45079
45080
45082
45083
45084
45085
45086
45087
45088
45089
45090
45091
45092
45093
45094
45095
45096
45097
45099
45101
45102
45103
45104
45105
45106
45109
45111
45112
45113
45114
45115
45116
45117
45119
45120
45122
45123
45124
45125
45126
45127
45128
45129
45130
45131
45132
45133
45134
45135
45136
45137
45138
45140
45141
45142
45143
45144
45146
45147
45148
45149
45150
45151
45152
45153
45154
45156
45157
45158
45161
45163
45164
45165
45166
45167
45169
45171
45173
45174
45175
45178
45179
45180
45181
45182
45183
45184
45186
45188
45189
45190
45191
45192
45193
45194
45195
45196
45197
45198
45199
45200
45202
45203
45205
45207
45208
45209
45210
45211
45212
45213
45214
45215
45216
45217
45218
45219
45220
45221
45222
45223
45224
45226
45227
45228
45229
45230
45231
45232
45233
45234
45237
45238
45239
45240
45243
45244
45245
45247
45248
45249
45251
45252
45253
45254
45256
45258
45259
45260
45262
45263
45264
45265
45266
45269
45270
45271
45272
45274
45275
45276
45277
45279
45280
45282
45283
45284
45285
45286
45287
45288
45289
45290
45291
45292
45293
45294
45295
45296
45297
45298
45299
45300
45301
45302
45304
45305
45306
45307
45309
45310
45311
45312
45313
45314
45315
45316
45317
45318
45319
45320
45321
45322
45323
45324
45326
45327
45328
45329
45330
45332
45333
45336
45338
45339
45341
45342
45343
45344
45345
45346
45347
45348
45349
45351
45356
45358
45359
45360
45361
45362
45366
45367
45368
45369
45370
45371
45373
45374
45375
45376
45378
45379
45380
45382
45383
45385
45387
45388
45389
45390
45391
45392
45393
45394
45395
45396
45397
45398
45400
45401
45402
45403
45404
45405
45406
45407
45409
45410
45411
45412
45413
45414
45416
45417
45418
45420
45421
45422
45424
45425
45426
45427
45429
45430
45432
45435
45436
45437
45438
45439
45440
45441
45442
45445
45446
45447
45448
45450
45451
45452
45453
45455
45456
45457
45460
45461
45462
45463
45465
45467
45468
45469
45472
45474
45475
45476
45477
45478
45479
45480
45481
45482
45483
45484
45485
45486
45487
45490
45491
45492
45494
45495
45496
45497
45498
45499
45500
45501
45502
45503
45504
45506
45507
45509
45510
45511
45513
45514
45516
45517
45518
45519
45521
45522
45523
45524
45525
45526
45527
45528
45529
45530
45531
45532
45533
45534
45535
45537
45538
45540
45542
45543
45544
45545
45546
45547
45548
45551
45553
45554
45555
45556
45557
45559
45560
45561
45562
45566
45567
45568
45569
45573
45574
45575
45576
45577
45579
45583
45584
45585
45586
45587
45588
45591
45592
45593
45594
45595
45597
45598
45600
45601
45602
45603
45605
45606
45607
45608
45610
45613
45614
45615
45616
45617
45618
45619
45620
45621
45622
45623
45625
45626
45627
45628
45629
45630
45631
45632
45633
45635
45636
45637
45638
45639
45640
45641
45643
45644
45646
45648
45649
45650
45651
45652
45655
45656
45657
45658
45659
45660
45662
45664
45665
45667
45668
45669
45670
45672
45673
45674
45675
45676
45677
45678
45679
45680
45682
45683
45685
45686
45687
45688
45689
45690
45691
45692
45693
45694
45695
45696
45697
45698
45701
45702
45703
45704
45705
45707
45708
45709
45712
45713
45714
45715
45716
45717
45718
45719
45720
45721
45722
45723
45724
45725
45726
45727
45728
45729
45730
45731
45732
45735
45736
45738
45739
45740
45741
45742
45743
45744
45745
45746
45748
45749
45750
45752
45753
45754
45756
45757
45758
45759
45760
45761
45762
45765
45766
45767
45768
45770
45771
45772
45773
45774
45775
45776
45777
45778
45779
45781
45782
45783
45784
45785
45786
45787
45788
45790
45792
45793
45794
45796
45797
45801
45802
45804
45805
45806
45807
45808
45809
45811
45812
45813
45815
45816
45817
45818
45819
45822
45823
45825
45826
45827
45828
45829
45830
45831
45832
45833
45834
45835
45836
45838
45839
45840
45841
45842
45843
45845
45847
45848
45849
45850
45851
45852
45854
45855
45856
45858
45859
45860
45861
45862
45863
45864
45866
45867
45868
45869
45870
45871
45872
45875
45876
45877
45878
45879
45881
45883
45884
45885
45886
45887
45888
45889
45890
45891
45892
45893
45895
45897
45898
45899
45900
45901
45902
45903
45904
45905
45906
45909
45911
45912
45913
45914
45915
45916
45918
45919
45920
45922
45923
45924
45925
45926
45927
45928
45929
45930
45931
45932
45933
45935
45936
45937
45938
45939
45940
45941
45942
45943
45944
45945
45946
45947
45948
45949
45950
45951
45952
45954
45956
45957
45959
45960
45961
45962
45963
45964
45965
45966
45968
45969
45970
45971
45972
45973
45974
45975
45976
45978
45979
45980
45981
45983
45984
45985
45986
45987
45989
45990
45991
45992
45993
45994
45995
45996
45998
45999
46000
46001
46002
46003
46004
46006
46007
46008
46009
46010
46011
46013
46015
46016
46017
46018
46019
46022
46023
46024
46025
46026
46027
46028
46029
46031
46032
46033
46034
46035
46036
46037
46038
46039
46040
46041
46042
46043
46044
46046
46048
46050
46051
46052
46053
46055
46056
46057
46058
46059
46060
46061
46064
46065
46066
46067
46068
46069
46070
46071
46073
46074
46076
46080
46081
46082
46083
46084
46086
46088
46089
46090
46091
46092
46093
46094
46095
46096
46097
46099
46100
46101
46103
46104
46105
46106
46107
46108
46110
46111
46112
46113
46114
46115
46116
46117
46118
46120
46121
46123
46124
46125
46126
46127
46128
46129
46130
46133
46134
46135
46136
46137
46138
46139
46141
46142
46143
46145
46146
46148
46149
46150
46151
46152
46154
46156
46157
46158
46160
46161
46162
46163
46164
46165
46166
46168
46169
46170
46171
46172
46173
46174
46175
46177
46178
46181
46182
46183
46184
46185
46186
46188
46189
46192
46193
46194
46195
46197
46199
46201
46202
46203
46205
46206
46207
46209
46210
46212
46213
46214
46215
46216
46217
46219
46221
46222
46224
46226
46227
46228
46230
46231
46234
46235
46236
46237
46238
46239
46240
46242
46244
46245
46247
46249
46250
46251
46252
46253
46254
46255
46257
46258
46259
46260
46261
46262
46263
46264
46265
46266
46268
46269
46270
46271
46272
46273
46274
46275
46276
46277
46278
46279
46280
46282
46283
46284
46285
46286
46287
46288
46289
46290
46291
46292
46293
46295
46296
46297
46298
46299
46300
46302
46303
46305
46306
46307
46309
46310
46311
46314
46315
46316
46317
46318
46319
46320
46322
46323
46324
46325
46328
46329
46331
46332
46333
46335
46337
46338
46339
46341
46342
46343
46344
46345
46346
46347
46348
46351
46352
46353
46355
46356
46357
46358
46360
46361
46362
46363
46365
46366
46367
46368
46369
46370
46372
46373
46374
46377
46378
46379
46380
46381
46383
46384
46385
46388
46389
46391
46393
46394
46395
46396
46397
46398
46399
46400
46402
46403
46405
46407
46408
46410
46411
46413
46414
46415
46417
46418
46419
46420
46422
46423
46424
46426
46427
46429
46431
46433
46434
46435
46436
46437
46438
46439
46441
46442
46443
46445
46446
46447
46448
46449
46450
46451
46452
46453
46454
46455
46456
46458
46459
46460
46461
46462
46463
46464
46466
46467
46469
46471
46472
46473
46474
46476
46477
46478
46479
46480
46481
46482
46483
46484
46485
46487
46489
46490
46491
46493
46494
46495
46497
46499
46500
46501
46502
46503
46505
46506
46507
46508
46509
46510
46514
46517
46518
46519
46520
46521
46522
46523
46525
46526
46528
46529
46530
46531
46532
46533
46534
46535
46536
46537
46539
46541
46544
46546
46547
46548
46549
46550
46551
46552
46553
46554
46555
46556
46557
46559
46560
46561
46563
46564
46565
46566
46567
46568
46569
46570
46571
46573
46574
46575
46577
46578
46580
46581
46583
46584
46586
46587
46589
46590
46591
46592
46593
46594
46595
46596
46597
46598
46599
46600
46602
46604
46605
46606
46607
46608
46609
46610
46611
46614
46616
46617
46618
46619
46620
46621
46622
46623
46624
46625
46626
46627
46628
46629
46631
46632
46633
46634
46635
46636
46637
46639
46640
46643
46644
46646
46648
46649
46652
46653
46654
46655
46657
46658
46659
46660
46661
46662
46663
46664
46668
46670
46671
46672
46673
46674
46675
46676
46677
46678
46679
46680
46681
46682
46683
46684
46685
46687
46688
46689
46690
46691
46692
46693
46694
46695
46696
46697
46698
46699
46700
46701
46702
46703
46704
46705
46706
46707
46708
46710
46711
46712
46714
46715
46716
46717
46718
46719
46720
46721
46723
46724
46726
46727
46728
46729
46730
46731
46732
46734
46736
46737
46738
46739
46744
46746
46747
46748
46749
46750
46751
46754
46755
46756
46757
46758
46759
46760
46761
46762
46763
46764
46765
46767
46768
46769
46770
46772
46773
46774
46776
46778
46779
46780
46781
46782
46783
46784
46785
46786
46787
46789
46790
46792
46793
46794
46795
46796
46798
46799
46800
46801
46804
46805
46806
46807
46808
46809
46810
46812
46813
46814
46815
46817
46819
46820
46822
46824
46825
46826
46828
46830
46832
46834
46835
46837
46838
46839
46840
46841
46845
46847
46848
46850
46851
46853
46854
46855
46856
46857
46860
46862
46863
46864
46865
46866
46867
46868
46870
46871
46873
46875
46877
46878
46880
46881
46883
46884
46886
46887
46889
46890
46891
46893
46894
46896
46898
46899
46901
46902
46903
46904
46905
46907
46908
46909
46910
46912
46914
46915
46916
46918
46919
46921
46922
46923
46924
46925
46926
46927
46929
46930
46931
46932
46933
46936
46937
46938
46940
46941
46942
46943
46944
46945
46946
46947
46948
46949
46950
46951
46952
46953
46954
46955
46956
46957
46958
46960
46961
46962
46963
46964
46966
46967
46968
46972
46973
46974
46975
46976
46977
46980
46981
46982
46983
46984
46985
46986
46987
46988
46989
46990
46991
46992
46994
46995
46997
46999
47000
47001
47002
47003
47004
47006
47009
47010
47011
47012
47013
47014
47015
47016
47017
47020
47021
47022
47023
47024
47025
47026
47028
47029
47032
47033
47034
47035
47037
47038
47040
47045
47046
47047
47048
47049
47050
47054
47055
47057
47058
47059
47060
47061
47062
47063
47064
47065
47066
47067
47069
47070
47072
47074
47075
47077
47078
47079
47080
47081
47082
47083
47086
47087
47090
47091
47092
47093
47094
47095
47096
47097
47098
47099
47100
47101
47103
47104
47105
47106
47107
47108
47109
47110
47111
47112
47114
47115
47116
47117
47120
47121
47122
47123
47124
47125
47126
47127
47128
47129
47130
47131
47132
47133
47134
47135
47136
47139
47140
47141
47142
47143
47144
47145
47146
47147
47148
47149
47151
47152
47153
47154
47157
47158
47159
47160
47161
47162
47163
47164
47165
47167
47170
47171
47172
47173
47174
47176
47177
47179
47180
47181
47182
47183
47185
47186
47187
47188
47189
47191
47192
47193
47194
47196
47197
47198
47201
47202
47203
47204
47205
47206
47209
47210
47211
47212
47213
47214
47216
47217
47218
47219
47221
47222
47223
47224
47225
47226
47227
47229
47231
47232
47234
47235
47236
47237
47238
47239
47240
47241
47243
47244
47246
47247
47248
47250
47251
47252
47253
47254
47255
47257
47259
47260
47261
47262
47264
47265
47266
47267
47268
47269
47270
47271
47272
47273
47274
47275
47276
47277
47278
47279
47280
47283
47285
47286
47287
47288
47289
47290
47291
47292
47293
47294
47296
47298
47299
47300
47301
47302
47303
47304
47305
47307
47308
47309
47310
47312
47313
47315
47316
47317
47318
47319
47320
47321
47322
47324
47325
47326
47327
47329
47332
47334
47335
47336
47337
47338
47339
47340
47341
47343
47344
47345
47346
47347
47348
47349
47351
47352
47353
47354
47355
47356
47357
47358
47361
47362
47363
47364
47365
47366
47368
47370
47371
47372
47373
47374
47375
47377
47378
47380
47381
47383
47384
47386
47387
47388
47389
47391
47392
47393
47394
47396
47397
47398
47399
47402
47404
47405
47406
47407
47409
47410
47411
47412
47413
47415
47416
47417
47418
47419
47420
47421
47422
47424
47425
47426
47427
47428
47429
47431
47432
47433
47434
47435
47436
47437
47438
47439
47440
47441
47442
47443
47444
47445
47446
47448
47449
47450
47451
47452
47453
47454
47455
47456
47457
47459
47460
47461
47464
47466
47468
47470
47471
47472
47473
47474
47475
47476
47477
47478
47479
47480
47481
47482
47484
47485
47488
47491
47492
47493
47494
47495
47499
47500
47501
47502
47503
47504
47506
47507
47508
47509
47510
47511
47512
47514
47515
47517
47518
47519
47523
47524
47525
47526
47527
47528
47529
47532
47533
47534
47535
47537
47538
47539
47540
47541
47542
47543
47544
47547
47548
47550
47551
47552
47553
47554
47555
47557
47558
47559
47561
47563
47565
47566
47567
47571
47572
47573
47574
47575
47577
47578
47579
47580
47581
47584
47585
47586
47587
47588
47589
47590
47591
47592
47593
47594
47596
47597
47598
47599
47600
47601
47602
47603
47605
47608
47609
47612
47614
47616
47617
47618
47620
47621
47622
47624
47625
47626
47627
47628
47629
47630
47631
47632
47633
47634
47635
47638
47639
47640
47641
47642
47643
47644
47645
47646
47647
47648
47650
47651
47653
47654
47655
47656
47658
47659
47660
47661
47663
47664
47665
47666
47667
47668
47669
47673
47674
47675
47676
47677
47678
47680
47681
47682
47684
47685
47686
47687
47688
47690
47692
47694
47696
47697
47698
47699
47700
47701
47702
47703
47704
47705
47707
47709
47710
47711
47712
47713
47716
47717
47718
47719
47720
47721
47722
47725
47726
47727
47728
47729
47730
47731
47732
47733
47734
47736
47737
47739
47740
47741
47743
47744
47745
47746
47747
47748
47749
47750
47752
47753
47755
47756
47758
47759
47760
47763
47764
47766
47768
47769
47770
47771
47772
47773
47774
47775
47776
47777
47778
47779
47780
47781
47782
47784
47785
47786
47788
47789
47790
47791
47792
47793
47794
47795
47796
47797
47798
47799
47800
47801
47802
47804
47805
47806
47807
47808
47812
47813
47815
47816
47817
47818
47821
47822
47823
47824
47825
47826
47828
47829
47830
47831
47832
47833
47834
47835
47836
47837
47838
47839
47841
47842
47843
47846
47848
47849
47851
47852
47853
47854
47855
47856
47857
47858
47860
47861
47862
47863
47864
47865
47866
47868
47869
47870
47872
47873
47874
47875
47876
47878
47879
47880
47881
47883
47885
47887
47888
47889
47890
47891
47892
47893
47894
47895
47896
47897
47898
47900
47901
47902
47904
47905
47906
47907
47910
47911
47912
47913
47914
47915
47916
47917
47918
47919
47920
47921
47925
47927
47928
47929
47930
47931
47932
47933
47934
47935
47936
47937
47939
47940
47941
47942
47943
47944
47946
47948
47949
47952
47953
47954
47955
47956
47957
47958
47959
47960
47961
47962
47964
47965
47966
47967
47970
47971
47973
47974
47975
47976
47977
47978
47979
47980
47981
47982
47983
47984
47985
47986
47987
47988
47989
47991
47993
47994
47995
47996
47997
47999
48000
48001
48002
48003
48004
48005
48007
48008
48009
48010
48011
48013
48014
48015
48017
48018
48019
48020
48022
48023
48024
48025
48026
48028
48029
48030
48031
48032
48033
48034
48036
48037
48038
48039
48040
48041
48042
48043
48044
48047
48049
48050
48052
48053
48055
48056
48057
48058
48061
48062
48063
48064
48066
48068
48069
48070
48071
48072
48073
48074
48075
48076
48077
48078
48079
48080
48081
48082
48084
48085
48086
48088
48089
48090
48091
48092
48093
48094
48095
48097
48098
48099
48102
48103
48104
48107
48109
48110
48111
48112
48113
48114
48115
48116
48117
48118
48119
48120
48122
48124
48125
48126
48127
48129
48130
48131
48133
48134
48135
48136
48137
48138
48140
48142
48143
48144
48145
48147
48148
48149
48150
48151
48152
48153
48154
48155
48156
48157
48159
48161
48162
48163
48164
48166
48167
48168
48169
48170
48171
48172
48173
48175
48176
48177
48179
48180
48181
48183
48184
48185
48186
48187
48188
48189
48191
48192
48193
48196
48198
48199
48200
48202
48203
48204
48205
48206
48209
48210
48211
48212
48213
48215
48217
48218
48219
48220
48221
48223
48224
48227
48228
48230
48231
48232
48233
48234
48235
48236
48237
48239
48241
48242
48244
48245
48246
48248
48253
48257
48258
48260
48261
48262
48263
48264
48265
48267
48269
48270
48271
48272
48273
48274
48275
48277
48278
48279
48281
48282
48283
48285
48286
48287
48288
48289
48290
48292
48293
48294
48295
48296
48297
48298
48299
48302
48303
48304
48306
48307
48308
48309
48310
48311
48313
48315
48316
48317
48318
48319
48320
48321
48322
48323
48325
48326
48327
48328
48329
48330
48331
48332
48333
48335
48336
48337
48338
48339
48340
48342
48343
48344
48345
48346
48347
48348
48349
48350
48351
48352
48353
48354
48355
48356
48357
48358
48359
48360
48361
48363
48364
48365
48366
48367
48369
48370
48371
48372
48373
48374
48376
48377
48379
48380
48381
48382
48384
48386
48387
48389
48390
48391
48392
48393
48394
48395
48396
48397
48398
48399
48400
48401
48402
48403
48404
48406
48407
48408
48409
48410
48411
48412
48413
48416
48417
48419
48420
48421
48422
48423
48424
48427
48428
48429
48430
48431
48434
48436
48437
48438
48440
48441
48443
48444
48445
48449
48450
48451
48452
48453
48454
48455
48456
48457
48459
48460
48461
48462
48463
48467
48468
48470
48472
48473
48475
48476
48477
48478
48480
48481
48482
48483
48484
48485
48487
48489
48492
48493
48494
48495
48496
48497
48499
48500
48501
48502
48503
48504
48505
48507
48508
48509
48510
48512
48513
48515
48516
48518
48519
48520
48521
48522
48523
48524
48525
48526
48527
48528
48529
48531
48532
48534
48535
48536
48538
48539
48540
48542
48543
48544
48545
48547
48548
48549
48551
48552
48553
48554
48555
48556
48557
48559
48560
48561
48562
48563
48564
48565
48566
48567
48569
48570
48571
48572
48573
48575
48576
48577
48578
48580
48583
48584
48588
48590
48591
48592
48593
48594
48595
48596
48599
48600
48601
48603
48604
48605
48606
48607
48608
48611
48614
48621
48622
48623
48624
48625
48626
48628
48629
48630
48631
48632
48633
48634
48635
48636
48637
48638
48639
48641
48645
48646
48647
48648
48650
48651
48652
48654
48655
48656
48657
48658
48659
48660
48661
48662
48663
48664
48665
48666
48667
48668
48670
48671
48672
48673
48675
48678
48679
48680
48681
48682
48683
48684
48685
48686
48688
48689
48690
48692
48693
48694
48695
48696
48697
48698
48699
48700
48702
48703
48704
48705
48706
48707
48708
48710
48711
48713
48714
48715
48716
48717
48718
48719
48720
48721
48723
48724
48728
48729
48730
48733
48734
48735
48736
48737
48738
48739
48740
48743
48744
48745
48749
48750
48751
48752
48753
48754
48755
48756
48758
48759
48761
48762
48763
48765
48766
48767
48768
48769
48772
48773
48775
48776
48778
48779
48780
48781
48782
48784
48785
48786
48787
48788
48790
48791
48792
48793
48794
48795
48796
48797
48798
48799
48802
48804
48805
48806
48807
48808
48809
48810
48811
48812
48813
48814
48815
48816
48817
48818
48819
48820
48821
48822
48823
48824
48825
48826
48827
48829
48830
48831
48832
48833
48834
48836
48837
48839
48840
48841
48842
48844
48845
48847
48848
48849
48851
48852
48854
48855
48856
48857
48860
48861
48862
48863
48864
48865
48867
48868
48870
48872
48874
48875
48876
48877
48878
48879
48880
48881
48884
48885
48886
48887
48889
48890
48891
48892
48893
48894
48895
48896
48897
48898
48899
48901
48902
48903
48904
48905
48906
48907
48908
48909
48910
48911
48912
48913
48915
48917
48918
48919
48920
48922
48923
48924
48925
48926
48927
48928
48929
48930
48931
48934
48935
48936
48937
48939
48940
48941
48942
48943
48944
48945
48946
48947
48948
48949
48950
48952
48953
48954
48955
48956
48957
48958
48959
48960
48961
48962
48963
48964
48965
48967
48968
48970
48971
48972
48973
48975
48976
48977
48978
48979
48980
48981
48982
48983
48985
48986
48988
48989
48991
48992
48993
48994
48995
48996
48997
48998
48999
49000
49001
49002
49004
49006
49007
49008
49009
49010
49011
49012
49014
49015
49016
49017
49018
49019
49021
49023
49026
49028
49029
49031
49032
49034
49035
49036
49037
49038
49039
49040
49041
49042
49043
49044
49045
49046
49047
49048
49051
49052
49054
49055
49057
49058
49059
49060
49061
49063
49064
49065
49067
49068
49069
49070
49072
49073
49074
49075
49077
49078
49079
49080
49082
49083
49084
49086
49087
49088
49089
49091
49092
49093
49096
49097
49098
49100
49102
49103
49104
49105
49106
49107
49108
49109
49110
49112
49113
49114
49115
49117
49120
49121
49122
49123
49124
49125
49126
49128
49129
49130
49131
49132
49133
49134
49135
49136
49139
49140
49141
49142
49143
49144
49145
49146
49147
49148
49150
49151
49153
49154
49155
49156
49157
49159
49160
49161
49162
49163
49164
49165
49166
49168
49169
49170
49171
49172
49174
49175
49176
49178
49179
49180
49183
49186
49187
49188
49189
49190
49191
49192
49193
49195
49196
49197
49198
49199
49201
49202
49203
49204
49205
49207
49209
49210
49211
49212
49213
49214
49215
49216
49217
49218
49219
49220
49221
49222
49223
49224
49226
49227
49228
49229
49230
49231
49232
49234
49236
49237
49238
49239
49240
49242
49243
49244
49245
49250
49251
49252
49256
49258
49259
49260
49261
49262
49264
49265
49267
49269
49272
49273
49274
49276
49278
49279
49280
49282
49283
49284
49287
49288
49289
49291
49293
49296
49298
49299
49300
49302
49303
49304
49305
49307
49309
49310
49311
49312
49313
49314
49315
49316
49317
49318
49320
49321
49322
49324
49325
49326
49327
49328
49329
49331
49332
49333
49334
49336
49337
49338
49339
49340
49342
49343
49346
49347
49348
49349
49350
49351
49352
49354
49355
49356
49358
49359
49360
49361
49362
49363
49364
49365
49366
49367
49368
49369
49370
49371
49372
49374
49376
49378
49379
49380
49381
49382
49386
49387
49388
49389
49390
49392
49393
49394
49395
49396
49398
49399
49400
49401
49403
49405
49406
49407
49408
49409
49410
49411
49412
49414
49415
49416
49418
49419
49420
49422
49423
49424
49427
49428
49430
49431
49432
49433
49434
49435
49436
49437
49438
49439
49440
49442
49443
49444
49445
49448
49449
49450
49451
49452
49453
49454
49455
49456
49457
49458
49459
49460
49461
49462
49463
49464
49465
49466
49467
49468
49469
49470
49471
49472
49473
49475
49476
49477
49479
49480
49481
49482
49483
49484
49485
49487
49488
49490
49491
49492
49493
49494
49496
49497
49498
49499
49500
49501
49502
49503
49506
49508
49509
49511
49512
49513
49514
49515
49516
49520
49521
49522
49523
49524
49525
49526
49527
49528
49529
49530
49531
49532
49533
49534
49535
49536
49537
49539
49540
49541
49543
49544
49545
49546
49547
49548
49549
49550
49552
49553
49554
49555
49557
49558
49559
49560
49563
49564
49567
49568
49569
49570
49571
49572
49573
49574
49575
49576
49577
49578
49579
49580
49581
49582
49583
49584
49586
49587
49588
49589
49591
49592
49593
49595
49596
49597
49599
49600
49601
49602
49603
49604
49606
49607
49608
49611
49612
49614
49616
49617
49618
49619
49620
49621
49622
49623
49624
49625
49626
49629
49632
49633
49634
49635
49638
49639
49640
49644
49645
49647
49648
49649
49650
49651
49652
49653
49654
49655
49657
49658
49660
49662
49663
49664
49665
49666
49667
49668
49669
49671
49672
49673
49675
49676
49677
49678
49681
49682
49683
49684
49685
49686
49687
49691
49692
49693
49694
49695
49696
49697
49698
49699
49700
49701
49702
49703
49704
49705
49708
49709
49710
49711
49712
49713
49714
49715
49716
49717
49718
49719
49720
49721
49722
49723
49724
49725
49726
49728
49730
49731
49732
49733
49735
49738
49739
49741
49743
49744
49745
49747
49748
49749
49752
49753
49754
49755
49756
49757
49758
49759
49760
49761
49762
49764
49765
49766
49768
49769
49771
49772
49773
49774
49775
49776
49777
49779
49780
49784
49785
49787
49788
49790
49791
49792
49795
49796
49798
49799
49800
49801
49802
49804
49805
49807
49808
49809
49810
49811
49812
49813
49814
49815
49816
49820
49822
49823
49825
49826
49827
49828
49829
49830
49831
49834
49835
49836
49837
49838
49839
49840
49842
49843
49844
49845
49847
49848
49849
49850
49852
49853
49855
49857
49858
49859
49860
49863
49864
49867
49868
49869
49870
49873
49874
49875
49876
49877
49878
49879
49880
49881
49882
49883
49884
49886
49887
49889
49891
49892
49893
49895
49896
49897
49898
49899
49900
49901
49902
49904
49906
49907
49908
49909
49912
49913
49914
49915
49916
49917
49918
49919
49922
49924
49925
49926
49927
49928
49929
49930
49931
49932
49933
49934
49936
49937
49938
49939
49940
49941
49942
49943
49944
49945
49946
49947
49948
49949
49950
49952
49953
49954
49955
49956
49959
49960
49961
49963
49964
49965
49966
49967
49968
49969
49970
49971
49972
49973
49975
49976
49977
49979
49980
49982
49983
49985
49986
49987
49988
49989
49990
49991
49992
49993
49994
49995
49996
49998
50000
50001
50002
50003
50004
50005
50006
50007
50008
50009
50010
50011
50012
50013
50014
50016
50017
50018
50020
50021
50023
50024
50026
50027
50028
50029
50030
50031
50032
50033
50034
50036
50038
50039
50040
50042
50044
50045
50049
50054
50056
50057
50058
50059
50060
50061
50062
50064
50065
50066
50067
50068
50069
50072
50073
50074
50076
50077
50078
50079
50080
50081
50083
50084
50085
50087
50089
50090
50092
50093
50094
50095
50096
50098
50099
50100
50101
50103
50104
50105
50106
50107
50110
50111
50112
50113
50114
50115
50116
50118
50119
50120
50121
50123
50124
50125
50128
50129
50131
50133
50136
50137
50139
50142
50143
50147
50148
50150
50151
50152
50153
50155
50157
50158
50160
50161
50162
50163
50164
50167
50168
50169
50170
50173
50174
50175
50178
50180
50181
50183
50184
50185
50186
50187
50188
50189
50190
50191
50192
50193
50194
50195
50196
50197
50198
50199
50201
50202
50203
50204
50206
50207
50209
50210
50213
50214
50215
50216
50217
50218
50219
50220
50222
50223
50224
50225
50226
50229
50230
50231
50232
50233
50235
50236
50237
50238
50239
50240
50241
50242
50244
50245
50246
50247
50249
50250
50251
50252
50253
50254
50255
50257
50258
50260
50262
50263
50265
50266
50267
50271
50272
50273
50274
50275
50277
50279
50280
50281
50283
50284
50285
50288
50289
50291
50293
50294
50296
50297
50298
50299
50300
50301
50303
50304
50305
50307
50309
50310
50311
50315
50316
50317
50318
50319
50320
50322
50323
50324
50326
50329
50330
50331
50332
50333
50334
50335
50336
50337
50338
50340
50341
50342
50343
50344
50345
50346
50348
50349
50350
50352
50353
50354
50355
50356
50357
50358
50359
50360
50361
50364
50365
50366
50367
50368
50369
50370
50371
50372
50374
50376
50377
50379
50382
50383
50384
50385
50386
50389
50390
50391
50392
50393
50394
50395
50396
50397
50398
50399
50400
50402
50405
50406
50407
50408
50409
50414
50415
50416
50417
50418
50420
50421
50422
50423
50425
50426
50427
50428
50432
50433
50436
50437
50438
50440
50443
50444
50445
50446
50447
50448
50449
50450
50451
50452
50453
50454
50457
50459
50460
50461
50463
50464
50465
50466
50467
50468
50469
50470
50471
50472
50474
50476
50477
50479
50480
50483
50485
50486
50487
50488
50489
50490
50491
50492
50493
50494
50495
50496
50497
50499
50500
50502
50503
50504
50505
50506
50507
50508
50509
50510
50511
50514
50515
50517
50519
50520
50522
50523
50524
50525
50526
50527
50528
50529
50530
50531
50532
50534
50535
50536
50537
50538
50539
50540
50541
50542
50543
50545
50546
50547
50548
50549
50550
50551
50552
50553
50554
50555
50556
50557
50558
50559
50560
50561
50562
50563
50564
50565
50567
50568
50569
50570
50572
50573
50574
50576
50577
50578
50579
50580
50581
50582
50584
50585
50586
50588
50589
50590
50591
50592
50594
50596
50597
50599
50600
50601
50602
50603
50604
50605
50606
50607
50609
50610
50611
50612
50613
50614
50615
50617
50618
50622
50623
50624
50625
50627
50628
50629
50630
50631
50632
50633
50634
50636
50637
50638
50639
50640
50641
50642
50643
50646
50647
50648
50649
50651
50652
50653
50654
50656
50657
50658
50659
50660
50661
50662
50663
50664
50665
50666
50667
50668
50669
50671
50675
50677
50679
50680
50681
50683
50687
50688
50689
50690
50691
50692
50693
50695
50696
50697
50698
50700
50701
50702
50703
50704
50706
50707
50710
50713
50714
50715
50716
50717
50718
50719
50720
50721
50723
50724
50725
50726
50727
50728
50729
50730
50731
50732
50733
50734
50735
50736
50737
50738
50741
50742
50743
50744
50745
50746
50747
50748
50749
50750
50752
50753
50755
50756
50757
50760
50763
50764
50765
50766
50767
50768
50769
50772
50774
50775
50776
50778
50779
50780
50782
50783
50785
50786
50788
50789
50791
50792
50793
50794
50795
50796
50799
50800
50802
50803
50804
50805
50806
50807
50808
50809
50812
50813
50814
50815
50817
50818
50819
50820
50821
50823
50824
50826
50827
50829
50831
50832
50833
50834
50836
50837
50838
50839
50841
50842
50844
50845
50846
50848
50849
50850
50852
50853
50854
50855
50856
50857
50858
50859
50861
50862
50863
50864
50865
50866
50867
50869
50870
50871
50872
50873
50875
50876
50877
50879
50881
50882
50884
50885
50889
50890
50891
50892
50893
50894
50895
50897
50900
50901
50902
50903
50904
50906
50907
50910
50912
50913
50914
50915
50918
50919
50920
50921
50922
50923
50925
50927
50928
50930
50931
50932
50933
50934
50935
50936
50937
50938
50939
50941
50943
50945
50946
50947
50949
50950
50951
50952
50953
50954
50955
50956
50957
50958
50959
50960
50963
50965
50966
50967
50968
50970
50971
50972
50973
50975
50976
50977
50979
50980
50981
50982
50983
50984
50985
50986
50987
50988
50989
50990
50991
50992
50993
50994
50996
50997
50998
51000
51001
51002
51004
51005
51006
51008
51009
51010
51011
51012
51013
51014
51015
51016
51018
51020
51021
51024
51025
51026
51027
51028
51030
51031
51032
51033
51034
51035
51036
51037
51038
51039
51040
51041
51042
51043
51044
51046
51047
51048
51049
51051
51052
51053
51054
51056
51057
51058
51059
51060
51062
51063
51065
51067
51068
51069
51070
51071
51072
51073
51074
51075
51076
51077
51078
51079
51080
51081
51083
51085
51086
51087
51088
51089
51090
51092
51093
51098
51099
51101
51102
51103
51104
51105
51106
51110
51111
51112
51113
51114
51116
51117
51118
51119
51121
51123
51127
51128
51129
51135
51136
51137
51138
51139
51140
51141
51142
51144
51145
51147
51148
51149
51151
51152
51154
51155
51157
51158
51159
51160
51161
51162
51163
51164
51165
51166
51168
51169
51171
51172
51175
51177
51178
51179
51180
51181
51182
51183
51184
51185
51186
51187
51188
51189
51190
51191
51192
51193
51194
51197
51198
51199
51201
51202
51203
51204
51205
51206
51207
51209
51211
51212
51214
51215
51216
51217
51218
51219
51220
51221
51223
51224
51225
51227
51228
51229
51230
51231
51234
51237
51238
51239
51240
51241
51242
51243
51245
51247
51248
51252
51253
51254
51255
51256
51257
51258
51260
51262
51266
51268
51269
51270
51272
51273
51274
51275
51276
51277
51278
51279
51280
51281
51282
51283
51284
51285
51286
51287
51290
51292
51293
51297
51299
51300
51301
51302
51303
51304
51307
51308
51309
51310
51311
51313
51314
51315
51316
51317
51319
51320
51322
51323
51324
51325
51326
51328
51331
51332
51333
51334
51336
51337
51338
51339
51340
51342
51343
51344
51345
51346
51347
51348
51350
51351
51352
51353
51354
51355
51356
51357
51358
51359
51360
51362
51364
51365
51366
51368
51369
51372
51373
51375
51376
51378
51379
51380
51381
51382
51383
51386
51387
51388
51389
51390
51392
51393
51394
51397
51398
51399
51400
51401
51403
51404
51405
51407
51409
51411
51412
51413
51414
51415
51416
51418
51420
51422
51424
51425
51426
51427
51428
51429
51430
51431
51432
51433
51435
51436
51439
51441
51442
51443
51444
51446
51448
51449
51450
51451
51453
51454
51455
51456
51457
51458
51459
51460
51461
51463
51464
51465
51468
51469
51470
51472
51473
51474
51476
51479
51480
51481
51482
51483
51484
51485
51486
51487
51488
51491
51492
51493
51494
51495
51496
51498
51499
51501
51502
51503
51505
51507
51509
51510
51512
51513
51514
51515
51516
51518
51519
51520
51522
51524
51525
51527
51529
51532
51533
51534
51535
51536
51538
51539
51541
51542
51543
51544
51545
51546
51548
51549
51553
51554
51556
51558
51559
51560
51561
51563
51564
51566
51568
51569
51570
51571
51572
51573
51574
51575
51576
51577
51578
51579
51580
51581
51582
51583
51584
51586
51587
51588
51590
51591
51592
51594
51595
51596
51598
51599
51600
51601
51602
51603
51604
51605
51607
51609
51610
51611
51612
51614
51615
51616
51618
51619
51620
51621
51623
51624
51625
51626
51627
51629
51630
51631
51632
51633
51635
51636
51637
51638
51640
51641
51642
51644
51646
51648
51650
51651
51652
51654
51656
51657
51658
51659
51660
51661
51662
51663
51664
51665
51666
51667
51668
51669
51670
51671
51672
51673
51674
51675
51676
51679
51680
51681
51682
51683
51686
51688
51689
51690
51691
51692
51693
51694
51695
51696
51698
51700
51701
51703
51704
51705
51710
51711
51712
51713
51714
51715
51716
51717
51718
51719
51721
51722
51723
51726
51727
51728
51729
51730
51731
51733
51734
51735
51737
51738
51739
51740
51741
51742
51743
51744
51745
51746
51747
51748
51749
51752
51754
51755
51756
51759
51761
51762
51763
51764
51765
51766
51769
51770
51772
51773
51774
51775
51776
51777
51779
51780
51781
51782
51783
51784
51785
51786
51790
51791
51792
51795
51796
51797
51799
51800
51802
51803
51804
51807
51808
51809
51810
51811
51812
51814
51815
51816
51817
51819
51820
51821
51822
51824
51826
51827
51830
51831
51832
51833
51835
51836
51838
51839
51840
51841
51842
51844
51846
51849
51850
51851
51852
51853
51854
51855
51856
51857
51859
51860
51861
51862
51863
51864
51865
51866
51868
51869
51871
51873
51874
51875
51876
51877
51878
51879
51880
51881
51882
51883
51885
51886
51887
51888
51889
51890
51891
51892
51893
51894
51895
51896
51898
51899
51900
51901
51902
51903
51904
51905
51906
51907
51908
51909
51910
51911
51913
51915
51916
51917
51918
51919
51920
51922
51923
51924
51925
51926
51927
51928
51929
51930
51931
51932
51933
51934
51935
51936
51937
51938
51939
51940
51941
51943
51944
51945
51946
51947
51948
51950
51952
51953
51954
51955
51957
51958
51959
51960
51961
51964
51965
51967
51968
51969
51971
51972
51973
51974
51976
51977
51978
51979
51981
51982
51983
51984
51985
51988
51989
51990
51993
51994
51996
51997
51998
52000
52001
52003
52004
52005
52006
52007
52008
52009
52010
52011
52012
52013
52014
52015
52016
52017
52018
52019
52020
52021
52022
52023
52024
52026
52028
52031
52032
52033
52034
52035
52036
52037
52038
52039
52040
52041
52042
52043
52044
52045
52046
52047
52048
52049
52050
52051
52053
52055
52057
52058
52059
52060
52061
52062
52063
52065
52066
52067
52068
52070
52071
52072
52074
52075
52077
52078
52079
52080
52081
52082
52084
52085
52086
52088
52089
52091
52092
52094
52096
52097
52098
52099
52100
52101
52105
52108
52110
52112
52113
52115
52116
52117
52118
52119
52120
52121
52122
52123
52124
52125
52126
52127
52128
52129
52130
52131
52132
52133
52136
52137
52138
52139
52140
52141
52142
52144
52145
52146
52148
52149
52150
52151
52152
52153
52154
52155
52157
52159
52160
52162
52165
52166
52167
52168
52169
52170
52172
52173
52174
52175
52176
52178
52179
52180
52181
52182
52183
52184
52186
52187
52188
52189
52190
52191
52192
52193
52194
52195
52197
52199
52200
52201
52202
52204
52206
52207
52208
52209
52210
52211
52212
52213
52214
52215
52216
52217
52218
52219
52220
52221
52222
52223
52225
52226
52227
52228
52230
52231
52232
52233
52234
52236
52237
52239
52240
52242
52243
52246
52247
52250
52251
52253
52254
52255
52256
52257
52259
52261
52262
52263
52264
52265
52266
52267
52268
52269
52270
52271
52272
52274
52275
52277
52278
52279
52280
52285
52287
52288
52289
52290
52291
52293
52294
52295
52297
52298
52299
52300
52302
52303
52304
52305
52307
52308
52309
52310
52311
52312
52315
52316
52317
52318
52321
52322
52324
52325
52326
52327
52328
52329
52330
52331
52332
52335
52336
52337
52338
52339
52340
52341
52342
52343
52344
52346
52347
52348
52349
52351
52352
52353
52354
52355
52356
52358
52359
52361
52363
52365
52367
52368
52369
52371
52372
52373
52374
52377
52379
52380
52381
52383
52385
52386
52387
52388
52390
52391
52392
52393
52394
52395
52396
52397
52398
52400
52401
52402
52404
52405
52406
52408
52409
52410
52411
52412
52413
52415
52416
52417
52419
52421
52422
52423
52424
52425
52426
52428
52429
52433
52434
52436
52437
52438
52439
52440
52441
52443
52444
52445
52446
52447
52448
52449
52450
52451
52452
52453
52455
52456
52457
52458
52459
52461
52462
52464
52465
52467
52468
52469
52470
52471
52473
52474
52475
52476
52477
52478
52479
52480
52481
52482
52483
52485
52486
52487
52488
52489
52490
52492
52493
52494
52496
52497
52498
52499
52500
52501
52502
52503
52506
52507
52508
52509
52510
52511
52513
52514
52515
52516
52517
52518
52519
52521
52522
52524
52525
52527
52531
52534
52536
52538
52540
52541
52542
52543
52546
52547
52548
52549
52551
52553
52554
52555
52556
52557
52559
52560
52561
52562
52563
52564
52565
52566
52567
52568
52570
52571
52573
52574
52575
52576
52579
52581
52582
52584
52587
52588
52589
52590
52591
52592
52593
52594
52595
52596
52601
52602
52603
52604
52606
52608
52609
52610
52611
52612
52614
52615
52616
52617
52618
52620
52621
52622
52623
52624
52625
52628
52629
52632
52634
52635
52636
52637
52638
52640
52641
52642
52643
52644
52645
52647
52648
52651
52652
52653
52654
52655
52657
52658
52659
52660
52662
52663
52664
52665
52666
52667
52668
52669
52670
52671
52673
52674
52675
52676
52677
52678
52679
52680
52681
52682
52684
52685
52686
52687
52688
52689
52691
52692
52693
52694
52695
52696
52698
52699
52701
52703
52706
52707
52709
52710
52711
52712
52713
52714
52715
52720
52721
52722
52723
52724
52725
52726
52727
52729
52730
52731
52732
52733
52734
52735
52736
52738
52739
52740
52741
52742
52743
52744
52745
52746
52747
52748
52749
52750
52751
52752
52753
52754
52755
52756
52757
52758
52759
52760
52761
52762
52763
52764
52765
52766
52767
52771
52773
52774
52775
52776
52777
52778
52779
52780
52782
52783
52784
52785
52786
52787
52788
52789
52790
52791
52794
52795
52796
52797
52798
52801
52802
52805
52808
52809
52810
52811
52812
52813
52814
52815
52816
52817
52818
52819
52820
52821
52822
52823
52824
52825
52826
52827
52828
52829
52830
52831
52832
52833
52834
52835
52836
52837
52838
52839
52840
52842
52843
52845
52846
52847
52848
52850
52851
52852
52853
52854
52855
52856
52857
52858
52859
52860
52861
52862
52863
52864
52865
52866
52867
52868
52870
52871
52876
52877
52878
52879
52883
52886
52887
52889
52891
52893
52894
52895
52896
52897
52898
52899
52900
52901
52902
52903
52904
52906
52907
52908
52910
52912
52913
52914
52915
52916
52917
52919
52920
52922
52923
52924
52925
52926
52927
52928
52929
52931
52932
52933
52934
52935
52936
52938
52939
52940
52941
52942
52943
52944
52945
52946
52947
52948
52949
52950
52951
52953
52954
52956
52957
52958
52960
52961
52962
52963
52964
52965
52966
52967
52968
52969
52970
52971
52972
52973
52975
52976
52977
52979
52980
52981
52983
52984
52985
52986
52990
52991
52992
52993
52994
52995
52996
53000
53001
53002
53003
53004
53005
53006
53007
53009
53010
53012
53013
53014
53015
53016
53017
53018
53019
53020
53021
53022
53023
53024
53026
53027
53030
53031
53032
53033
53036
53037
53038
53039
53040
53041
53042
53044
53045
53046
53048
53049
53050
53052
53053
53057
53058
53060
53062
53063
53064
53066
53067
53069
53070
53071
53072
53073
53074
53075
53076
53078
53079
53080
53081
53082
53083
53084
53085
53086
53087
53088
53089
53090
53092
53093
53095
53096
53098
53099
53100
53101
53102
53103
53104
53105
53106
53107
53108
53109
53110
53111
53112
53113
53114
53115
53116
53117
53118
53119
53121
53122
53123
53125
53126
53127
53130
53132
53133
53136
53137
53138
53139
53140
53141
53142
53145
53146
53147
53148
53149
53150
53153
53155
53156
53157
53158
53159
53160
53161
53162
53163
53164
53166
53167
53169
53170
53171
53172
53174
53175
53176
53177
53178
53179
53180
53181
53184
53185
53187
53188
53189
53192
53193
53194
53196
53198
53199
53201
53203
53204
53205
53206
53207
53208
53209
53211
53213
53215
53217
53218
53220
53221
53222
53223
53224
53226
53227
53228
53230
53231
53232
53233
53234
53235
53236
53237
53238
53239
53240
53241
53243
53244
53245
53246
53247
53251
53253
53254
53255
53256
53257
53258
53259
53260
53261
53264
53265
53266
53267
53269
53270
53271
53272
53274
53275
53276
53277
53278
53280
53281
53282
53283
53286
53287
53289
53290
53292
53293
53294
53295
53296
53297
53298
53300
53301
53302
53303
53304
53306
53307
53309
53310
53312
53313
53315
53316
53317
53318
53319
53320
53321
53322
53324
53325
53326
53327
53328
53330
53331
53332
53334
53336
53340
53341
53342
53343
53344
53345
53347
53349
53350
53353
53354
53355
53356
53358
53359
53360
53361
53362
53363
53364
53365
53367
53374
53376
53378
53379
53380
53381
53383
53384
53385
53387
53390
53391
53392
53394
53395
53396
53398
53399
53400
53402
53403
53404
53405
53407
53409
53412
53414
53415
53416
53417
53418
53419
53420
53423
53424
53427
53428
53429
53432
53434
53435
53436
53437
53438
53439
53440
53441
53442
53443
53444
53447
53448
53449
53450
53451
53452
53453
53454
53456
53457
53458
53459
53461
53462
53463
53464
53466
53469
53470
53472
53474
53475
53476
53477
53478
53479
53481
53482
53483
53484
53485
53486
53488
53489
53490
53492
53493
53494
53495
53496
53497
53498
53499
53501
53503
53504
53507
53508
53509
53510
53511
53512
53513
53516
53517
53518
53519
53521
53524
53525
53526
53527
53528
53530
53531
53532
53533
53534
53535
53536
53537
53538
53539
53540
53541
53543
53546
53547
53549
53550
53551
53555
53556
53557
53558
53559
53560
53561
53562
53564
53566
53567
53568
53569
53570
53571
53572
53573
53574
53575
53576
53577
53578
53579
53580
53582
53583
53584
53585
53586
53589
53590
53591
53593
53595
53596
53597
53598
53600
53601
53602
53604
53605
53606
53609
53610
53611
53612
53613
53615
53616
53617
53618
53621
53622
53624
53625
53626
53627
53630
53631
53632
53635
53636
53637
53639
53640
53642
53643
53644
53645
53646
53648
53650
53653
53654
53655
53656
53659
53660
53661
53662
53663
53665
53666
53667
53668
53670
53671
53672
53673
53674
53675
53676
53677
53678
53679
53681
53682
53683
53684
53685
53686
53687
53688
53690
53692
53695
53696
53697
53698
53699
53700
53702
53703
53705
53706
53708
53709
53712
53715
53717
53718
53719
53720
53721
53722
53723
53724
53725
53727
53729
53730
53732
53733
53734
53736
53738
53739
53740
53744
53745
53746
53747
53749
53750
53751
53753
53754
53755
53757
53759
53760
53761
53762
53763
53764
53765
53766
53767
53768
53769
53770
53772
53773
53774
53775
53776
53778
53779
53780
53781
53782
53783
53784
53785
53786
53787
53788
53789
53790
53791
53792
53793
53794
53795
53797
53798
53800
53802
53803
53805
53806
53808
53809
53810
53811
53812
53813
53815
53817
53818
53820
53822
53823
53824
53825
53826
53828
53829
53830
53832
53834
53835
53836
53837
53838
53839
53840
53843
53844
53845
53846
53847
53848
53850
53851
53852
53853
53855
53858
53859
53860
53861
53862
53863
53864
53865
53866
53867
53868
53871
53873
53874
53876
53877
53878
53879
53880
53881
53882
53884
53885
53886
53887
53888
53889
53890
53893
53895
53897
53898
53899
53900
53901
53902
53903
53904
53905
53906
53907
53908
53912
53913
53914
53915
53916
53919
53922
53923
53924
53925
53926
53927
53928
53929
53930
53931
53933
53934
53935
53936
53937
53938
53939
53940
53941
53942
53943
53945
53946
53951
53952
53953
53954
53955
53959
53960
53961
53962
53963
53964
53966
53967
53968
53969
53970
53971
53973
53974
53975
53976
53977
53979
53980
53981
53982
53983
53984
53985
53987
53989
53990
53991
53992
53993
53995
53996
53997
53998
54000
54001
54002
54003
54004
54005
54006
54008
54009
54010
54011
54013
54014
54015
54017
54018
54020
54022
54024
54025
54026
54027
54028
54029
54030
54031
54032
54033
54034
54035
54037
54038
54039
54040
54042
54043
54044
54045
54046
54047
54048
54049
54050
54051
54052
54053
54055
54056
54057
54059
54060
54061
54063
54065
54066
54067
54070
54072
54073
54074
54076
54078
54079
54080
54081
54082
54083
54084
54085
54086
54087
54088
54089
54090
54091
54092
54093
54094
54095
54097
54098
54099
54100
54102
54103
54105
54107
54108
54109
54111
54112
54113
54114
54115
54116
54117
54118
54119
54120
54121
54124
54125
54126
54127
54129
54130
54131
54132
54133
54134
54135
54136
54137
54138
54139
54140
54141
54142
54143
54144
54145
54147
54149
54150
54152
54154
54155
54156
54157
54158
54159
54163
54164
54165
54166
54168
54170
54172
54173
54174
54176
54177
54181
54182
54183
54184
54185
54186
54187
54188
54189
54190
54195
54197
54198
54199
54200
54201
54202
54203
54204
54205
54206
54207
54208
54209
54210
54211
54214
54215
54216
54217
54218
54219
54220
54221
54222
54223
54225
54226
54227
54229
54230
54231
54232
54233
54234
54235
54236
54237
54238
54239
54240
54241
54242
54243
54244
54245
54247
54248
54249
54250
54251
54252
54253
54254
54255
54256
54257
54258
54259
54260
54261
54262
54263
54264
54265
54266
54267
54268
54269
54270
54272
54275
54276
54277
54278
54279
54284
54285
54286
54287
54288
54289
54290
54292
54293
54294
54295
54296
54297
54299
54302
54304
54306
54307
54308
54309
54310
54311
54312
54313
54314
54315
54318
54319
54320
54321
54322
54323
54324
54325
54326
54327
54329
54331
54332
54333
54334
54335
54337
54338
54339
54340
54341
54342
54343
54344
54348
54350
54351
54353
54354
54356
54358
54359
54360
54361
54362
54363
54365
54366
54367
54368
54369
54372
54374
54375
54376
54377
54378
54379
54380
54381
54383
54384
54385
54386
54388
54389
54390
54391
54392
54393
54394
54395
54396
54397
54398
54399
54401
54402
54403
54406
54407
54408
54409
54410
54412
54414
54415
54416
54417
54418
54419
54420
54422
54424
54425
54427
54429
54430
54431
54432
54433
54434
54437
54438
54439
54440
54441
54445
54446
54447
54451
54452
54454
54455
54457
54458
54459
54460
54461
54462
54463
54465
54466
54467
54469
54470
54472
54473
54474
54475
54476
54477
54481
54483
54484
54485
54487
54488
54489
54491
54493
54494
54495
54497
54498
54499
54500
54502
54504
54505
54507
54508
54509
54510
54511
54512
54513
54515
54517
54518
54519
54520
54521
54522
54523
54524
54525
54526
54527
54528
54529
54531
54533
54534
54535
54536
54537
54538
54539
54541
54542
54546
54547
54550
54551
54552
54554
54555
54556
54557
54558
54559
54561
54562
54563
54565
54566
54567
54568
54569
54570
54571
54572
54573
54574
54576
54577
54578
54581
54582
54583
54584
54585
54586
54587
54588
54589
54590
54591
54592
54593
54594
54595
54596
54597
54598
54599
54600
54601
54602
54603
54604
54605
54607
54608
54611
54612
54613
54614
54615
54616
54617
54619
54621
54622
54623
54624
54625
54627
54628
54630
54631
54633
54634
54638
54639
54640
54641
54642
54644
54645
54646
54647
54648
54649
54651
54653
54654
54656
54657
54659
54660
54664
54665
54667
54668
54669
54670
54671
54674
54675
54676
54677
54678
54679
54680
54681
54682
54683
54684
54685
54686
54687
54688
54691
54693
54694
54695
54698
54699
54700
54702
54703
54704
54705
54706
54707
54708
54709
54712
54713
54714
54716
54717
54718
54719
54720
54722
54723
54726
54730
54731
54732
54733
54734
54737
54738
54740
54741
54743
54744
54745
54746
54748
54749
54750
54751
54752
54753
54754
54755
54756
54757
54758
54759
54761
54762
54763
54764
54765
54766
54768
54769
54770
54771
54774
54775
54776
54777
54778
54779
54781
54782
54784
54786
54788
54789
54790
54791
54792
54793
54794
54795
54796
54797
54798
54799
54800
54802
54803
54804
54805
54808
54810
54811
54812
54813
54814
54816
54817
54818
54820
54823
54824
54826
54827
54830
54831
54832
54834
54835
54838
54840
54842
54843
54845
54846
54848
54851
54853
54854
54855
54856
54858
54859
54860
54861
54862
54863
54864
54865
54866
54867
54869
54871
54872
54873
54874
54875
54876
54877
54878
54879
54880
54881
54882
54883
54884
54885
54886
54887
54889
54890
54891
54892
54893
54894
54895
54896
54897
54898
54900
54902
54903
54904
54906
54907
54908
54909
54911
54912
54916
54917
54919
54920
54921
54922
54923
54925
54926
54929
54930
54931
54932
54933
54934
54935
54936
54938
54939
54940
54941
54942
54944
54945
54946
54947
54949
54951
54952
54953
54954
54955
54958
54960
54961
54962
54963
54964
54965
54966
54967
54968
54969
54971
54972
54975
54976
54977
54978
54980
54982
54983
54984
54985
54986
54987
54988
54989
54990
54991
54992
54993
54994
54995
54996
54997
54998
54999
55000
55002
55006
55007
55008
55010
55012
55014
55015
55016
55017
55018
55019
55020
55021
55022
55023
55024
55025
55026
55027
55029
55030
55031
55032
55033
55034
55036
55037
55038
55039
55042
55045
55046
55047
55048
55049
55054
55055
55056
55060
55061
55062
55064
55065
55066
55067
55068
55069
55070
55071
55073
55074
55075
55076
55078
55079
55080
55081
55082
55083
55084
55085
55087
55088
55089
55090
55091
55092
55094
55097
55098
55099
55100
55101
55102
55104
55106
55108
55110
55111
55112
55113
55115
55116
55117
55119
55120
55121
55122
55123
55124
55125
55126
55127
55129
55130
55131
55132
55134
55135
55136
55138
55139
55140
55141
55142
55143
55144
55146
55147
55148
55149
55150
55151
55152
55153
55154
55155
55156
55157
55158
55160
55161
55162
55163
55164
55165
55167
55168
55169
55170
55171
55172
55173
55174
55175
55176
55178
55179
55180
55181
55182
55185
55186
55188
55189
55190
55195
55196
55197
55198
55199
55200
55201
55203
55204
55205
55207
55208
55209
55210
55211
55212
55213
55214
55217
55218
55219
55220
55221
55222
55223
55224
55225
55226
55227
55229
55232
55233
55234
55235
55236
55237
55238
55240
55241
55243
55244
55245
55247
55248
55249
55250
55251
55252
55253
55254
55256
55257
55258
55259
55260
55261
55262
55266
55267
55268
55270
55271
55272
55273
55274
55275
55276
55277
55278
55279
55281
55283
55284
55287
55288
55289
55290
55292
55293
55294
55296
55298
55299
55300
55304
55305
55306
55307
55308
55310
55311
55312
55313
55314
55315
55316
55317
55318
55319
55320
55321
55322
55323
55324
55325
55327
55328
55330
55331
55332
55333
55334
55335
55336
55337
55338
55339
55341
55343
55344
55345
55346
55347
55348
55349
55350
55351
55352
55353
55354
55355
55357
55358
55359
55360
55361
55362
55363
55365
55367
55368
55369
55370
55372
55373
55374
55375
55376
55377
55378
55379
55380
55381
55382
55383
55384
55385
55386
55387
55391
55394
55396
55397
55398
55399
55400
55401
55402
55403
55404
55406
55407
55408
55409
55410
55411
55414
55415
55416
55417
55418
55419
55420
55421
55422
55423
55424
55425
55426
55428
55429
55431
55432
55434
55435
55436
55437
55438
55439
55440
55441
55442
55444
55445
55447
55448
55450
55451
55452
55454
55455
55456
55459
55460
55461
55462
55463
55464
55465
55468
55471
55472
55473
55474
55475
55476
55477
55478
55479
55482
55483
55484
55487
55488
55489
55490
55491
55492
55493
55495
55497
55499
55500
55501
55503
55506
55507
55508
55509
55510
55511
55512
55513
55521
55523
55525
55527
55528
55529
55530
55531
55534
55535
55536
55540
55541
55543
55544
55545
55546
55548
55549
55551
55552
55553
55555
55557
55558
55559
55560
55561
55562
55563
55564
55565
55566
55569
55570
55571
55572
55573
55574
55575
55577
55579
55580
55581
55582
55584
55586
55587
55588
55590
55591
55592
55593
55594
55599
55600
55601
55602
55603
55605
55606
55609
55610
55611
55613
55615
55616
55618
55619
55620
55622
55623
55624
55625
55626
55627
55628
55630
55632
55635
55636
55637
55639
55640
55643
55645
55646
55647
55648
55649
55652
55654
55655
55656
55657
55658
55661
55662
55664
55665
55666
55667
55668
55670
55671
55672
55673
55675
55676
55677
55678
55680
55681
55682
55683
55684
55685
55686
55687
55688
55689
55690
55691
55692
55693
55694
55697
55698
55699
55700
55702
55703
55704
55705
55707
55708
55709
55710
55712
55713
55715
55716
55717
55718
55721
55722
55723
55724
55725
55727
55729
55730
55733
55734
55735
55736
55737
55739
55740
55742
55743
55744
55745
55746
55747
55748
55749
55750
55751
55752
55753
55755
55761
55762
55763
55764
55765
55767
55769
55771
55773
55774
55775
55776
55778
55779
55780
55781
55782
55783
55784
55786
55787
55788
55789
55790
55791
55792
55793
55796
55797
55798
55799
55800
55801
55802
55803
55804
55805
55806
55807
55808
55809
55810
55811
55812
55813
55814
55815
55816
55818
55821
55822
55823
55824
55825
55826
55827
55829
55831
55832
55833
55834
55838
55842
55844
55845
55848
55849
55851
55853
55854
55855
55856
55857
55860
55864
55865
55866
55867
55868
55869
55871
55872
55873
55874
55876
55877
55878
55879
55881
55882
55883
55884
55885
55890
55891
55893
55894
55896
55897
55899
55901
55902
55903
55905
55906
55911
55913
55914
55915
55917
55918
55919
55921
55922
55924
55925
55926
55927
55928
55929
55930
55931
55932
55933
55934
55935
55936
55938
55940
55941
55942
55943
55944
55945
55946
55947
55948
55949
55950
55952
55953
55954
55955
55956
55957
55958
55959
55960
55961
55963
55964
55965
55968
55969
55971
55972
55974
55975
55976
55977
55979
55980
55981
55982
55983
55985
55988
55989
55991
55992
55993
55994
55997
55998
56000
56001
56002
56003
56004
56006
56008
56009
56010
56011
56012
56014
56017
56018
56021
56024
56027
56028
56030
56031
56034
56035
56036
56037
56039
56040
56041
56042
56044
56045
56046
56047
56048
56051
56053
56054
56055
56056
56057
56059
56060
56062
56063
56064
56065
56066
56067
56068
56071
56072
56073
56074
56075
56076
56077
56078
56079
56080
56081
56082
56084
56086
56087
56088
56091
56092
56093
56094
56095
56096
56097
56098
56099
56102
56105
56106
56107
56108
56109
56111
56113
56114
56115
56118
56119
56120
56124
56127
56128
56129
56130
56132
56133
56135
56136
56138
56139
56140
56141
56142
56143
56144
56145
56146
56147
56148
56149
56150
56152
56153
56154
56155
56156
56157
56160
56161
56162
56163
56164
56165
56166
56167
56168
56169
56171
56172
56173
56174
56175
56176
56177
56178
56179
56180
56181
56182
56183
56184
56187
56189
56191
56193
56194
56195
56197
56198
56199
56200
56201
56202
56204
56205
56207
56209
56212
56214
56216
56219
56221
56222
56225
56227
56228
56229
56232
56235
56236
56238
56239
56240
56241
56243
56245
56246
56248
56250
56251
56252
56253
56254
56255
56256
56257
56259
56260
56261
56262
56263
56264
56265
56266
56267
56268
56269
56270
56271
56273
56274
56275
56276
56277
56278
56279
56280
56281
56283
56284
56285
56286
56289
56290
56291
56292
56293
56295
56296
56298
56299
56300
56301
56303
56304
56306
56307
56308
56310
56312
56313
56314
56315
56316
56317
56319
56320
56321
56322
56323
56324
56325
56326
56327
56328
56330
56331
56332
56335
56339
56340
56341
56342
56343
56346
56348
56349
56350
56351
56352
56353
56354
56355
56356
56357
56358
56360
56363
56364
56366
56367
56368
56369
56370
56371
56372
56373
56374
56376
56377
56378
56380
56383
56384
56385
56386
56387
56390
56391
56392
56393
56394
56395
56396
56397
56398
56399
56400
56402
56403
56404
56405
56406
56407
56409
56410
56411
56412
56415
56416
56419
56421
56422
56424
56425
56426
56427
56428
56430
56433
56434
56435
56436
56437
56438
56439
56440
56441
56442
56443
56445
56446
56448
56449
56450
56451
56452
56453
56454
56455
56456
56458
56459
56460
56461
56462
56464
56465
56466
56467
56468
56470
56471
56472
56473
56475
56476
56477
56478
56480
56481
56482
56485
56486
56488
56489
56490
56491
56492
56493
56495
56496
56497
56498
56501
56502
56504
56506
56507
56508
56509
56510
56511
56512
56513
56514
56518
56519
56521
56523
56525
56526
56527
56532
56533
56534
56535
56536
56538
56539
56540
56541
56542
56543
56545
56546
56547
56548
56550
56551
56552
56553
56554
56555
56556
56557
56558
56559
56562
56564
56565
56566
56568
56569
56570
56571
56574
56576
56577
56578
56579
56581
56584
56586
56587
56590
56591
56593
56594
56595
56596
56597
56598
56599
56602
56603
56604
56606
56608
56610
56612
56613
56614
56617
56618
56620
56623
56624
56627
56628
56630
56631
56632
56633
56634
56636
56637
56638
56640
56641
56643
56644
56647
56648
56649
56650
56652
56653
56656
56657
56658
56659
56660
56662
56663
56665
56667
56668
56670
56671
56672
56673
56674
56675
56677
56678
56679
56680
56681
56682
56684
56685
56686
56687
56688
56689
56690
56691
56692
56693
56695
56696
56697
56698
56699
56700
56701
56702
56703
56704
56705
56707
56708
56710
56711
56712
56713
56714
56715
56716
56718
56720
56721
56723
56724
56725
56726
56727
56728
56729
56730
56731
56732
56733
56735
56736
56738
56740
56741
56742
56743
56744
56745
56746
56747
56748
56749
56750
56751
56753
56754
56755
56756
56757
56758
56759
56760
56761
56763
56764
56767
56768
56769
56771
56772
56773
56774
56775
56776
56778
56779
56780
56784
56785
56786
56791
56793
56794
56795
56796
56797
56799
56800
56801
56804
56805
56807
56808
56812
56814
56815
56816
56819
56820
56821
56822
56826
56827
56829
56830
56832
56833
56834
56835
56837
56838
56839
56840
56843
56845
56847
56848
56851
56852
56855
56856
56857
56858
56859
56860
56861
56862
56867
56868
56870
56871
56872
56873
56874
56876
56877
56879
56881
56885
56886
56887
56888
56890
56891
56892
56893
56894
56896
56897
56899
56900
56902
56903
56904
56905
56906
56907
56909
56910
56911
56912
56913
56914
56915
56916
56917
56919
56920
56921
56922
56923
56924
56925
56928
56929
56930
56931
56932
56933
56934
56936
56937
56940
56941
56943
56944
56945
56946
56948
56949
56950
56952
56953
56954
56956
56957
56958
56959
56960
56961
56962
56963
56964
56965
56966
56968
56970
56972
56973
56974
56975
56976
56977
56978
56980
56981
56984
56985
56986
56987
56989
56991
56992
56994
56995
56996
56997
56999
57000
57002
57003
57004
57006
57009
57010
57011
57013
57014
57017
57018
57019
57020
57021
57024
57026
57027
57028
57030
57032
57035
57036
57037
57038
57039
57040
57041
57042
57043
57044
57047
57048
57049
57050
57051
57052
57053
57054
57055
57056
57057
57058
57059
57060
57061
57062
57063
57064
57065
57066
57067
57068
57069
57070
57071
57073
57074
57075
57078
57079
57080
57081
57084
57085
57087
57088
57089
57091
57094
57095
57097
57098
57099
57100
57101
57102
57104
57105
57106
57107
57108
57109
57111
57112
57114
57115
57116
57118
57119
57120
57121
57122
57123
57124
57125
57126
57127
57128
57129
57130
57131
57134
57135
57136
57138
57139
57141
57142
57143
57144
57146
57147
57148
57149
57150
57151
57152
57153
57154
57156
57157
57158
57160
57163
57164
57166
57167
57169
57170
57171
57172
57173
57174
57175
57176
57177
57178
57179
57181
57182
57183
57184
57186
57187
57189
57190
57193
57194
57195
57196
57198
57199
57200
57201
57202
57204
57205
57206
57207
57208
57212
57213
57215
57216
57217
57220
57221
57223
57224
57225
57226
57227
57229
57230
57233
57235
57236
57239
57241
57244
57246
57247
57248
57250
57253
57254
57255
57256
57259
57260
57261
57262
57263
57265
57267
57268
57269
57271
57272
57273
57274
57277
57278
57280
57281
57282
57283
57284
57285
57286
57287
57288
57289
57290
57291
57294
57295
57296
57297
57298
57300
57302
57303
57304
57305
57306
57307
57308
57309
57310
57311
57312
57313
57314
57315
57316
57319
57320
57321
57322
57324
57325
57326
57328
57329
57330
57331
57334
57335
57339
57341
57342
57343
57345
57347
57348
57350
57352
57353
57354
57355
57357
57358
57359
57360
57361
57363
57364
57365
57366
57367
57369
57370
57371
57372
57373
57374
57375
57376
57378
57380
57382
57383
57384
57386
57388
57389
57390
57391
57392
57393
57394
57396
57398
57399
57400
57401
57402
57404
57405
57406
57407
57408
57409
57410
57411
57413
57415
57416
57417
57419
57420
57421
57423
57424
57426
57427
57428
57431
57432
57433
57434
57435
57436
57438
57439
57440
57441
57442
57444
57447
57448
57449
57450
57451
57452
57453
57454
57455
57456
57457
57458
57459
57460
57461
57465
57466
57467
57468
57469
57470
57471
57472
57475
57477
57478
57479
57480
57481
57482
57483
57484
57485
57486
57487
57488
57489
57491
57492
57493
57494
57495
57496
57497
57498
57499
57500
57501
57503
57506
57507
57508
57509
57510
57511
57513
57515
57517
57518
57519
57520
57521
57522
57524
57525
57529
57530
57532
57533
57534
57535
57536
57537
57538
57539
57541
57542
57545
57547
57548
57549
57550
57551
57552
57553
57555
57556
57558
57559
57561
57563
57564
57567
57569
57570
57571
57572
57573
57574
57576
57578
57579
57580
57582
57583
57584
57585
57586
57587
57589
57590
57591
57592
57593
57595
57596
57597
57598
57599
57600
57601
57602
57603
57604
57605
57606
57607
57608
57609
57610
57611
57615
57616
57617
57618
57619
57620
57621
57622
57623
57624
57625
57626
57627
57628
57629
57631
57634
57635
57636
57637
57638
57639
57643
57644
57646
57647
57648
57649
57650
57651
57652
57653
57654
57655
57657
57658
57659
57660
57661
57663
57664
57667
57668
57669
57670
57671
57675
57677
57678
57679
57680
57681
57682
57683
57684
57685
57686
57687
57688
57689
57690
57691
57692
57694
57695
57696
57697
57698
57700
57703
57704
57705
57706
57707
57709
57710
57711
57712
57713
57714
57715
57716
57717
57720
57723
57724
57725
57726
57727
57728
57729
57731
57732
57733
57734
57735
57736
57738
57739
57740
57741
57742
57743
57744
57745
57746
57748
57749
57750
57755
57756
57757
57758
57759
57760
57761
57762
57764
57765
57766
57767
57768
57769
57772
57773
57774
57775
57778
57779
57780
57784
57785
57786
57787
57788
57790
57791
57792
57796
57797
57798
57799
57800
57802
57803
57804
57805
57806
57807
57809
57810
57811
57812
57813
57814
57815
57818
57819
57821
57822
57823
57824
57825
57831
57832
57833
57834
57835
57838
57839
57840
57841
57844
57845
57846
57848
57849
57854
57857
57858
57859
57861
57862
57863
57864
57865
57867
57868
57870
57871
57872
57873
57874
57875
57876
57878
57879
57880
57881
57882
57883
57884
57885
57886
57889
57890
57892
57893
57894
57895
57896
57898
57899
57900
57901
57902
57903
57904
57905
57906
57908
57909
57911
57912
57913
57914
57916
57918
57922
57923
57924
57925
57927
57928
57930
57932
57933
57934
57935
57937
57938
57939
57940
57943
57944
57945
57946
57947
57948
57949
57951
57952
57953
57954
57955
57956
57957
57958
57959
57960
57961
57962
57963
57964
57965
57966
57969
57970
57971
57972
57973
57975
57976
57977
57980
57981
57982
57983
57985
57986
57987
57988
57989
57990
57991
57992
57993
57994
57995
57996
57997
57998
57999
58001
58002
58003
58004
58005
58006
58007
58008
58009
58010
58011
58013
58014
58016
58017
58019
58020
58021
58022
58024
58025
58026
58027
58028
58030
58031
58032
58034
58036
58037
58038
58039
58040
58042
58044
58045
58046
58047
58048
58049
58050
58053
58055
58057
58058
58059
58063
58064
58065
58066
58068
58069
58070
58071
58074
58075
58076
58077
58078
58081
58082
58085
58086
58087
58088
58091
58093
58094
58095
58097
58098
58099
58100
58102
58103
58106
58107
58108
58110
58111
58112
58114
58115
58116
58117
58118
58120
58122
58124
58125
58126
58127
58128
58129
58130
58132
58133
58134
58135
58136
58137
58139
58140
58141
58142
58143
58144
58145
58146
58147
58150
58152
58153
58154
58155
58156
58157
58158
58159
58160
58161
58162
58163
58164
58166
58167
58168
58169
58170
58171
58172
58173
58174
58175
58176
58179
58181
58182
58183
58184
58185
58186
58187
58188
58189
58190
58191
58192
58193
58194
58195
58196
58197
58198
58199
58201
58203
58205
58206
58208
58210
58212
58213
58214
58215
58216
58217
58218
58219
58220
58221
58222
58223
58225
58227
58228
58229
58230
58231
58232
58234
58235
58236
58237
58239
58240
58242
58243
58244
58245
58246
58248
58249
58251
58252
58253
58254
58255
58256
58257
58258
58259
58260
58261
58263
58264
58265
58266
58267
58268
58270
58271
58272
58273
58274
58275
58276
58277
58278
58279
58280
58281
58282
58284
58286
58288
58289
58291
58292
58293
58295
58297
58298
58299
58300
58302
58303
58304
58305
58306
58307
58308
58309
58310
58312
58313
58314
58315
58316
58317
58318
58319
58320
58321
58323
58324
58325
58327
58328
58329
58330
58333
58334
58336
58337
58340
58341
58342
58343
58344
58345
58346
58347
58349
58350
58351
58352
58353
58354
58356
58359
58360
58361
58362
58363
58364
58366
58367
58369
58370
58371
58373
58375
58377
58378
58379
58380
58381
58382
58383
58384
58386
58387
58389
58391
58392
58393
58394
58396
58397
58398
58399
58400
58402
58404
58405
58407
58408
58409
58410
58411
58412
58413
58414
58415
58417
58418
58419
58420
58423
58424
58425
58426
58427
58428
58430
58431
58432
58433
58434
58435
58436
58437
58438
58439
58441
58442
58443
58444
58445
58446
58447
58448
58449
58451
58453
58454
58455
58456
58457
58458
58459
58460
58462
58463
58464
58467
58469
58471
58474
58475
58476
58477
58478
58480
58482
58483
58484
58486
58487
58488
58490
58491
58492
58494
58495
58496
58497
58498
58499
58500
58501
58502
58503
58507
58508
58509
58510
58511
58514
58515
58516
58517
58518
58519
58522
58523
58524
58525
58526
58527
58529
58531
58532
58533
58535
58536
58540
58541
58542
58543
58544
58546
58547
58548
58550
58552
58553
58554
58555
58556
58557
58558
58559
58560
58562
58563
58564
58565
58567
58569
58571
58572
58574
58575
58576
58577
58578
58579
58581
58582
58584
58585
58586
58587
58588
58589
58590
58591
58593
58594
58596
58597
58599
58600
58602
58603
58605
58607
58608
58609
58610
58611
58613
58614
58615
58616
58617
58618
58619
58621
58622
58623
58624
58626
58629
58630
58631
58632
58633
58634
58635
58636
58637
58638
58639
58640
58641
58643
58644
58645
58646
58647
58648
58650
58651
58652
58653
58654
58655
58656
58658
58659
58660
58662
58664
58665
58666
58668
58669
58671
58672
58673
58674
58676
58677
58678
58679
58680
58681
58683
58684
58686
58687
58688
58689
58690
58691
58692
58693
58694
58696
58697
58698
58699
58701
58702
58703
58704
58705
58706
58708
58709
58710
58712
58713
58715
58716
58717
58718
58719
58720
58721
58722
58723
58724
58725
58726
58728
58729
58730
58731
58732
58733
58734
58737
58738
58739
58740
58741
58742
58743
58744
58745
58746
58747
58751
58752
58754
58755
58756
58757
58758
58759
58760
58761
58762
58763
58764
58765
58766
58768
58769
58770
58772
58773
58774
58777
58778
58779
58780
58781
58782
58783
58784
58785
58786
58788
58790
58791
58792
58793
58794
58795
58796
58797
58798
58800
58801
58802
58803
58804
58806
58807
58809
58810
58811
58812
58814
58815
58818
58819
58824
58825
58826
58828
58831
58832
58836
58837
58839
58840
58841
58843
58844
58845
58846
58847
58848
58849
58850
58851
58852
58853
58854
58855
58857
58858
58859
58860
58861
58862
58864
58865
58866
58867
58868
58870
58871
58872
58873
58875
58876
58877
58879
58880
58881
58883
58884
58885
58886
58887
58888
58889
58890
58893
58894
58895
58897
58899
58900
58901
58903
58904
58905
58906
58907
58908
58911
58913
58914
58916
58917
58918
58919
58920
58921
58922
58923
58924
58925
58926
58927
58928
58929
58930
58932
58934
58935
58936
58938
58939
58940
58941
58943
58944
58945
58946
58948
58949
58950
58951
58953
58955
58957
58958
58959
58961
58962
58963
58964
58965
58966
58967
58971
58972
58973
58975
58976
58977
58978
58980
58981
58983
58984
58985
58986
58987
58988
58991
58993
58994
58995
58996
58998
58999
59001
59007
59009
59010
59011
59012
59014
59015
59016
59017
59018
59021
59022
59023
59024
59025
59026
59027
59028
59029
59030
59031
59033
59035
59036
59037
59038
59039
59040
59041
59042
59043
59045
59047
59048
59049
59050
59051
59052
59053
59054
59055
59056
59057
59058
59059
59060
59061
59062
59063
59064
59065
59068
59069
59070
59072
59073
59075
59076
59077
59078
59079
59080
59082
59083
59085
59086
59087
59088
59089
59090
59092
59093
59094
59096
59097
59098
59099
59100
59101
59102
59103
59105
59106
59109
59111
59112
59114
59115
59116
59118
59119
59120
59121
59124
59126
59127
59128
59130
59131
59132
59133
59135
59136
59137
59138
59140
59141
59142
59143
59144
59145
59146
59147
59148
59149
59150
59151
59152
59154
59155
59157
59158
59161
59162
59163
59165
59166
59167
59168
59169
59171
59172
59173
59174
59175
59176
59177
59178
59179
59181
59182
59183
59185
59187
59189
59190
59191
59193
59195
59196
59197
59198
59199
59200
59201
59203
59204
59205
59207
59208
59209
59210
59211
59212
59213
59214
59215
59216
59217
59218
59219
59220
59222
59224
59225
59226
59227
59228
59229
59230
59231
59232
59233
59234
59236
59237
59239
59240
59241
59242
59243
59244
59245
59246
59249
59250
59252
59253
59254
59255
59256
59257
59260
59261
59262
59263
59265
59266
59267
59268
59269
59271
59272
59273
59275
59276
59278
59280
59281
59282
59283
59284
59285
59286
59287
59288
59290
59291
59293
59294
59295
59296
59298
59299
59300
59301
59302
59304
59306
59307
59308
59309
59310
59311
59313
59314
59315
59317
59318
59319
59321
59322
59323
59324
59326
59327
59328
59329
59330
59331
59332
59334
59337
59338
59339
59341
59342
59343
59344
59345
59346
59347
59348
59349
59352
59354
59355
59356
59358
59359
59360
59361
59362
59364
59365
59367
59369
59370
59371
59372
59373
59375
59376
59378
59379
59380
59381
59382
59383
59384
59385
59386
59387
59388
59390
59391
59392
59393
59394
59395
59397
59398
59399
59400
59401
59402
59403
59404
59405
59407
59408
59410
59411
59413
59415
59417
59419
59420
59421
59422
59423
59424
59427
59428
59429
59431
59432
59433
59434
59435
59436
59437
59438
59440
59441
59442
59443
59444
59445
59446
59447
59448
59449
59450
59451
59452
59453
59454
59455
59457
59459
59460
59461
59462
59463
59465
59466
59467
59469
59470
59471
59474
59476
59477
59478
59479
59480
59481
59484
59485
59486
59487
59488
59489
59490
59491
59493
59494
59496
59498
59499
59500
59501
59502
59503
59504
59505
59506
59507
59508
59510
59511
59513
59514
59515
59516
59517
59518
59519
59521
59522
59523
59524
59525
59526
59528
59529
59531
59533
59534
59535
59536
59537
59538
59539
59540
59541
59542
59543
59544
59545
59546
59547
59548
59549
59550
59552
59554
59555
59557
59559
59560
59562
59563
59564
59566
59567
59570
59571
59574
59576
59578
59581
59582
59583
59584
59585
59589
59590
59591
59592
59593
59596
59598
59600
59601
59605
59606
59607
59608
59609
59610
59611
59612
59613
59614
59615
59616
59617
59618
59621
59622
59623
59624
59626
59627
59629
59630
59631
59632
59633
59634
59635
59636
59637
59639
59640
59641
59642
59643
59645
59646
59647
59648
59649
59650
59651
59653
59654
59656
59657
59658
59659
59661
59663
59666
59668
59669
59670
59671
59672
59673
59675
59676
59677
59678
59680
59682
59683
59684
59685
59686
59687
59689
59691
59692
59694
59695
59696
59697
59699
59700
59701
59702
59703
59704
59707
59709
59710
59711
59712
59713
59714
59716
59717
59718
59719
59720
59721
59722
59724
59725
59727
59728
59729
59731
59732
59733
59735
59736
59737
59739
59740
59741
59742
59743
59744
59745
59747
59749
59750
59752
59753
59754
59755
59756
59757
59760
59761
59765
59768
59769
59770
59771
59773
59774
59775
59778
59780
59781
59782
59783
59784
59785
59786
59788
59789
59793
59794
59795
59797
59799
59800
59801
59802
59803
59804
59805
59806
59808
59809
59810
59811
59812
59813
59814
59815
59816
59818
59819
59820
59822
59823
59824
59825
59826
59827
59828
59829
59830
59831
59833
59835
59836
59837
59839
59840
59841
59842
59844
59845
59846
59847
59848
59849
59851
59852
59853
59854
59855
59856
59857
59858
59859
59860
59865
59867
59868
59869
59870
59871
59872
59874
59875
59876
59877
59878
59879
59880
59883
59884
59885
59886
59887
59890
59891
59892
59893
59894
59895
59896
59898
59899
59900
59902
59903
59904
59905
59907
59908
59910
59911
59912
59914
59915
59917
59918
59920
59923
59924
59926
59927
59928
59929
59930
59932
59933
59934
59935
59936
59938
59939
59940
59941
59942
59943
59944
59945
59946
59948
59949
59950
59951
59952
59953
59954
59955
59956
59957
59959
59960
59961
59963
59964
59965
59966
59969
59970
59971
59975
59976
59977
59978
59980
59981
59982
59983
59984
59985
59986
59987
59988
59990
59991
59993
59994
59995
59996
59997
59998
59999
60001
60002
60003
60004
60005
60006
60008
60011
60012
60013
60014
60018
60019
60020
60022
60024
60025
60026
60027
60029
60030
60031
60032
60033
60035
60036
60037
60038
60039
60040
60041
60042
60043
60044
60045
60047
60048
60049
60051
60052
60055
60057
60059
60060
60061
60062
60063
60065
60066
60067
60068
60069
60071
60073
60074
60076
60077
60078
60081
60082
60083
60084
60085
60086
60088
60089
60090
60092
60094
60095
60097
60098
60099
60100
60101
60103
60104
60106
60108
60109
60110
60111
60112
60118
60120
60124
60125
60126
60128
60129
60130
60131
60132
60134
60135
60136
60137
60138
60139
60140
60141
60142
60143
60145
60146
60148
60150
60151
60152
60154
60155
60156
60157
60158
60159
60161
60162
60163
60165
60166
60167
60168
60170
60172
60173
60174
60175
60176
60177
60179
60180
60181
60182
60183
60184
60185
60186
60187
60188
60189
60190
60194
60195
60196
60197
60198
60199
60200
60202
60203
60204
60206
60207
60210
60211
60212
60213
60215
60216
60217
60218
60220
60222
60223
60224
60226
60227
60228
60230
60234
60237
60238
60239
60240
60241
60242
60243
60244
60245
60246
60250
60254
60255
60256
60257
60258
60259
60260
60261
60263
60264
60265
60266
60267
60268
60269
60271
60273
60274
60275
60277
60279
60280
60281
60282
60283
60284
60285
60286
60288
60289
60290
60291
60292
60294
60295
60296
60298
60299
60300
60301
60303
60304
60305
60306
60307
60308
60309
60311
60313
60314
60315
60316
60317
60318
60320
60321
60322
60325
60327
60333
60335
60337
60338
60339
60342
60343
60344
60345
60346
60347
60349
60351
60352
60353
60354
60355
60356
60358
60359
60360
60361
60362
60363
60364
60366
60367
60368
60369
60370
60372
60373
60374
60376
60377
60378
60379
60382
60384
60385
60387
60388
60389
60390
60391
60392
60393
60394
60395
60396
60397
60400
60402
60403
60404
60405
60406
60408
60409
60412
60414
60416
60417
60418
60420
60422
60424
60425
60426
60427
60428
60429
60430
60431
60433
60434
60435
60436
60437
60439
60440
60442
60443
60444
60445
60446
60447
60448
60450
60453
60456
60457
60458
60459
60460
60461
60462
60465
60466
60467
60468
60470
60471
60472
60473
60476
60477
60478
60479
60480
60481
60482
60484
60485
60486
60487
60488
60489
60491
60492
60493
60494
60495
60496
60497
60498
60500
60501
60504
60506
60507
60508
60509
60511
60512
60513
60514
60515
60516
60518
60520
60521
60522
60523
60524
60525
60526
60527
60528
60529
60530
60531
60532
60533
60534
60535
60536
60537
60540
60542
60544
60545
60546
60547
60549
60552
60553
60554
60556
60559
60562
60564
60565
60566
60568
60569
60570
60571
60573
60574
60575
60577
60579
60580
60581
60584
60585
60586
60587
60589
60591
60592
60593
60594
60595
60598
60599
60600
60601
60605
60606
60607
60608
60609
60610
60611
60612
60613
60614
60615
60617
60618
60619
60622
60623
60628
60629
60630
60631
60633
60634
60635
60637
60640
60641
60643
60644
60645
60646
60647
60648
60651
60656
60657
60659
60661
60662
60663
60665
60666
60667
60669
60670
60671
60672
60674
60675
60676
60677
60678
60680
60681
60683
60685
60687
60688
60689
60690
60691
60692
60693
60694
60696
60697
60698
60699
60700
60701
60702
60703
60704
60705
60707
60708
60712
60714
60716
60717
60718
60719
60720
60722
60723
60724
60725
60726
60729
60730
60732
60733
60734
60735
60736
60738
60739
60740
60741
60742
60744
60746
60748
60749
60750
60751
60752
60753
60754
60755
60756
60757
60758
60759
60764
60765
60766
60767
60768
60770
60771
60772
60773
60774
60775
60777
60779
60780
60781
60782
60783
60784
60785
60786
60789
60791
60792
60793
60794
60795
60796
60797
60798
60800
60801
60803
60804
60805
60806
60807
60809
60810
60811
60812
60813
60814
60815
60816
60818
60819
60820
60821
60822
60823
60824
60825
60826
60828
60829
60830
60831
60832
60833
60834
60837
60838
60839
60840
60841
60842
60843
60844
60845
60846
60847
60848
60849
60850
60851
60852
60854
60855
60856
60857
60858
60859
60860
60861
60862
60865
60866
60868
60869
60870
60872
60875
60876
60877
60879
60880
60881
60882
60883
60884
60885
60889
60891
60892
60893
60894
60895
60896
60897
60898
60901
60902
60904
60905
60906
60907
60908
60909
60911
60912
60914
60915
60917
60919
60920
60921
60922
60923
60924
60925
60927
60929
60930
60931
60932
60933
60935
60936
60937
60938
60939
60940
60941
60943
60945
60946
60947
60948
60950
60952
60953
60955
60956
60958
60959
60960
60961
60963
60964
60966
60967
60968
60969
60970
60971
60972
60973
60975
60976
60977
60979
60980
60982
60983
60984
60985
60986
60988
60989
60991
60992
60993
60994
60995
60996
60998
60999
61000
61002
61003
61004
61005
61007
61008
61010
61012
61013
61014
61017
61019
61021
61023
61025
61026
61027
61028
61029
61030
61031
61032
61034
61036
61037
61038
61039
61040
61041
61042
61049
61050
61051
61052
61055
61057
61058
61059
61060
61061
61063
61064
61065
61069
61070
61073
61074
61075
61076
61077
61078
61079
61081
61083
61084
61085
61086
61087
61092
61093
61094
61095
61096
61097
61098
61099
61101
61102
61103
61104
61105
61106
61107
61108
61109
61110
61112
61113
61114
61116
61117
61119
61120
61122
61124
61126
61127
61128
61132
61133
61134
61135
61137
61138
61139
61140
61141
61142
61143
61144
61145
61146
61147
61148
61149
61150
61151
61152
61153
61154
61155
61158
61160
61161
61162
61163
61165
61166
61168
61169
61170
61176
61178
61179
61180
61182
61185
61187
61191
61192
61193
61194
61195
61196
61197
61198
61199
61200
61201
61203
61205
61207
61209
61210
61211
61213
61217
61218
61220
61221
61222
61223
61224
61225
61226
61227
61228
61229
61230
61232
61234
61235
61236
61237
61239
61240
61241
61243
61245
61246
61247
61248
61249
61250
61252
61253
61254
61257
61258
61259
61260
61261
61262
61263
61264
61265
61267
61269
61270
61271
61272
61274
61275
61276
61280
61281
61282
61284
61285
61286
61287
61288
61289
61292
61294
61295
61296
61297
61298
61299
61300
61301
61302
61303
61305
61306
61307
61308
61309
61310
61311
61312
61315
61316
61317
61319
61321
61322
61323
61324
61325
61326
61327
61328
61329
61330
61331
61332
61333
61334
61336
61338
61340
61341
61342
61343
61345
61346
61348
61349
61353
61354
61355
61356
61357
61359
61360
61361
61363
61364
61366
61367
61368
61369
61372
61374
61376
61377
61378
61379
61380
61382
61383
61384
61385
61386
61387
61389
61390
61392
61393
61394
61396
61398
61399
61400
61401
61402
61403
61405
61406
61407
61409
61410
61411
61413
61414
61415
61416
61420
61421
61425
61426
61429
61430
61431
61432
61433
61434
61435
61436
61437
61438
61440
61441
61442
61443
61444
61445
61446
61447
61448
61449
61450
61452
61454
61455
61456
61457
61458
61461
61462
61463
61464
61466
61468
61471
61472
61473
61474
61476
61477
61478
61481
61482
61483
61485
61487
61488
61489
61490
61492
61493
61495
61496
61498
61499
61500
61501
61502
61503
61505
61506
61507
61508
61509
61510
61514
61515
61516
61518
61519
61520
61521
61522
61523
61524
61525
61526
61527
61528
61529
61530
61531
61533
61534
61535
61536
61537
61538
61539
61540
61541
61542
61543
61544
61545
61546
61548
61549
61550
61551
61552
61553
61554
61555
61557
61558
61560
61562
61563
61565
61566
61567
61568
61569
61570
61571
61572
61574
61576
61577
61578
61580
61581
61582
61584
61586
61587
61590
61592
61593
61594
61595
61597
61598
61601
61602
61603
61604
61606
61607
61608
61610
61611
61612
61613
61614
61615
61616
61617
61619
61620
61621
61622
61623
61624
61625
61626
61628
61629
61630
61631
61633
61634
61635
61636
61637
61641
61642
61643
61644
61645
61646
61647
61648
61649
61650
61651
61652
61653
61654
61655
61658
61659
61660
61661
61662
61663
61664
61665
61667
61668
61670
61671
61672
61674
61675
61677
61678
61680
61681
61683
61684
61685
61686
61687
61688
61689
61692
61693
61694
61695
61696
61697
61698
61700
61701
61702
61703
61704
61708
61709
61710
61711
61712
61713
61715
61716
61717
61719
61720
61721
61722
61723
61725
61726
61727
61730
61731
61732
61733
61735
61736
61737
61739
61741
61742
61744
61745
61746
61747
61748
61749
61750
61751
61752
61754
61757
61758
61759
61760
61762
61763
61764
61765
61766
61767
61768
61769
61770
61772
61773
61774
61776
61778
61779
61781
61782
61784
61785
61786
61787
61788
61789
61790
61791
61792
61793
61794
61795
61798
61799
61800
61801
61802
61804
61805
61806
61807
61809
61810
61811
61812
61813
61815
61816
61818
61819
61822
61823
61824
61825
61826
61829
61830
61831
61832
61833
61834
61835
61837
61838
61839
61841
61842
61843
61844
61845
61846
61847
61848
61850
61851
61853
61854
61857
61859
61860
61861
61863
61865
61866
61869
61870
61871
61872
61873
61874
61875
61876
61877
61878
61879
61880
61883
61884
61885
61887
61888
61889
61892
61893
61895
61896
61897
61899
61901
61902
61905
61906
61908
61909
61910
61911
61912
61913
61914
61915
61916
61918
61919
61920
61921
61923
61924
61925
61928
61930
61931
61932
61933
61934
61936
61937
61939
61941
61942
61943
61944
61946
61947
61948
61950
61951
61952
61954
61955
61956
61959
61961
61962
61963
61965
61966
61967
61969
61971
61972
61973
61974
61975
61976
61979
61980
61981
61982
61983
61984
61985
61986
61987
61988
61989
61990
61992
61993
61995
61997
61998
62001
62002
62003
62004
62005
62009
62010
62011
62013
62014
62016
62019
62020
62021
62023
62024
62025
62027
62028
62029
62030
62031
62032
62033
62034
62035
62036
62039
62040
62041
62042
62043
62044
62047
62048
62049
62050
62051
62052
62053
62056
62057
62059
62060
62061
62062
62063
62064
62065
62066
62067
62068
62069
62070
62071
62072
62073
62075
62076
62078
62081
62082
62083
62084
62085
62086
62087
62088
62089
62090
62092
62093
62094
62095
62096
62097
62098
62099
62104
62105
62108
62109
62110
62112
62113
62114
62116
62117
62119
62120
62121
62122
62123
62124
62125
62126
62127
62130
62131
62132
62134
62135
62136
62137
62138
62139
62140
62141
62142
62143
62144
62145
62149
62151
62152
62153
62154
62155
62156
62157
62158
62159
62160
62162
62165
62166
62167
62168
62169
62170
62171
62172
62174
62177
62178
62179
62180
62181
62182
62183
62184
62185
62186
62187
62189
62191
62192
62193
62194
62195
62196
62197
62198
62200
62203
62206
62207
62208
62210
62213
62214
62216
62218
62219
62222
62224
62225
62227
62228
62229
62230
62231
62234
62235
62236
62237
62238
62239
62240
62241
62242
62243
62244
62246
62248
62249
62251
62252
62253
62254
62255
62256
62257
62258
62259
62260
62261
62262
62263
62264
62265
62266
62267
62268
62269
62270
62272
62273
62274
62275
62276
62277
62278
62279
62281
62283
62284
62285
62287
62289
62290
62292
62293
62294
62295
62296
62297
62298
62299
62300
62301
62302
62305
62306
62307
62308
62309
62311
62312
62313
62314
62316
62317
62318
62319
62320
62321
62323
62324
62325
62326
62327
62328
62329
62332
62333
62334
62336
62337
62339
62342
62343
62345
62346
62347
62350
62351
62352
62354
62355
62356
62357
62358
62359
62360
62361
62362
62363
62364
62365
62366
62368
62369
62371
62373
62374
62375
62376
62377
62378
62379
62380
62381
62382
62385
62388
62389
62390
62391
62392
62394
62395
62396
62399
62400
62401
62403
62404
62405
62406
62407
62408
62409
62411
62413
62414
62415
62416
62417
62420
62421
62422
62423
62424
62427
62428
62429
62430
62431
62432
62433
62434
62436
62437
62438
62441
62442
62443
62444
62445
62446
62447
62449
62450
62451
62452
62453
62454
62455
62457
62458
62459
62460
62461
62462
62463
62464
62465
62466
62467
62469
62471
62475
62476
62479
62480
62481
62484
62485
62486
62487
62488
62490
62492
62494
62495
62496
62499
62501
62502
62504
62507
62509
62512
62513
62514
62515
62516
62517
62518
62520
62521
62523
62524
62525
62526
62527
62529
62530
62531
62532
62533
62534
62535
62536
62537
62538
62539
62540
62542
62543
62544
62545
62546
62547
62548
62549
62550
62553
62555
62557
62558
62559
62560
62561
62563
62567
62568
62569
62570
62572
62573
62574
62575
62576
62577
62578
62579
62581
62582
62583
62584
62585
62586
62587
62588
62589
62590
62592
62593
62595
62596
62597
62600
62601
62602
62605
62606
62607
62609
62610
62611
62613
62614
62617
62618
62619
62620
62621
62622
62623
62624
62625
62626
62627
62629
62630
62631
62633
62634
62636
62637
62638
62639
62640
62641
62643
62644
62645
62647
62649
62651
62653
62654
62656
62657
62658
62659
62660
62662
62663
62664
62665
62667
62668
62669
62670
62671
62672
62673
62674
62675
62676
62677
62679
62680
62683
62684
62685
62686
62687
62689
62690
62691
62692
62693
62695
62696
62697
62699
62700
62701
62704
62705
62706
62708
62709
62711
62712
62715
62716
62718
62720
62721
62722
62723
62724
62727
62728
62729
62730
62731
62732
62733
62735
62736
62737
62740
62741
62742
62743
62744
62745
62746
62747
62748
62751
62752
62753
62754
62755
62756
62757
62758
62759
62760
62761
62763
62765
62766
62768
62769
62770
62771
62773
62774
62775
62776
62778
62780
62781
62782
62783
62785
62786
62787
62788
62790
62791
62792
62794
62795
62796
62797
62798
62801
62802
62803
62804
62805
62807
62808
62809
62810
62811
62813
62815
62816
62817
62818
62819
62824
62825
62828
62829
62830
62831
62833
62834
62835
62836
62837
62839
62841
62842
62843
62844
62846
62847
62848
62849
62850
62851
62852
62855
62856
62857
62859
62860
62861
62862
62865
62866
62868
62869
62870
62871
62874
62875
62878
62879
62880
62882
62883
62885
62886
62887
62889
62890
62892
62893
62894
62895
62896
62898
62899
62900
62904
62905
62906
62907
62908
62909
62910
62911
62912
62916
62917
62918
62920
62921
62922
62923
62924
62925
62926
62927
62929
62930
62931
62932
62933
62934
62937
62938
62940
62941
62942
62943
62944
62946
62949
62950
62951
62953
62954
62955
62957
62958
62959
62961
62962
62963
62964
62966
62967
62969
62970
62971
62974
62975
62976
62977
62978
62979
62980
62981
62982
62984
62985
62987
62988
62989
62990
62991
62992
62993
62995
62996
62997
62998
62999
63000
63001
63002
63003
63004
63005
63007
63008
63010
63011
63012
63013
63016
63018
63019
63020
63021
63022
63024
63026
63028
63029
63030
63032
63034
63037
63038
63039
63040
63042
63043
63044
63046
63047
63048
63049
63050
63051
63055
63056
63057
63059
63060
63061
63062
63064
63065
63066
63067
63068
63069
63070
63072
63073
63074
63075
63078
63080
63082
63083
63084
63085
63087
63088
63089
63090
63094
63095
63096
63097
63098
63099
63100
63101
63102
63104
63105
63107
63108
63109
63110
63112
63113
63115
63116
63117
63118
63119
63121
63123
63124
63125
63126
63127
63128
63129
63130
63131
63132
63135
63136
63137
63138
63139
63140
63142
63143
63144
63145
63146
63147
63148
63149
63151
63155
63156
63157
63160
63161
63162
63164
63165
63166
63167
63168
63169
63170
63171
63174
63175
63179
63180
63182
63183
63184
63185
63186
63187
63188
63189
63190
63191
63192
63193
63194
63195
63196
63197
63198
63200
63201
63202
63203
63204
63205
63206
63208
63209
63210
63212
63214
63215
63216
63218
63219
63221
63222
63224
63226
63227
63228
63230
63232
63233
63234
63235
63237
63240
63241
63242
63244
63245
63247
63248
63249
63250
63254
63256
63257
63258
63259
63260
63261
63262
63263
63264
63265
63266
63267
63270
63272
63274
63275
63276
63277
63278
63279
63280
63281
63282
63283
63284
63285
63286
63288
63289
63290
63291
63292
63293
63294
63295
63296
63297
63298
63299
63304
63305
63306
63307
63308
63309
63310
63311
63313
63317
63318
63319
63320
63322
63323
63324
63325
63326
63327
63328
63330
63331
63332
63333
63334
63335
63337
63338
63339
63340
63341
63343
63344
63346
63347
63348
63349
63350
63351
63352
63353
63354
63355
63356
63358
63360
63361
63365
63366
63367
63368
63369
63371
63373
63374
63375
63376
63378
63379
63380
63381
63383
63384
63385
63386
63387
63389
63390
63391
63393
63394
63395
63396
63397
63399
63402
63403
63406
63409
63410
63412
63413
63414
63415
63417
63418
63419
63421
63422
63423
63424
63425
63426
63429
63430
63431
63432
63433
63435
63437
63440
63442
63444
63445
63446
63447
63449
63450
63452
63453
63454
63455
63456
63457
63460
63462
63464
63467
63468
63471
63472
63474
63475
63476
63477
63478
63479
63481
63483
63486
63487
63488
63489
63490
63491
63492
63494
63497
63498
63499
63500
63501
63502
63503
63504
63505
63506
63508
63511
63512
63516
63519
63520
63521
63522
63523
63525
63526
63527
63528
63531
63532
63534
63535
63536
63537
63541
63542
63544
63547
63548
63549
63550
63551
63553
63554
63556
63557
63558
63559
63560
63561
63562
63563
63564
63565
63566
63567
63568
63569
63570
63571
63572
63574
63575
63576
63579
63581
63582
63583
63584
63585
63587
63588
63590
63591
63592
63593
63595
63596
63597
63600
63601
63602
63604
63605
63606
63607
63608
63611
63612
63613
63614
63616
63618
63619
63620
63622
63624
63625
63626
63627
63628
63629
63632
63633
63634
63636
63638
63639
63640
63641
63642
63643
63644
63645
63646
63647
63649
63651
63653
63656
63658
63659
63661
63662
63664
63666
63667
63669
63670
63671
63673
63674
63679
63680
63681
63682
63683
63685
63686
63687
63690
63693
63694
63700
63702
63703
63704
63705
63707
63708
63709
63710
63712
63713
63714
63716
63717
63718
63720
63721
63722
63723
63724
63725
63726
63727
63728
63730
63731
63733
63734
63735
63736
63737
63738
63740
63742
63743
63744
63745
63746
63748
63749
63751
63754
63755
63757
63758
63760
63761
63762
63764
63765
63766
63767
63768
63770
63773
63774
63775
63776
63778
63779
63781
63783
63785
63786
63788
63789
63790
63792
63793
63794
63795
63796
63797
63798
63799
63802
63803
63805
63808
63809
63811
63812
63814
63815
63816
63818
63819
63821
63824
63826
63827
63829
63831
63832
63833
63834
63836
63838
63839
63840
63841
63842
63844
63845
63847
63848
63849
63851
63853
63854
63855
63856
63858
63861
63862
63863
63864
63865
63866
63868
63869
63871
63872
63874
63875
63877
63878
63879
63880
63881
63882
63883
63885
63887
63888
63889
63890
63893
63896
63897
63898
63899
63900
63901
63903
63905
63906
63908
63910
63913
63915
63916
63917
63918
63921
63926
63927
63929
63930
63931
63933
63934
63935
63938
63940
63941
63942
63943
63945
63946
63947
63948
63949
63951
63952
63953
63955
63956
63957
63960
63961
63965
63966
63967
63970
63972
63973
63975
63976
63977
63978
63979
63980
63981
63982
63983
63984
63985
63986
63987
63988
63989
63990
63991
63993
63994
63995
63997
63998
63999
64000
64001
64003
64004
64005
64006
64007
64008
64009
64010
64011
64012
64013
64015
64016
64017
64018
64021
64022
64023
64024
64025
64026
64028
64029
64034
64035
64037
64039
64040
64041
64042
64043
64044
64045
64046
64047
64048
64050
64051
64054
64055
64056
64057
64058
64060
64062
64063
64066
64069
64070
64071
64072
64073
64074
64075
64076
64077
64080
64083
64084
64085
64086
64087
64089
64090
64092
64093
64094
64095
64099
64100
64101
64102
64103
64104
64106
64108
64109
64111
64112
64113
64115
64116
64117
64119
64120
64121
64123
64124
64125
64126
64127
64128
64129
64130
64131
64132
64133
64134
64135
64136
64138
64139
64140
64141
64142
64143
64144
64145
64146
64147
64148
64151
64153
64154
64155
64157
64159
64160
64161
64162
64163
64164
64166
64167
64168
64169
64170
64171
64173
64174
64175
64178
64179
64180
64181
64182
64183
64185
64186
64187
64188
64189
64190
64191
64192
64193
64195
64196
64198
64200
64201
64202
64203
64204
64205
64206
64207
64208
64209
64210
64211
64213
64214
64215
64216
64217
64219
64223
64224
64226
64227
64228
64229
64231
64233
64234
64239
64240
64241
64242
64243
64244
64245
64247
64249
64250
64251
64252
64254
64255
64257
64258
64259
64261
64262
64263
64264
64266
64267
64268
64271
64272
64273
64274
64280
64281
64282
64283
64284
64285
64287
64288
64289
64290
64291
64293
64294
64295
64296
64297
64298
64300
64301
64302
64303
64304
64306
64307
64309
64310
64311
64312
64313
64314
64315
64316
64317
64318
64319
64320
64323
64324
64325
64326
64327
64328
64329
64330
64331
64332
64333
64334
64335
64336
64338
64339
64340
64341
64342
64343
64345
64346
64347
64348
64349
64350
64351
64352
64355
64358
64359
64360
64361
64362
64366
64369
64370
64371
64372
64373
64374
64375
64376
64378
64379
64380
64381
64382
64383
64386
64387
64388
64389
64390
64391
64392
64394
64395
64396
64398
64399
64400
64401
64403
64404
64405
64406
64407
64410
64412
64413
64415
64416
64417
64419
64420
64421
64422
64423
64424
64425
64426
64428
64430
64431
64433
64434
64436
64437
64438
64439
64440
64442
64443
64444
64445
64446
64447
64448
64449
64450
64452
64453
64454
64455
64456
64457
64459
64460
64462
64463
64464
64467
64469
64470
64472
64474
64475
64476
64478
64479
64481
64483
64484
64486
64487
64489
64490
64491
64493
64494
64495
64498
64499
64500
64503
64504
64506
64507
64508
64509
64510
64511
64512
64513
64515
64516
64517
64520
64521
64522
64524
64525
64526
64528
64531
64532
64533
64535
64538
64541
64542
64543
64544
64546
64547
64548
64549
64550
64551
64552
64554
64556
64557
64558
64559
64560
64561
64562
64564
64565
64566
64568
64569
64570
64572
64574
64575
64576
64578
64579
64583
64584
64586
64587
64588
64589
64590
64591
64592
64594
64595
64596
64599
64602
64603
64604
64605
64606
64607
64608
64609
64610
64611
64612
64614
64615
64616
64617
64618
64619
64620
64621
64622
64623
64624
64625
64627
64628
64629
64632
64633
64634
64635
64636
64637
64638
64641
64642
64644
64645
64646
64648
64650
64651
64652
64653
64654
64655
64658
64659
64661
64662
64663
64664
64666
64667
64669
64671
64672
64674
64676
64677
64678
64679
64680
64681
64682
64683
64684
64685
64686
64687
64688
64689
64691
64692
64693
64694
64695
64696
64697
64698
64699
64700
64701
64702
64704
64705
64706
64707
64708
64709
64710
64711
64712
64713
64714
64715
64716
64719
64723
64725
64726
64729
64731
64732
64734
64735
64736
64738
64739
64743
64744
64745
64746
64747
64748
64749
64750
64751
64752
64753
64754
64755
64756
64757
64758
64759
64760
64761
64762
64763
64764
64768
64769
64770
64772
64773
64774
64776
64777
64778
64779
64780
64781
64782
64784
64785
64787
64790
64791
64792
64794
64796
64797
64798
64799
64800
64802
64804
64805
64807
64808
64809
64810
64811
64812
64813
64814
64815
64816
64817
64818
64819
64821
64823
64825
64828
64829
64831
64832
64833
64834
64835
64836
64838
64839
64842
64843
64844
64845
64846
64847
64848
64850
64851
64852
64855
64856
64857
64858
64859
64860
64862
64863
64864
64867
64868
64869
64870
64872
64873
64874
64875
64876
64877
64879
64880
64881
64882
64885
64886
64887
64888
64889
64891
64892
64897
64899
64901
64902
64905
64906
64908
64910
64911
64913
64914
64915
64916
64917
64918
64919
64922
64923
64925
64926
64927
64928
64929
64931
64932
64933
64934
64935
64937
64939
64940
64941
64942
64944
64945
64948
64949
64950
64951
64952
64953
64954
64955
64956
64958
64959
64960
64961
64962
64963
64964
64965
64966
64968
64969
64970
64971
64972
64973
64974
64975
64977
64978
64979
64981
64982
64984
64985
64986
64989
64990
64991
64992
64993
64994
64995
64997
64998
65001
65002
65003
65004
65007
65009
65010
65011
65013
65015
65016
65017
65018
65019
65020
65021
65022
65023
65024
65025
65026
65027
65028
65030
65031
65033
65034
65035
65037
65038
65039
65040
65041
65042
65043
65044
65046
65048
65051
65053
65054
65055
65056
65057
65058
65059
65060
65062
65063
65065
65067
65068
65069
65070
65071
65072
65077
65079
65080
65081
65082
65083
65084
65085
65086
65088
65090
65091
65092
65093
65094
65098
65100
65101
65103
65104
65105
65106
65107
65108
65109
65110
65111
65112
65113
65114
65115
65116
65118
65119
65120
65121
65122
65123
65125
65126
65127
65128
65129
65130
65131
65132
65134
65135
65136
65137
65138
65139
65141
65142
65144
65145
65147
65150
65151
65152
65154
65156
65157
65158
65159
65161
65162
65163
65165
65166
65167
65169
65171
65172
65173
65174
65175
65176
65177
65178
65179
65180
65181
65184
65186
65187
65188
65189
65190
65191
65194
65195
65199
65201
65202
65203
65205
65207
65208
65209
65210
65212
65213
65214
65217
65219
65220
65222
65223
65224
65225
65226
65229
65230
65231
65232
65233
65234
65235
65236
65238
65239
65240
65241
65244
65245
65246
65248
65249
65250
65251
65252
65253
65254
65256
65257
65258
65259
65260
65261
65262
65263
65264
65265
65266
65267
65269
65272
65274
65275
65276
65277
65278
65280
65283
65284
65285
65286
65289
65290
65291
65293
65294
65297
65298
65300
65302
65304
65305
65306
65307
65308
65309
65310
65311
65312
65313
65316
65317
65318
65319
65321
65322
65324
65325
65326
65327
65328
65329
65332
65334
65335
65337
65338
65339
65340
65341
65342
65343
65344
65345
65346
65349
65350
65352
65353
65354
65356
65357
65358
65359
65360
65361
65362
65363
65365
65366
65367
65369
65371
65372
65373
65374
65377
65378
65379
65381
65383
65384
65386
65387
65388
65390
65392
65393
65394
65395
65396
65397
65399
65400
65402
65403
65404
65405
65406
65408
65409
65410
65411
65413
65414
65415
65416
65417
65418
65420
65421
65423
65424
65425
65426
65427
65428
65430
65433
65434
65435
65438
65439
65440
65441
65442
65443
65444
65446
65450
65451
65452
65453
65454
65455
65457
65459
65461
65462
65463
65464
65465
65466
65467
65468
65469
65470
65471
65473
65474
65478
65479
65481
65482
65484
65485
65486
65487
65489
65490
65491
65493
65494
65495
65496
65497
65499
65501
65502
65504
65505
65506
65507
65509
65510
65511
65512
65514
65515
65516
65517
65518
65521
65523
65524
65526
65528
65529
65530
65531
65533
65534
65535
65539
65540
65542
65543
65546
65547
65548
65549
65550
65552
65553
65554
65555
65556
65557
65560
65562
65565
65566
65567
65569
65571
65573
65574
65575
65580
65581
65582
65583
65584
65585
65586
65587
65588
65590
65591
65592
65593
65594
65596
65597
65598
65599
65600
65601
65602
65603
65604
65605
65606
65607
65608
65609
65611
65612
65614
65615
65616
65618
65619
65620
65621
65622
65623
65625
65626
65627
65628
65630
65631
65632
65633
65634
65635
65636
65637
65638
65639
65640
65641
65643
65644
65645
65646
65649
65651
65652
65653
65654
65655
65656
65657
65659
65660
65662
65663
65666
65667
65669
65671
65672
65673
65674
65675
65676
65677
65678
65680
65681
65684
65686
65687
65688
65689
65690
65691
65692
65693
65694
65695
65696
65697
65699
65700
65701
65702
65703
65704
65705
65706
65707
65708
65709
65710
65711
65712
65713
65714
65715
65716
65717
65718
65719
65720
65721
65722
65724
65726
65728
65729
65730
65731
65732
65733
65734
65735
65736
65737
65738
65740
65741
65742
65743
65746
65747
65749
65752
65753
65754
65755
65756
65757
65758
65759
65761
65762
65763
65764
65765
65766
65767
65768
65769
65770
65771
65772
65773
65774
65775
65776
65777
65778
65779
65780
65782
65783
65785
65786
65787
65788
65789
65790
65792
65793
65794
65795
65796
65799
65800
65802
65804
65806
65808
65809
65810
65812
65813
65814
65815
65817
65818
65819
65821
65823
65824
65825
65826
65827
65828
65829
65830
65831
65832
65833
65834
65835
65837
65838
65841
65842
65843
65844
65846
65847
65848
65850
65851
65852
65853
65854
65855
65856
65857
65858
65860
65861
65862
65863
65864
65866
65867
65870
65871
65873
65874
65875
65876
65878
65879
65882
65883
65884
65885
65886
65887
65889
65890
65891
65892
65894
65896
65899
65901
65902
65903
65904
65905
65906
65909
65912
65914
65915
65916
65917
65919
65920
65921
65922
65924
65925
65926
65927
65928
65930
65931
65932
65933
65937
65938
65940
65941
65944
65945
65946
65948
65949
65950
65951
65953
65955
65956
65959
65960
65964
65966
65967
65968
65970
65971
65973
65974
65975
65977
65979
65980
65981
65982
65983
65984
65985
65986
65987
65990
65991
65993
65994
65995
65996
65997
65998
65999
66002
66003
66005
66006
66007
66008
66009
66011
66012
66013
66015
66016
66018
66020
66022
66023
66024
66025
66026
66027
66028
66029
66031
66032
66034
66035
66038
66041
66042
66043
66044
66046
66047
66048
66049
66050
66052
66053
66054
66055
66057
66059
66060
66061
66062
66063
66064
66065
66067
66069
66070
66071
66072
66073
66074
66075
66076
66077
66078
66079
66080
66081
66082
66083
66084
66085
66089
66090
66094
66095
66097
66098
66099
66100
66101
66103
66104
66106
66107
66108
66109
66110
66111
66114
66115
66116
66117
66120
66121
66124
66125
66127
66128
66129
66131
66132
66133
66134
66135
66138
66139
66140
66141
66142
66143
66144
66145
66146
66148
66150
66151
66152
66153
66155
66157
66158
66159
66160
66161
66163
66164
66166
66167
66168
66169
66170
66171
66172
66175
66176
66177
66178
66179
66180
66181
66182
66184
66186
66187
66188
66191
66193
66194
66196
66198
66199
66200
66201
66203
66205
66206
66207
66209
66210
66212
66213
66214
66215
66216
66217
66218
66219
66220
66224
66225
66228
66229
66230
66231
66232
66233
66234
66237
66238
66239
66240
66241
66242
66243
66244
66245
66246
66248
66249
66251
66252
66254
66255
66256
66258
66260
66263
66264
66265
66269
66270
66271
66272
66273
66275
66276
66278
66280
66281
66282
66283
66285
66286
66287
66289
66290
66291
66292
66293
66297
66298
66299
66300
66301
66303
66306
66307
66308
66309
66310
66311
66313
66314
66315
66317
66319
66320
66321
66322
66323
66324
66325
66326
66327
66328
66329
66330
66331
66333
66334
66335
66336
66337
66338
66339
66341
66342
66344
66345
66346
66347
66348
66349
66350
66351
66352
66353
66354
66355
66356
66357
66358
66359
66360
66361
66364
66365
66366
66367
66369
66370
66371
66373
66375
66376
66377
66379
66380
66381
66384
66388
66389
66390
66391
66393
66394
66396
66397
66400
66401
66402
66404
66406
66407
66408
66412
66413
66414
66415
66417
66418
66420
66423
66424
66425
66426
66428
66429
66430
66431
66433
66434
66435
66438
66439
66441
66443
66444
66445
66446
66447
66448
66449
66452
66454
66455
66457
66459
66463
66465
66467
66468
66469
66470
66471
66472
66473
66474
66476
66477
66479
66480
66481
66482
66483
66484
66485
66487
66488
66489
66490
66491
66493
66495
66496
66497
66499
66501
66502
66503
66504
66505
66506
66507
66508
66509
66510
66511
66512
66513
66515
66516
66517
66519
66520
66521
66522
66524
66526
66527
66530
66532
66533
66534
66536
66537
66538
66539
66540
66544
66547
66549
66551
66552
66553
66555
66557
66558
66559
66560
66561
66562
66563
66564
66565
66566
66568
66569
66570
66571
66575
66576
66577
66578
66579
66580
66581
66582
66583
66584
66585
66586
66588
66589
66590
66591
66592
66593
66594
66595
66596
66597
66598
66600
66602
66604
66605
66606
66609
66610
66612
66613
66614
66615
66616
66617
66618
66619
66620
66621
66622
66629
66630
66631
66633
66634
66635
66636
66637
66638
66640
66641
66642
66643
66644
66646
66650
66651
66652
66653
66654
66655
66657
66658
66659
66660
66662
66663
66664
66665
66667
66668
66669
66670
66672
66675
66676
66677
66678
66679
66680
66682
66683
66685
66686
66687
66689
66690
66691
66692
66693
66695
66696
66697
66701
66702
66703
66706
66708
66709
66710
66711
66713
66714
66715
66716
66717
66718
66721
66722
66724
66725
66726
66728
66729
66730
66731
66732
66733
66734
66735
66739
66740
66741
66742
66743
66744
66745
66746
66748
66749
66750
66751
66752
66753
66754
66755
66756
66757
66758
66759
66760
66761
66762
66763
66764
66765
66767
66768
66769
66770
66771
66775
66776
66777
66778
66779
66780
66781
66782
66783
66785
66788
66789
66790
66791
66793
66795
66797
66798
66799
66800
66801
66802
66803
66804
66805
66808
66809
66810
66812
66814
66817
66821
66822
66825
66826
66828
66830
66832
66833
66834
66835
66836
66838
66840
66841
66842
66843
66844
66846
66848
66849
66852
66853
66854
66855
66856
66857
66858
66859
66860
66861
66862
66863
66864
66866
66867
66868
66869
66870
66872
66873
66874
66875
66877
66879
66880
66881
66882
66884
66885
66886
66887
66888
66889
66890
66894
66895
66896
66897
66899
66900
66901
66902
66903
66904
66905
66906
66907
66908
66909
66910
66917
66918
66919
66922
66923
66924
66925
66926
66927
66928
66929
66930
66931
66932
66933
66935
66938
66939
66943
66944
66945
66946
66947
66949
66950
66951
66952
66953
66955
66956
66957
66958
66959
66960
66961
66962
66963
66965
66967
66968
66969
66970
66972
66973
66975
66976
66977
66978
66979
66980
66982
66983
66984
66985
66986
66987
66988
66990
66992
66993
66994
66995
66996
67000
67002
67003
67005
67006
67008
67010
67011
67012
67014
67016
67017
67019
67020
67022
67023
67024
67025
67026
67028
67029
67030
67031
67034
67035
67037
67038
67039
67041
67042
67043
67044
67046
67047
67048
67049
67052
67054
67055
67056
67057
67058
67060
67061
67063
67064
67065
67067
67068
67070
67071
67072
67073
67074
67076
67078
67079
67080
67082
67084
67085
67086
67087
67088
67089
67091
67092
67093
67094
67095
67096
67097
67099
67100
67101
67102
67105
67106
67107
67108
67109
67110
67111
67112
67114
67115
67116
67117
67118
67119
67121
67124
67125
67126
67127
67128
67129
67130
67132
67133
67134
67137
67138
67139
67140
67142
67144
67145
67147
67149
67150
67152
67154
67157
67159
67160
67161
67162
67163
67164
67165
67166
67167
67170
67171
67172
67173
67174
67175
67176
67177
67178
67179
67180
67181
67182
67183
67184
67185
67186
67187
67190
67192
67194
67195
67196
67197
67198
67200
67203
67205
67206
67207
67208
67209
67210
67211
67212
67214
67215
67216
67217
67219
67220
67226
67227
67229
67230
67231
67232
67234
67235
67236
67237
67238
67240
67243
67244
67247
67248
67251
67252
67257
67258
67259
67260
67263
67264
67265
67266
67267
67268
67269
67272
67273
67274
67275
67277
67278
67279
67283
67284
67285
67287
67288
67290
67291
67292
67293
67294
67295
67296
67297
67299
67300
67301
67302
67304
67306
67307
67308
67309
67312
67313
67315
67317
67318
67319
67321
67322
67324
67325
67326
67327
67328
67330
67332
67334
67336
67337
67338
67339
67340
67344
67345
67346
67347
67348
67350
67352
67353
67354
67355
67356
67358
67360
67361
67362
67363
67365
67366
67368
67369
67370
67371
67372
67373
67374
67375
67378
67379
67381
67382
67383
67384
67385
67386
67387
67388
67389
67390
67391
67394
67396
67399
67401
67402
67403
67406
67407
67409
67410
67411
67412
67413
67417
67418
67419
67420
67422
67423
67424
67425
67426
67427
67428
67429
67430
67432
67433
67434
67435
67436
67437
67438
67440
67441
67442
67443
67444
67445
67446
67447
67448
67450
67453
67454
67455
67456
67457
67458
67459
67462
67463
67464
67465
67467
67468
67469
67471
67473
67474
67475
67476
67479
67481
67482
67483
67484
67485
67486
67487
67489
67490
67491
67492
67494
67495
67499
67501
67503
67504
67505
67509
67510
67512
67514
67515
67516
67517
67518
67519
67520
67521
67522
67523
67524
67525
67527
67528
67529
67531
67533
67536
67537
67538
67541
67542
67543
67546
67547
67548
67549
67550
67551
67552
67553
67557
67558
67559
67560
67561
67562
67565
67566
67567
67570
67571
67572
67574
67575
67576
67577
67578
67579
67580
67581
67582
67583
67585
67586
67587
67590
67592
67594
67595
67596
67597
67598
67599
67601
67602
67604
67605
67606
67607
67611
67612
67614
67615
67617
67618
67619
67620
67622
67623
67625
67626
67627
67628
67630
67631
67634
67635
67637
67638
67639
67640
67642
67645
67647
67648
67649
67651
67652
67654
67656
67657
67662
67663
67664
67665
67666
67667
67668
67669
67670
67671
67673
67675
67677
67678
67680
67682
67683
67684
67686
67687
67688
67689
67690
67691
67693
67694
67695
67697
67698
67699
67700
67704
67708
67709
67710
67711
67712
67713
67714
67715
67716
67717
67718
67720
67721
67722
67723
67724
67725
67726
67727
67728
67729
67730
67731
67733
67734
67735
67736
67737
67738
67739
67740
67741
67742
67743
67744
67745
67746
67747
67748
67750
67752
67755
67756
67757
67758
67759
67763
67765
67766
67767
67769
67770
67771
67773
67774
67775
67776
67779
67780
67781
67782
67783
67784
67785
67786
67787
67789
67790
67792
67793
67795
67796
67797
67798
67802
67803
67805
67806
67807
67811
67813
67814
67815
67816
67817
67818
67821
67822
67823
67824
67825
67826
67827
67828
67829
67830
67831
67832
67833
67835
67836
67839
67841
67842
67843
67844
67845
67847
67848
67850
67851
67852
67854
67855
67856
67857
67858
67860
67861
67864
67865
67866
67871
67872
67873
67874
67875
67877
67878
67880
67881
67882
67883
67884
67885
67886
67887
67890
67892
67893
67894
67895
67896
67897
67899
67900
67902
67904
67907
67908
67909
67911
67912
67913
67914
67915
67916
67917
67918
67920
67921
67922
67923
67924
67926
67927
67929
67931
67934
67935
67937
67938
67939
67940
67941
67942
67943
67944
67946
67948
67949
67950
67951
67953
67955
67957
67959
67960
67962
67963
67964
67965
67966
67968
67970
67973
67974
67976
67978
67979
67981
67982
67983
67984
67985
67986
67990
67992
67993
67994
67995
67997
67999
68001
68002
68003
68005
68008
68009
68011
68012
68014
68015
68017
68019
68020
68021
68022
68023
68024
68026
68027
68028
68029
68030
68032
68033
68035
68036
68037
68041
68042
68043
68044
68045
68047
68049
68051
68052
68053
68055
68056
68057
68058
68059
68060
68061
68063
68064
68065
68066
68068
68069
68070
68071
68072
68073
68075
68076
68077
68079
68080
68084
68085
68086
68087
68088
68091
68092
68093
68094
68096
68097
68098
68099
68100
68101
68103
68104
68105
68106
68107
68108
68109
68110
68112
68113
68115
68117
68118
68120
68121
68124
68125
68126
68127
68131
68134
68135
68137
68139
68142
68144
68145
68146
68147
68148
68149
68150
68151
68152
68153
68154
68156
68157
68159
68160
68161
68162
68163
68164
68165
68166
68167
68168
68169
68170
68171
68173
68174
68175
68182
68184
68186
68187
68188
68191
68192
68194
68195
68196
68197
68201
68202
68203
68205
68206
68207
68208
68209
68210
68211
68213
68214
68215
68216
68217
68218
68219
68220
68222
68224
68226
68227
68228
68229
68230
68231
68233
68234
68235
68236
68238
68239
68241
68242
68243
68244
68245
68247
68248
68250
68251
68252
68253
68255
68259
68260
68261
68266
68268
68270
68272
68274
68275
68276
68277
68278
68279
68281
68282
68283
68284
68286
68288
68289
68290
68291
68294
68295
68297
68298
68301
68302
68304
68306
68307
68308
68309
68310
68311
68312
68313
68314
68315
68316
68318
68320
68322
68323
68324
68326
68327
68328
68329
68331
68334
68335
68336
68337
68338
68339
68342
68343
68345
68347
68348
68349
68351
68352
68354
68355
68356
68359
68360
68361
68362
68366
68367
68368
68369
68370
68371
68372
68373
68374
68375
68376
68377
68378
68380
68382
68385
68386
68387
68388
68389
68390
68392
68393
68394
68395
68396
68397
68398
68402
68403
68404
68405
68406
68408
68410
68411
68412
68413
68414
68415
68417
68418
68419
68420
68421
68422
68423
68424
68426
68430
68431
68432
68434
68437
68438
68439
68441
68442
68443
68444
68445
68447
68449
68453
68455
68456
68457
68458
68459
68460
68461
68462
68463
68464
68465
68466
68467
68469
68471
68472
68473
68476
68477
68480
68481
68482
68484
68486
68488
68489
68490
68491
68493
68494
68495
68496
68497
68498
68499
68500
68501
68502
68506
68507
68508
68509
68510
68511
68516
68517
68518
68520
68522
68524
68525
68526
68527
68528
68529
68530
68531
68532
68534
68535
68537
68538
68539
68540
68541
68542
68543
68544
68545
68547
68550
68552
68554
68555
68556
68558
68559
68560
68561
68563
68565
68566
68567
68568
68569
68570
68571
68572
68574
68575
68578
68579
68580
68581
68583
68584
68585
68586
68587
68588
68589
68591
68595
68598
68600
68601
68602
68605
68606
68607
68610
68611
68612
68613
68614
68615
68616
68619
68620
68621
68623
68624
68625
68626
68628
68631
68632
68633
68634
68635
68636
68638
68639
68640
68641
68642
68643
68645
68646
68647
68648
68649
68650
68651
68652
68653
68654
68656
68657
68658
68659
68664
68666
68667
68670
68671
68672
68674
68675
68676
68677
68679
68680
68681
68682
68683
68687
68688
68689
68690
68692
68693
68694
68695
68696
68697
68698
68701
68703
68704
68705
68707
68708
68710
68711
68712
68713
68714
68716
68717
68718
68719
68720
68721
68723
68725
68726
68729
68730
68731
68732
68733
68736
68737
68738
68739
68740
68741
68742
68743
68744
68745
68747
68752
68754
68755
68758
68760
68761
68762
68763
68764
68765
68766
68767
68768
68769
68770
68771
68772
68773
68774
68775
68776
68777
68780
68781
68783
68784
68788
68789
68791
68792
68794
68796
68797
68798
68799
68801
68802
68803
68804
68806
68807
68808
68809
68812
68814
68815
68816
68818
68819
68822
68824
68827
68828
68829
68831
68833
68834
68835
68836
68837
68839
68841
68843
68844
68845
68846
68848
68849
68850
68851
68852
68853
68855
68856
68857
68858
68859
68860
68862
68863
68864
68865
68866
68867
68868
68869
68870
68872
68873
68875
68876
68879
68880
68882
68883
68884
68886
68887
68889
68890
68891
68892
68894
68895
68896
68897
68898
68901
68902
68903
68904
68905
68906
68907
68910
68914
68915
68916
68917
68918
68919
68920
68921
68923
68924
68925
68926
68929
68930
68931
68933
68934
68935
68936
68937
68938
68939
68940
68941
68943
68944
68945
68947
68948
68950
68951
68952
68954
68955
68956
68957
68959
68961
68962
68964
68966
68967
68968
68972
68973
68974
68975
68978
68980
68981
68982
68983
68984
68987
68988
68989
68990
68991
68992
68993
68994
68995
68998
68999
69000
69001
69002
69004
69006
69007
69009
69010
69011
69013
69014
69015
69016
69017
69018
69021
69022
69023
69024
69026
69029
69030
69031
69032
69033
69034
69035
69036
69039
69040
69041
69043
69046
69047
69049
69050
69051
69052
69053
69054
69055
69058
69060
69061
69062
69063
69064
69065
69066
69067
69068
69069
69070
69071
69072
69073
69075
69076
69077
69078
69081
69084
69086
69087
69088
69089
69090
69091
69095
69096
69097
69098
69100
69101
69102
69104
69105
69106
69107
69108
69109
69111
69112
69113
69114
69115
69116
69117
69118
69119
69124
69125
69128
69129
69130
69131
69132
69135
69136
69137
69138
69139
69140
69141
69142
69143
69144
69146
69147
69149
69152
69153
69154
69157
69158
69159
69160
69162
69163
69164
69167
69169
69171
69172
69173
69176
69177
69179
69180
69181
69182
69183
69184
69185
69186
69188
69189
69190
69191
69193
69194
69195
69198
69200
69201
69202
69203
69204
69206
69207
69208
69209
69211
69215
69217
69218
69219
69221
69223
69224
69225
69226
69230
69231
69233
69234
69235
69236
69237
69239
69242
69243
69244
69245
69246
69248
69249
69250
69251
69252
69253
69254
69255
69260
69264
69265
69266
69267
69268
69269
69270
69271
69273
69274
69275
69276
69277
69278
69281
69285
69286
69287
69289
69290
69291
69292
69293
69294
69295
69296
69297
69298
69299
69300
69301
69305
69307
69308
69309
69310
69311
69312
69315
69317
69319
69320
69321
69322
69323
69325
69326
69328
69329
69330
69331
69332
69334
69335
69336
69337
69340
69342
69343
69344
69345
69346
69349
69350
69351
69352
69354
69355
69356
69357
69358
69359
69360
69361
69363
69364
69366
69367
69368
69369
69370
69371
69374
69375
69376
69377
69378
69379
69381
69382
69383
69384
69385
69386
69388
69389
69390
69391
69392
69393
69398
69400
69402
69404
69405
69406
69407
69409
69410
69413
69414
69416
69417
69419
69422
69423
69424
69425
69426
69428
69429
69430
69431
69432
69433
69434
69435
69437
69439
69441
69442
69443
69445
69449
69451
69452
69453
69454
69455
69456
69458
69460
69462
69463
69464
69466
69467
69468
69469
69471
69472
69473
69475
69477
69478
69479
69482
69483
69484
69485
69486
69488
69489
69492
69493
69494
69496
69497
69498
69499
69500
69501
69502
69503
69504
69505
69506
69507
69508
69510
69511
69513
69514
69515
69516
69518
69520
69521
69522
69523
69525
69528
69529
69530
69532
69533
69534
69535
69536
69537
69538
69539
69540
69541
69542
69543
69544
69545
69546
69547
69548
69549
69550
69551
69552
69554
69561
69563
69564
69566
69567
69568
69569
69572
69574
69575
69577
69578
69579
69581
69582
69583
69584
69586
69587
69588
69589
69590
69591
69592
69593
69595
69597
69598
69602
69603
69604
69605
69606
69607
69609
69611
69612
69613
69614
69615
69616
69617
69618
69619
69620
69621
69624
69625
69627
69628
69629
69631
69633
69634
69635
69636
69637
69638
69639
69641
69644
69648
69650
69651
69652
69653
69654
69657
69658
69659
69660
69662
69663
69664
69665
69666
69668
69669
69670
69671
69673
69674
69675
69679
69682
69683
69684
69685
69686
69687
69689
69690
69691
69692
69693
69694
69695
69696
69697
69698
69699
69701
69702
69703
69705
69706
69707
69708
69709
69710
69711
69712
69714
69715
69716
69717
69718
69719
69720
69721
69723
69724
69725
69726
69727
69729
69730
69735
69736
69737
69738
69739
69740
69741
69743
69744
69745
69746
69748
69749
69752
69754
69755
69756
69757
69759
69760
69761
69762
69763
69764
69767
69768
69769
69772
69773
69776
69777
69779
69780
69781
69782
69784
69787
69788
69789
69790
69793
69794
69795
69796
69798
69799
69802
69803
69804
69805
69806
69808
69810
69811
69812
69813
69814
69815
69817
69821
69822
69824
69825
69827
69828
69830
69831
69832
69833
69834
69835
69836
69837
69838
69840
69842
69843
69847
69848
69849
69851
69853
69854
69855
69857
69858
69859
69860
69861
69862
69863
69864
69865
69867
69868
69869
69870
69872
69875
69879
69880
69881
69882
69883
69884
69885
69886
69888
69889
69890
69892
69893
69897
69898
69899
69900
69905
69907
69909
69911
69913
69914
69916
69917
69918
69919
69920
69921
69922
69923
69924
69926
69927
69928
69929
69930
69932
69934
69937
69938
69941
69942
69945
69947
69948
69950
69951
69952
69953
69957
69958
69961
69963
69964
69966
69968
69969
69970
69971
69975
69976
69977
69978
69979
69982
69983
69984
69985
69986
69987
69989
69990
69991
69992
69994
69996
69997
69998
70000
70001
70003
70004
70005
70006
70007
70010
70011
70012
70014
70015
70016
70017
70018
70020
70021
70022
70023
70025
70027
70028
70030
70032
70034
70035
70036
70038
70040
70041
70042
70044
70045
70046
70049
70050
70051
70052
70057
70058
70059
70060
70062
70063
70064
70065
70066
70068
70069
70070
70071
70072
70073
70074
70075
70077
70078
70081
70083
70084
70090
70091
70092
70094
70095
70096
70097
70098
70100
70103
70104
70106
70107
70109
70110
70111
70112
70114
70116
70118
70120
70121
70123
70126
70127
70128
70130
70131
70133
70134
70135
70136
70137
70138
70139
70140
70141
70142
70143
70145
70146
70147
70148
70149
70150
70151
70152
70153
70156
70157
70158
70159
70160
70162
70164
70165
70168
70169
70170
70172
70173
70174
70175
70178
70180
70182
70184
70185
70186
70187
70188
70190
70193
70194
70196
70197
70198
70199
70200
70202
70203
70204
70205
70206
70207
70208
70209
70211
70212
70215
70216
70217
70218
70220
70221
70223
70225
70226
70227
70229
70230
70231
70232
70233
70234
70235
70236
70237
70238
70239
70240
70242
70243
70244
70245
70246
70247
70248
70249
70250
70251
70252
70253
70254
70255
70256
70257
70260
70261
70263
70264
70265
70266
70267
70268
70269
70270
70271
70272
70276
70277
70278
70280
70281
70282
70283
70286
70289
70290
70291
70292
70294
70295
70296
70297
70298
70299
70300
70301
70302
70303
70304
70306
70307
70309
70312
70313
70315
70316
70318
70320
70321
70322
70323
70324
70325
70327
70328
70329
70330
70332
70335
70336
70337
70338
70340
70341
70342
70344
70345
70346
70347
70348
70350
70355
70356
70357
70358
70359
70360
70362
70363
70364
70365
70367
70368
70369
70370
70371
70373
70374
70375
70376
70377
70379
70380
70381
70382
70383
70385
70386
70387
70388
70390
70391
70392
70394
70398
70399
70400
70401
70402
70403
70404
70409
70410
70413
70414
70415
70416
70417
70418
70419
70420
70421
70422
70423
70424
70426
70428
70430
70431
70433
70434
70435
70436
70437
70438
70439
70440
70442
70444
70446
70447
70448
70449
70450
70451
70453
70454
70457
70458
70460
70462
70463
70466
70469
70470
70471
70472
70473
70474
70475
70476
70478
70481
70483
70484
70485
70486
70487
70489
70491
70492
70493
70494
70496
70497
70500
70502
70504
70505
70507
70508
70510
70511
70512
70513
70514
70515
70517
70518
70520
70521
70522
70523
70524
70526
70527
70528
70529
70530
70531
70533
70534
70535
70537
70538
70540
70541
70542
70543
70544
70545
70546
70547
70548
70549
70550
70551
70552
70553
70554
70556
70557
70558
70560
70561
70563
70564
70565
70566
70567
70568
70570
70571
70572
70573
70574
70575
70576
70577
70580
70582
70583
70585
70586
70587
70588
70590
70591
70592
70593
70594
70595
70598
70599
70602
70603
70605
70607
70608
70609
70610
70611
70613
70614
70615
70617
70618
70620
70621
70622
70623
70625
70626
70628
70629
70630
70631
70634
70637
70638
70639
70641
70642
70643
70644
70645
70647
70648
70649
70652
70653
70655
70661
70662
70663
70664
70665
70668
70669
70671
70672
70673
70674
70676
70678
70679
70681
70683
70684
70687
70691
70692
70695
70696
70697
70698
70699
70700
70702
70703
70704
70705
70706
70712
70713
70714
70717
70718
70719
70721
70722
70723
70724
70725
70726
70728
70729
70730
70731
70732
70733
70735
70736
70740
70742
70743
70744
70747
70749
70751
70753
70754
70755
70757
70758
70760
70761
70762
70763
70764
70765
70767
70768
70770
70771
70773
70774
70776
70781
70782
70783
70784
70785
70787
70788
70790
70791
70792
70795
70796
70797
70798
70799
70800
70802
70806
70807
70808
70809
70810
70811
70813
70814
70815
70818
70819
70820
70821
70822
70824
70825
70826
70827
70828
70830
70831
70833
70834
70835
70836
70837
70838
70839
70840
70842
70843
70845
70846
70847
70848
70849
70850
70851
70853
70854
70855
70856
70857
70859
70860
70861
70862
70863
70864
70865
70867
70868
70869
70870
70872
70873
70876
70877
70879
70880
70882
70883
70884
70886
70887
70888
70890
70891
70892
70893
70894
70896
70897
70898
70899
70901
70902
70903
70904
70905
70910
70912
70913
70914
70915
70916
70917
70920
70921
70922
70923
70924
70927
70928
70931
70932
70933
70936
70937
70938
70939
70940
70941
70942
70943
70944
70946
70948
70950
70951
70953
70955
70956
70958
70959
70960
70961
70964
70966
70967
70969
70971
70973
70974
70975
70976
70979
70981
70983
70984
70986
70987
70988
70989
70990
70992
70993
70995
70996
70997
70998
70999
71001
71003
71004
71005
71006
71007
71008
71009
71010
71011
71013
71014
71015
71016
71017
71018
71020
71022
71023
71026
71027
71028
71029
71033
71034
71036
71037
71038
71039
71040
71041
71043
71044
71046
71047
71048
71049
71052
71053
71055
71056
71057
71058
71060
71061
71062
71063
71064
71065
71066
71068
71069
71070
71071
71072
71073
71074
71075
71076
71077
71078
71079
71082
71084
71087
71088
71089
71090
71091
71092
71093
71094
71095
71096
71097
71098
71099
71100
71101
71102
71103
71105
71106
71107
71108
71111
71112
71113
71114
71116
71117
71118
71119
71121
71122
71123
71126
71127
71128
71129
71131
71132
71133
71134
71135
71136
71137
71138
71139
71140
71141
71142
71143
71144
71145
71146
71147
71150
71151
71152
71154
71157
71159
71160
71162
71163
71164
71166
71167
71168
71170
71171
71172
71173
71174
71176
71178
71179
71180
71182
71183
71185
71187
71188
71190
71192
71193
71196
71198
71199
71201
71202
71203
71204
71205
71206
71207
71209
71211
71212
71213
71214
71216
71218
71219
71220
71221
71222
71223
71227
71230
71231
71234
71235
71238
71239
71240
71241
71242
71244
71245
71247
71249
71252
71253
71254
71255
71256
71257
71261
71262
71263
71264
71265
71266
71268
71269
71271
71272
71273
71274
71275
71276
71277
71279
71281
71282
71284
71285
71286
71287
71290
71291
71293
71294
71296
71300
71301
71303
71304
71305
71306
71307
71309
71311
71313
71314
71315
71316
71317
71318
71319
71320
71321
71323
71324
71326
71328
71329
71332
71334
71335
71336
71338
71339
71340
71342
71343
71344
71345
71346
71348
71349
71351
71354
71357
71358
71359
71361
71364
71365
71366
71367
71369
71370
71371
71372
71373
71374
71376
71377
71378
71381
71384
71385
71387
71388
71389
71390
71391
71392
71394
71395
71396
71398
71399
71402
71403
71404
71405
71406
71408
71411
71415
71417
71419
71420
71421
71422
71424
71425
71426
71428
71430
71431
71432
71433
71434
71435
71436
71437
71439
71440
71441
71442
71443
71444
71446
71447
71448
71449
71451
71452
71453
71455
71456
71458
71460
71461
71462
71463
71464
71465
71466
71469
71470
71471
71473
71474
71475
71477
71478
71479
71480
71481
71483
71484
71486
71488
71489
71490
71492
71493
71494
71495
71496
71497
71499
71500
71501
71502
71503
71506
71507
71508
71512
71514
71515
71516
71518
71519
71520
71521
71522
71523
71524
71525
71527
71528
71530
71531
71533
71538
71539
71540
71541
71542
71544
71545
71546
71547
71548
71549
71550
71551
71552
71553
71554
71555
71556
71559
71561
71563
71565
71566
71568
71570
71571
71572
71575
71576
71577
71579
71580
71582
71584
71585
71586
71587
71590
71591
71592
71593
71594
71595
71597
71598
71599
71600
71601
71602
71603
71604
71605
71608
71610
71612
71613
71614
71615
71616
71617
71618
71619
71620
71621
71622
71623
71624
71625
71626
71627
71628
71629
71630
71631
71632
71633
71634
71636
71637
71641
71642
71645
71646
71647
71649
71651
71652
71653
71654
71655
71658
71659
71660
71661
71662
71664
71665
71666
71669
71670
71672
71674
71677
71678
71679
71680
71681
71683
71684
71685
71686
71688
71689
71690
71691
71692
71694
71695
71696
71697
71698
71699
71702
71703
71704
71706
71709
71710
71712
71713
71714
71715
71716
71717
71720
71722
71723
71725
71727
71728
71730
71731
71733
71734
71735
71736
71737
71738
71739
71740
71741
71743
71744
71746
71748
71749
71750
71751
71755
71756
71759
71760
71761
71762
71763
71764
71765
71766
71767
71771
71772
71774
71777
71778
71779
71780
71781
71784
71786
71787
71788
71789
71790
71792
71793
71794
71795
71796
71797
71798
71800
71801
71802
71803
71804
71805
71808
71809
71810
71811
71812
71813
71815
71816
71818
71821
71823
71824
71825
71827
71828
71829
71830
71831
71832
71835
71836
71838
71839
71842
71843
71845
71849
71850
71852
71853
71854
71855
71857
71860
71861
71862
71865
71866
71867
71868
71873
71874
71875
71876
71877
71878
71881
71883
71884
71886
71888
71889
71890
71891
71892
71893
71894
71895
71897
71898
71900
71901
71902
71903
71904
71907
71908
71909
71910
71911
71915
71917
71920
71921
71923
71924
71925
71926
71927
71928
71929
71930
71931
71932
71934
71937
71940
71942
71943
71944
71945
71946
71947
71950
71952
71954
71955
71958
71959
71960
71961
71963
71967
71968
71969
71970
71972
71973
71974
71976
71977
71978
71979
71980
71981
71982
71983
71984
71985
71986
71987
71989
71990
71993
71995
71996
71998
72000
72002
72004
72005
72006
72007
72008
72010
72011
72012
72013
72014
72017
72019
72020
72021
72022
72024
72026
72028
72029
72031
72032
72033
72036
72037
72038
72039
72040
72042
72043
72044
72045
72046
72047
72048
72049
72051
72052
72054
72055
72056
72057
72058
72059
72060
72062
72063
72064
72065
72066
72067
72070
72071
72072
72073
72075
72076
72077
72079
72080
72081
72082
72083
72084
72085
72086
72089
72090
72091
72093
72094
72096
72097
72098
72100
72101
72102
72103
72105
72107
72108
72109
72111
72112
72113
72114
72115
72116
72118
72119
72120
72121
72122
72123
72124
72127
72128
72130
72131
72132
72136
72139
72140
72141
72142
72143
72144
72145
72146
72149
72150
72151
72152
72153
72154
72155
72156
72159
72160
72162
72163
72165
72166
72170
72172
72173
72174
72175
72176
72177
72178
72179
72181
72182
72184
72185
72186
72187
72188
72191
72193
72194
72196
72198
72200
72202
72203
72204
72206
72207
72208
72210
72212
72213
72215
72216
72218
72219
72220
72221
72222
72225
72227
72228
72230
72231
72233
72235
72236
72239
72240
72242
72243
72244
72245
72246
72247
72248
72249
72250
72251
72252
72253
72255
72256
72257
72258
72259
72261
72264
72269
72271
72272
72274
72276
72277
72278
72280
72281
72283
72284
72285
72286
72288
72289
72291
72292
72293
72294
72295
72296
72297
72298
72299
72300
72301
72303
72304
72305
72306
72307
72308
72309
72310
72313
72314
72315
72316
72317
72318
72319
72320
72321
72322
72323
72324
72325
72328
72329
72330
72331
72335
72337
72338
72339
72341
72342
72343
72344
72345
72346
72348
72349
72350
72354
72355
72356
72357
72358
72360
72361
72362
72364
72365
72367
72368
72369
72370
72371
72372
72373
72374
72375
72377
72378
72379
72380
72381
72382
72383
72384
72385
72386
72387
72388
72389
72390
72391
72395
72396
72398
72399
72400
72401
72402
72403
72404
72405
72407
72408
72410
72411
72412
72413
72415
72416
72417
72418
72419
72420
72421
72422
72423
72425
72429
72430
72431
72432
72434
72435
72437
72439
72441
72442
72444
72445
72446
72447
72451
72452
72453
72454
72455
72456
72457
72458
72460
72461
72464
72467
72468
72469
72470
72471
72472
72473
72474
72475
72476
72477
72479
72481
72483
72485
72486
72490
72491
72492
72493
72494
72495
72497
72498
72499
72500
72501
72502
72503
72504
72509
72510
72513
72514
72515
72517
72518
72519
72521
72522
72525
72526
72527
72528
72530
72533
72536
72537
72538
72539
72540
72541
72543
72544
72545
72546
72547
72548
72549
72550
72553
72554
72555
72556
72558
72559
72560
72563
72565
72567
72569
72570
72571
72572
72574
72577
72579
72580
72581
72582
72585
72586
72588
72592
72593
72594
72595
72597
72598
72599
72600
72602
72604
72606
72607
72608
72609
72611
72612
72613
72614
72617
72618
72619
72620
72621
72622
72624
72625
72626
72629
72630
72631
72632
72633
72634
72636
72637
72638
72642
72643
72645
72646
72648
72649
72650
72651
72652
72653
72656
72657
72658
72661
72665
72667
72669
72672
72673
72674
72675
72676
72677
72678
72681
72682
72683
72685
72686
72689
72691
72693
72694
72695
72696
72697
72699
72700
72701
72702
72704
72705
72707
72708
72710
72711
72712
72713
72716
72718
72719
72720
72721
72722
72723
72724
72725
72726
72727
72728
72730
72731
72734
72735
72737
72740
72741
72742
72744
72745
72746
72751
72752
72755
72756
72757
72758
72760
72762
72763
72764
72766
72768
72769
72770
72771
72772
72773
72775
72776
72777
72779
72780
72781
72782
72783
72784
72785
72786
72787
72788
72790
72791
72792
72794
72795
72796
72798
72799
72800
72801
72802
72803
72805
72806
72807
72808
72809
72810
72811
72812
72813
72814
72815
72817
72820
72824
72825
72826
72827
72828
72830
72831
72832
72833
72834
72836
72837
72838
72840
72841
72844
72847
72849
72850
72851
72852
72853
72854
72855
72858
72859
72860
72861
72866
72868
72869
72870
72871
72872
72873
72874
72875
72876
72877
72878
72879
72880
72881
72883
72884
72885
72886
72887
72888
72889
72890
72891
72892
72893
72895
72896
72898
72900
72901
72902
72903
72904
72905
72906
72907
72908
72909
72910
72911
72912
72913
72915
72916
72919
72921
72923
72925
72927
72929
72930
72931
72932
72935
72937
72938
72939
72940
72941
72942
72943
72945
72947
72948
72949
72950
72952
72953
72954
72956
72957
72958
72959
72960
72961
72963
72964
72965
72966
72967
72968
72969
72971
72972
72973
72974
72975
72977
72978
72979
72981
72982
72983
72984
72986
72987
72988
72991
72992
72993
72996
72998
73001
73002
73005
73006
73008
73009
73010
73013
73014
73016
73017
73018
73019
73020
73021
73022
73023
73024
73025
73028
73029
73030
73032
73033
73034
73036
73037
73038
73039
73041
73042
73043
73045
73046
73047
73048
73051
73052
73053
73054
73055
73056
73057
73058
73059
73060
73062
73064
73066
73067
73068
73070
73071
73073
73074
73075
73078
73084
73086
73088
73090
73092
73093
73094
73095
73096
73097
73099
73102
73103
73104
73105
73106
73108
73109
73110
73111
73112
73113
73114
73115
73116
73117
73118
73119
73120
73121
73123
73124
73125
73126
73127
73128
73129
73132
73133
73135
73136
73139
73141
73142
73143
73144
73145
73146
73147
73148
73150
73152
73154
73155
73157
73158
73159
73160
73161
73162
73163
73164
73165
73167
73168
73169
73170
73171
73172
73173
73174
73175
73176
73177
73178
73180
73182
73184
73185
73186
73187
73188
73189
73192
73193
73194
73195
73196
73197
73199
73201
73204
73205
73206
73207
73209
73210
73213
73215
73216
73217
73218
73219
73220
73221
73222
73223
73224
73225
73226
73227
73229
73230
73231
73233
73234
73235
73236
73237
73238
73240
73241
73243
73245
73246
73248
73249
73250
73252
73256
73257
73258
73259
73260
73261
73262
73263
73265
73267
73268
73269
73271
73272
73273
73274
73275
73278
73279
73280
73284
73285
73286
73287
73288
73289
73290
73291
73292
73294
73296
73298
73299
73300
73301
73302
73306
73307
73308
73309
73310
73312
73313
73314
73315
73316
73317
73318
73319
73320
73321
73322
73324
73326
73327
73328
73329
73331
73332
73333
73335
73336
73337
73338
73339
73340
73341
73342
73343
73344
73345
73346
73347
73348
73349
73350
73352
73353
73354
73355
73356
73357
73359
73360
73361
73364
73365
73366
73367
73369
73371
73372
73373
73374
73375
73376
73377
73378
73379
73381
73385
73387
73388
73390
73391
73392
73394
73395
73396
73397
73398
73401
73402
73403
73404
73405
73406
73407
73408
73409
73410
73411
73413
73414
73415
73416
73417
73418
73419
73420
73421
73423
73424
73425
73426
73428
73429
73430
73431
73432
73435
73437
73438
73439
73440
73441
73442
73449
73450
73451
73452
73455
73456
73460
73461
73462
73463
73464
73465
73466
73467
73468
73469
73470
73471
73472
73473
73475
73476
73477
73478
73481
73482
73485
73486
73491
73492
73493
73494
73495
73496
73499
73501
73502
73503
73504
73507
73508
73509
73512
73513
73514
73516
73517
73518
73520
73521
73522
73524
73528
73530
73531
73533
73534
73535
73536
73539
73540
73541
73542
73544
73545
73546
73547
73549
73550
73551
73552
73554
73555
73556
73557
73558
73559
73560
73561
73564
73566
73568
73570
73571
73573
73574
73575
73576
73577
73578
73579
73580
73582
73583
73584
73585
73587
73588
73589
73590
73592
73593
73594
73595
73596
73597
73598
73601
73602
73604
73606
73607
73608
73609
73610
73611
73612
73613
73614
73615
73619
73620
73621
73622
73623
73624
73627
73629
73630
73632
73633
73634
73635
73639
73640
73641
73642
73645
73646
73650
73652
73653
73654
73655
73658
73660
73661
73662
73663
73664
73666
73667
73668
73670
73671
73672
73673
73674
73675
73676
73677
73679
73680
73681
73682
73684
73685
73691
73693
73694
73695
73696
73697
73698
73699
73701
73702
73703
73704
73705
73706
73707
73708
73709
73710
73711
73713
73715
73716
73717
73719
73720
73722
73723
73725
73726
73727
73728
73729
73731
73735
73737
73739
73740
73741
73743
73744
73746
73747
73748
73749
73750
73751
73752
73754
73755
73756
73757
73759
73761
73762
73764
73765
73766
73769
73770
73774
73775
73776
73777
73778
73783
73784
73786
73787
73791
73792
73793
73794
73795
73797
73798
73799
73801
73802
73804
73807
73808
73813
73814
73815
73817
73818
73819
73822
73823
73824
73825
73826
73828
73829
73830
73832
73833
73834
73839
73841
73842
73843
73844
73845
73846
73847
73848
73851
73853
73854
73855
73858
73859
73860
73861
73862
73863
73865
73866
73867
73868
73869
73870
73872
73873
73874
73875
73877
73878
73879
73882
73883
73885
73886
73887
73888
73892
73893
73895
73897
73898
73900
73903
73906
73907
73908
73909
73912
73913
73914
73915
73916
73917
73918
73920
73922
73923
73925
73929
73930
73933
73934
73935
73936
73938
73940
73941
73942
73943
73944
73945
73946
73948
73950
73951
73952
73954
73955
73956
73957
73958
73959
73962
73963
73965
73966
73968
73969
73970
73971
73972
73973
73974
73977
73978
73980
73982
73989
73990
73991
73993
74000
74001
74003
74004
74005
74011
74012
74013
74015
74017
74020
74021
74022
74023
74025
74026
74027
74028
74029
74030
74031
74032
74034
74035
74036
74037
74038
74039
74040
74041
74042
74043
74045
74046
74047
74049
74050
74051
74052
74054
74055
74056
74057
74059
74060
74061
74063
74064
74068
74072
74073
74074
74076
74077
74078
74080
74081
74082
74086
74087
74088
74089
74090
74091
74092
74093
74094
74095
74096
74098
74099
74100
74101
74102
74103
74104
74105
74106
74109
74110
74111
74112
74113
74116
74117
74119
74120
74121
74122
74123
74124
74125
74126
74127
74129
74131
74132
74133
74135
74136
74137
74139
74140
74141
74143
74144
74146
74149
74150
74151
74152
74153
74155
74157
74159
74160
74162
74163
74164
74166
74167
74168
74170
74171
74173
74178
74179
74180
74182
74183
74187
74188
74189
74190
74192
74193
74194
74196
74197
74199
74200
74201
74202
74204
74206
74207
74208
74210
74211
74214
74216
74218
74220
74222
74223
74224
74225
74227
74228
74229
74230
74232
74235
74236
74238
74239
74240
74241
74243
74244
74245
74246
74247
74248
74250
74251
74252
74253
74254
74258
74261
74263
74264
74267
74268
74269
74270
74272
74274
74275
74277
74279
74280
74284
74285
74286
74287
74288
74291
74293
74294
74297
74298
74299
74300
74301
74302
74303
74304
74308
74310
74313
74315
74316
74317
74318
74319
74321
74323
74324
74325
74326
74327
74328
74329
74330
74331
74332
74333
74334
74336
74337
74338
74340
74342
74343
74344
74345
74347
74348
74350
74352
74356
74358
74359
74360
74361
74362
74363
74366
74368
74369
74371
74375
74376
74377
74379
74380
74381
74383
74384
74385
74386
74388
74390
74391
74393
74395
74396
74397
74398
74399
74400
74401
74402
74403
74404
74405
74406
74407
74408
74409
74410
74411
74412
74413
74414
74415
74416
74418
74419
74420
74422
74424
74426
74428
74430
74431
74432
74434
74437
74438
74440
74441
74442
74443
74444
74445
74446
74447
74448
74449
74450
74451
74452
74454
74455
74457
74459
74460
74461
74463
74464
74466
74468
74469
74470
74471
74472
74473
74474
74476
74477
74478
74479
74480
74482
74483
74484
74485
74487
74488
74489
74490
74491
74492
74493
74494
74496
74497
74498
74499
74501
74503
74504
74505
74506
74508
74509
74512
74513
74515
74516
74517
74518
74519
74520
74522
74524
74525
74526
74527
74528
74529
74530
74533
74534
74535
74536
74537
74538
74540
74542
74543
74544
74546
74548
74549
74550
74551
74552
74553
74554
74555
74556
74557
74558
74559
74560
74561
74562
74563
74564
74565
74566
74567
74568
74569
74570
74571
74572
74574
74575
74576
74578
74579
74580
74581
74582
74583
74587
74588
74590
74591
74593
74594
74596
74597
74598
74599
74600
74601
74602
74603
74606
74607
74609
74610
74611
74612
74613
74614
74617
74618
74621
74622
74626
74628
74631
74633
74634
74636
74637
74638
74639
74640
74641
74642
74643
74644
74645
74647
74648
74649
74650
74652
74653
74654
74656
74657
74659
74660
74661
74666
74667
74668
74669
74670
74671
74672
74674
74675
74676
74678
74681
74682
74684
74685
74686
74687
74688
74689
74694
74696
74697
74698
74699
74700
74701
74702
74705
74707
74708
74709
74710
74712
74713
74714
74715
74716
74717
74718
74719
74720
74721
74722
74724
74726
74728
74730
74731
74734
74735
74736
74737
74738
74739
74740
74743
74745
74746
74748
74749
74750
74751
74752
74754
74755
74756
74757
74758
74761
74762
74763
74764
74765
74767
74768
74770
74773
74775
74776
74777
74780
74781
74785
74786
74787
74788
74789
74790
74791
74792
74793
74794
74796
74797
74799
74800
74801
74802
74803
74804
74806
74807
74808
74811
74812
74813
74814
74817
74818
74820
74821
74822
74824
74825
74827
74828
74829
74834
74835
74837
74839
74840
74841
74845
74846
74849
74852
74854
74855
74857
74860
74861
74862
74863
74864
74867
74868
74869
74871
74872
74873
74874
74875
74876
74877
74878
74879
74880
74881
74882
74883
74885
74887
74889
74890
74891
74892
74894
74895
74897
74898
74899
74901
74902
74907
74909
74910
74911
74913
74916
74917
74921
74922
74923
74924
74925
74926
74927
74928
74929
74931
74932
74933
74934
74935
74936
74937
74938
74939
74940
74943
74944
74945
74946
74947
74948
74949
74950
74951
74952
74954
74955
74956
74957
74958
74959
74960
74961
74962
74963
74964
74965
74966
74967
74968
74969
74970
74971
74972
74973
74976
74978
74979
74980
74982
74983
74984
74985
74986
74987
74988
74989
74990
74991
74992
74993
74994
74995
74996
74998
75000
75001
75003
75006
75007
75008
75009
75010
75012
75013
75014
75015
75017
75019
75020
75021
75022
75024
75025
75026
75027
75028
75029
75030
75031
75032
75033
75034
75035
75037
75038
75039
75040
75043
75044
75045
75048
75049
75050
75051
75052
75053
75054
75055
75058
75059
75060
75062
75064
75065
75066
75067
75068
75069
75070
75071
75072
75073
75074
75076
75077
75078
75079
75081
75082
75084
75085
75086
75087
75088
75089
75090
75091
75092
75093
75094
75095
75098
75099
75101
75102
75103
75104
75105
75106
75108
75109
75110
75111
75112
75113
75115
75116
75118
75119
75120
75121
75122
75123
75124
75125
75126
75129
75130
75131
75133
75134
75136
75137
75138
75139
75142
75144
75147
75149
75150
75151
75152
75153
75154
75155
75156
75157
75159
75161
75162
75163
75166
75167
75169
75171
75172
75174
75175
75177
75178
75179
75180
75181
75182
75185
75188
75189
75190
75191
75195
75196
75197
75200
75201
75203
75204
75206
75207
75208
75210
75211
75212
75213
75214
75216
75218
75219
75220
75222
75223
75224
75225
75226
75227
75228
75229
75230
75232
75235
75236
75237
75238
75240
75242
75243
75244
75247
75248
75249
75250
75252
75255
75257
75258
75259
75261
75262
75263
75264
75265
75266
75267
75269
75270
75272
75273
75275
75276
75277
75279
75281
75282
75283
75284
75285
75286
75290
75292
75293
75294
75295
75296
75297
75298
75299
75302
75305
75307
75309
75310
75311
75312
75313
75314
75315
75317
75318
75319
75322
75323
75324
75326
75327
75328
75329
75330
75332
75333
75334
75335
75336
75337
75338
75339
75340
75341
75342
75343
75344
75345
75346
75347
75348
75349
75351
75352
75353
75354
75355
75356
75357
75358
75360
75362
75364
75367
75368
75370
75371
75372
75374
75375
75376
75377
75378
75379
75380
75381
75382
75383
75384
75385
75386
75388
75389
75390
75391
75393
75394
75395
75396
75398
75399
75400
75401
75404
75405
75406
75408
75409
75411
75412
75413
75414
75415
75416
75418
75419
75420
75422
75423
75425
75426
75428
75429
75430
75431
75435
75437
75438
75440
75441
75442
75444
75446
75447
75448
75449
75450
75451
75452
75454
75456
75457
75458
75459
75461
75463
75464
75465
75466
75467
75468
75469
75470
75471
75472
75473
75474
75475
75476
75477
75478
75479
75480
75481
75483
75485
75486
75487
75488
75490
75491
75492
75493
75494
75495
75496
75497
75498
75499
75500
75502
75503
75504
75505
75506
75509
75510
75511
75512
75515
75516
75519
75522
75526
75527
75528
75530
75531
75532
75533
75535
75537
75538
75541
75542
75543
75544
75545
75546
75548
75549
75551
75553
75555
75557
75558
75559
75560
75561
75563
75564
75565
75566
75567
75568
75569
75570
75571
75573
75576
75577
75578
75579
75580
75581
75582
75583
75585
75587
75590
75592
75593
75594
75598
75599
75600
75602
75603
75604
75605
75606
75607
75608
75611
75612
75613
75615
75616
75618
75619
75620
75621
75622
75625
75626
75627
75628
75629
75630
75631
75633
75634
75635
75637
75638
75639
75641
75644
75645
75646
75647
75648
75649
75650
75651
75652
75653
75654
75655
75656
75657
75658
75660
75661
75662
75663
75664
75667
75670
75671
75672
75673
75674
75675
75676
75677
75678
75679
75681
75682
75688
75689
75690
75691
75692
75693
75694
75695
75698
75699
75701
75702
75704
75707
75708
75710
75711
75712
75713
75714
75715
75716
75717
75719
75720
75721
75722
75724
75725
75727
75728
75729
75731
75736
75737
75738
75739
75740
75741
75742
75743
75745
75746
75748
75749
75750
75751
75752
75755
75756
75758
75759
75760
75761
75763
75764
75767
75768
75770
75771
75772
75773
75776
75777
75778
75780
75781
75782
75783
75784
75785
75787
75788
75789
75790
75791
75792
75793
75794
75796
75798
75801
75804
75807
75808
75809
75810
75811
75812
75815
75818
75821
75823
75824
75827
75828
75829
75830
75831
75832
75833
75834
75835
75836
75837
75839
75840
75842
75843
75846
75848
75851
75852
75853
75855
75856
75857
75858
75859
75860
75861
75862
75864
75867
75869
75870
75873
75874
75875
75876
75878
75879
75880
75881
75883
75884
75885
75886
75887
75888
75889
75890
75892
75893
75894
75897
75898
75899
75900
75901
75902
75906
75907
75908
75911
75913
75914
75915
75916
75918
75919
75920
75921
75922
75923
75924
75925
75926
75927
75928
75931
75932
75936
75937
75940
75941
75942
75945
75946
75947
75948
75950
75952
75953
75954
75955
75956
75958
75959
75961
75962
75963
75964
75965
75966
75968
75969
75970
75971
75972
75973
75974
75976
75977
75979
75980
75981
75983
75984
75987
75988
75989
75990
75993
75994
75996
75997
75998
75999
76001
76002
76003
76004
76005
76006
76007
76009
76011
76012
76013
76015
76016
76017
76018
76019
76021
76023
76026
76027
76029
76031
76035
76036
76037
76038
76039
76041
76042
76043
76045
76046
76048
76049
76050
76051
76052
76056
76057
76061
76062
76063
76066
76067
76068
76069
76070
76071
76072
76073
76074
76075
76076
76077
76078
76079
76080
76081
76082
76083
76084
76086
76087
76088
76089
76091
76092
76094
76095
76097
76098
76100
76101
76102
76104
76105
76108
76109
76110
76111
76112
76113
76115
76116
76118
76119
76120
76121
76122
76125
76126
76127
76129
76131
76132
76134
76135
76136
76137
76138
76139
76141
76142
76144
76147
76148
76149
76151
76152
76153
76155
76159
76161
76165
76166
76168
76170
76172
76173
76174
76176
76177
76179
76180
76181
76182
76184
76186
76187
76189
76190
76192
76193
76194
76195
76196
76197
76198
76200
76201
76202
76203
76204
76205
76206
76207
76208
76211
76214
76216
76217
76223
76225
76226
76227
76228
76229
76230
76235
76236
76238
76242
76243
76245
76246
76247
76248
76249
76250
76251
76253
76254
76255
76256
76258
76260
76261
76262
76264
76265
76266
76269
76270
76272
76273
76274
76275
76276
76277
76279
76280
76282
76283
76284
76285
76286
76288
76289
76290
76291
76292
76293
76295
76296
76297
76299
76300
76301
76303
76304
76305
76306
76308
76309
76310
76311
76312
76313
76314
76315
76320
76321
76322
76323
76326
76327
76329
76330
76331
76333
76334
76335
76339
76340
76341
76342
76344
76345
76346
76348
76349
76351
76356
76358
76359
76360
76361
76364
76365
76366
76367
76368
76370
76371
76372
76373
76375
76376
76379
76381
76382
76383
76385
76387
76388
76389
76392
76396
76397
76398
76399
76401
76402
76403
76404
76405
76406
76408
76409
76410
76411
76412
76413
76416
76417
76418
76419
76422
76423
76425
76427
76428
76430
76431
76432
76433
76434
76435
76436
76437
76440
76441
76444
76447
76452
76453
76454
76455
76456
76457
76458
76459
76462
76463
76466
76467
76469
76470
76471
76473
76475
76476
76477
76478
76481
76482
76484
76487
76489
76491
76492
76493
76495
76498
76500
76501
76503
76504
76506
76508
76511
76512
76514
76515
76517
76518
76519
76520
76521
76523
76524
76526
76527
76528
76530
76531
76532
76533
76534
76535
76536
76539
76540
76542
76543
76544
76547
76548
76552
76553
76555
76556
76558
76559
76560
76561
76562
76563
76564
76568
76569
76570
76571
76572
76574
76577
76579
76581
76582
76584
76586
76588
76589
76591
76592
76594
76595
76598
76599
76601
76604
76605
76606
76609
76610
76611
76615
76616
76617
76619
76620
76622
76624
76626
76628
76629
76631
76633
76634
76636
76637
76640
76641
76642
76643
76644
76645
76646
76647
76648
76649
76650
76652
76653
76654
76656
76658
76659
76660
76662
76663
76664
76665
76666
76667
76668
76669
76672
76673
76674
76675
76678
76679
76684
76691
76692
76693
76695
76696
76697
76698
76699
76700
76702
76704
76706
76707
76710
76711
76712
76713
76714
76715
76717
76720
76721
76722
76726
76727
76729
76730
76731
76732
76735
76736
76737
76739
76740
76741
76742
76743
76745
76748
76749
76751
76752
76753
76754
76755
76756
76758
76759
76760
76761
76762
76763
76764
76765
76766
76767
76768
76770
76771
76773
76776
76777
76778
76781
76783
76784
76786
76787
76788
76789
76790
76791
76792
76793
76794
76797
76800
76802
76803
76805
76806
76807
76808
76809
76810
76812
76813
76814
76817
76818
76820
76822
76823
76824
76825
76826
76827
76828
76830
76833
76834
76835
76837
76838
76839
76841
76842
76843
76849
76850
76852
76854
76855
76856
76858
76859
76861
76862
76863
76864
76866
76867
76868
76871
76873
76874
76876
76877
76878
76879
76880
76882
76883
76884
76885
76887
76888
76890
76891
76892
76893
76894
76895
76897
76898
76899
76903
76907
76908
76911
76912
76913
76916
76917
76919
76921
76924
76925
76926
76927
76928
76930
76931
76933
76934
76935
76936
76938
76939
76940
76941
76944
76945
76946
76947
76949
76950
76951
76952
76954
76959
76960
76961
76962
76963
76964
76965
76966
76969
76971
76976
76979
76980
76981
76982
76984
76985
76986
76987
76989
76990
76991
76993
76994
76996
76997
76998
76999
77000
77001
77002
77003
77004
77005
77006
77009
77011
77012
77013
77016
77018
77019
77023
77024
77025
77026
77027
77028
77030
77031
77033
77035
77036
77037
77038
77039
77040
77041
77043
77045
77046
77047
77048
77050
77051
77052
77053
77056
77057
77058
77061
77062
77063
77064
77067
77069
77071
77072
77074
77075
77078
77080
77082
77083
77084
77085
77086
77087
77088
77089
77090
77091
77092
77094
77095
77096
77098
77099
77102
77104
77105
77106
77107
77109
77110
77112
77114
77115
77116
77118
77119
77120
77121
77122
77126
77127
77128
77129
77130
77132
77134
77135
77138
77140
77141
77142
77143
77144
77145
77147
77148
77149
77150
77153
77154
77156
77157
77158
77159
77161
77162
77165
77166
77167
77169
77170
77173
77174
77175
77176
77178
77179
77180
77182
77183
77184
77187
77188
77190
77192
77193
77194
77198
77200
77201
77202
77204
77206
77207
77208
77209
77210
77212
77213
77214
77216
77217
77218
77220
77221
77222
77225
77226
77227
77228
77229
77231
77232
77236
77237
77238
77239
77241
77242
77243
77244
77245
77246
77247
77249
77251
77252
77253
77254
77255
77256
77257
77258
77259
77260
77263
77265
77266
77267
77268
77269
77271
77272
77273
77274
77275
77276
77278
77279
77280
77282
77289
77290
77291
77292
77293
77295
77296
77297
77298
77299
77300
77302
77303
77304
77305
77306
77307
77309
77310
77311
77312
77313
77315
77316
77317
77318
77320
77322
77323
77326
77328
77329
77330
77332
77333
77335
77338
77340
77342
77343
77344
77346
77347
77348
77349
77352
77353
77354
77356
77357
77358
77359
77360
77361
77362
77363
77365
77367
77368
77369
77370
77371
77373
77374
77375
77376
77379
77381
77382
77383
77384
77385
77387
77388
77389
77391
77392
77393
77394
77396
77397
77398
77399
77400
77401
77402
77403
77404
77405
77408
77410
77411
77412
77413
77417
77420
77421
77423
77424
77426
77427
77428
77429
77430
77431
77434
77436
77439
77440
77442
77443
77444
77445
77446
77447
77448
77449
77450
77451
77452
77453
77454
77459
77461
77462
77463
77466
77469
77470
77471
77473
77474
77475
77476
77477
77480
77481
77483
77484
77485
77489
77490
77491
77492
77493
77495
77497
77498
77500
77501
77502
77503
77505
77506
77507
77508
77511
77514
77515
77516
77517
77518
77520
77521
77522
77523
77526
77527
77528
77529
77530
77531
77532
77533
77534
77535
77536
77537
77538
77541
77542
77543
77544
77545
77546
77549
77552
77553
77554
77555
77560
77562
77564
77565
77567
77568
77569
77571
77572
77573
77574
77577
77580
77581
77582
77584
77585
77586
77588
77589
77590
77591
77595
77596
77599
77600
77601
77603
77604
77605
77606
77607
77608
77609
77610
77611
77613
77614
77615
77617
77618
77620
77621
77622
77623
77624
77625
77626
77627
77629
77632
77633
77634
77635
77637
77638
77639
77640
77643
77644
77645
77646
77647
77648
77649
77650
77651
77653
77654
77655
77663
77665
77666
77667
77668
77672
77673
77674
77675
77676
77677
77678
77680
77681
77682
77684
77686
77687
77688
77689
77690
77691
77692
77695
77697
77698
77699
77702
77704
77707
77708
77710
77714
77716
77717
77718
77719
77720
77721
77724
77725
77726
77727
77729
77731
77732
77733
77735
77736
77737
77738
77739
77742
77743
77744
77747
77748
77749
77750
77752
77753
77754
77757
77761
77766
77767
77769
77770
77771
77772
77774
77775
77776
77777
77778
77779
77780
77781
77782
77783
77784
77785
77786
77787
77788
77789
77791
77792
77793
77796
77797
77799
77801
77802
77804
77805
77806
77807
77808
77809
77810
77811
77812
77813
77814
77815
77816
77817
77818
77819
77820
77821
77822
77823
77826
77827
77828
77829
77830
77831
77834
77838
77839
77841
77843
77844
77845
77846
77848
77851
77852
77853
77856
77859
77860
77861
77862
77863
77864
77865
77866
77867
77869
77870
77872
77874
77875
77876
77879
77880
77881
77882
77883
77884
77885
77886
77890
77892
77893
77894
77895
77897
77898
77899
77900
77901
77904
77905
77906
77907
77908
77910
77911
77912
77913
77916
77918
77920
77922
77923
77924
77925
77926
77929
77930
77931
77932
77933
77935
77936
77937
77938
77939
77940
77941
77942
77943
77944
77945
77946
77947
77948
77949
77950
77951
77952
77953
77955
77956
77957
77959
77961
77966
77971
77972
77974
77976
77979
77980
77981
77982
77984
77985
77986
77987
77988
77989
77990
77991
77992
77993
77994
77995
77996
77997
77999
78000
78001
78002
78003
78004
78005
78006
78007
78008
78010
78011
78012
78013
78014
78015
78016
78018
78019
78020
78021
78023
78024
78025
78026
78027
78028
78030
78031
78032
78034
78037
78039
78040
78041
78042
78043
78044
78046
78049
78050
78053
78054
78056
78057
78059
78060
78061
78062
78063
78064
78067
78068
78069
78070
78071
78072
78074
78075
78076
78078
78079
78080
78081
78082
78084
78085
78086
78087
78088
78089
78090
78091
78094
78096
78098
78100
78104
78105
78106
78110
78111
78112
78113
78115
78116
78117
78118
78119
78121
78122
78123
78124
78125
78126
78127
78128
78129
78130
78132
78134
78135
78138
78140
78142
78143
78144
78145
78146
78147
78148
78149
78150
78151
78152
78154
78155
78156
78157
78158
78161
78163
78164
78165
78167
78168
78170
78178
78179
78180
78183
78184
78185
78187
78188
78189
78190
78191
78192
78193
78194
78195
78196
78197
78198
78200
78202
78203
78205
78206
78207
78208
78209
78210
78212
78213
78218
78219
78220
78222
78223
78224
78226
78228
78229
78230
78232
78233
78234
78235
78236
78237
78238
78239
78241
78242
78244
78245
78246
78247
78248
78249
78250
78252
78253
78255
78256
78257
78258
78259
78263
78265
78266
78267
78268
78270
78272
78273
78274
78275
78276
78278
78279
78284
78285
78286
78288
78289
78290
78291
78293
78294
78295
78296
78297
78298
78299
78300
78302
78303
78304
78305
78306
78307
78312
78313
78315
78316
78317
78318
78319
78321
78322
78323
78324
78325
78327
78329
78331
78332
78333
78334
78336
78337
78339
78340
78341
78342
78344
78345
78346
78347
78349
78350
78352
78354
78355
78357
78358
78359
78361
78363
78364
78365
78367
78370
78371
78374
78375
78377
78379
78380
78381
78382
78386
78387
78389
78392
78394
78395
78396
78397
78398
78399
78400
78401
78402
78403
78404
78406
78407
78408
78411
78413
78415
78416
78417
78418
78419
78420
78421
78422
78423
78424
78425
78427
78428
78429
78433
78434
78435
78437
78438
78439
78440
78441
78443
78444
78446
78448
78449
78450
78451
78452
78453
78454
78455
78456
78457
78458
78461
78462
78464
78465
78468
78470
78471
78472
78473
78474
78475
78476
78477
78478
78479
78484
78486
78488
78489
78490
78493
78495
78497
78498
78502
78503
78504
78505
78506
78507
78508
78509
78510
78512
78514
78515
78516
78519
78520
78521
78522
78523
78524
78525
78526
78528
78529
78530
78532
78533
78535
78536
78537
78541
78543
78544
78546
78547
78548
78549
78550
78551
78552
78553
78554
78555
78556
78557
78559
78560
78563
78565
78566
78567
78570
78571
78572
78573
78574
78575
78576
78577
78578
78580
78581
78582
78583
78585
78587
78588
78589
78590
78592
78593
78594
78595
78596
78597
78599
78600
78601
78602
78603
78604
78606
78608
78609
78610
78614
78619
78620
78621
78622
78623
78625
78627
78630
78631
78633
78636
78637
78640
78641
78643
78645
78651
78653
78654
78655
78656
78657
78659
78660
78661
78662
78666
78668
78669
78671
78673
78674
78675
78676
78679
78680
78681
78682
78683
78685
78686
78687
78690
78691
78693
78694
78695
78696
78698
78699
78700
78701
78703
78704
78705
78706
78707
78709
78711
78713
78715
78716
78717
78718
78719
78720
78721
78723
78724
78728
78729
78731
78732
78733
78734
78736
78737
78738
78740
78741
78743
78744
78745
78746
78747
78748
78749
78750
78751
78752
78753
78759
78761
78762
78763
78764
78766
78767
78770
78774
78775
78776
78777
78778
78779
78780
78781
78782
78784
78785
78786
78787
78789
78790
78791
78793
78795
78796
78799
78800
78802
78803
78804
78805
78806
78808
78811
78812
78813
78814
78816
78817
78823
78824
78825
78826
78827
78828
78830
78831
78837
78838
78839
78840
78841
78842
78844
78845
78847
78848
78849
78851
78853
78856
78858
78860
78863
78865
78868
78869
78870
78872
78873
78874
78876
78877
78881
78884
78885
78887
78888
78890
78891
78892
78893
78895
78896
78898
78899
78901
78902
78903
78904
78905
78907
78909
78910
78911
78912
78913
78916
78919
78920
78922
78923
78926
78928
78929
78930
78931
78932
78933
78934
78935
78937
78938
78940
78941
78942
78944
78945
78947
78949
78950
78951
78952
78953
78955
78956
78957
78958
78960
78961
78962
78964
78966
78967
78968
78969
78971
78973
78974
78975
78976
78979
78981
78983
78986
78987
78988
78989
78990
78991
78992
78994
78995
78997
78998
79001
79002
79006
79008
79011
79012
79013
79014
79015
79016
79017
79018
79019
79021
79022
79023
79024
79027
79028
79029
79032
79033
79034
79035
79037
79039
79041
79042
79044
79045
79046
79047
79049
79050
79051
79052
79054
79056
79057
79058
79059
79061
79062
79063
79066
79068
79069
79071
79073
79074
79075
79077
79082
79084
79087
79088
79089
79091
79096
79097
79098
79100
79101
79103
79104
79105
79106
79107
79108
79110
79113
79114
79115
79117
79118
79119
79120
79122
79123
79124
79126
79127
79128
79129
79130
79131
79132
79133
79135
79136
79137
79138
79139
79141
79143
79144
79145
79147
79148
79149
79150
79151
79152
79154
79155
79156
79159
79161
79162
79164
79166
79167
79169
79170
79173
79174
79176
79177
79178
79179
79180
79181
79184
79185
79186
79191
79192
79193
79196
79197
79199
79200
79201
79203
79204
79205
79207
79208
79210
79211
79212
79213
79214
79216
79217
79218
79219
79220
79221
79222
79223
79225
79226
79227
79228
79229
79230
79232
79233
79234
79235
79236
79237
79238
79240
79241
79242
79243
79245
79247
79248
79249
79250
79251
79253
79254
79255
79256
79257
79258
79259
79260
79263
79264
79265
79266
79267
79268
79273
79274
79275
79277
79278
79280
79281
79283
79285
79286
79288
79289
79290
79291
79292
79293
79295
79296
79297
79298
79299
79300
79301
79304
79305
79306
79307
79308
79309
79310
79311
79312
79313
79314
79315
79317
79318
79320
79321
79322
79324
79325
79326
79327
79328
79329
79330
79331
79333
79334
79335
79336
79338
79341
79342
79343
79344
79345
79346
79347
79348
79349
79350
79351
79352
79353
79358
79359
79363
79364
79365
79367
79368
79369
79370
79372
79375
79381
79383
79384
79385
79386
79388
79391
79394
79395
79396
79400
79401
79402
79404
79405
79408
79409
79413
79414
79415
79416
79418
79420
79423
79424
79427
79428
79431
79432
79433
79434
79435
79438
79439
79440
79443
79444
79445
79446
79448
79449
79450
79451
79453
79454
79455
79457
79458
79459
79460
79462
79464
79465
79466
79467
79469
79470
79471
79474
79475
79476
79477
79478
79480
79482
79483
79484
79485
79486
79488
79489
79490
79492
79496
79497
79498
79500
79501
79502
79506
79508
79509
79510
79511
79512
79513
79515
79517
79518
79520
79521
79522
79524
79525
79526
79527
79528
79530
79531
79533
79535
79538
79540
79542
79543
79544
79545
79546
79548
79549
79550
79551
79552
79556
79562
79563
79565
79566
79567
79568
79569
79570
79571
79572
79573
79575
79577
79578
79580
79581
79583
79584
79585
79587
79588
79589
79590
79593
79594
79596
79597
79598
79600
79601
79604
79606
79607
79608
79609
79610
79612
79614
79616
79617
79619
79620
79621
79622
79623
79625
79626
79627
79628
79629
79630
79631
79635
79636
79637
79638
79639
79640
79642
79644
79646
79647
79648
79649
79650
79651
79652
79653
79654
79655
79657
79658
79659
79660
79661
79663
79664
79665
79666
79667
79668
79669
79670
79671
79672
79674
79676
79677
79678
79679
79680
79682
79683
79684
79685
79686
79689
79690
79691
79693
79694
79695
79696
79697
79698
79699
79700
79701
79703
79704
79705
79706
79707
79709
79710
79711
79712
79713
79715
79716
79717
79718
79719
79720
79721
79722
79723
79724
79726
79729
79730
79731
79732
79733
79734
79735
79736
79738
79739
79740
79742
79744
79745
79748
79749
79750
79751
79752
79754
79755
79756
79757
79758
79760
79761
79762
79763
79764
79766
79767
79769
79770
79772
79773
79774
79775
79777
79778
79781
79783
79784
79785
79786
79788
79789
79790
79791
79795
79796
79797
79798
79799
79800
79801
79803
79806
79807
79808
79810
79811
79812
79814
79816
79817
79822
79823
79824
79825
79826
79827
79829
79830
79831
79833
79835
79837
79840
79841
79843
79844
79846
79847
79848
79849
79852
79853
79854
79855
79857
79859
79862
79866
79868
79869
79870
79873
79876
79877
79878
79880
79881
79882
79885
79886
79887
79888
79889
79891
79892
79896
79897
79898
79900
79901
79902
79903
79904
79905
79906
79907
79909
79911
79912
79914
79915
79916
79917
79918
79922
79923
79924
79925
79927
79931
79932
79933
79934
79935
79937
79938
79939
79940
79941
79943
79944
79946
79947
79948
79949
79950
79951
79952
79953
79956
79957
79958
79961
79962
79963
79965
79968
79969
79971
79972
79973
79974
79975
79976
79977
79979
79981
79983
79984
79987
79990
79991
79993
79994
79995
79996
79997
79998
79999
80000
80002
80004
80005
80007
80008
80009
80010
80011
80012
80013
80015
80017
80018
80019
80020
80021
80022
80024
80025
80030
80033
80035
80036
80037
80039
80041
80042
80045
80046
80047
80048
80050
80052
80053
80054
80056
80058
80060
80062
80064
80065
80066
80068
80069
80071
80072
80074
80075
80077
80079
80081
80083
80084
80085
80086
80087
80088
80089
80091
80092
80093
80096
80097
80098
80099
80100
80101
80103
80104
80105
80106
80107
80109
80110
80112
80113
80114
80116
80117
80118
80119
80120
80122
80124
80126
80129
80131
80132
80134
80135
80136
80137
80138
80139
80141
80142
80143
80144
80146
80147
80148
80149
80150
80151
80154
80157
80158
80159
80160
80161
80162
80163
80164
80165
80166
80167
80169
80170
80172
80173
80174
80175
80176
80178
80182
80183
80184
80186
80187
80188
80189
80190
80192
80193
80194
80197
80198
80201
80203
80205
80206
80207
80208
80211
80212
80213
80214
80215
80217
80218
80221
80222
80223
80224
80225
80228
80229
80230
80231
80233
80234
80238
80239
80240
80241
80242
80243
80244
80246
80247
80248
80249
80250
80251
80253
80254
80255
80256
80257
80258
80259
80260
80265
80267
80269
80270
80271
80272
80273
80274
80277
80278
80279
80280
80281
80282
80284
80285
80286
80287
80289
80291
80294
80295
80296
80299
80300
80301
80302
80305
80306
80307
80308
80310
80312
80313
80314
80316
80317
80318
80319
80321
80322
80323
80324
80325
80326
80327
80329
80330
80331
80332
80333
80334
80335
80336
80337
80338
80340
80341
80342
80344
80345
80346
80347
80350
80353
80357
80358
80360
80361
80362
80363
80365
80366
80367
80368
80369
80370
80371
80373
80375
80376
80377
80378
80379
80381
80384
80385
80386
80387
80388
80389
80390
80391
80392
80393
80395
80397
80398
80400
80401
80403
80404
80406
80408
80412
80413
80414
80415
80416
80417
80418
80419
80420
80421
80422
80424
80425
80426
80427
80428
80430
80431
80435
80436
80439
80440
80442
80443
80444
80445
80446
80447
80448
80449
80450
80451
80452
80454
80455
80456
80457
80464
80466
80467
80468
80470
80471
80472
80475
80477
80479
80480
80482
80483
80484
80485
80486
80487
80489
80490
80492
80493
80494
80497
80498
80500
80501
80504
80505
80506
80507
80508
80509
80511
80512
80513
80516
80518
80519
80520
80522
80523
80524
80525
80526
80527
80531
80533
80534
80536
80537
80542
80543
80545
80546
80547
80548
80549
80550
80551
80553
80555
80556
80557
80558
80559
80560
80561
80562
80565
80566
80567
80568
80569
80570
80571
80572
80573
80575
80578
80579
80581
80583
80584
80585
80586
80587
80589
80590
80592
80597
80598
80601
80602
80604
80605
80606
80608
80609
80610
80611
80612
80615
80617
80618
80619
80621
80622
80624
80625
80627
80628
80630
80632
80633
80634
80635
80636
80637
80638
80639
80640
80641
80642
80644
80645
80646
80648
80649
80650
80652
80655
80656
80657
80659
80660
80661
80662
80663
80664
80667
80669
80670
80671
80672
80675
80678
80680
80681
80682
80683
80684
80685
80687
80688
80690
80691
80692
80695
80696
80697
80699
80700
80701
80702
80705
80706
80709
80710
80711
80714
80715
80717
80718
80720
80721
80722
80723
80724
80725
80726
80729
80731
80732
80734
80735
80737
80738
80745
80746
80747
80748
80751
80752
80753
80754
80757
80758
80759
80761
80762
80763
80764
80765
80768
80771
80772
80773
80774
80776
80780
80781
80784
80785
80786
80787
80789
80790
80791
80792
80793
80795
80796
80797
80798
80801
80804
80806
80807
80809
80810
80812
80815
80817
80819
80822
80823
80827
80828
80831
80832
80834
80836
80837
80838
80839
80840
80842
80843
80844
80846
80847
80849
80851
80852
80853
80858
80860
80861
80863
80865
80866
80867
80869
80870
80872
80873
80874
80875
80877
80878
80879
80881
80882
80883
80884
80885
80888
80892
80893
80896
80898
80899
80900
80903
80904
80906
80912
80913
80915
80919
80920
80922
80923
80926
80928
80929
80930
80931
80935
80936
80939
80941
80943
80945
80946
80948
80949
80950
80952
80954
80955
80957
80959
80960
80961
80962
80963
80964
80968
80969
80970
80971
80972
80973
80974
80975
80976
80978
80979
80982
80983
80985
80986
80989
80991
80992
80993
80996
80997
80998
80999
81001
81002
81004
81006
81007
81008
81009
81010
81012
81014
81016
81020
81021
81022
81023
81026
81027
81029
81031
81032
81033
81035
81037
81038
81040
81041
81042
81044
81046
81049
81050
81053
81054
81055
81056
81057
81059
81060
81061
81063
81064
81065
81066
81067
81068
81071
81077
81078
81079
81080
81081
81082
81083
81084
81085
81087
81088
81089
81090
81091
81092
81093
81094
81096
81098
81099
81100
81101
81102
81103
81105
81106
81107
81108
81109
81110
81111
81112
81113
81115
81116
81117
81119
81120
81121
81122
81123
81124
81125
81126
81127
81128
81129
81130
81131
81132
81133
81134
81136
81137
81138
81140
81141
81143
81145
81146
81147
81148
81149
81151
81152
81153
81154
81155
81158
81160
81161
81162
81163
81165
81167
81168
81169
81170
81172
81173
81174
81175
81176
81179
81180
81183
81185
81186
81188
81189
81191
81192
81193
81194
81196
81197
81199
81200
81201
81202
81203
81204
81206
81207
81208
81209
81210
81211
81212
81213
81214
81218
81219
81221
81222
81223
81227
81228
81230
81231
81232
81233
81234
81235
81236
81237
81239
81242
81244
81245
81246
81247
81248
81249
81250
81252
81253
81254
81255
81257
81259
81260
81263
81264
81265
81266
81267
81269
81270
81271
81273
81274
81276
81278
81279
81280
81281
81282
81284
81286
81287
81288
81290
81291
81292
81293
81294
81295
81296
81297
81299
81300
81301
81303
81304
81305
81307
81308
81309
81310
81311
81313
81314
81316
81319
81321
81325
81326
81327
81330
81331
81332
81333
81334
81335
81336
81337
81338
81339
81340
81341
81342
81344
81347
81348
81349
81351
81354
81355
81356
81357
81358
81359
81360
81361
81362
81363
81364
81365
81367
81368
81370
81371
81374
81375
81377
81378
81379
81380
81382
81383
81384
81385
81386
81388
81391
81392
81393
81394
81396
81397
81399
81400
81401
81402
81404
81405
81406
81407
81408
81409
81410
81411
81412
81413
81414
81416
81417
81420
81421
81422
81423
81424
81425
81427
81428
81429
81430
81431
81432
81433
81434
81435
81436
81438
81440
81442
81444
81446
81447
81448
81450
81451
81452
81456
81458
81459
81461
81465
81467
81470
81471
81472
81473
81474
81475
81476
81477
81479
81480
81481
81482
81483
81485
81486
81487
81488
81491
81492
81493
81495
81496
81497
81498
81499
81501
81502
81503
81505
81506
81509
81510
81512
81513
81516
81518
81519
81520
81521
81522
81523
81525
81526
81527
81528
81529
81530
81531
81532
81533
81535
81537
81539
81541
81544
81547
81549
81550
81551
81554
81555
81558
81559
81560
81561
81562
81563
81564
81566
81567
81568
81569
81570
81572
81574
81575
81576
81578
81579
81580
81581
81582
81583
81584
81585
81586
81587
81588
81590
81591
81592
81593
81595
81596
81597
81598
81600
81604
81605
81608
81610
81611
81612
81613
81615
81616
81617
81618
81619
81621
81622
81625
81626
81629
81631
81632
81633
81634
81635
81636
81637
81638
81639
81640
81641
81642
81643
81644
81645
81646
81648
81650
81651
81652
81653
81654
81655
81656
81657
81658
81659
81662
81663
81664
81665
81666
81669
81670
81672
81673
81674
81676
81679
81680
81681
81682
81683
81684
81686
81689
81690
81691
81694
81698
81701
81702
81704
81705
81706
81707
81708
81709
81712
81715
81717
81718
81719
81720
81721
81722
81723
81724
81725
81726
81727
81728
81730
81731
81732
81735
81737
81738
81739
81741
81743
81744
81745
81747
81748
81751
81752
81753
81755
81756
81760
81761
81762
81765
81766
81767
81769
81770
81771
81772
81775
81776
81779
81780
81783
81784
81787
81788
81789
81790
81795
81796
81797
81798
81799
81804
81806
81809
81810
81811
81813
81814
81815
81817
81819
81821
81825
81827
81830
81831
81833
81836
81837
81838
81840
81842
81844
81845
81846
81850
81852
81854
81855
81857
81858
81859
81860
81861
81864
81865
81867
81868
81869
81870
81871
81872
81873
81874
81875
81876
81878
81879
81880
81882
81883
81884
81885
81887
81889
81890
81892
81893
81894
81896
81897
81898
81901
81902
81903
81904
81905
81906
81907
81908
81909
81910
81911
81912
81913
81917
81918
81921
81922
81923
81924
81925
81928
81929
81932
81933
81934
81936
81937
81938
81941
81944
81946
81948
81949
81951
81953
81954
81958
81960
81961
81962
81963
81966
81967
81968
81969
81971
81972
81973
81975
81977
81978
81980
81981
81982
81983
81984
81986
81987
81988
81991
81992
81993
81994
81996
81997
81998
81999
82000
82003
82004
82005
82006
82007
82008
82010
82012
82013
82015
82017
82018
82022
82024
82026
82027
82028
82029
82030
82032
82033
82035
82036
82037
82038
82040
82042
82043
82044
82045
82047
82048
82049
82050
82051
82052
82053
82054
82055
82056
82057
82058
82060
82061
82063
82064
82067
82069
82071
82072
82073
82074
82075
82076
82078
82081
82082
82083
82086
82087
82088
82089
82090
82091
82092
82094
82095
82096
82097
82098
82099
82100
82101
82102
82104
82105
82106
82107
82109
82111
82112
82113
82115
82116
82117
82118
82120
82122
82124
82126
82127
82128
82129
82131
82132
82133
82134
82135
82136
82137
82139
82140
82141
82142
82143
82145
82146
82148
82149
82150
82151
82152
82153
82156
82157
82158
82159
82160
82161
82163
82164
82165
82168
82169
82170
82172
82173
82176
82178
82179
82180
82181
82182
82183
82184
82187
82188
82189
82190
82191
82192
82193
82194
82195
82197
82198
82199
82200
82201
82202
82204
82206
82207
82208
82210
82212
82215
82216
82217
82219
82220
82222
82224
82225
82226
82227
82228
82229
82230
82231
82232
82233
82234
82236
82238
82239
82240
82241
82242
82243
82244
82247
82248
82250
82251
82253
82254
82255
82256
82257
82258
82259
82260
82261
82262
82263
82264
82265
82266
82267
82268
82269
82270
82271
82272
82273
82274
82275
82276
82277
82278
82279
82280
82282
82283
82284
82285
82286
82287
82288
82289
82290
82291
82293
82294
82295
82296
82297
82298
82301
82302
82303
82304
82305
82306
82307
82309
82310
82311
82312
82314
82316
82317
82319
82320
82321
82322
82323
82324
82325
82328
82329
82330
82334
82337
82339
82340
82341
82344
82347
82348
82349
82351
82353
82354
82355
82357
82358
82359
82360
82363
82364
82365
82368
82369
82374
82375
82377
82378
82380
82381
82382
82384
82385
82387
82389
82390
82391
82393
82395
82396
82397
82398
82399
82401
82402
82404
82407
82409
82410
82412
82413
82414
82418
82419
82420
82421
82422
82423
82424
82425
82427
82428
82430
82431
82432
82433
82434
82435
82440
82442
82443
82444
82446
82447
82449
82450
82452
82454
82455
82459
82460
82461
82464
82466
82467
82469
82470
82472
82473
82474
82475
82476
82478
82479
82481
82482
82484
82485
82488
82489
82490
82492
82493
82494
82495
82496
82497
82498
82500
82501
82503
82504
82505
82506
82507
82508
82509
82510
82511
82512
82514
82515
82516
82517
82518
82520
82524
82525
82526
82529
82531
82532
82533
82534
82536
82537
82543
82544
82546
82549
82551
82552
82554
82555
82557
82558
82559
82561
82563
82564
82566
82568
82569
82570
82573
82578
82582
82583
82584
82585
82586
82587
82588
82589
82590
82593
82595
82596
82597
82598
82599
82601
82602
82603
82604
82605
82606
82608
82609
82610
82611
82612
82613
82614
82615
82616
82618
82620
82621
82622
82624
82626
82627
82628
82629
82630
82631
82632
82634
82637
82638
82640
82642
82643
82644
82645
82646
82647
82648
82651
82652
82653
82655
82656
82659
82661
82663
82666
82668
82669
82670
82672
82674
82675
82676
82677
82679
82680
82682
82684
82685
82686
82687
82688
82689
82690
82693
82694
82695
82696
82697
82698
82699
82700
82702
82704
82705
82707
82708
82711
82712
82713
82715
82716
82717
82718
82721
82723
82724
82725
82729
82730
82731
82732
82733
82734
82735
82738
82739
82740
82744
82745
82746
82747
82749
82750
82751
82752
82753
82755
82756
82757
82759
82760
82762
82763
82764
82766
82767
82768
82769
82770
82771
82776
82777
82778
82782
82783
82784
82785
82786
82787
82788
82792
82793
82795
82797
82798
82799
82800
82802
82803
82804
82805
82807
82808
82809
82811
82812
82813
82816
82817
82819
82821
82822
82823
82827
82829
82830
82833
82835
82837
82838
82839
82841
82842
82843
82846
82848
82850
82851
82854
82855
82857
82858
82860
82861
82862
82864
82865
82866
82868
82869
82870
82873
82874
82875
82876
82878
82881
82883
82884
82885
82886
82887
82888
82889
82890
82891
82892
82893
82897
82898
82899
82900
82901
82902
82907
82908
82909
82910
82912
82913
82914
82915
82916
82920
82921
82923
82924
82925
82926
82927
82930
82931
82932
82933
82935
82937
82938
82939
82943
82944
82945
82947
82948
82949
82950
82951
82952
82953
82954
82956
82957
82959
82960
82961
82962
82963
82967
82968
82969
82972
82974
82975
82976
82977
82978
82979
82980
82981
82984
82986
82987
82988
82989
82990
82993
82995
82996
82997
82999
83000
83001
83004
83006
83008
83009
83011
83012
83014
83015
83017
83019
83020
83021
83022
83024
83025
83026
83028
83031
83032
83033
83034
83035
83036
83037
83039
83042
83045
83046
83047
83048
83050
83051
83052
83054
83056
83057
83059
83060
83064
83066
83067
83069
83071
83073
83075
83076
83079
83080
83081
83082
83084
83086
83090
83092
83093
83094
83095
83096
83097
83098
83099
83100
83101
83102
83106
83107
83108
83109
83111
83112
83113
83114
83115
83117
83119
83120
83123
83124
83125
83127
83128
83130
83131
83132
83133
83136
83138
83139
83140
83141
83143
83144
83145
83146
83148
83149
83150
83151
83152
83153
83154
83155
83156
83157
83158
83159
83161
83162
83164
83166
83167
83168
83170
83171
83173
83174
83175
83177
83181
83182
83184
83185
83186
83188
83191
83192
83193
83195
83196
83197
83198
83199
83201
83202
83206
83207
83208
83209
83210
83212
83213
83214
83216
83217
83218
83219
83221
83222
83223
83224
83225
83226
83229
83230
83231
83233
83234
83235
83236
83237
83238
83239
83240
83241
83243
83244
83245
83246
83247
83249
83250
83252
83253
83255
83258
83260
83261
83262
83264
83265
83266
83267
83269
83270
83271
83272
83273
83274
83275
83278
83280
83283
83284
83285
83286
83287
83288
83290
83291
83292
83293
83295
83296
83297
83298
83303
83304
83305
83306
83307
83309
83312
83313
83315
83317
83319
83321
83322
83323
83325
83326
83327
83328
83329
83330
83331
83334
83336
83337
83338
83339
83340
83341
83342
83343
83344
83345
83347
83351
83352
83353
83354
83355
83356
83357
83358
83359
83360
83361
83362
83364
83365
83366
83368
83369
83370
83371
83372
83374
83376
83380
83382
83384
83385
83386
83387
83388
83389
83390
83391
83392
83393
83394
83396
83398
83399
83400
83402
83403
83404
83407
83412
83415
83416
83417
83418
83419
83420
83421
83422
83424
83425
83426
83427
83428
83429
83430
83432
83433
83434
83436
83437
83440
83441
83445
83446
83449
83451
83452
83454
83455
83456
83457
83458
83462
83464
83465
83467
83469
83470
83472
83474
83475
83476
83477
83478
83479
83484
83485
83486
83487
83489
83491
83492
83493
83494
83495
83497
83499
83500
83501
83504
83505
83506
83508
83509
83510
83511
83512
83513
83514
83515
83517
83518
83519
83521
83523
83524
83525
83526
83529
83530
83531
83532
83535
83536
83538
83539
83540
83541
83542
83544
83545
83546
83547
83548
83549
83550
83551
83552
83553
83554
83556
83557
83558
83559
83560
83561
83562
83564
83565
83566
83567
83568
83569
83570
83574
83575
83576
83578
83579
83580
83581
83582
83583
83584
83585
83588
83589
83591
83592
83593
83594
83597
83599
83600
83601
83602
83603
83604
83605
83606
83608
83611
83613
83616
83617
83618
83620
83621
83623
83625
83626
83627
83628
83629
83631
83632
83635
83636
83638
83639
83641
83642
83643
83645
83646
83647
83648
83649
83650
83651
83652
83655
83656
83658
83659
83660
83661
83662
83663
83665
83667
83668
83669
83670
83671
83672
83673
83674
83676
83677
83678
83679
83681
83682
83685
83686
83687
83688
83690
83691
83693
83694
83695
83696
83697
83698
83699
83700
83702
83704
83706
83707
83708
83709
83711
83712
83713
83714
83715
83716
83717
83718
83719
83721
83722
83724
83727
83728
83729
83730
83731
83732
83735
83737
83738
83739
83742
83743
83744
83745
83747
83749
83750
83752
83753
83754
83755
83756
83757
83758
83760
83761
83764
83765
83766
83767
83768
83769
83770
83771
83772
83773
83774
83777
83778
83779
83780
83781
83783
83784
83787
83788
83789
83793
83794
83797
83800
83801
83802
83803
83805
83806
83807
83808
83811
83812
83813
83814
83817
83819
83820
83822
83823
83824
83825
83827
83828
83829
83831
83832
83833
83834
83835
83836
83837
83839
83840
83841
83842
83844
83847
83848
83849
83850
83851
83852
83854
83855
83858
83859
83861
83862
83866
83868
83869
83870
83871
83872
83873
83874
83876
83877
83878
83879
83881
83885
83886
83887
83888
83889
83893
83894
83895
83896
83898
83899
83901
83902
83903
83905
83906
83907
83908
83909
83910
83911
83912
83914
83915
83916
83917
83918
83920
83921
83924
83926
83928
83929
83930
83932
83934
83935
83936
83937
83938
83941
83943
83944
83945
83946
83947
83949
83950
83951
83952
83953
83954
83957
83960
83961
83963
83964
83965
83968
83969
83970
83971
83972
83974
83975
83976
83977
83978
83979
83980
83982
83983
83984
83985
83986
83988
83990
83992
83994
83996
83998
83999
84000
84001
84002
84006
84008
84009
84010
84011
84012
84013
84014
84017
84018
84019
84020
84021
84023
84024
84026
84027
84029
84030
84031
84032
84035
84036
84037
84038
84039
84040
84041
84043
84044
84046
84047
84048
84049
84050
84056
84057
84059
84060
84063
84064
84066
84067
84068
84069
84071
84072
84073
84074
84075
84076
84079
84080
84082
84085
84087
84088
84089
84090
84091
84092
84094
84095
84097
84098
84099
84100
84101
84102
84103
84106
84107
84108
84109
84112
84113
84114
84116
84118
84120
84122
84123
84125
84126
84127
84128
84129
84130
84134
84135
84137
84138
84139
84140
84141
84142
84143
84144
84145
84146
84147
84152
84156
84157
84158
84159
84160
84163
84164
84168
84169
84170
84171
84173
84174
84175
84176
84179
84180
84181
84182
84184
84185
84186
84187
84188
84189
84191
84194
84195
84198
84199
84200
84201
84203
84204
84205
84206
84207
84208
84209
84210
84211
84212
84213
84215
84216
84218
84219
84222
84225
84226
84228
84229
84231
84232
84233
84234
84235
84236
84237
84239
84240
84243
84245
84246
84247
84249
84250
84253
84254
84255
84256
84257
84259
84260
84262
84265
84266
84267
84270
84271
84272
84273
84274
84275
84277
84278
84279
84280
84282
84283
84285
84287
84288
84289
84290
84291
84292
84293
84294
84296
84297
84298
84299
84300
84301
84302
84307
84308
84309
84310
84311
84312
84313
84316
84317
84318
84321
84322
84323
84325
84326
84328
84331
84332
84333
84334
84335
84336
84338
84339
84340
84341
84342
84343
84344
84346
84348
84350
84351
84352
84353
84354
84355
84356
84357
84358
84360
84361
84362
84363
84364
84365
84366
84369
84370
84371
84372
84374
84376
84378
84379
84381
84384
84388
84389
84390
84391
84392
84393
84394
84395
84396
84397
84398
84399
84400
84401
84402
84405
84406
84408
84409
84413
84414
84415
84416
84417
84418
84419
84422
84424
84425
84429
84432
84433
84435
84436
84438
84440
84441
84442
84444
84445
84446
84447
84448
84449
84452
84453
84456
84457
84458
84459
84461
84462
84465
84470
84471
84473
84474
84476
84477
84480
84481
84483
84484
84485
84486
84487
84488
84489
84491
84492
84493
84494
84495
84497
84498
84500
84501
84502
84503
84504
84505
84507
84508
84510
84511
84513
84517
84518
84519
84520
84521
84522
84523
84524
84528
84529
84532
84533
84534
84535
84536
84537
84538
84540
84541
84544
84545
84546
84548
84549
84550
84552
84553
84554
84556
84558
84560
84561
84563
84564
84565
84567
84568
84569
84570
84571
84572
84573
84575
84576
84577
84581
84582
84583
84584
84585
84586
84587
84588
84589
84591
84592
84593
84594
84595
84596
84598
84599
84601
84603
84604
84605
84607
84611
84612
84613
84614
84617
84618
84620
84623
84624
84625
84628
84629
84631
84632
84633
84634
84635
84636
84637
84638
84639
84640
84641
84642
84643
84644
84645
84647
84648
84649
84650
84651
84652
84655
84657
84658
84659
84660
84661
84662
84664
84667
84668
84669
84670
84673
84674
84675
84676
84677
84679
84680
84681
84682
84683
84685
84686
84688
84691
84693
84697
84698
84699
84700
84701
84702
84705
84706
84707
84709
84713
84714
84715
84716
84717
84718
84720
84721
84722
84723
84724
84726
84727
84728
84731
84733
84734
84735
84736
84737
84740
84741
84743
84744
84745
84746
84747
84748
84749
84750
84751
84753
84754
84755
84759
84760
84761
84762
84765
84766
84767
84769
84770
84771
84772
84773
84776
84779
84780
84781
84783
84785
84786
84787
84788
84790
84791
84792
84793
84794
84796
84800
84801
84802
84803
84804
84805
84806
84807
84809
84810
84811
84812
84814
84815
84817
84818
84819
84821
84822
84823
84824
84825
84828
84829
84830
84831
84832
84833
84835
84836
84838
84839
84840
84841
84842
84843
84844
84847
84848
84849
84851
84852
84853
84854
84855
84856
84859
84862
84863
84865
84866
84869
84870
84871
84872
84873
84874
84875
84878
84879
84880
84881
84884
84885
84887
84888
84889
84890
84891
84892
84893
84894
84895
84898
84900
84901
84903
84905
84906
84907
84909
84911
84912
84913
84916
84917
84919
84921
84922
84923
84926
84927
84930
84931
84932
84933
84934
84935
84937
84938
84939
84941
84943
84944
84945
84946
84948
84949
84950
84952
84953
84954
84955
84956
84957
84961
84964
84966
84969
84971
84972
84973
84974
84976
84979
84980
84981
84982
84983
84984
84985
84986
84987
84988
84989
84991
84992
84995
84997
84999
85000
85001
85002
85003
85004
85005
85007
85008
85009
85010
85011
85014
85015
85017
85018
85021
85022
85023
85027
85029
85030
85031
85032
85033
85037
85038
85039
85040
85041
85042
85043
85044
85045
85046
85047
85048
85050
85054
85056
85057
85058
85059
85060
85061
85062
85063
85065
85066
85067
85070
85071
85072
85073
85074
85075
85076
85078
85080
85082
85084
85087
85088
85090
85091
85092
85093
85094
85095
85097
85098
85099
85101
85103
85104
85105
85107
85108
85109
85110
85111
85113
85116
85117
85119
85120
85123
85125
85126
85127
85129
85130
85131
85132
85136
85139
85140
85141
85142
85144
85145
85146
85147
85148
85150
85151
85152
85154
85156
85159
85160
85162
85163
85164
85165
85166
85169
85171
85172
85173
85174
85175
85176
85177
85179
85180
85181
85182
85183
85184
85185
85186
85187
85188
85189
85190
85193
85194
85195
85199
85201
85202
85203
85205
85207
85208
85209
85210
85211
85213
85214
85216
85217
85218
85219
85220
85222
85223
85225
85226
85227
85228
85229
85231
85234
85235
85236
85238
85239
85241
85244
85246
85247
85248
85249
85250
85251
85252
85254
85255
85256
85257
85258
85260
85264
85265
85266
85267
85268
85270
85273
85275
85276
85278
85279
85280
85283
85284
85285
85286
85288
85289
85292
85293
85295
85298
85299
85300
85302
85305
85308
85310
85311
85312
85313
85314
85315
85316
85317
85318
85321
85322
85325
85326
85327
85331
85338
85339
85340
85341
85342
85343
85344
85345
85346
85347
85348
85349
85351
85353
85354
85355
85357
85358
85361
85362
85363
85364
85365
85366
85369
85370
85373
85374
85376
85377
85378
85379
85382
85383
85384
85386
85389
85390
85392
85393
85394
85398
85399
85400
85401
85403
85404
85405
85406
85408
85409
85410
85413
85414
85415
85416
85418
85419
85420
85422
85425
85426
85427
85429
85432
85433
85434
85435
85436
85439
85440
85443
85444
85445
85448
85449
85450
85454
85455
85456
85457
85458
85459
85460
85463
85464
85465
85467
85469
85470
85472
85473
85474
85475
85476
85477
85478
85479
85481
85482
85483
85484
85486
85488
85489
85490
85491
85492
85495
85496
85497
85499
85502
85503
85504
85505
85508
85510
85514
85515
85516
85517
85518
85520
85521
85522
85523
85524
85526
85527
85529
85531
85534
85535
85536
85537
85538
85539
85540
85541
85542
85543
85544
85545
85549
85550
85551
85552
85553
85556
85557
85558
85559
85561
85562
85563
85565
85566
85567
85568
85569
85570
85571
85572
85573
85575
85576
85578
85579
85583
85584
85586
85587
85589
85590
85593
85595
85596
85597
85598
85599
85601
85602
85603
85605
85606
85608
85609
85611
85612
85613
85614
85615
85616
85617
85618
85619
85620
85621
85622
85623
85624
85625
85627
85628
85629
85630
85631
85632
85635
85636
85638
85639
85641
85642
85643
85644
85645
85646
85647
85648
85650
85652
85653
85654
85657
85658
85659
85661
85662
85663
85664
85665
85666
85667
85669
85671
85673
85675
85676
85677
85679
85681
85683
85685
85686
85688
85690
85691
85692
85693
85694
85695
85697
85699
85703
85704
85705
85708
85710
85713
85714
85715
85716
85717
85718
85719
85721
85724
85728
85729
85730
85732
85733
85735
85739
85740
85741
85742
85743
85744
85745
85746
85747
85750
85751
85753
85754
85757
85759
85760
85763
85765
85768
85770
85772
85773
85774
85775
85776
85777
85779
85781
85782
85783
85786
85787
85789
85791
85792
85794
85795
85796
85797
85798
85799
85800
85802
85804
85806
85807
85808
85811
85814
85815
85817
85819
85821
85822
85825
85826
85827
85829
85831
85832
85833
85836
85837
85838
85841
85842
85845
85848
85849
85853
85854
85855
85858
85859
85862
85864
85866
85867
85868
85869
85870
85872
85873
85874
85876
85878
85879
85880
85881
85884
85885
85886
85889
85891
85892
85894
85895
85896
85897
85898
85899
85900
85902
85905
85906
85908
85910
85912
85915
85917
85918
85919
85920
85922
85923
85925
85926
85927
85928
85929
85930
85931
85932
85936
85939
85941
85943
85945
85946
85949
85950
85951
85954
85956
85957
85958
85959
85960
85962
85963
85964
85965
85966
85967
85970
85973
85975
85976
85977
85978
85979
85980
85983
85984
85985
85986
85987
85988
85989
85990
85991
85992
85993
85994
85996
85998
85999
86001
86002
86003
86004
86006
86007
86009
86010
86011
86014
86016
86017
86018
86020
86023
86029
86030
86031
86032
86033
86034
86035
86036
86037
86045
86046
86047
86048
86049
86052
86055
86056
86058
86060
86062
86063
86064
86065
86066
86067
86068
86070
86072
86075
86079
86080
86081
86082
86083
86084
86087
86088
86091
86093
86094
86097
86098
86100
86102
86103
86105
86106
86107
86108
86110
86113
86114
86115
86116
86117
86120
86121
86122
86124
86125
86127
86128
86129
86130
86131
86132
86133
86134
86135
86136
86140
86141
86143
86144
86145
86148
86149
86150
86151
86153
86155
86156
86157
86158
86159
86160
86161
86162
86163
86168
86169
86173
86174
86175
86176
86177
86178
86179
86180
86183
86184
86185
86190
86191
86192
86193
86195
86198
86199
86200
86201
86202
86203
86204
86207
86208
86209
86210
86212
86213
86214
86215
86216
86217
86221
86222
86223
86224
86225
86226
86227
86228
86231
86234
86235
86236
86239
86240
86243
86244
86247
86249
86250
86252
86254
86256
86258
86260
86261
86262
86263
86265
86266
86267
86270
86271
86272
86274
86275
86278
86279
86283
86284
86286
86287
86288
86289
86290
86291
86294
86297
86298
86299
86300
86301
86302
86303
86304
86305
86306
86307
86308
86310
86311
86313
86315
86316
86317
86319
86320
86323
86324
86325
86327
86330
86334
86335
86336
86337
86338
86340
86341
86342
86343
86346
86347
86348
86351
86353
86354
86355
86358
86359
86361
86362
86364
86365
86366
86367
86368
86369
86371
86372
86374
86376
86377
86378
86379
86381
86384
86385
86387
86388
86389
86391
86392
86396
86398
86399
86400
86401
86402
86403
86405
86406
86408
86409
86410
86412
86413
86414
86417
86418
86419
86420
86422
86423
86424
86425
86430
86431
86433
86435
86439
86440
86443
86444
86445
86448
86449
86452
86455
86456
86457
86459
86460
86461
86462
86463
86464
86466
86467
86468
86469
86471
86472
86473
86474
86475
86476
86478
86479
86480
86482
86483
86485
86489
86491
86492
86494
86497
86498
86499
86502
86504
86506
86507
86508
86511
86513
86514
86515
86518
86520
86521
86522
86523
86524
86526
86527
86528
86531
86532
86533
86534
86538
86539
86540
86542
86543
86544
86546
86549
86550
86551
86553
86555
86558
86560
86561
86562
86563
86569
86570
86572
86573
86574
86576
86578
86579
86580
86582
86584
86585
86587
86588
86589
86590
86591
86592
86593
86594
86595
86598
86601
86602
86603
86604
86605
86606
86607
86609
86610
86611
86613
86614
86615
86616
86619
86620
86623
86624
86626
86628
86629
86630
86631
86632
86633
86634
86635
86636
86638
86641
86642
86644
86646
86647
86650
86651
86652
86653
86657
86659
86660
86662
86665
86667
86668
86671
86672
86674
86676
86679
86681
86683
86684
86687
86688
86689
86692
86694
86695
86696
86697
86698
86699
86700
86702
86703
86704
86705
86707
86708
86710
86711
86712
86713
86715
86716
86717
86718
86720
86721
86722
86723
86724
86725
86726
86728
86729
86730
86731
86732
86734
86735
86736
86738
86739
86742
86743
86745
86746
86747
86748
86751
86752
86756
86757
86759
86760
86762
86763
86764
86767
86770
86771
86772
86773
86775
86776
86777
86778
86779
86780
86782
86786
86787
86788
86791
86792
86793
86794
86795
86796
86797
86800
86801
86802
86805
86806
86807
86808
86809
86810
86811
86812
86814
86817
86819
86820
86821
86822
86823
86825
86826
86827
86829
86833
86838
86839
86840
86841
86842
86843
86844
86849
86850
86851
86852
86853
86854
86855
86856
86857
86861
86863
86864
86865
86867
86868
86869
86870
86871
86873
86875
86876
86878
86879
86880
86881
86883
86884
86885
86886
86887
86888
86891
86892
86893
86894
86896
86897
86898
86899
86900
86903
86904
86906
86907
86908
86909
86912
86913
86914
86916
86918
86919
86920
86921
86922
86923
86924
86925
86926
86927
86928
86930
86931
86932
86934
86935
86936
86937
86938
86939
86940
86941
86943
86944
86946
86947
86948
86950
86951
86952
86953
86954
86955
86956
86957
86958
86959
86961
86962
86963
86965
86966
86967
86969
86970
86972
86973
86974
86975
86977
86979
86980
86981
86982
86983
86985
86986
86988
86989
86990
86995
86996
86997
86999
87001
87003
87005
87006
87007
87008
87009
87011
87012
87013
87014
87019
87020
87022
87023
87024
87026
87028
87029
87030
87032
87033
87035
87036
87037
87039
87040
87044
87045
87047
87051
87052
87053
87054
87055
87056
87057
87058
87060
87063
87064
87065
87066
87067
87068
87069
87070
87071
87072
87073
87075
87076
87080
87081
87085
87086
87089
87091
87093
87095
87096
87097
87098
87103
87107
87108
87109
87110
87111
87112
87114
87115
87116
87117
87118
87120
87122
87123
87124
87125
87128
87129
87131
87132
87133
87135
87137
87138
87140
87141
87145
87147
87149
87150
87151
87152
87153
87154
87156
87157
87158
87159
87160
87161
87162
87164
87165
87170
87171
87172
87173
87174
87175
87178
87180
87181
87183
87188
87189
87190
87192
87194
87195
87196
87197
87200
87202
87203
87206
87207
87208
87210
87212
87214
87218
87219
87221
87223
87225
87227
87228
87229
87230
87232
87234
87235
87236
87237
87241
87242
87244
87245
87246
87247
87248
87250
87253
87254
87255
87256
87259
87260
87261
87262
87263
87264
87268
87269
87270
87272
87274
87275
87276
87277
87279
87280
87281
87282
87284
87285
87286
87290
87292
87294
87295
87296
87298
87301
87303
87304
87305
87306
87309
87310
87312
87313
87314
87317
87320
87321
87322
87324
87325
87326
87327
87330
87334
87336
87337
87338
87339
87340
87341
87342
87343
87344
87347
87350
87351
87354
87356
87357
87359
87361
87363
87364
87365
87366
87367
87368
87369
87370
87373
87374
87376
87377
87378
87379
87380
87381
87382
87383
87384
87386
87387
87388
87389
87391
87392
87393
87394
87395
87396
87397
87398
87400
87401
87403
87405
87406
87408
87410
87411
87413
87416
87417
87418
87419
87420
87421
87422
87423
87425
87426
87429
87432
87433
87434
87439
87441
87442
87443
87444
87445
87447
87449
87450
87451
87452
87453
87454
87456
87457
87459
87460
87462
87464
87465
87466
87467
87469
87470
87471
87473
87474
87476
87477
87478
87480
87484
87485
87486
87487
87488
87489
87493
87494
87495
87496
87498
87500
87501
87502
87505
87506
87507
87509
87511
87512
87513
87516
87518
87520
87522
87524
87527
87528
87529
87530
87531
87533
87534
87537
87538
87539
87540
87541
87543
87544
87546
87547
87549
87550
87551
87552
87553
87554
87555
87557
87559
87560
87562
87563
87564
87565
87567
87568
87569
87571
87572
87576
87578
87579
87581
87582
87583
87585
87587
87590
87592
87595
87596
87598
87599
87600
87602
87603
87604
87605
87606
87607
87608
87609
87610
87612
87613
87614
87617
87618
87619
87620
87622
87624
87625
87626
87627
87628
87629
87630
87632
87634
87636
87637
87639
87641
87642
87643
87644
87647
87649
87650
87651
87654
87655
87656
87657
87658
87659
87660
87661
87662
87663
87664
87666
87667
87668
87670
87672
87673
87674
87676
87677
87678
87679
87680
87681
87682
87684
87685
87686
87687
87689
87693
87694
87695
87696
87699
87701
87703
87705
87706
87709
87711
87712
87714
87715
87716
87719
87720
87725
87727
87728
87730
87731
87732
87735
87736
87737
87738
87740
87741
87742
87743
87748
87749
87750
87751
87754
87755
87756
87757
87759
87760
87761
87763
87766
87767
87769
87770
87772
87773
87774
87775
87778
87779
87780
87781
87782
87783
87784
87785
87786
87789
87791
87792
87793
87796
87797
87800
87801
87802
87804
87805
87806
87807
87808
87809
87810
87811
87812
87813
87814
87816
87817
87818
87819
87821
87822
87823
87824
87826
87828
87829
87830
87831
87833
87835
87838
87840
87841
87842
87843
87847
87848
87849
87850
87851
87852
87853
87855
87856
87858
87859
87862
87863
87864
87867
87869
87871
87872
87874
87875
87876
87879
87881
87882
87883
87885
87886
87887
87888
87890
87891
87893
87895
87896
87897
87898
87900
87902
87903
87904
87905
87907
87910
87911
87912
87913
87915
87916
87917
87920
87922
87923
87924
87925
87927
87928
87929
87930
87931
87932
87933
87936
87937
87941
87942
87943
87946
87948
87949
87951
87952
87953
87956
87957
87958
87960
87965
87967
87968
87970
87976
87978
87979
87980
87981
87983
87984
87986
87987
87990
87991
87992
87994
87995
87996
87997
87999
88000
88001
88004
88007
88008
88010
88013
88014
88017
88018
88019
88020
88025
88026
88027
88028
88029
88030
88031
88034
88036
88037
88039
88040
88043
88044
88047
88048
88049
88051
88052
88055
88059
88061
88064
88066
88067
88070
88072
88073
88075
88076
88077
88081
88083
88084
88085
88086
88087
88088
88090
88091
88092
88093
88094
88098
88099
88100
88102
88103
88104
88105
88106
88110
88112
88113
88114
88117
88118
88119
88121
88123
88124
88126
88128
88129
88130
88132
88133
88137
88138
88140
88142
88143
88144
88146
88149
88153
88154
88156
88158
88160
88161
88163
88164
88165
88166
88167
88169
88173
88175
88178
88181
88182
88183
88186
88187
88189
88190
88191
88192
88193
88194
88195
88196
88197
88198
88199
88200
88205
88210
88211
88212
88213
88215
88216
88217
88218
88219
88220
88222
88223
88224
88225
88226
88228
88229
88233
88234
88238
88239
88241
88243
88244
88247
88249
88250
88251
88252
88254
88255
88259
88260
88262
88265
88268
88269
88270
88271
88273
88274
88276
88278
88279
88280
88281
88282
88283
88284
88285
88288
88289
88290
88292
88293
88294
88295
88296
88297
88298
88299
88301
88302
88303
88305
88308
88309
88310
88311
88312
88313
88315
88318
88321
88323
88325
88326
88327
88328
88331
88333
88335
88336
88337
88339
88340
88341
88342
88343
88344
88345
88346
88347
88349
88350
88351
88353
88355
88356
88357
88358
88362
88367
88369
88371
88373
88375
88376
88378
88379
88380
88381
88383
88384
88386
88387
88388
88389
88390
88391
88392
88393
88394
88396
88397
88398
88401
88404
88405
88406
88407
88408
88409
88410
88414
88416
88417
88418
88419
88421
88422
88427
88428
88429
88432
88433
88434
88435
88438
88439
88441
88443
88444
88445
88447
88448
88449
88450
88451
88452
88453
88454
88455
88456
88458
88460
88461
88462
88463
88464
88466
88468
88469
88472
88473
88474
88475
88476
88477
88478
88479
88480
88481
88483
88484
88485
88486
88489
88490
88491
88492
88493
88494
88495
88497
88500
88501
88507
88512
88513
88514
88515
88516
88517
88519
88520
88523
88524
88526
88529
88530
88532
88533
88534
88538
88540
88542
88544
88546
88547
88548
88550
88551
88553
88554
88555
88556
88558
88559
88562
88563
88565
88566
88567
88568
88569
88570
88571
88573
88575
88576
88577
88579
88584
88585
88587
88591
88592
88594
88596
88597
88600
88601
88603
88604
88605
88606
88608
88609
88610
88611
88613
88614
88616
88618
88620
88621
88622
88623
88624
88625
88626
88627
88628
88629
88630
88631
88632
88633
88634
88635
88637
88639
88641
88642
88643
88645
88646
88648
88649
88650
88651
88652
88654
88655
88656
88659
88661
88662
88663
88664
88665
88666
88668
88670
88671
88673
88675
88677
88678
88679
88680
88681
88683
88684
88686
88689
88690
88693
88694
88695
88696
88698
88699
88700
88704
88705
88706
88708
88709
88711
88712
88714
88715
88716
88717
88719
88720
88721
88722
88724
88728
88729
88730
88731
88732
88734
88735
88736
88739
88742
88743
88744
88747
88748
88749
88750
88752
88753
88754
88756
88757
88759
88760
88762
88763
88764
88766
88767
88768
88770
88771
88773
88776
88778
88779
88780
88781
88782
88784
88785
88786
88787
88789
88790
88791
88792
88793
88794
88795
88796
88797
88800
88801
88802
88803
88805
88806
88807
88812
88814
88816
88817
88818
88819
88820
88821
88822
88823
88824
88826
88827
88828
88829
88830
88831
88832
88833
88834
88836
88838
88839
88841
88842
88844
88845
88848
88849
88850
88851
88853
88854
88855
88856
88858
88859
88860
88861
88862
88863
88864
88865
88866
88868
88869
88870
88871
88872
88873
88876
88877
88878
88879
88881
88882
88883
88884
88887
88888
88891
88892
88893
88894
88895
88896
88897
88898
88899
88900
88901
88905
88907
88908
88909
88912
88913
88917
88918
88919
88923
88925
88931
88933
88934
88936
88938
88941
88942
88943
88944
88945
88946
88947
88948
88949
88951
88952
88953
88954
88957
88958
88960
88961
88962
88963
88964
88965
88966
88967
88969
88970
88971
88972
88974
88975
88976
88977
88980
88981
88982
88983
88984
88986
88987
88988
88989
88990
88992
88994
88995
88997
88998
89001
89002
89003
89005
89006
89007
89008
89009
89010
89011
89012
89013
89014
89015
89016
89017
89018
89020
89021
89024
89026
89028
89030
89031
89032
89033
89036
89037
89039
89041
89043
89044
89045
89046
89049
89050
89051
89052
89053
89054
89055
89058
89059
89060
89063
89064
89065
89067
89068
89071
89072
89075
89076
89077
89078
89079
89081
89082
89084
89085
89086
89089
89090
89092
89093
89094
89097
89098
89099
89100
89101
89102
89103
89105
89106
89107
89109
89110
89111
89112
89115
89118
89119
89120
89121
89122
89123
89124
89125
89126
89127
89129
89130
89131
89132
89133
89134
89135
89137
89139
89141
89142
89143
89145
89146
89147
89150
89151
89152
89153
89155
89157
89158
89159
89160
89161
89162
89164
89167
89170
89171
89172
89173
89175
89176
89178
89179
89180
89181
89183
89185
89187
89188
89189
89190
89192
89195
89196
89200
89201
89202
89203
89204
89205
89207
89209
89211
89212
89213
89217
89218
89219
89220
89222
89225
89226
89227
89229
89230
89231
89234
89236
89237
89239
89240
89241
89242
89244
89245
89246
89248
89249
89250
89251
89253
89254
89255
89257
89258
89260
89263
89264
89266
89269
89270
89272
89273
89274
89275
89276
89279
89281
89282
89284
89285
89286
89287
89288
89290
89291
89292
89293
89294
89295
89298
89299
89300
89301
89303
89304
89305
89306
89308
89309
89311
89312
89314
89315
89317
89319
89320
89321
89322
89324
89325
89326
89328
89329
89330
89331
89332
89333
89334
89338
89340
89342
89343
89344
89345
89346
89348
89349
89350
89351
89352
89354
89356
89359
89360
89361
89363
89365
89366
89368
89369
89370
89372
89373
89374
89375
89378
89380
89381
89382
89383
89384
89386
89387
89388
89389
89391
89392
89393
89402
89403
89404
89405
89406
89408
89409
89411
89413
89417
89418
89419
89420
89422
89423
89426
89427
89428
89429
89430
89432
89433
89435
89437
89438
89439
89440
89441
89443
89444
89445
89446
89449
89450
89452
89454
89456
89458
89459
89461
89462
89464
89465
89466
89467
89468
89470
89471
89474
89475
89477
89478
89479
89480
89481
89482
89483
89484
89485
89486
89489
89490
89492
89494
89495
89497
89498
89499
89500
89501
89502
89503
89506
89509
89510
89513
89514
89515
89516
89517
89518
89519
89520
89521
89527
89528
89529
89531
89532
89533
89534
89536
89537
89538
89539
89540
89541
89542
89543
89544
89545
89546
89547
89549
89550
89551
89552
89553
89554
89559
89561
89562
89563
89566
89570
89572
89574
89575
89577
89578
89579
89581
89582
89583
89586
89589
89593
89595
89596
89597
89598
89599
89600
89601
89602
89603
89604
89607
89609
89610
89614
89616
89617
89619
89620
89621
89622
89624
89629
89630
89631
89632
89635
89637
89639
89642
89643
89644
89647
89651
89653
89654
89655
89657
89660
89661
89665
89667
89668
89672
89674
89676
89677
89678
89679
89680
89681
89683
89684
89687
89688
89689
89690
89691
89692
89695
89696
89698
89699
89700
89701
89702
89703
89704
89705
89706
89707
89708
89709
89710
89711
89712
89713
89714
89716
89719
89720
89721
89722
89723
89724
89725
89726
89728
89729
89730
89731
89732
89735
89736
89737
89742
89743
89744
89745
89746
89748
89752
89754
89755
89759
89760
89762
89763
89764
89766
89768
89769
89771
89772
89774
89776
89777
89779
89780
89781
89782
89783
89784
89786
89787
89788
89790
89792
89793
89794
89795
89797
89798
89799
89800
89808
89809
89810
89811
89812
89813
89814
89815
89816
89817
89818
89820
89822
89823
89824
89827
89829
89831
89832
89833
89835
89836
89838
89841
89842
89843
89845
89846
89848
89850
89851
89852
89854
89858
89859
89861
89862
89863
89865
89867
89871
89873
89875
89876
89878
89879
89881
89882
89883
89884
89886
89887
89891
89892
89893
89894
89895
89896
89897
89899
89900
89901
89903
89904
89907
89908
89909
89910
89911
89912
89913
89914
89916
89917
89923
89924
89928
89930
89931
89932
89934
89935
89936
89940
89942
89944
89945
89947
89949
89950
89951
89952
89954
89956
89958
89964
89965
89967
89969
89972
89974
89975
89976
89977
89978
89980
89982
89983
89984
89990
89991
89993
89994
89996
89997
89998
89999
90000
90002
90004
90005
90006
90007
90008
90010
90011
90012
90013
90014
90015
90016
90017
90018
90019
90020
90021
90026
90027
90030
90031
90032
90033
90034
90035
90037
90043
90048
90049
90051
90052
90053
90054
90055
90056
90058
90060
90061
90062
90063
90064
90066
90069
90070
90072
90077
90079
90082
90084
90085
90086
90087
90089
90090
90093
90095
90096
90098
90099
90100
90101
90103
90104
90105
90106
90109
90110
90111
90112
90114
90116
90117
90118
90119
90120
90121
90123
90125
90126
90127
90128
90129
90130
90131
90133
90135
90136
90137
90140
90141
90142
90143
90144
90146
90147
90149
90150
90151
90152
90154
90156
90158
90159
90161
90162
90163
90164
90165
90166
90167
90168
90171
90173
90174
90175
90177
90178
90180
90181
90183
90185
90186
90188
90190
90191
90193
90196
90197
90198
90199
90200
90202
90203
90204
90205
90208
90209
90210
90211
90212
90213
90214
90215
90218
90219
90220
90222
90223
90225
90226
90227
90229
90231
90232
90233
90234
90235
90236
90238
90239
90241
90242
90243
90244
90245
90246
90248
90249
90250
90251
90252
90253
90255
90256
90258
90261
90263
90268
90270
90273
90274
90275
90276
90277
90278
90279
90282
90283
90284
90285
90286
90290
90291
90292
90293
90294
90296
90300
90302
90305
90307
90309
90310
90311
90312
90313
90315
90317
90318
90320
90322
90323
90325
90326
90327
90329
90332
90337
90339
90342
90344
90345
90346
90349
90350
90352
90354
90356
90357
90358
90360
90363
90364
90366
90368
90370
90371
90372
90374
90375
90376
90377
90379
90381
90382
90383
90384
90385
90386
90387
90389
90390
90391
90392
90394
90395
90399
90400
90402
90403
90404
90405
90406
90407
90409
90410
90411
90414
90415
90416
90418
90419
90422
90423
90424
90426
90427
90428
90430
90433
90434
90436
90437
90438
90439
90440
90443
90444
90446
90448
90450
90451
90452
90453
90454
90455
90456
90457
90458
90459
90460
90461
90463
90465
90467
90468
90470
90471
90472
90473
90474
90476
90478
90479
90480
90481
90482
90483
90484
90487
90488
90489
90493
90495
90496
90497
90499
90500
90501
90502
90504
90505
90508
90509
90513
90514
90515
90519
90520
90521
90522
90523
90524
90527
90529
90530
90532
90533
90534
90535
90536
90537
90538
90540
90543
90544
90545
90546
90549
90551
90552
90554
90558
90559
90560
90561
90563
90564
90566
90568
90569
90571
90572
90573
90574
90575
90576
90577
90578
90579
90580
90581
90582
90583
90585
90586
90588
90592
90593
90594
90595
90596
90597
90598
90599
90600
90601
90602
90603
90605
90606
90608
90609
90610
90613
90614
90615
90616
90618
90619
90622
90624
90625
90626
90627
90629
90630
90631
90633
90634
90635
90636
90639
90641
90642
90643
90646
90647
90648
90650
90651
90654
90655
90656
90657
90659
90660
90661
90663
90664
90666
90668
90669
90670
90673
90674
90675
90676
90677
90679
90680
90681
90682
90683
90684
90685
90687
90689
90690
90691
90692
90694
90696
90699
90700
90701
90702
90703
90706
90707
90708
90710
90712
90713
90714
90715
90716
90717
90718
90719
90720
90722
90727
90729
90731
90732
90733
90734
90736
90737
90738
90742
90743
90744
90745
90746
90747
90748
90750
90751
90752
90753
90755
90758
90759
90760
90763
90765
90766
90767
90769
90771
90773
90774
90776
90777
90779
90780
90782
90783
90784
90785
90787
90788
90789
90790
90791
90792
90793
90796
90797
90798
90800
90801
90804
90805
90808
90809
90810
90811
90812
90813
90814
90815
90817
90818
90819
90821
90824
90825
90826
90829
90830
90832
90833
90835
90836
90837
90838
90840
90841
90842
90843
90844
90846
90851
90853
90854
90856
90858
90859
90861
90863
90865
90866
90867
90871
90874
90875
90878
90879
90881
90882
90884
90885
90886
90887
90888
90889
90890
90892
90895
90896
90897
90898
90900
90902
90903
90904
90905
90906
90908
90909
90910
90912
90914
90916
90917
90918
90922
90923
90924
90930
90932
90934
90935
90936
90937
90938
90939
90940
90941
90942
90943
90944
90945
90946
90948
90949
90950
90953
90955
90956
90958
90959
90960
90961
90963
90964
90966
90967
90968
90971
90972
90973
90974
90975
90977
90979
90980
90982
90983
90984
90985
90987
90988
90989
90991
90996
90997
90998
91001
91005
91006
91007
91009
91010
91011
91015
91018
91019
91020
91025
91027
91028
91030
91031
91032
91033
91034
91035
91036
91037
91038
91039
91041
91044
91045
91046
91047
91048
91050
91051
91052
91053
91056
91057
91059
91060
91061
91062
91063
91064
91066
91067
91068
91070
91073
91074
91077
91078
91083
91086
91087
91089
91090
91091
91092
91093
91094
91096
91097
91098
91100
91101
91102
91103
91106
91107
91108
91109
91111
91112
91114
91118
91119
91120
91121
91122
91126
91130
91131
91132
91133
91135
91137
91139
91140
91142
91143
91144
91145
91147
91149
91151
91152
91153
91154
91155
91156
91157
91159
91160
91162
91166
91168
91169
91170
91173
91174
91175
91176
91179
91182
91184
91185
91187
91188
91189
91191
91192
91193
91194
91195
91197
91198
91199
91200
91203
91204
91206
91207
91208
91209
91210
91211
91212
91213
91215
91216
91220
91221
91223
91224
91225
91226
91229
91230
91232
91233
91236
91237
91238
91240
91243
91246
91247
91248
91249
91250
91251
91253
91254
91255
91256
91259
91260
91262
91264
91266
91269
91270
91271
91272
91274
91275
91276
91277
91278
91279
91280
91285
91287
91289
91291
91292
91293
91294
91298
91299
91300
91301
91302
91303
91305
91306
91307
91310
91311
91313
91314
91315
91316
91317
91318
91319
91320
91321
91323
91324
91326
91328
91330
91332
91334
91336
91337
91338
91339
91340
91341
91342
91345
91346
91348
91349
91352
91356
91357
91359
91360
91364
91366
91367
91368
91369
91370
91373
91374
91377
91379
91380
91381
91383
91384
91385
91388
91389
91390
91391
91392
91395
91398
91399
91400
91401
91405
91408
91409
91410
91412
91413
91414
91415
91416
91417
91418
91419
91420
91424
91425
91427
91428
91429
91430
91431
91432
91433
91434
91435
91436
91437
91438
91439
91443
91444
91447
91449
91451
91452
91453
91454
91456
91457
91458
91459
91460
91463
91464
91465
91466
91467
91468
91469
91471
91472
91473
91475
91479
91480
91483
91484
91485
91486
91488
91489
91491
91492
91493
91494
91496
91497
91499
91500
91501
91502
91503
91504
91505
91508
91511
91512
91514
91515
91517
91518
91520
91521
91522
91523
91524
91525
91526
91527
91530
91531
91533
91534
91535
91536
91539
91540
91541
91542
91543
91545
91546
91547
91548
91549
91551
91552
91553
91554
91555
91558
91559
91560
91561
91563
91564
91565
91566
91567
91568
91569
91570
91572
91574
91575
91576
91577
91578
91580
91581
91582
91583
91585
91587
91589
91590
91593
91594
91595
91596
91597
91598
91599
91600
91601
91603
91604
91605
91607
91609
91610
91611
91613
91614
91615
91616
91617
91618
91621
91623
91624
91625
91626
91627
91630
91631
91633
91634
91635
91636
91638
91640
91641
91642
91644
91646
91647
91648
91651
91652
91655
91657
91660
91662
91663
91670
91671
91672
91673
91676
91677
91678
91679
91681
91682
91687
91688
91689
91690
91691
91692
91694
91696
91698
91700
91703
91704
91706
91707
91708
91710
91711
91715
91716
91717
91720
91721
91723
91724
91726
91728
91729
91730
91733
91734
91738
91742
91746
91747
91748
91749
91750
91751
91753
91755
91756
91758
91759
91760
91761
91763
91765
91767
91768
91770
91772
91775
91778
91779
91780
91781
91783
91784
91786
91787
91788
91792
91793
91794
91795
91796
91797
91802
91803
91805
91806
91807
91808
91809
91811
91814
91816
91817
91818
91823
91824
91825
91826
91827
91829
91831
91834
91836
91837
91838
91839
91840
91841
91843
91845
91846
91847
91848
91849
91850
91851
91852
91853
91855
91857
91858
91860
91861
91862
91863
91864
91865
91866
91867
91868
91871
91875
91876
91880
91881
91882
91885
91887
91888
91889
91891
91892
91893
91894
91896
91897
91900
91901
91902
91903
91904
91905
91907
91909
91910
91913
91914
91916
91917
91918
91919
91920
91921
91922
91924
91925
91926
91928
91929
91930
91932
91933
91934
91935
91936
91937
91938
91939
91940
91944
91945
91946
91947
91950
91951
91952
91953
91954
91955
91956
91958
91960
91963
91964
91965
91966
91967
91968
91970
91973
91974
91976
91979
91980
91981
91982
91983
91986
91987
91988
91989
91991
91992
91993
91994
91996
91997
92000
92001
92002
92003
92004
92005
92007
92008
92010
92011
92012
92013
92014
92015
92016
92017
92018
92019
92020
92021
92023
92024
92025
92027
92028
92029
92031
92032
92033
92034
92035
92036
92037
92038
92041
92042
92043
92044
92045
92046
92047
92048
92049
92050
92051
92054
92055
92056
92057
92059
92060
92061
92062
92064
92066
92068
92069
92071
92073
92075
92076
92079
92080
92082
92084
92085
92087
92089
92093
92094
92095
92096
92098
92100
92102
92103
92108
92110
92114
92116
92117
92118
92119
92120
92121
92123
92124
92125
92126
92128
92129
92130
92131
92132
92134
92135
92137
92140
92142
92146
92148
92150
92151
92152
92154
92155
92156
92157
92159
92161
92162
92163
92164
92165
92167
92169
92172
92176
92178
92180
92183
92184
92187
92188
92190
92192
92193
92194
92195
92199
92200
92201
92202
92203
92204
92205
92206
92207
92211
92212
92213
92214
92215
92216
92217
92218
92219
92222
92223
92224
92225
92226
92227
92228
92229
92230
92233
92234
92235
92236
92237
92239
92241
92242
92243
92244
92245
92247
92250
92251
92253
92254
92256
92258
92259
92260
92261
92262
92266
92268
92270
92273
92274
92277
92278
92279
92280
92283
92284
92285
92286
92287
92288
92290
92292
92293
92296
92298
92299
92303
92304
92305
92306
92307
92308
92309
92311
92313
92314
92315
92316
92317
92320
92321
92322
92323
92325
92328
92329
92330
92332
92334
92335
92337
92340
92341
92342
92344
92345
92348
92349
92352
92355
92356
92357
92358
92360
92361
92362
92364
92365
92366
92368
92369
92371
92372
92375
92376
92377
92379
92382
92383
92385
92386
92387
92389
92390
92391
92392
92393
92394
92395
92396
92397
92399
92400
92402
92403
92407
92409
92410
92411
92413
92414
92416
92417
92418
92419
92420
92421
92422
92423
92425
92428
92429
92430
92431
92433
92435
92436
92438
92439
92440
92441
92442
92444
92445
92446
92447
92448
92456
92459
92463
92464
92465
92466
92467
92468
92469
92472
92473
92474
92475
92477
92478
92480
92481
92482
92484
92485
92486
92488
92490
92493
92494
92495
92496
92498
92500
92502
92506
92507
92509
92510
92511
92512
92517
92520
92522
92524
92525
92527
92530
92531
92533
92535
92536
92538
92539
92541
92544
92546
92548
92549
92550
92551
92552
92554
92556
92557
92559
92560
92561
92562
92564
92568
92571
92572
92576
92578
92579
92580
92582
92584
92585
92586
92588
92589
92590
92591
92592
92593
92594
92595
92596
92598
92599
92600
92601
92603
92605
92606
92607
92610
92612
92614
92618
92619
92620
92621
92622
92624
92625
92626
92627
92628
92629
92630
92631
92632
92635
92636
92640
92641
92642
92644
92645
92646
92647
92649
92650
92652
92653
92654
92656
92657
92658
92659
92661
92663
92664
92666
92668
92669
92673
92674
92675
92676
92679
92680
92683
92684
92685
92686
92687
92688
92689
92690
92691
92692
92694
92695
92696
92697
92698
92699
92700
92701
92705
92706
92708
92709
92710
92711
92712
92713
92714
92719
92724
92726
92728
92729
92733
92734
92735
92736
92737
92739
92741
92743
92745
92746
92747
92748
92749
92750
92751
92754
92755
92756
92757
92758
92759
92760
92761
92762
92764
92765
92768
92769
92771
92772
92773
92775
92776
92777
92778
92781
92785
92787
92788
92789
92791
92794
92795
92797
92798
92799
92802
92803
92804
92805
92807
92809
92810
92811
92813
92814
92815
92816
92818
92819
92820
92821
92822
92823
92824
92825
92829
92830
92831
92832
92833
92834
92835
92838
92839
92840
92842
92843
92844
92845
92846
92849
92850
92851
92852
92853
92854
92855
92857
92858
92859
92860
92861
92862
92863
92864
92865
92867
92868
92869
92870
92872
92874
92876
92880
92881
92883
92884
92886
92887
92888
92892
92893
92895
92896
92899
92903
92904
92905
92906
92910
92911
92912
92913
92914
92915
92916
92918
92921
92923
92924
92926
92927
92929
92930
92931
92933
92934
92935
92937
92939
92943
92944
92946
92947
92951
92952
92953
92954
92955
92956
92958
92959
92960
92961
92966
92967
92968
92969
92970
92971
92974
92975
92977
92978
92979
92981
92982
92984
92986
92987
92988
92989
92991
92992
92993
92994
92997
92998
92999
93000
93001
93004
93006
93007
93008
93013
93014
93015
93016
93017
93020
93021
93022
93023
93027
93028
93030
93031
93032
93033
93034
93035
93037
93038
93039
93040
93041
93042
93044
93046
93048
93049
93050
93051
93052
93055
93056
93058
93060
93062
93063
93064
93065
93067
93068
93071
93072
93073
93074
93075
93077
93078
93079
93080
93081
93082
93087
93088
93089
93090
93092
93095
93096
93097
93098
93099
93101
93106
93107
93108
93111
93114
93115
93116
93117
93118
93119
93121
93122
93127
93128
93129
93131
93132
93133
93136
93137
93139
93141
93142
93143
93144
93145
93146
93148
93149
93150
93152
93154
93157
93159
93160
93161
93163
93166
93167
93168
93169
93170
93171
93172
93173
93177
93178
93180
93181
93182
93183
93185
93186
93187
93188
93190
93193
93194
93195
93196
93201
93202
93203
93207
93209
93210
93213
93217
93218
93219
93220
93221
93222
93223
93225
93227
93228
93229
93233
93234
93237
93238
93239
93240
93243
93244
93247
93248
93249
93250
93251
93252
93253
93254
93255
93258
93259
93260
93261
93262
93263
93264
93265
93266
93268
93269
93272
93274
93275
93277
93280
93282
93283
93285
93287
93289
93290
93291
93295
93297
93299
93302
93303
93304
93306
93307
93308
93309
93312
93315
93317
93319
93321
93322
93324
93326
93327
93328
93329
93330
93332
93333
93335
93336
93338
93339
93341
93342
93343
93346
93347
93348
93349
93351
93352
93353
93354
93355
93357
93359
93360
93363
93364
93365
93366
93370
93372
93374
93375
93376
93378
93380
93382
93383
93386
93388
93391
93393
93394
93395
93396
93398
93399
93400
93401
93404
93405
93406
93407
93408
93409
93410
93412
93413
93415
93418
93420
93422
93424
93425
93426
93428
93430
93431
93432
93433
93434
93435
93436
93437
93440
93443
93445
93447
93448
93449
93450
93451
93456
93459
93460
93461
93462
93464
93465
93467
93472
93473
93474
93475
93477
93478
93480
93484
93485
93486
93488
93490
93492
93493
93494
93495
93497
93498
93499
93500
93501
93502
93503
93504
93506
93509
93510
93511
93513
93515
93516
93517
93518
93519
93520
93523
93526
93527
93528
93529
93530
93531
93532
93533
93534
93536
93538
93541
93542
93544
93545
93546
93548
93550
93553
93555
93558
93559
93562
93564
93565
93568
93570
93571
93572
93574
93575
93577
93578
93580
93581
93582
93583
93584
93587
93588
93589
93590
93591
93592
93593
93595
93597
93598
93600
93602
93603
93604
93606
93611
93612
93613
93615
93616
93619
93622
93627
93629
93630
93631
93633
93634
93635
93637
93639
93640
93641
93642
93643
93644
93646
93648
93653
93654
93655
93657
93659
93660
93662
93664
93666
93667
93669
93671
93674
93676
93677
93678
93681
93682
93684
93686
93687
93692
93693
93695
93696
93697
93698
93699
93701
93702
93703
93704
93706
93707
93708
93709
93711
93712
93713
93714
93715
93718
93720
93721
93722
93726
93727
93729
93730
93732
93733
93734
93735
93738
93741
93742
93743
93744
93745
93746
93749
93750
93751
93752
93755
93757
93759
93760
93761
93763
93764
93766
93767
93771
93772
93775
93776
93777
93778
93779
93780
93782
93784
93785
93788
93789
93791
93793
93797
93798
93800
93801
93802
93803
93804
93805
93806
93807
93809
93810
93811
93812
93813
93815
93822
93823
93824
93826
93827
93828
93829
93830
93832
93833
93834
93835
93836
93840
93842
93843
93844
93847
93848
93851
93853
93854
93855
93856
93859
93861
93864
93865
93868
93870
93873
93874
93875
93878
93880
93882
93884
93886
93889
93890
93891
93895
93896
93898
93900
93901
93902
93904
93906
93908
93909
93911
93915
93916
93918
93919
93920
93921
93922
93923
93924
93926
93927
93928
93929
93930
93931
93932
93933
93934
93935
93937
93938
93940
93945
93947
93948
93952
93953
93954
93956
93958
93959
93960
93964
93966
93967
93968
93970
93971
93974
93975
93976
93979
93980
93981
93982
93983
93986
93987
93988
93991
93992
93994
93995
93996
94000
94001
94002
94003
94005
94006
94007
94008
94010
94014
94016
94018
94020
94023
94027
94028
94029
94030
94031
94032
94033
94034
94036
94037
94038
94039
94041
94042
94044
94045
94046
94047
94048
94049
94051
94052
94053
94056
94057
94059
94060
94062
94063
94064
94065
94067
94068
94070
94071
94072
94073
94074
94075
94077
94080
94081
94082
94084
94085
94086
94087
94088
94089
94090
94092
94093
94094
94095
94096
94101
94102
94103
94104
94106
94107
94109
94110
94111
94112
94113
94115
94118
94119
94121
94123
94124
94125
94126
94127
94131
94132
94133
94137
94138
94139
94140
94141
94142
94144
94145
94146
94147
94149
94151
94152
94154
94155
94157
94159
94160
94162
94164
94165
94168
94170
94171
94172
94174
94175
94176
94178
94179
94181
94182
94183
94187
94189
94190
94192
94193
94195
94196
94198
94199
94200
94201
94202
94203
94204
94205
94206
94207
94208
94209
94210
94212
94213
94214
94218
94221
94222
94223
94225
94228
94229
94230
94231
94234
94236
94238
94240
94242
94243
94244
94246
94247
94248
94250
94252
94255
94256
94257
94258
94259
94261
94263
94264
94266
94268
94269
94270
94271
94273
94276
94280
94281
94282
94284
94285
94287
94289
94291
94292
94294
94295
94296
94298
94299
94302
94305
94306
94307
94310
94311
94313
94315
94316
94317
94318
94319
94320
94321
94323
94326
94327
94331
94332
94333
94337
94338
94339
94340
94343
94345
94347
94350
94351
94354
94355
94358
94359
94360
94361
94362
94363
94364
94365
94370
94371
94372
94374
94375
94376
94377
94379
94380
94381
94385
94386
94387
94388
94389
94391
94392
94394
94396
94397
94398
94399
94400
94401
94403
94408
94409
94410
94411
94413
94415
94416
94418
94419
94420
94421
94423
94425
94427
94428
94432
94434
94435
94436
94437
94439
94441
94442
94443
94447
94448
94450
94452
94453
94454
94455
94456
94458
94459
94461
94462
94463
94464
94465
94466
94471
94472
94474
94475
94476
94478
94480
94483
94484
94489
94492
94493
94494
94495
94496
94497
94498
94499
94501
94503
94504
94505
94506
94507
94508
94509
94510
94511
94512
94513
94514
94515
94516
94519
94520
94521
94525
94526
94527
94528
94530
94533
94534
94535
94536
94537
94538
94540
94542
94544
94546
94547
94549
94550
94551
94553
94554
94555
94558
94561
94562
94563
94564
94565
94567
94570
94571
94573
94575
94576
94577
94579
94580
94585
94586
94587
94589
94595
94597
94601
94602
94603
94605
94606
94607
94608
94609
94612
94613
94614
94615
94616
94617
94618
94621
94623
94625
94626
94630
94631
94632
94633
94635
94636
94638
94639
94640
94641
94642
94643
94644
94646
94647
94650
94651
94652
94653
94655
94658
94659
94663
94664
94667
94673
94674
94675
94677
94679
94680
94681
94682
94684
94689
94690
94691
94692
94693
94694
94695
94696
94697
94698
94699
94701
94703
94704
94705
94706
94708
94709
94710
94713
94714
94715
94716
94717
94718
94720
94721
94722
94723
94724
94725
94729
94733
94734
94735
94736
94737
94740
94741
94742
94745
94746
94750
94751
94753
94754
94755
94756
94757
94758
94760
94762
94763
94766
94769
94770
94771
94772
94773
94774
94776
94778
94780
94782
94783
94784
94786
94787
94789
94791
94792
94793
94795
94796
94799
94800
94802
94803
94805
94807
94809
94813
94814
94815
94816
94817
94818
94820
94821
94824
94827
94828
94832
94834
94835
94836
94838
94839
94842
94845
94846
94847
94848
94850
94851
94853
94854
94855
94856
94858
94860
94861
94862
94864
94865
94866
94867
94868
94869
94870
94872
94873
94874
94876
94877
94878
94880
94881
94882
94884
94887
94888
94890
94892
94894
94895
94898
94901
94902
94903
94904
94905
94906
94907
94908
94909
94912
94913
94914
94915
94916
94918
94920
94922
94923
94924
94926
94928
94930
94931
94932
94934
94935
94937
94938
94939
94941
94944
94946
94948
94950
94951
94953
94954
94955
94958
94962
94964
94965
94966
94967
94968
94969
94971
94972
94973
94975
94978
94983
94984
94987
94988
94990
94992
94993
94995
94996
94997
95001
95004
95006
95011
95012
95013
95015
95016
95017
95018
95023
95024
95025
95027
95028
95029
95032
95033
95035
95036
95037
95038
95039
95041
95042
95043
95044
95045
95046
95047
95049
95050
95052
95055
95057
95060
95062
95063
95064
95066
95067
95069
95071
95072
95073
95074
95075
95078
95079
95081
95082
95083
95085
95086
95087
95088
95089
95090
95091
95093
95094
95095
95097
95098
95100
95102
95104
95105
95108
95109
95112
95113
95114
95115
95116
95117
95118
95119
95122
95123
95124
95125
95127
95129
95130
95131
95133
95134
95135
95136
95137
95140
95141
95142
95146
95147
95149
95151
95152
95153
95154
95156
95157
95160
95161
95162
95163
95164
95166
95168
95169
95170
95171
95177
95178
95179
95180
95182
95183
95185
95190
95191
95193
95194
95196
95198
95199
95200
95201
95202
95203
95206
95207
95208
95210
95211
95212
95213
95215
95216
95217
95218
95220
95221
95222
95223
95224
95225
95226
95227
95228
95229
95230
95231
95233
95234
95235
95238
95239
95240
95241
95242
95243
95244
95245
95247
95248
95249
95250
95251
95252
95253
95254
95255
95256
95257
95260
95262
95263
95264
95265
95266
95267
95269
95270
95271
95272
95273
95275
95277
95280
95281
95284
95285
95286
95288
95290
95291
95293
95294
95295
95296
95297
95299
95301
95303
95304
95305
95307
95308
95313
95314
95316
95317
95318
95319
95322
95324
95326
95328
95329
95331
95332
95333
95334
95338
95341
95342
95344
95345
95347
95349
95350
95352
95353
95354
95355
95356
95359
95360
95361
95362
95363
95364
95365
95366
95369
95370
95371
95372
95373
95374
95376
95377
95381
95384
95385
95386
95388
95389
95390
95392
95393
95395
95396
95397
95398
95401
95404
95405
95406
95407
95410
95412
95413
95415
95416
95417
95418
95419
95420
95421
95422
95424
95426
95427
95429
95430
95432
95433
95436
95437
95439
95440
95442
95443
95444
95446
95447
95448
95449
95451
95454
95455
95456
95457
95458
95461
95462
95464
95465
95466
95467
95470
95471
95473
95475
95476
95481
95483
95484
95485
95486
95489
95491
95493
95495
95497
95498
95500
95501
95502
95503
95508
95509
95510
95513
95515
95516
95518
95521
95523
95524
95525
95527
95528
95529
95530
95531
95532
95534
95535
95536
95537
95538
95539
95540
95542
95544
95545
95546
95547
95548
95549
95552
95553
95554
95555
95557
95558
95559
95565
95566
95567
95568
95569
95571
95572
95573
95574
95577
95578
95579
95580
95581
95582
95583
95585
95588
95589
95593
95594
95596
95599
95601
95603
95607
95609
95610
95611
95613
95614
95615
95617
95619
95620
95621
95623
95625
95627
95628
95630
95631
95632
95634
95636
95637
95638
95639
95640
95641
95643
95645
95646
95648
95649
95651
95652
95654
95655
95657
95659
95662
95664
95667
95671
95673
95674
95675
95676
95677
95679
95680
95681
95682
95683
95684
95685
95686
95687
95688
95691
95692
95693
95694
95695
95696
95698
95700
95701
95702
95704
95705
95708
95709
95711
95713
95716
95720
95721
95722
95723
95724
95725
95726
95727
95728
95729
95730
95731
95732
95733
95734
95735
95736
95737
95738
95739
95740
95741
95743
95744
95745
95746
95748
95749
95750
95751
95752
95753
95754
95755
95756
95757
95758
95759
95760
95761
95762
95763
95764
95765
95766
95767
95768
95769
95770
95771
95772
95773
95774
95775
95776
95777
95778
95779
95780
95781
95782
95783
95784
95785
95786
95787
95788
95789
95790
95791
95792
95793
95794
95795
95796
95798
95799
95800
95801
95802
95803
95804
95805
95806
95807
95808
95809
95810
95811
95812
95813
95815
95816
95817
95818
95819
95820
95821
95822
95823
95824
95825
95826
95827
95828
95830
95831
95832
95833
95834
95835
95836
95837
95838
95839
95840
95841
95842
95843
95844
95845
95846
95847
95848
95849
95850
95851
95852
95853
95855
95856
95857
95858
95859
95860
95861
95862
95863
95864
95865
95866
95867
95869
95870
95871
95872
95873
95874
95875
95876
95877
95878
95879
95880
95881
95882
95883
95884
95885
95886
95887
95888
95889
95891
95892
95893
95894
95896
95897
95898
95899
95900
95901
95902
95904
95905
95906
95908
95909
95911
95912
95913
95914
95916
95917
95919
95920
95921
95924
95925
95926
95927
95928
95929
95930
95931
95932
95933
95934
95935
95936
95937
95938
95939
95940
95941
95942
95944
95945
95946
95947
95948
95949
95950
95951
95952
95953
95954
95956
95958
95959
95960
95962
95964
95965
95966
95967
95968
95969
95970
95971
95972
95973
95974
95975
95976
95977
95979
95980
95981
95982
95983
95984
95985
95986
95987
95988
95989
95990
95991
95992
95993
95994
95995
95996
95997
95998
95999
96000
96001
96002
96004
96006
96007
96008
96009
96010
96011
96012
96013
96014
96015
96016
96017
96018
96019
96020
96021
96022
96023
96024
96025
96026
96027
96029
96030
96031
96032
96034
96035
96036
96038
96039
96041
96043
96044
96046
96047
96048
96049
96050
96051
96052
96053
96054
96055
96056
96057
96058
96059
96060
96061
96062
96063
96064
96065
96067
96068
96069
96070
96071
96072
96073
96074
96075
96076
96077
96080
96081
96082
96083
96084
96085
96086
96087
96088
96089
96090
96092
96093
96096
96097
96098
96099
96101
96102
96103
96104
96105
96106
96107
96109
96110
96111
96112
96114
96115
96116
96118
96119
96120
96123
96124
96127
96128
96129
96130
96134
96135
96136
96137
96138
96139
96140
96142
96143
96144
96145
96146
96147
96148
96150
96151
96152
96154
96155
96157
96158
96159
96160
96161
96162
96163
96164
96165
96166
96168
96169
96170
96172
96174
96175
96178
96179
96181
96183
96185
96186
96187
96188
96191
96192
96193
96194
96195
96196
96197
96199
96200
96202
96203
96204
96205
96208
96209
96210
96211
96212
96213
96214
96215
96217
96218
96219
96221
96223
96224
96226
96227
96230
96231
96232
96233
96234
96235
96238
96239
96240
96241
96245
96246
96247
96248
96250
96251
96252
96253
96254
96255
96256
96257
96258
96259
96260
96262
96267
96268
96269
96270
96271
96272
96273
96274
96275
96276
96277
96278
96280
96281
96282
96284
96285
96286
96287
96288
96290
96291
96292
96293
96295
96296
96298
96299
96300
96301
96302
96303
96305
96306
96307
96308
96311
96312
96313
96315
96317
96319
96320
96321
96322
96327
96328
96329
96330
96331
96332
96333
96334
96336
96337
96338
96339
96340
96342
96344
96345
96346
96347
96348
96349
96350
96351
96352
96353
96355
96356
96357
96358
96360
96361
96362
96365
96366
96367
96369
96370
96372
96373
96375
96377
96378
96380
96381
96384
96386
96387
96388
96389
96390
96391
96392
96393
96394
96395
96397
96398
96399
96400
96401
96402
96403
96404
96405
96406
96408
96409
96410
96411
96412
96413
96414
96415
96416
96418
96419
96420
96421
96422
96423
96424
96425
96426
96427
96428
96429
96430
96432
96433
96435
96437
96439
96440
96441
96442
96443
96446
96449
96450
96452
96453
96454
96455
96456
96457
96458
96460
96461
96463
96464
96466
96467
96469
96471
96473
96475
96477
96478
96480
96481
96482
96484
96485
96486
96487
96490
96491
96492
96495
96498
96500
96501
96503
96504
96506
96507
96508
96509
96510
96511
96512
96513
96514
96515
96516
96517
96518
96519
96520
96521
96522
96523
96524
96525
96527
96528
96529
96533
96535
96537
96539
96540
96542
96544
96545
96548
96549
96551
96552
96553
96554
96556
96559
96562
96565
96566
96567
96568
96569
96570
96571
96572
96573
96574
96575
96578
96579
96582
96584
96586
96587
96588
96589
96590
96591
96592
96594
96595
96596
96597
96599
96601
96604
96605
96606
96608
96609
96611
96612
96614
96616
96617
96619
96621
96624
96625
96626
96627
96628
96630
96631
96632
96633
96634
96635
96638
96639
96640
96641
96642
96643
96645
96646
96647
96648
96650
96651
96652
96654
96655
96656
96658
96659
96661
96662
96664
96665
96666
96667
96668
96669
96670
96672
96674
96675
96677
96678
96680
96681
96682
96683
96684
96685
96686
96687
96688
96690
96693
96694
96695
96696
96698
96700
96702
96703
96704
96706
96707
96708
96709
96712
96715
96717
96718
96719
96722
96724
96726
96727
96728
96729
96730
96731
96732
96733
96734
96735
96736
96738
96739
96741
96742
96743
96744
96745
96746
96747
96748
96751
96752
96753
96754
96756
96758
96760
96762
96763
96764
96765
96766
96767
96768
96769
96771
96772
96774
96775
96776
96777
96778
96779
96780
96782
96783
96784
96786
96787
96788
96792
96794
96795
96796
96797
96798
96800
96801
96802
96804
96805
96806
96807
96809
96810
96812
96814
96816
96817
96818
96819
96820
96822
96823
96824
96826
96827
96828
96829
96830
96831
96833
96834
96835
96836
96837
96838
96839
96840
96842
96843
96844
96845
96847
96848
96849
96853
96855
96857
96858
96859
96860
96861
96862
96863
96864
96865
96866
96869
96870
96871
96873
96874
96875
96877
96879
96880
96882
96884
96885
96886
96887
96888
96889
96890
96891
96892
96893
96894
96895
96896
96897
96898
96899
96900
96901
96903
96906
96908
96910
96911
96913
96914
96915
96916
96917
96918
96920
96921
96922
96924
96925
96926
96927
96928
96929
96930
96933
96934
96937
96939
96940
96941
96942
96943
96944
96948
96949
96951
96952
96953
96955
96956
96957
96959
96960
96962
96963
96965
96966
96967
96968
96969
96970
96971
96972
96973
96974
96975
96976
96977
96979
96980
96981
96983
96985
96987
96988
96990
96992
96994
96995
96997
96998
96999
97000
97001
97003
97005
97006
97007
97008
97009
97012
97013
97015
97017
97020
97021
97024
97025
97026
97027
97028
97029
97031
97033
97035
97036
97038
97040
97042
97046
97048
97050
97051
97052
97053
97054
97055
97056
97057
97058
97059
97060
97061
97062
97064
97065
97066
97068
97069
97072
97073
97076
97077
97079
97080
97082
97085
97086
97087
97088
97090
97091
97093
97094
97095
97097
97098
97099
97101
97102
97103
97104
97106
97108
97109
97110
97111
97112
97113
97114
97115
97116
97118
97120
97124
97128
97130
97131
97132
97133
97134
97135
97136
97137
97139
97140
97141
97142
97143
97145
97147
97151
97155
97158
97161
97163
97165
97166
97167
97171
97172
97173
97177
97180
97181
97182
97183
97184
97185
97187
97188
97189
97190
97193
97194
97195
97196
97199
97201
97202
97203
97204
97205
97206
97207
97208
97209
97211
97212
97213
97215
97216
97219
97220
97221
97222
97224
97227
97229
97230
97231
97232
97233
97235
97236
97237
97241
97242
97243
97244
97245
97248
97249
97250
97252
97254
97255
97257
97258
97260
97261
97262
97263
97268
97270
97271
97272
97273
97274
97280
97281
97282
97284
97285
97287
97290
97292
97293
97296
97300
97301
97303
97304
97306
97307
97308
97309
97310
97312
97313
97314
97315
97316
97317
97319
97320
97321
97322
97324
97325
97327
97329
97331
97332
97335
97336
97337
97339
97340
97341
97342
97343
97344
97346
97352
97355
97357
97358
97359
97360
97361
97363
97364
97365
97368
97369
97370
97371
97372
97373
97375
97377
97378
97380
97382
97384
97385
97386
97388
97389
97391
97394
97395
97397
97398
97399
97400
97401
97404
97405
97406
97407
97408
97409
97410
97412
97414
97416
97417
97418
97420
97422
97426
97434
97435
97436
97438
97441
97443
97445
97446
97447
97448
97449
97450
97451
97452
97453
97454
97455
97456
97457
97458
97459
97460
97461
97462
97464
97466
97467
97468
97470
97472
97473
97474
97475
97476
97477
97478
97479
97480
97482
97483
97491
97494
97498
97499
97503
97504
97509
97511
97512
97514
97516
97517
97518
97519
97520
97521
97522
97524
97526
97527
97528
97529
97530
97531
97532
97533
97536
97538
97539
97541
97542
97545
97546
97547
97549
97550
97551
97554
97556
97558
97559
97566
97567
97568
97572
97573
97574
97575
97577
97578
97579
97580
97581
97582
97583
97584
97585
97587
97589
97592
97593
97594
97595
97596
97600
97602
97607
97608
97609
97611
97612
97614
97616
97617
97618
97619
97624
97626
97632
97634
97637
97643
97645
97647
97648
97649
97650
97651
97654
97656
97657
97658
97659
97660
97662
97663
97665
97666
97667
97668
97670
97672
97673
97674
97676
97678
97679
97680
97681
97682
97684
97685
97686
97691
97693
97695
97697
97701
97705
97708
97714
97716
97718
97720
97722
97723
97724
97725
97727
97728
97729
97730
97732
97733
97737
97738
97739
97740
97741
97742
97743
97744
97745
97746
97747
97748
97749
97750
97753
97754
97755
97756
97757
97759
97760
97761
97762
97763
97764
97768
97769
97770
97771
97772
97773
97777
97778
97779
97781
97783
97784
97790
97791
97793
97794
97795
97796
97797
97798
97806
97809
97811
97812
97823
97825
97826
97829
97830
97831
97833
97835
97837
97838
97839
97840
97841
97843
97844
97845
97846
97847
97849
97850
97851
97852
97853
97854
97856
97857
97858
97859
97860
97862
97863
97864
97865
97866
97867
97868
97870
97871
97874
97876
97877
97879
97880
97881
97882
97885
97886
97888
97893
97896
97898
97899
97903
97905
97906
97907
97910
97913
97915
97920
97923
97927
97928
97930
97934
97935
97936
97937
97938
97939
97940
97941
97942
97943
97944
97945
97946
97947
97949
97950
97951
97952
97953
97954
97955
97956
97957
97958
97959
97960
97961
97962
97963
97964
97965
97967
97968
97969
97970
97971
97972
97973
97974
97975
97976
97978
97979
97981
97982
97985
97986
97987
97990
97992
97993
98001
98003
98005
98006
98009
98016
98018
98019
98020
98021
98022
98025
98027
98030
98033
98034
98036
98039
98042
98044
98046
98047
98048
98049
98050
98051
98052
98053
98054
98056
98058
98059
98060
98061
98062
98063
98065
98066
98068
98069
98070
98071
98072
98073
98074
98075
98076
98078
98079
98080
98081
98082
98083
98084
98085
98086
98087
98089
98090
98091
98092
98093
98094
98095
98096
98097
98098
98099
98101
98102
98103
98104
98105
98106
98108
98109
98110
98111
98112
98113
98114
98115
98116
98117
98121
98122
98123
98124
98125
98129
98131
98132
98134
98136
98141
98142
98143
98144
98146
98148
98154
98157
98159
98160
98165
98167
98168
98170
98171
98173
98174
98175
98178
98180
98182
98183
98184
98187
98188
98189
98190
98191
98193
98194
98195
98196
98197
98198
98199
98200
98201
98203
98204
98205
98208
98210
98211
98213
98214
98215
98216
98218
98219
98220
98221
98222
98223
98224
98225
98226
98227
98228
98229
98230
98231
98233
98234
98235
98236
98237
98240
98242
98243
98244
98246
98248
98249
98250
98253
98255
98256
98258
98259
98262
98264
98266
98268
98269
98271
98272
98276
98286
98288
98292
98303
98309
98310
98312
98313
98315
98316
98318
98320
98321
98323
98328
98330
98331
98332
98333
98335
98336
98337
98339
98340
98341
98342
98343
98345
98346
98347
98348
98349
98351
98352
98353
98354
98356
98357
98358
98359
98360
98363
98364
98365
98367
98368
98369
98370
98371
98372
98375
98376
98378
98379
98380
98381
98383
98384
98385
98386
98387
98388
98389
98390
98391
98393
98394
98395
98396
98397
98398
98399
98400
98401
98402
98403
98405
98407
98408
98409
98415
98421
98425
98426
98427
98429
98431
98433
98436
98438
98441
98445
98449
98459
98460
98461
98462
98463
98469
98470
98471
98478
98479
98481
98482
98484
98485
98491
98492
98493
98494
98495
98497
98498
98500
98501
98502
98503
98504
98505
98506
98507
98508
98509
98514
98516
98517
98518
98519
98520
98521
98522
98523
98524
98525
98526
98527
98528
98529
98530
98531
98532
98534
98536
98537
98538
98539
98540
98544
98545
98546
98547
98550
98553
98555
98556
98557
98558
98559
98562
98563
98564
98567
98568
98569
98571
98572
98573
98574
98578
98579
98582
98583
98584
98585
98587
98588
98589
98592
98593
98594
98599
98600
98601
98602
98603
98604
98606
98612
98613
98615
98620
98623
98625
98626
98627
98630
98636
98642
98643
98644
98646
98647
98649
98650
98652
98654
98656
98660
98663
98665
98667
98670
98674
98679
98680
98684
98688
98689
98690
98692
98694
98696
98697
98698
98699
98701
98702
98704
98708
98712
98713
98715
98716
98717
98718
98720
98721
98722
98723
98724
98725
98727
98728
98729
98730
98732
98734
98735
98736
98737
98738
98739
98740
98742
98743
98744
98745
98747
98748
98749
98751
98752
98753
98754
98755
98756
98757
98758
98759
98762
98763
98764
98765
98766
98767
98768
98769
98770
98772
98773
98774
98775
98777
98778
98779
98783
98785
98789
98790
98791
98793
98794
98795
98798
98799
98801
98802
98804
98805
98808
98811
98812
98813
98814
98815
98817
98819
98820
98821
98823
98826
98828
98829
98830
98839
98840
98845
98847
98855
98857
98859
98860
98861
98863
98864
98866
98873
98878
98880
98881
98882
98883
98885
98886
98887
98899
98901
98902
98907
98910
98912
98918
98924
98926
98927
98928
98929
98934
98936
98937
98938
98939
98942
98945
98946
98948
98951
98952
98953
98954
98957
98959
98960
98961
98962
98963
98966
98969
98970
98971
98973
98974
98975
98978
98979
98980
98981
98982
98983
98984
98987
98989
98991
98992
98994
98996
98997
98999
99001
99002
99003
99004
99005
99007
99008
99009
99010
99011
99012
99013
99015
99016
99017
99018
99019
99020
99021
99023
99025
99026
99027
99028
99029
99030
99031
99032
99035
99036
99037
99038
99042
99043
99044
99045
99046
99047
99048
99050
99051
99052
99053
99055
99057
99058
99059
99061
99063
99065
99066
99067
99068
99069
99070
99071
99072
99073
99074
99075
99077
99078
99079
99081
99082
99084
99085
99086
99087
99089
99090
99091
99093
99094
99095
99096
99097
99100
99102
99103
99104
99105
99106
99108
99109
99110
99112
99113
99114
99115
99117
99118
99119
99120
99122
99123
99124
99127
99129
99133
99134
99135
99138
99139
99140
99141
99143
99146
99149
99151
99152
99155
99158
99159
99161
99162
99165
99168
99174
99179
99184
99186
99187
99188
99190
99194
99196
99198
99199
99200
99202
99203
99205
99207
99208
99209
99210
99212
99214
99216
99219
99220
99221
99222
99223
99224
99230
99231
99232
99237
99238
99239
99243
99244
99247
99249
99250
99253
99254
99260
99264
99267
99268
99269
99270
99271
99272
99273
99274
99275
99276
99277
99279
99280
99281
99282
99283
99284
99285
99286
99287
99288
99289
99290
99291
99293
99294
99295
99296
99297
99299
99301
99302
99303
99304
99305
99306
99308
99309
99310
99312
99313
99314
99315
99316
99317
99318
99319
99320
99322
99323
99324
99325
99326
99327
99328
99329
99330
99331
99332
99334
99335
99337
99340
99341
99343
99344
99345
99347
99348
99349
99352
99353
99354
99355
99356
99357
99359
99360
99361
99363
99364
99365
99366
99367
99369
99370
99371
99372
99373
99376
99377
99378
99380
99381
99382
99384
99386
99387
99388
99389
99390
99391
99393
99395
99397
99398
99399
99400
99401
99402
99403
99405
99407
99409
99411
99412
99413
99414
99415
99416
99418
99419
99420
99421
99422
99424
99425
99426
99427
99428
99429
99430
99431
99432
99434
99436
99439
99441
99445
99448
99449
99450
99452
99454
99469
99470
99471
99472
99474
99476
99479
99482
99485
99487
99489
99491
99493
99496
99498
99499
99500
99501
99504
99507
99508
99509
99512
99516
99518
99527
99532
99536
99542
99545
99548
99550
99551
99556
99557
99558
99561
99564
99566
99567
99568
99570
99572
99574
99577
99578
99581
99585
99589
99591
99592
99595
99597
99602
99604
99605
99610
99611
99612
99613
99614
99621
99624
99630
99632
99636
99643
99649
99651
99652
99654
99657
99660
99662
99667
99671
99676
99679
99681
99683
99686
99687
99699
99701
99703
99704
99705
99706
99707
99708
99709
99710
99711
99712
99713
99714
99715
99716
99717
99718
99719
99720
99721
99724
99726
99728
99729
99730
99731
99735
99736
99737
99738
99739
99740
99743
99744
99745
99746
99748
99750
99751
99753
99754
99755
99756
99758
99759
99760
99761
99762
99763
99764
99765
99767
99768
99769
99770
99771
99772
99773
99774
99775
99776
99778
99779
99780
99781
99782
99784
99785
99786
99788
99789
99790
99791
99792
99793
99794
99795
99796
99798
99799
99800
99801
99802
99803
99804
99805
99806
99807
99809
99810
99811
99813
99814
99815
99816
99817
99819
99820
99822
99823
99824
99826
99827
99829
99833
99834
99837
99840
99841
99842
99843
99844
99847
99848
99849
99850
99852
99854
99855
99856
99857
99858
99859
99860
99861
99862
99865
99866
99867
99868
99871
99873
99876
99877
99878
99880
99881
99882
99884
99885
99886
99888
99891
99892
99893
99894
99895
99896
99897
99898
99900
99902
99903
99905
99906
99908
99909
99910
99917
99918
99919
99920
99924
99927
99932
99933
99935
99939
99940
99942
99943
99944
99946
99950
99951
99952
99958
99971
99974
99986
99987
99992
99993
99994
99996
99997
99998
99999
100001
100005
100007
100008
100009
100011
100013
100014
100015
100020
100021
100025
100027
100030
100031
100038
100039
100043
100045
100047
100048
100049
100055
100057
100058
100060
100061
100062
100063
100064
100065
100067
100069
100074
100080
100083
100086
100090
100091
100095
100097
100099
100100
100104
100109
100110
100117
100118
100123
100124
100127
100128
100131
100136
100139
100140
100142
100146
100148
100152
100154
100165
100167
100169
100173
100174
100178
100182
100190
100191
100192
100193
100197
100204
100207
100208
100216
100219
100221
100225
100227
100228
100229
100231
100232
100233
100235
100236
100238
100239
100240
100241
100245
100246
100248
100249
100250
100251
100252
100253
100254
100255
100256
100257
100259
100260
100261
100262
100263
100264
100265
100267
100269
100270
100271
100272
100273
100274
100275
100276
100277
100278
100279
100280
100281
100282
100283
100285
100287
100289
100290
100291
100292
100293
100294
100295
100296
100297
100298
100301
100303
100304
100305
100306
100307
100308
100311
100312
100313
100314
100315
100316
100317
100320
100321
100327
100329
100330
100331
100332
100334
100336
100337
100338
100339
100341
100343
100344
100345
100346
100347
100348
100349
100351
100352
100353
100354
100356
100362
100363
100364
100365
100367
100368
100370
100373
100374
100375
100376
100377
100380
100381
100382
100383
100384
100385
100387
100389
100390
100392
100394
100396
100397
100398
100399
100400
100401
100402
100403
100405
100406
100408
100409
100411
100412
100414
100415
100416
100417
100418
100419
100423
100424
100425
100426
100427
100428
100429
100430
100431
100432
100433
100434
100435
100436
100438
100439
100441
100443
100444
100445
100446
100447
100448
100449
100452
100454
100457
100458
100459
100460
100462
100466
100467
100469
100470
100471
100472
100473
100477
100478
100479
100480
100481
100482
100484
100485
100486
100488
100492
100493
100494
100495
100496
100497
100498
100499
100500
100501
100502
100503
100504
100505
100510
100511
100514
100515
100517
100519
100520
100522
100525
100527
100529
100532
100533
100536
100537
100539
100540
100541
100544
100545
100547
100553
100554
100555
100560
100562
100563
100565
100566
100567
100568
100569
100570
100572
100573
100575
100579
100581
100583
100584
100585
100587
100588
100592
100593
100594
100596
100597
100599
100602
100603
100605
100606
100608
100609
100610
100611
100612
100614
100615
100618
100619
100620
100622
100625
100626
100628
100633
100634
100636
100639
100644
100645
100648
100650
100651
100652
100656
100657
100660
100665
100670
100673
100676
100679
100680
100681
100683
100685
100689
100690
100694
100695
100698
100699
100709
100712
100713
100714
100715
100723
100732
100741
100742
100747
100748
100749
100751
100757
100758
100761
100765
100766
100767
100770
100773
100774
100777
100778
100782
100784
100786
100788
100790
100791
100794
100795
100796
100800
100803
100806
100808
100812
100814
100815
100817
100821
100822
100824
100826
100832
100834
100837
100842
100847
100851
100854
100855
100860
100862
100865
100868
100869
100871
100874
100880
100883
100885
100887
100890
100894
100899
100901
100903
100906
100907
100908
100911
100913
100917
100931
100933
100938
100940
100941
100945
100946
100947
100948
100950
100956
100961
100963
100965
100967
100968
100969
100970
100976
100979
100984
100987
100988
100989
100993
100995
100999
101002
101006
101007
101014
101015
101016
101017
101025
101026
101031
101032
101034
101035
101038
101041
101044
101046
101047
101057
101064
101066
101069
101070
101071
101074
101075
101078
101083
101089
101096
101097
101105
101108
101110
101122
101123
101124
101125
101126
101127
101128
101129
101131
101132
101134
101135
101136
101137
101138
101139
101140
101141
101142
101143
101144
101145
101146
101147
101148
101149
101150
101152
101153
101155
101156
101157
101158
101160
101161
101162
101163
101164
101166
101169
101170
101171
101172
101173
101175
101176
101177
101178
101179
101180
101184
101190
101193
101194
101195
101196
101197
101198
101200
101201
101203
101204
101205
101206
101208
101210
101211
101212
101213
101215
101216
101217
101218
101219
101220
101222
101225
101226
101227
101228
101229
101230
101231
101235
101236
101237
101238
101239
101244
101246
101247
101248
101251
101252
101253
101254
101255
101256
101257
101258
101261
101263
101265
101266
101267
101268
101269
101271
101272
101273
101276
101277
101278
101279
101280
101281
101284
101285
101286
101287
101289
101291
101292
101293
101294
101295
101296
101298
101299
101300
101301
101302
101303
101305
101306
101307
101308
101314
101315
101316
101317
101319
101320
101321
101322
101323
101324
101326
101327
101328
101330
101331
101332
101334
101335
101336
101337
101338
101341
101344
101345
101346
101349
101351
101353
101356
101357
101359
101361
101362
101363
101364
101366
101367
101368
101369
101370
101372
101373
101375
101376
101378
101379
101380
101381
101382
101383
101384
101385
101386
101390
101391
101394
101395
101396
101397
101398
101399
101400
101403
101404
101405
101406
101407
101411
101412
101413
101415
101416
101417
101418
101419
101421
101422
101426
101427
101428
101429
101430
101431
101432
101433
101434
101435
101436
101439
101440
101443
101444
101446
101447
101450
101451
101452
101453
101455
101459
101462
101465
101470
101471
101474
101475
101476
101477
101480
101483
101484
101485
101487
101488
101489
101490
101492
101495
101496
101498
101501
101509
101511
101512
101513
101515
101516
101517
101518
101521
101522
101523
101524
101525
101529
101531
101532
101535
101536
101537
101538
101539
101540
101541
101542
101544
101545
101546
101547
101548
101549
101550
101553
101555
101556
101557
101558
101559
101561
101562
101565
101566
101567
101569
101575
101578
101585
101590
101591
101596
101599
101601
101602
101606
101608
101611
101612
101615
101620
101621
101622
101624
101625
101629
101638
101639
101643
101646
101650
101651
101652
101654
101657
101663
101668
101671
101674
101677
101680
101681
101684
101687
101695
101697
101700
101701
101703
101704
101708
101709
101711
101714
101715
101718
101726
101730
101731
101732
101733
101734
101735
101738
101739
101742
101745
101749
101752
101754
101759
101761
101766
101768
101772
101773
101774
101775
101776
101779
101780
101785
101786
101788
101794
101797
101803
101806
101810
101813
101816
101817
101818
101823
101824
101825
101826
101827
101831
101835
101836
101841
101846
101847
101848
101850
101854
101855
101860
101861
101864
101865
101867
101870
101871
101872
101873
101875
101877
101880
101883
101887
101889
101891
101893
101895
101904
101906
101910
101911
101912
101914
101926
101930
101936
101940
101941
101942
101946
101951
101953
101954
101958
101960
101965
101972
101978
101979
101983
101985
101986
101987
101989
101990
101991
101993
101994
101997
102002
102005
102009
102010
102011
102014
102017
102018
102020
102022
102026
102029
102031
102036
102042
102045
102046
102049
102051
102052
102057
102058
102068
102074
102077
102078
102079
102082
102086
102089
102094
102095
102098
102108
102115
102117
102120
102123
102128
102131
102133
102136
102137
102138
102143
102146
102147
102150
102155
102159
102163
102170
102171
102177
102178
102186
102193
102194
102199
102204
102206
102208
102209
102210
102211
102213
102214
102219
102220
102225
102226
102227
102233
102234
102235
102237
102242
102248
102250
102252
102260
102263
102265
102268
102270
102274
102276
102281
102287
102292
102294
102300
102301
102310
102311
102315
102319
102325
102326
102327
102331
102332
102347
102357
102364
102367
102368
102371
102377
102386
102388
102390
102393
102395
102401
102402
102403
102406
102407
102409
102412
102415
102417
102421
102422
102423
102428
102430
102435
102439
102441
102442
102443
102446
102449
102454
102456
102457
102460
102462
102463
102464
102469
102474
102475
102479
102480
102483
102484
102489
102491
102495
102500
102503
102504
102518
102521
102524
102528
102529
102533
102537
102548
102550
102551
102552
102555
102560
102563
102570
102572
102576
102577
102578
102579
102582
102586
102587
102592
102596
102597
102598
102599
102606
102607
102611
102615
102616
102618
102621
102623
102624
102627
102629
102630
102631
102635
102636
102639
102646
102647
102658
102660
102662
102671
102674
102684
102690
102693
102697
102698
102699
102706
102708
102731
102737
102738
102749
102751
102757
102762
102765
102766
102769
102773
102778
102782
102784
102796
102803
102810
102817
102819
102827
102828
102839
102846
102847
102873
102894
102895
102896
102898
102900
102901
102902
102904
102905
102906
102907
102908
102911
102912
102913
102915
102916
102917
102919
102920
102921
102922
102923
102924
102925
102926
102927
102928
102929
102932
102933
102934
102935
102936
102939
102940
102941
102942
102943
102944
102945
102947
102948
102950
102952
102953
102954
102955
102957
102959
102961
102962
102963
102964
102965
102967
102968
102969
102971
102973
102974
102976
102977
102978
102979
102980
102981
102983
102986
102988
102989
102990
102993
102994
102995
102996
102997
102998
103000
103002
103004
103005
103006
103007
103008
103009
103011
103012
103015
103016
103018
103019
103020
103022
103023
103024
103025
103026
103027
103028
103029
103030
103031
103032
103035
103037
103038
103039
103040
103041
103043
103044
103045
103046
103047
103048
103049
103050
103052
103053
103054
103057
103058
103059
103060
103062
103063
103066
103067
103070
103071
103072
103074
103075
103076
103080
103081
103082
103083
103085
103086
103089
103090
103091
103092
103093
103094
103096
103098
103099
103100
103101
103102
103103
103104
103105
103106
103107
103108
103109
103110
103112
103113
103114
103116
103119
103121
103123
103125
103126
103127
103128
103130
103132
103133
103134
103135
103138
103139
103140
103142
103144
103145
103146
103148
103149
103150
103151
103152
103153
103154
103155
103157
103158
103159
103160
103162
103163
103164
103167
103170
103171
103172
103173
103174
103175
103176
103177
103178
103180
103184
103185
103186
103189
103193
103195
103196
103197
103198
103200
103201
103202
103203
103205
103208
103210
103211
103213
103216
103217
103218
103219
103221
103224
103226
103227
103228
103229
103231
103232
103236
103237
103238
103241
103242
103243
103245
103247
103248
103249
103250
103251
103252
103253
103257
103258
103259
103261
103264
103266
103269
103270
103272
103273
103274
103275
103277
103278
103279
103280
103282
103283
103284
103285
103287
103288
103290
103291
103292
103293
103294
103296
103297
103298
103299
103300
103303
103305
103306
103307
103308
103310
103311
103312
103313
103315
103316
103319
103320
103322
103323
103325
103326
103331
103332
103335
103337
103341
103343
103344
103345
103347
103351
103353
103354
103357
103358
103359
103361
103363
103364
103365
103367
103369
103371
103372
103373
103374
103379
103380
103383
103385
103387
103388
103392
103393
103394
103395
103398
103399
103401
103402
103403
103404
103405
103407
103408
103416
103417
103418
103419
103422
103423
103424
103425
103426
103428
103429
103433
103434
103435
103438
103440
103442
103444
103446
103447
103449
103450
103453
103454
103456
103460
103462
103463
103464
103465
103466
103468
103469
103470
103471
103472
103473
103474
103477
103480
103481
103482
103483
103485
103487
103488
103489
103490
103492
103494
103496
103497
103500
103501
103502
103503
103507
103509
103510
103511
103512
103513
103514
103516
103518
103521
103524
103525
103526
103527
103529
103530
103533
103534
103536
103537
103538
103539
103540
103541
103542
103543
103545
103546
103547
103548
103549
103551
103553
103554
103555
103556
103558
103559
103560
103561
103563
103564
103568
103569
103572
103573
103575
103576
103578
103583
103584
103585
103586
103587
103588
103589
103594
103598
103600
103601
103603
103604
103605
103608
103609
103610
103612
103613
103614
103616
103618
103620
103621
103622
103626
103627
103628
103630
103631
103635
103640
103641
103643
103646
103648
103654
103656
103659
103660
103661
103663
103665
103668
103669
103670
103675
103676
103677
103679
103681
103683
103684
103686
103687
103688
103689
103690
103691
103694
103700
103702
103709
103710
103711
103713
103714
103715
103717
103718
103719
103720
103723
103725
103726
103729
103730
103731
103733
103734
103735
103737
103738
103744
103745
103749
103751
103752
103758
103760
103762
103765
103769
103773
103782
103787
103790
103791
103794
103799
103801
103802
103803
103804
103806
103810
103812
103813
103815
103817
103822
103823
103825
103827
103828
103834
103839
103845
103846
103848
103851
103857
103861
103862
103864
103865
103868
103871
103873
103876
103877
103883
103888
103893
103894
103901
103905
103907
103908
103910
103912
103918
103921
103926
103932
103936
103938
103941
103942
103943
103947
103951
103952
103959
103961
103965
103967
103968
103970
103972
103977
103978
103980
103984
103986
103991
103993
104009
104015
104016
104017
104018
104024
104030
104031
104033
104034
104037
104040
104042
104043
104045
104046
104047
104054
104064
104066
104069
104071
104074
104078
104080
104083
104085
104090
104092
104100
104108
104109
104110
104115
104116
104119
104120
104121
104122
104123
104137
104139
104140
104141
104142
104143
104144
104146
104149
104150
104158
104159
104160
104166
104167
104174
104178
104179
104180
104183
104186
104187
104189
104191
104195
104196
104197
104198
104200
104204
104205
104213
104219
104220
104221
104225
104226
104233
104235
104236
104238
104239
104240
104242
104245
104247
104249
104250
104255
104256
104258
104261
104263
104264
104272
104273
104275
104283
104285
104287
104296
104298
104301
104306
104308
104310
104312
104313
104316
104322
104323
104326
104330
104335
104336
104340
104346
104347
104350
104353
104354
104356
104363
104369
104371
104375
104376
104378
104379
104381
104383
104386
104387
104395
104397
104401
104406
104407
104408
104409
104411
104414
104415
104422
104424
104426
104427
104431
104432
104433
104436
104444
104446
104452
104453
104454
104460
104462
104464
104465
104466
104467
104470
104471
104473
104474
104480
104482
104487
104488
104492
104493
104494
104495
104502
104505
104509
104510
104511
104512
104521
104525
104526
104528
104532
104538
104542
104544
104546
104547
104552
104555
104559
104567
104568
104571
104572
104573
104577
104578
104579
104581
104584
104585
104589
104592
104598
104599
104600
104603
104606
104607
104612
104620
104626
104630
104632
104636
104644
104647
104648
104649
104653
104654
104655
104658
104662
104666
104669
104671
104673
104674
104678
104682
104684
104686
104692
104693
104694
104697
104698
104700
104702
104704
104707
104709
104714
104715
104718
104721
104727
104731
104732
104735
104736
104742
104751
104752
104756
104762
104764
104769
104770
104773
104774
104775
104786
104788
104793
104794
104798
104802
104808
104812
104819
104821
104831
104836
104840
104845
104847
104849
104853
104857
104866
104867
104873
104886
104902
104909
104910
104914
104915
104916
104922
104928
104929
104933
104935
104937
104939
104946
104948
104954
104957
104960
104962
104963
104965
104972
104974
104975
104978
104979
104990
104992
104993
104994
105000
105016
105017
105020
105021
105024
105026
105027
105028
105032
105042
105046
105053
105055
105056
105060
105061
105065
105066
105067
105069
105071
105073
105078
105079
105080
105081
105083
105088
105089
105098
105101
105104
105105
105107
105111
105113
105119
105129
105132
105138
105140
105149
105151
105159
105166
105173
105175
105177
105180
105181
105184
105185
105191
105192
105197
105207
105211
105212
105215
105216
105221
105227
105236
105241
105242
105243
105246
105248
105254
105256
105257
105258
105264
105268
105269
105280
105281
105282
105287
105292
105301
105304
105312
105313
105314
105315
105318
105325
105331
105334
105336
105338
105342
105348
105352
105353
105355
105367
105368
105369
105374
105377
105380
105383
105386
105389
105390
105391
105395
105414
105416
105418
105422
105426
105430
105431
105432
105434
105436
105444
105447
105449
105450
105454
105455
105458
105461
105476
105477
105479
105481
105482
105485
105487
105497
105500
105504
105508
105511
105521
105528
105529
105531
105532
105534
105541
105542
105543
105545
105552
105553
105556
105561
105562
105563
105564
105571
105576
105577
105585
105586
105592
105598
105599
105606
105612
105613
105618
105619
105623
105627
105637
105639
105648
105658
105659
105662
105676
105679
105685
105688
105693
105698
105704
105706
105710
105711
105713
105716
105718
105725
105726
105727
105733
105741
105743
105748
105753
105756
105758
105759
105768
105775
105777
105780
105781
105785
105797
105803
105816
105817
105821
105824
105826
105828
105830
105831
105844
105848
105849
105853
105854
105861
105865
105870
105873
105874
105878
105880
105882
105883
105884
105886
105887
105888
105893
105903
105918
105923
105924
105932
105936
105943
105949
105956
105958
105966
105968
105969
105975
105977
105978
105994
105995
105996
105997
105998
106001
106008
106021
106028
106029
106039
106040
106047
106049
106051
106053
106059
106063
106065
106066
106073
106074
106081
106092
106093
106095
106096
106098
106099
106101
106107
106108
106113
106114
106117
106118
106120
106122
106127
106130
106134
106135
106136
106137
106140
106141
106143
106147
106149
106153
106157
106161
106164
106165
106166
106171
106176
106192
106194
106195
106196
106203
106205
106213
106214
106225
106229
106232
106233
106235
106245
106254
106257
106258
106260
106261
106267
106269
106272
106295
106300
106301
106309
106316
106319
106323
106324
106339
106345
106350
106356
106357
106368
106371
106374
106382
106386
106387
106389
106393
106397
106398
106401
106402
106403
106409
106411
106414
106417
106420
106421
106424
106425
106426
106430
106433
106435
106436
106445
106450
106458
106464
106466
106467
106476
106489
106498
106501
106505
106507
106511
106513
106517
106523
106527
106530
106533
106534
106539
106543
106548
106561
106566
106571
106572
106578
106580
106583
106592
106597
106598
106606
106608
106609
106611
106612
106619
106624
106626
106638
106639
106646
106647
106652
106656
106661
106666
106668
106673
106674
106676
106677
106680
106687
106690
106691
106710
106732
106744
106745
106746
106753
106754
106756
106761
106762
106774
106779
106782
106786
106788
106790
106792
106793
106799
106804
106806
106807
106809
106816
106817
106825
106829
106841
106848
106850
106865
106866
106868
106871
106872
106873
106876
106884
106890
106902
106912
106915
106916
106917
106919
106923
106929
106939
106941
106942
106943
106944
106947
106950
106952
106954
106956
106958
106966
106974
106976
106977
106979
106981
106984
106989
106992
106995
107004
107009
107010
107017
107039
107048
107054
107056
107058
107062
107064
107065
107066
107085
107087
107088
107089
107090
107094
107101
107105
107107
107108
107109
107111
107114
107115
107119
107121
107122
107124
107128
107129
107138
107146
107156
107158
107172
107195
107203
107217
107221
107240
107247
107255
107258
107267
107270
107272
107277
107283
107291
107297
107312
107314
107317
107324
107327
107329
107335
107342
107349
107357
107362
107365
107376
107404
107407
107431
107432
107447
107480
107485
107500
107505
107525
107527
107545
107546
107557
107592
107603
107624
107631
107668
107669
107670
107671
107672
107674
107677
107678
107679
107681
107682
107683
107684
107686
107687
107688
107689
107691
107692
107694
107695
107696
107697
107698
107700
107702
107703
107704
107706
107707
107708
107709
107710
107711
107712
107713
107714
107715
107717
107718
107719
107720
107721
107723
107726
107727
107729
107730
107731
107732
107734
107735
107737
107738
107739
107740
107741
107743
107745
107746
107748
107749
107750
107751
107752
107754
107755
107757
107758
107759
107760
107762
107763
107766
107767
107769
107771
107772
107773
107774
107775
107776
107777
107778
107779
107780
107781
107782
107783
107784
107785
107786
107787
107788
107789
107790
107791
107792
107793
107794
107798
107799
107800
107801
107802
107803
107806
107808
107809
107811
107812
107813
107814
107815
107816
107817
107818
107819
107820
107821
107822
107823
107826
107828
107829
107830
107831
107832
107833
107834
107836
107837
107838
107839
107840
107841
107843
107845
107846
107847
107848
107849
107850
107851
107852
107853
107855
107857
107858
107860
107862
107863
107865
107866
107867
107868
107869
107871
107872
107874
107875
107876
107877
107878
107879
107880
107883
107884
107885
107886
107887
107889
107891
107892
107894
107895
107896
107897
107898
107899
107900
107902
107904
107905
107906
107907
107908
107909
107911
107912
107915
107916
107917
107918
107920
107923
107924
107927
107929
107932
107934
107935
107937
107938
107939
107940
107941
107942
107943
107944
107945
107946
107947
107949
107951
107952
107954
107955
107956
107957
107958
107959
107960
107962
107965
107966
107968
107969
107970
107971
107974
107975
107976
107977
107978
107979
107981
107982
107983
107984
107985
107986
107989
107990
107992
107993
107995
107996
107997
107999
108000
108001
108002
108003
108004
108006
108007
108008
108009
108010
108011
108012
108013
108014
108017
108018
108019
108023
108024
108025
108026
108027
108030
108031
108032
108036
108037
108038
108039
108040
108041
108042
108044
108045
108046
108047
108048
108049
108050
108051
108052
108053
108054
108055
108056
108057
108058
108059
108062
108063
108065
108066
108067
108068
108069
108072
108073
108074
108075
108081
108082
108084
108086
108087
108089
108090
108092
108094
108095
108097
108101
108102
108105
108106
108107
108110
108111
108112
108113
108114
108115
108116
108122
108124
108125
108126
108127
108128
108130
108131
108132
108133
108134
108135
108136
108139
108141
108142
108143
108144
108145
108146
108148
108149
108150
108151
108154
108155
108156
108157
108159
108160
108161
108162
108163
108166
108167
108168
108169
108171
108174
108175
108176
108179
108181
108182
108184
108186
108187
108188
108189
108192
108193
108195
108197
108198
108200
108201
108202
108204
108205
108206
108207
108208
108209
108211
108212
108213
108215
108216
108217
108219
108222
108223
108225
108226
108227
108228
108229
108230
108231
108232
108233
108234
108235
108236
108237
108238
108240
108241
108244
108247
108249
108250
108254
108255
108256
108257
108258
108259
108261
108264
108266
108267
108268
108269
108270
108272
108273
108274
108275
108278
108279
108283
108284
108286
108288
108289
108290
108291
108294
108295
108296
108297
108298
108300
108301
108302
108303
108304
108305
108306
108307
108309
108310
108311
108312
108313
108314
108315
108316
108317
108319
108320
108321
108323
108325
108327
108334
108336
108339
108342
108348
108349
108350
108351
108352
108353
108354
108355
108356
108359
108363
108365
108366
108367
108371
108374
108376
108378
108380
108381
108384
108385
108386
108387
108388
108391
108393
108395
108397
108398
108400
108402
108403
108404
108405
108406
108408
108415
108420
108421
108423
108426
108427
108432
108437
108438
108439
108441
108442
108445
108447
108448
108449
108457
108458
108460
108461
108464
108465
108467
108468
108470
108472
108473
108474
108477
108487
108490
108494
108497
108498
108513
108525
108526
108529
108533
108539
108540
108543
108544
108545
108551
108555
108559
108564
108565
108568
108569
108575
108578
108583
108588
108591
108592
108597
108599
108602
108603
108610
108611
108617
108628
108629
108631
108635
108637
108639
108640
108643
108644
108646
108647
108654
108655
108659
108663
108667
108682
108683
108686
108687
108690
108691
108692
108693
108694
108698
108703
108704
108709
108713
108716
108719
108720
108724
108729
108733
108734
108738
108743
108751
108756
108758
108760
108765
108767
108770
108771
108772
108775
108781
108784
108785
108786
108788
108791
108793
108794
108800
108808
108812
108813
108818
108819
108822
108824
108826
108828
108830
108831
108832
108836
108847
108850
108856
108857
108863
108871
108872
108876
108882
108885
108892
108894
108895
108897
108899
108901
108902
108910
108911
108912
108914
108916
108919
108923
108929
108937
108942
108945
108947
108949
108954
108957
108964
108967
108968
108970
108971
108973
108980
108982
108984
108988
108991
108993
108997
109010
109012
109016
109025
109031
109034
109041
109042
109049
109054
109058
109060
109067
109070
109073
109077
109079
109080
109086
109089
109091
109092
109096
109100
109101
109102
109104
109105
109106
109107
109109
109110
109112
109114
109116
109119
109120
109125
109127
109133
109136
109137
109138
109140
109143
109147
109148
109150
109153
109159
109161
109162
109167
109168
109171
109173
109177
109180
109181
109192
109193
109195
109204
109205
109211
109213
109216
109219
109220
109221
109227
109230
109233
109235
109240
109243
109252
109254
109256
109265
109266
109269
109277
109278
109285
109286
109287
109290
109293
109294
109296
109297
109298
109299
109303
109306
109307
109308
109317
109319
109325
109326
109331
109333
109336
109341
109349
109351
109354
109357
109367
109372
109380
109383
109387
109389
109390
109394
109396
109399
109400
109403
109404
109405
109408
109421
109428
109431
109435
109444
109446
109450
109453
109454
109456
109459
109462
109464
109465
109466
109470
109471
109472
109473
109475
109476
109478
109487
109488
109490
109493
109494
109495
109500
109503
109510
109519
109524
109525
109528
109531
109532
109542
109546
109547
109550
109554
109556
109557
109562
109565
109566
109574
109580
109582
109583
109588
109589
109593
109596
109598
109603
109605
109606
109609
109611
109616
109618
109619
109620
109621
109623
109624
109627
109628
109633
109635
109636
109642
109644
109649
109650
109651
109652
109654
109655
109659
109665
109666
109673
109674
109675
109679
109680
109682
109684
109686
109689
109690
109692
109694
109697
109699
109700
109705
109706
109708
109713
109715
109720
109727
109733
109738
109742
109748
109749
109750
109758
109763
109764
109768
109769
109773
109777
109781
109782
109783
109784
109785
109786
109790
109793
109795
109796
109797
109798
109802
109805
109807
109811
109812
109816
109817
109819
109831
109833
109845
109846
109847
109851
109852
109859
109861
109862
109863
109865
109866
109874
109876
109879
109882
109886
109888
109889
109890
109893
109900
109901
109902
109905
109909
109910
109911
109915
109918
109921
109924
109925
109926
109935
109937
109939
109947
109951
109952
109956
109959
109960
109966
109968
109975
109977
109981
109983
109987
109988
109990
109992
109995
109996
109997
109998
110003
110005
110007
110008
110009
110011
110012
110021
110028
110034
110036
110037
110038
110039
110044
110058
110059
110066
110070
110072
110079
110084
110088
110092
110093
110097
110100
110101
110102
110107
110108
110112
110114
110115
110121
110124
110128
110136
110139
110143
110149
110156
110157
110159
110160
110161
110166
110169
110172
110173
110174
110175
110185
110189
110190
110192
110195
110202
110204
110208
110209
110213
110216
110222
110229
110232
110233
110242
110253
110256
110257
110259
110260
110267
110268
110280
110281
110282
110283
110284
110291
110292
110294
110297
110299
110302
110307
110309
110318
110321
110326
110328
110330
110333
110334
110340
110342
110346
110351
110360
110363
110365
110368
110374
110380
110381
110385
110387
110390
110391
110393
110397
110400
110405
110410
110417
110420
110437
110438
110440
110448
110449
110453
110456
110465
110467
110471
110472
110474
110483
110487
110492
110494
110495
110498
110500
110508
110509
110513
110517
110522
110523
110524
110525
110529
110531
110537
110540
110544
110552
110553
110558
110569
110580
110586
110588
110590
110593
110610
110618
110620
110621
110625
110628
110631
110637
110641
110646
110647
110650
110665
110666
110667
110671
110672
110682
110683
110686
110688
110696
110698
110700
110703
110705
110706
110709
110714
110719
110722
110726
110728
110730
110731
110733
110734
110735
110736
110738
110739
110743
110744
110746
110749
110750
110756
110758
110763
110766
110783
110786
110787
110788
110789
110790
110796
110797
110801
110806
110810
110818
110823
110825
110826
110828
110831
110840
110841
110845
110848
110856
110860
110868
110875
110880
110885
110891
110915
110918
110920
110921
110924
110926
110929
110933
110941
110943
110947
110954
110956
110958
110959
110964
110966
110970
110972
110973
110985
110989
110994
110997
111001
111005
111007
111008
111014
111020
111021
111028
111030
111032
111035
111036
111038
111043
111044
111045
111046
111052
111053
111058
111070
111071
111073
111081
111086
111088
111089
111090
111091
111093
111094
111099
111111
111113
111116
111122
111131
111132
111134
111137
111140
111143
111145
111147
111149
111161
111167
111169
111174
111175
111177
111196
111197
111198
111200
111208
111212
111216
111218
111222
111223
111224
111226
111228
111231
111234
111237
111238
111240
111247
111249
111274
111284
111288
111293
111296
111300
111303
111307
111308
111317
111320
111322
111323
111324
111328
111331
111332
111333
111335
111343
111348
111353
111362
111366
111372
111374
111375
111376
111379
111381
111384
111387
111389
111390
111392
111393
111400
111401
111402
111408
111409
111410
111411
111414
111420
111421
111422
111433
111461
111465
111467
111473
111476
111483
111491
111492
111493
111494
111496
111497
111500
111510
111511
111513
111515
111518
111528
111530
111540
111544
111545
111548
111550
111551
111554
111558
111561
111566
111568
111576
111577
111581
111582
111586
111595
111600
111606
111610
111612
111613
111614
111618
111625
111626
111632
111640
111644
111645
111653
111654
111656
111662
111666
111669
111671
111675
111676
111680
111690
111692
111703
111705
111706
111707
111708
111709
111710
111712
111718
111722
111723
111724
111729
111730
111740
111741
111742
111744
111746
111747
111750
111752
111755
111756
111763
111765
111767
111778
111780
111785
111791
111792
111793
111800
111801
111806
111812
111815
111818
111820
111821
111828
111830
111831
111838
111839
111841
111845
111851
111864
111867
111868
111869
111874
111875
111877
111883
111889
111892
111897
111900
111903
111904
111906
111909
111910
111913
111920
111923
111924
111928
111931
111932
111940
111943
111947
111948
111949
111955
111959
111966
111968
111970
111975
111985
111986
111988
112004
112009
112013
112022
112026
112027
112039
112040
112045
112047
112048
112052
112053
112057
112064
112068
112072
112076
112083
112087
112090
112092
112096
112098
112102
112103
112104
112111
112117
112118
112119
112122
112131
112137
112149
112150
112153
112154
112158
112162
112166
112168
112173
112176
112195
112205
112208
112211
112217
112218
112221
112225
112232
112243
112244
112252
112255
112256
112258
112264
112265
112266
112269
112272
112284
112291
112293
112294
112295
112298
112303
112305
112306
112308
112309
112313
112318
112319
112324
112328
112329
112330
112335
112339
112345
112349
112355
112361
112363
112366
112372
112373
112374
112376
112384
112388
112389
112397
112405
112415
112416
112421
112422
112425
112436
112443
112449
112452
112453
112454
112461
112464
112468
112475
112476
112477
112479
112482
112488
112493
112496
112497
112500
112503
112504
112509
112511
112515
112519
112524
112528
112532
112534
112535
112536
112538
112539
112549
112550
112551
112556
112557
112559
112569
112573
112574
112575
112576
112577
112580
112582
112584
112586
112591
112595
112598
112601
112604
112607
112611
112614
112621
112632
112637
112640
112644
112647
112649
112651
112660
112662
112664
112668
112676
112677
112681
112683
112686
112690
112692
112700
112701
112715
112717
112731
112732
112734
112742
112749
112751
112754
112755
112759
112760
112761
112762
112766
112770
112773
112774
112775
112776
112777
112780
112798
112802
112804
112805
112807
112808
112822
112826
112827
112829
112830
112834
112837
112838
112840
112842
112844
112855
112857
112861
112862
112866
112872
112876
112877
112884
112889
112893
112894
112895
112901
112906
112908
112913
112919
112922
112924
112931
112932
112935
112949
112959
112960
112961
112964
112968
112970
112976
112979
112983
112984
112988
112990
112997
113002
113011
113013
113014
113016
113021
113026
113030
113032
113033
113035
113038
113040
113041
113042
113047
113050
113051
113057
113069
113071
113076
113077
113078
113082
113086
113090
113092
113094
113103
113105
113110
113117
113123
113124
113132
113135
113140
113150
113152
113153
113159
113161
113166
113171
113185
113191
113195
113197
113200
113204
113205
113206
113207
113209
113211
113213
113215
113221
113230
113233
113238
113240
113243
113245
113250
113251
113254
113263
113265
113270
113274
113277
113281
113282
113283
113290
113299
113301
113308
113310
113311
113314
113315
113319
113324
113325
113328
113333
113336
113337
113338
113342
113343
113344
113347
113348
113349
113350
113351
113363
113368
113371
113378
113379
113380
113386
113388
113389
113392
113393
113394
113397
113399
113402
113406
113407
113408
113412
113417
113418
113423
113427
113428
113431
113438
113445
113446
113454
113458
113460
113461
113478
113479
113481
113487
113491
113500
113504
113512
113513
113515
113522
113526
113531
113532
113535
113537
113541
113543
113549
113550
113551
113562
113572
113578
113579
113581
113585
113590
113592
113595
113598
113605
113607
113618
113625
113629
113631
113632
113634
113635
113637
113639
113642
113643
113644
113645
113650
113652
113666
113672
113675
113676
113682
113686
113689
113695
113701
113702
113707
113714
113716
113720
113721
113724
113728
113731
113732
113736
113738
113746
113750
113751
113758
113764
113770
113775
113780
113785
113787
113797
113798
113800
113826
113827
113830
113836
113839
113844
113850
113853
113854
113860
113865
113867
113871
113885
113887
113888
113891
113900
113902
113910
113912
113924
113927
113938
113939
113947
113950
113951
113959
113963
113967
113972
113978
113983
113990
113995
113996
114001
114002
114006
114008
114009
114018
114028
114030
114031
114034
114036
114041
114061
114067
114070
114071
114074
114076
114078
114080
114083
114084
114086
114091
114096
114098
114101
114104
114105
114108
114109
114118
114132
114137
114140
114142
114149
114168
114169
114171
114173
114178
114180
114181
114186
114187
114195
114198
114201
114203
114208
114209
114211
114212
114215
114217
114218
114222
114223
114229
114235
114247
114258
114259
114260
114263
114271
114274
114278
114279
114281
114282
114287
114289
114290
114291
114294
114302
114304
114306
114315
114323
114324
114325
114333
114335
114338
114362
114372
114377
114378
114385
114393
114395
114403
114406
114412
114413
114418
114419
114420
114424
114425
114428
114429
114430
114434
114443
114449
114450
114451
114452
114463
114469
114472
114478
114492
114506
114509
114510
114519
114522
114525
114542
114544
114549
114551
114573
114579
114581
114591
114603
114608
114609
114610
114621
114622
114628
114634
114639
114652
114653
114654
114659
114668
114671
114676
114683
114686
114689
114690
114693
114695
114701
114708
114716
114719
114721
114722
114725
114730
114741
114746
114749
114750
114759
114761
114767
114772
114773
114774
114783
114789
114790
114796
114799
114801
114804
114808
114810
114811
114824
114825
114829
114831
114835
114838
114845
114849
114872
114874
114878
114879
114886
114888
114891
114895
114905
114906
114910
114913
114916
114920
114922
114923
114930
114931
114932
114936
114940
114948
114951
114953
114960
114964
114967
114969
114972
114981
114983
114989
114990
114993
114995
114998
115000
115002
115005
115008
115010
115020
115025
115030
115032
115037
115039
115048
115050
115051
115053
115055
115056
115058
115062
115064
115073
115075
115076
115081
115084
115085
115086
115090
115091
115092
115094
115101
115103
115105
115110
115114
115119
115122
115124
115131
115135
115136
115141
115146
115151
115153
115158
115161
115170
115173
115174
115178
115181
115185
115189
115191
115196
115197
115201
115206
115207
115209
115210
115215
115221
115222
115223
115230
115240
115252
115253
115258
115266
115268
115270
115272
115277
115283
115286
115294
115297
115298
115301
115305
115322
115324
115325
115337
115343
115346
115350
115358
115366
115372
115379
115380
115386
115391
115394
115401
115402
115406
115408
115413
115417
115418
115420
115421
115422
115425
115429
115440
115441
115445
115448
115449
115451
115452
115454
115458
115465
115480
115481
115484
115491
115501
115505
115510
115513
115515
115516
115517
115521
115529
115539
115542
115546
115547
115551
115554
115557
115559
115560
115562
115570
115579
115581
115588
115590
115594
115598
115601
115604
115605
115608
115623
115626
115627
115628
115636
115643
115653
115654
115657
115658
115659
115669
115670
115673
115680
115689
115690
115694
115696
115700
115706
115721
115727
115733
115739
115744
115763
115776
115779
115781
115783
115791
115796
115798
115807
115809
115813
115814
115816
115830
115832
115834
115843
115848
115855
115858
115859
115868
115871
115872
115873
115875
115877
115881
115886
115888
115896
115898
115899
115904
115911
115915
115918
115924
115925
115931
115933
115942
115954
115957
115972
115977
115979
115981
115985
115991
115992
115996
115999
116000
116006
116011
116018
116031
116036
116037
116040
116050
116052
116056
116066
116086
116090
116092
116103
116108
116109
116111
116115
116116
116123
116126
116129
116131
116138
116141
116145
116156
116158
116159
116169
116171
116174
116178
116190
116191
116192
116195
116196
116200
116202
116207
116211
116213
116220
116222
116227
116230
116232
116234
116235
116238
116239
116241
116242
116249
116258
116270
116273
116274
116276
116278
116283
116288
116292
116299
116300
116303
116308
116312
116329
116331
116335
116336
116339
116340
116346
116347
116350
116352
116356
116365
116367
116369
116370
116372
116374
116375
116384
116386
116387
116397
116401
116403
116406
116407
116412
116417
116421
116426
116431
116433
116436
116439
116440
116442
116443
116455
116467
116469
116471
116472
116473
116477
116480
116487
116491
116493
116496
116497
116498
116509
116510
116513
116520
116524
116525
116529
116537
116544
116551
116553
116555
116560
116564
116565
116570
116576
116579
116582
116583
116584
116585
116586
116588
116590
116594
116596
116601
116613
116619
116628
116630
116632
116640
116641
116644
116649
116652
116657
116669
116670
116673
116674
116676
116677
116681
116685
116696
116700
116707
116719
116724
116725
116726
116736
116738
116742
116747
116751
116756
116757
116759
116764
116767
116771
116773
116774
116776
116778
116779
116784
116802
116803
116807
116808
116820
116824
116827
116829
116833
116835
116837
116841
116844
116846
116849
116851
116862
116870
116871
116872
116886
116889
116891
116896
116898
116901
116904
116907
116914
116918
116921
116928
116950
116951
116961
116965
116967
116974
116976
116979
116988
116992
116994
116995
116996
116997
117001
117012
117013
117017
117028
117038
117042
117046
117052
117054
117055
117058
117062
117069
117070
117072
117076
117082
117083
117093
117100
117101
117117
117122
117128
117134
117137
117143
117150
117153
117155
117158
117166
117171
117174
117175
117176
117178
117186
117191
117194
117200
117203
117206
117208
117213
117225
117226
117229
117239
117243
117247
117249
117262
117266
117275
117276
117284
117289
117297
117298
117302
117308
117309
117312
117317
117333
117336
117341
117362
117363
117375
117381
117383
117387
117389
117393
117396
117399
117400
117409
117410
117414
117415
117420
117423
117426
117433
117437
117438
117440
117442
117448
117461
117477
117488
117506
117517
117518
117521
117524
117527
117528
117532
117533
117536
117537
117545
117548
117551
117559
117565
117569
117572
117584
117586
117589
117590
117596
117600
117604
117611
117623
117630
117635
117656
117659
117662
117666
117675
117680
117684
117685
117689
117697
117701
117713
117725
117730
117733
117740
117742
117743
117744
117748
117750
117757
117761
117762
117765
117772
117773
117782
117788
117807
117809
117810
117811
117812
117817
117825
117828
117843
117853
117861
117869
117870
117872
117873
117879
117884
117885
117887
117889
117895
117896
117904
117907
117910
117911
117915
117918
117938
117944
117952
117957
117958
117961
117965
117967
117984
117996
117997
118001
118005
118007
118008
118011
118015
118019
118020
118026
118037
118038
118045
118046
118049
118055
118063
118067
118070
118075
118079
118082
118087
118093
118097
118103
118107
118112
118113
118114
118119
118123
118124
118125
118136
118146
118148
118152
118156
118177
118178
118180
118183
118186
118187
118188
118189
118191
118200
118203
118205
118220
118223
118237
118239
118240
118243
118245
118258
118259
118263
118265
118268
118274
118275
118281
118285
118289
118293
118294
118297
118299
118302
118306
118312
118322
118324
118333
118343
118348
118351
118352
118359
118360
118362
118363
118364
118373
118381
118387
118390
118392
118400
118402
118416
118421
118422
118429
118435
118443
118448
118449
118454
118457
118461
118462
118468
118469
118471
118473
118478
118480
118482
118490
118504
118512
118513
118527
118533
118534
118538
118544
118548
118551
118552
118565
118591
118596
118602
118605
118607
118612
118630
118636
118637
118640
118641
118644
118646
118653
118655
118661
118668
118669
118674
118675
118676
118677
118678
118681
118686
118691
118692
118704
118706
118711
118715
118716
118718
118720
118724
118728
118737
118741
118743
118744
118746
118751
118752
118753
118754
118761
118766
118773
118774
118785
118792
118794
118798
118806
118809
118814
118818
118819
118824
118828
118829
118831
118832
118834
118838
118841
118843
118845
118849
118853
118871
118877
118879
118894
118904
118908
118912
118919
118927
118930
118933
118936
118937
118939
118940
118945
118947
118949
118950
118954
118963
118965
118971
118976
118979
118985
118995
119000
119007
119010
119017
119019
119021
119023
119024
119025
119029
119030
119037
119040
119049
119059
119063
119066
119069
119078
119081
119084
119097
119101
119104
119109
119111
119117
119122
119126
119131
119140
119142
119148
119149
119151
119158
119162
119164
119165
119170
119171
119174
119176
119177
119182
119186
119187
119188
119189
119191
119206
119211
119219
119222
119231
119237
119253
119260
119264
119269
119280
119281
119282
119287
119301
119310
119318
119325
119330
119335
119341
119342
119345
119347
119348
119349
119352
119358
119362
119370
119378
119386
119387
119390
119395
119400
119401
119411
119414
119417
119422
119425
119431
119432
119433
119448
119453
119455
119458
119460
119468
119478
119483
119486
119488
119490
119493
119503
119507
119517
119522
119524
119531
119535
119541
119543
119546
119552
119554
119560
119562
119566
119567
119574
119575
119583
119586
119587
119588
119591
119597
119603
119604
119612
119619
119621
119632
119636
119639
119642
119644
119646
119648
119650
119651
119654
119655
119670
119671
119677
119690
119693
119695
119697
119698
119706
119714
119715
119716
119724
119725
119728
119731
119734
119737
119743
119744
119746
119758
119762
119763
119766
119767
119770
119776
119777
119778
119780
119781
119782
119783
119787
119792
119794
119795
119797
119803
119804
119810
119811
119815
119818
119822
119835
119841
119846
119864
119867
119869
119870
119877
119887
119891
119898
119902
119909
119918
119921
119926
119928
119932
119940
119941
119946
119952
119963
119973
119980
119983
119984
119985
119988
120006
120020
120026
120028
120031
120054
120062
120065
120072
120074
120075
120077
120081
120082
120083
120085
120094
120095
120097
120099
120101
120106
120107
120114
120117
120120
120126
120129
120130
120131
120133
120135
120136
120145
120147
120155
120165
120166
120171
120182
120197
120205
120211
120212
120217
120223
120224
120228
120236
120249
120256
120258
120263
120265
120266
120273
120274
120279
120281
120283
120284
120288
120290
120300
120304
120307
120315
120321
120323
120326
120337
120339
120341
120347
120349
120356
120357
120359
120366
120367
120369
120372
120375
120386
120387
120391
120393
120395
120397
120399
120400
120401
120402
120412
120418
120421
120426
120430
120433
120442
120446
120448
120458
120460
120461
120467
120474
120488
120492
120495
120500
120505
120506
120507
120510
120513
120515
120518
120520
120529
120538
120545
120552
120556
120560
120564
120573
120577
120581
120590
120595
120604
120605
120606
120618
120628
120632
120637
120642
120654
120655
120659
120662
120666
120668
120669
120679
120680
120683
120691
120694
120702
120703
120708
120709
120717
120721
120722
120724
120726
120728
120730
120747
120750
120751
120758
120765
120771
120776
120786
120789
120793
120796
120797
120799
120800
120803
120808
120829
120840
120856
120857
120859
120866
120868
120876
120891
120893
120894
120895
120900
120901
120902
120903
120905
120907
120913
120918
120919
120926
120928
120930
120931
120936
120950
120951
120958
120965
120969
120972
120973
120986
120992
120998
121004
121006
121007
121010
121011
121014
121017
121021
121023
121027
121041
121043
121047
121053
121062
121067
121068
121071
121073
121077
121082
121086
121092
121096
121100
121101
121106
121107
121111
121114
121122
121124
121126
121129
121132
121136
121141
121143
121144
121145
121153
121154
121155
121165
121171
121172
121173
121189
121193
121204
121212
121217
121219
121227
121239
121245
121248
121263
121271
121275
121278
121285
121291
121292
121313
121314
121323
121328
121332
121333
121342
121348
121350
121361
121364
121367
121368
121383
121397
121398
121401
121404
121410
121412
121428
121431
121433
121440
121447
121451
121455
121467
121472
121480
121485
121500
121505
121522
121524
121528
121533
121552
121553
121557
121560
121569
121570
121573
121576
121584
121585
121587
121592
121603
121609
121612
121613
121623
121625
121628
121629
121646
121657
121659
121662
121663
121665
121666
121675
121677
121679
121682
121683
121684
121700
121704
121706
121711
121712
121715
121716
121718
121723
121733
121741
121746
121749
121754
121756
121760
121764
121765
121768
121769
121772
121781
121783
121784
121789
121801
121803
121806
121812
121816
121826
121827
121828
121834
121839
121845
121852
121854
121856
121864
121870
121871
121878
121879
121896
121897
121902
121920
121924
121925
121926
121931
121962
121967
121972
121984
121994
121998
122002
122014
122016
122031
122035
122037
122038
122050
122064
122069
122070
122071
122080
122085
122095
122098
122101
122104
122105
122106
122107
122124
122128
122129
122134
122137
122142
122148
122151
122152
122158
122162
122176
122186
122187
122190
122195
122196
122199
122201
122206
122207
122214
122216
122221
122223
122225
122226
122236
122238
122242
122243
122247
122253
122257
122260
122264
122280
122283
122290
122291
122300
122301
122303
122310
122312
122313
122319
122327
122332
122333
122335
122339
122340
122344
122345
122347
122350
122351
122353
122357
122360
122365
122369
122378
122384
122385
122386
122391
122396
122397
122399
122401
122403
122412
122413
122419
122425
122426
122432
122441
122443
122447
122453
122459
122465
122470
122472
122477
122487
122493
122510
122518
122519
122520
122521
122529
122545
122546
122549
122551
122556
122562
122566
122567
122569
122570
122584
122586
122603
122604
122610
122612
122619
122620
122625
122632
122637
122646
122654
122664
122667
122668
122669
122671
122674
122675
122680
122683
122685
122697
122706
122713
122714
122715
122716
122717
122723
122725
122731
122741
122742
122746
122749
122750
122751
122756
122761
122762
122768
122771
122782
122785
122788
122791
122792
122797
122799
122806
122807
122808
122812
122816
122817
122820
122821
122835
122840
122844
122845
122848
122852
122855
122857
122863
122871
122872
122878
122888
122895
122901
122920
122924
122926
122931
122935
122944
122946
122949
122955
122956
122959
122964
122973
122978
122981
122986
122994
123009
123013
123017
123019
123024
123037
123060
123070
123080
123083
123092
123093
123100
123107
123109
123110
123114
123126
123127
123128
123138
123140
123143
123145
123154
123155
123157
123158
123160
123161
123164
123166
123169
123171
123175
123177
123181
123186
123187
123189
123190
123193
123197
123200
123212
123213
123214
123228
123229
123230
123232
123236
123238
123239
123241
123252
123255
123256
123258
123263
123264
123270
123274
123280
123288
123291
123297
123299
123301
123302
123313
123322
123340
123343
123345
123348
123359
123362
123368
123370
123377
123390
123391
123403
123410
123411
123412
123415
123421
123424
123431
123432
123435
123451
123453
123458
123463
123467
123477
123489
123496
123508
123519
123523
123529
123534
123541
123542
123545
123551
123564
123566
123568
123572
123573
123580
123581
123583
123590
123592
123597
123600
123601
123602
123607
123609
123620
123628
123632
123633
123639
123643
123644
123645
123646
123648
123650
123656
123660
123663
123666
123670
123673
123677
123683
123692
123698
123708
123709
123713
123714
123716
123733
123740
123745
123747
123750
123752
123755
123757
123759
123766
123773
123778
123779
123785
123789
123795
123798
123804
123807
123813
123814
123821
123835
123850
123853
123862
123869
123875
123888
123892
123902
123907
123916
123919
123929
123957
123960
123969
123978
123979
123988
123989
123995
124000
124012
124018
124027
124035
124046
124050
124051
124055
124069
124072
124074
124075
124079
124087
124105
124117
124128
124129
124130
124131
124138
124142
124143
124148
124151
124153
124163
124169
124177
124179
124182
124185
124186
124190
124212
124222
124235
124237
124242
124247
124248
124249
124250
124251
124252
124254
124257
124260
124269
124270
124271
124286
124292
124293
124299
124311
124314
124321
124334
124345
124350
124362
124369
124380
124382
124383
124388
124391
124395
124404
124406
124409
124414
124416
124417
124420
124424
124442
124444
124446
124447
124448
124450
124464
124472
124474
124475
124479
124480
124484
124485
124486
124487
124493
124495
124496
124499
124508
124512
124515
124527
124539
124545
124553
124566
124569
124570
124582
124584
124611
124612
124613
124624
124625
124629
124631
124637
124638
124648
124650
124656
124658
124664
124667
124671
124676
124686
124704
124731
124737
124738
124746
124753
124758
124761
124762
124768
124773
124777
124784
124785
124799
124803
124810
124811
124812
124827
124830
124832
124837
124838
124846
124855
124862
124863
124864
124876
124883
124888
124891
124892
124893
124900
124901
124906
124917
124919
124927
124932
124934
124937
124941
124944
124956
124967
124968
124977
124985
124990
124991
124995
124996
125001
125004
125008
125009
125010
125014
125019
125028
125032
125035
125036
125039
125042
125049
125062
125064
125068
125071
125079
125086
125090
125091
125107
125113
125125
125132
125138
125140
125142
125144
125147
125158
125164
125165
125169
125170
125176
125184
125189
125191
125192
125195
125196
125207
125210
125225
125227
125236
125238
125240
125244
125247
125261
125264
125265
125266
125273
125276
125278
125298
125303
125304
125323
125326
125327
125333
125334
125338
125341
125343
125349
125354
125360
125366
125367
125370
125371
125379
125380
125382
125387
125389
125391
125409
125418
125421
125426
125427
125428
125429
125433
125441
125443
125457
125459
125472
125474
125494
125495
125509
125515
125516
125517
125523
125524
125529
125535
125542
125547
125551
125552
125553
125554
125564
125566
125570
125571
125588
125589
125593
125597
125602
125609
125620
125625
125627
125628
125630
125631
125638
125640
125645
125657
125663
125664
125665
125673
125688
125693
125697
125698
125700
125709
125718
125722
125734
125736
125740
125744
125749
125750
125765
125766
125768
125775
125776
125782
125784
125786
125788
125794
125797
125808
125816
125826
125827
125833
125839
125845
125848
125850
125861
125862
125864
125868
125869
125870
125875
125881
125894
125895
125896
125899
125906
125907
125919
125923
125925
125932
125937
125941
125944
125951
125958
125960
125968
125973
125988
125992
125993
125995
125999
126003
126006
126036
126048
126057
126059
126067
126080
126081
126084
126086
126090
126093
126102
126103
126112
126113
126135
126136
126138
126142
126146
126153
126154
126157
126163
126168
126169
126171
126173
126174
126185
126190
126194
126199
126205
126214
126228
126229
126234
126240
126244
126245
126249
126250
126256
126257
126273
126274
126275
126285
126290
126295
126301
126303
126309
126320
126326
126327
126332
126339
126344
126345
126346
126356
126363
126369
126383
126395
126401
126407
126408
126410
126416
126418
126419
126422
126423
126424
126429
126431
126444
126450
126462
126467
126468
126471
126473
126474
126476
126477
126487
126496
126498
126500
126502
126506
126533
126543
126544
126545
126558
126559
126560
126566
126570
126572
126579
126582
126595
126602
126603
126607
126608
126610
126613
126621
126627
126639
126644
126645
126647
126655
126656
126657
126667
126671
126683
126684
126694
126707
126709
126715
126719
126721
126722
126733
126734
126736
126737
126742
126746
126763
126766
126767
126772
126781
126789
126800
126803
126806
126807
126809
126816
126826
126831
126833
126835
126836
126847
126853
126854
126857
126859
126861
126862
126867
126883
126896
126903
126904
126907
126908
126912
126913
126914
126919
126937
126956
126957
126966
126971
126979
126981
126983
126989
126992
126996
127001
127009
127010
127011
127014
127019
127028
127035
127039
127046
127053
127057
127075
127078
127079
127082
127096
127097
127110
127112
127113
127116
127120
127124
127125
127129
127130
127144
127149
127162
127165
127176
127177
127181
127185
127188
127194
127195
127197
127204
127208
127220
127225
127236
127237
127245
127247
127252
127253
127255
127257
127264
127267
127271
127292
127296
127305
127332
127342
127351
127352
127360
127365
127372
127373
127381
127382
127386
127388
127393
127395
127403
127405
127409
127415
127417
127419
127430
127431
127432
127433
127437
127438
127450
127453
127458
127463
127466
127470
127475
127477
127478
127485
127487
127490
127500
127509
127514
127517
127521
127525
127528
127540
127548
127555
127556
127559
127561
127571
127588
127589
127591
127596
127602
127603
127605
127613
127622
127627
127635
127644
127653
127656
127671
127680
127682
127688
127707
127710
127711
127714
127721
127722
127730
127732
127734
127744
127748
127757
127761
127762
127766
127769
127772
127773
127786
127790
127799
127801
127807
127810
127811
127815
127825
127838
127841
127842
127850
127853
127854
127864
127865
127872
127877
127879
127891
127903
127909
127916
127922
127937
127944
127955
127966
127972
127986
128007
128010
128018
128023
128027
128034
128035
128036
128038
128040
128062
128064
128070
128078
128084
128085
128091
128096
128102
128105
128113
128115
128126
128134
128139
128140
128150
128157
128158
128160
128164
128165
128174
128176
128178
128184
128192
128197
128198
128199
128201
128213
128214
128218
128219
128223
128227
128228
128246
128249
128256
128257
128258
128261
128268
128273
128276
128286
128290
128297
128299
128301
128302
128304
128308
128309
128320
128322
128332
128337
128338
128347
128348
128353
128361
128362
128365
128369
128373
128377
128382
128389
128400
128408
128412
128427
128444
128452
128453
128454
128456
128462
128473
128476
128478
128482
128489
128502
128512
128522
128523
128528
128530
128541
128542
128543
128544
128550
128551
128553
128562
128569
128580
128581
128589
128590
128596
128599
128601
128620
128621
128627
128628
128632
128636
128637
128638
128639
128650
128653
128656
128657
128664
128665
128670
128671
128677
128679
128680
128686
128698
128713
128726
128728
128738
128739
128740
128742
128746
128754
128759
128760
128765
128768
128775
128779
128787
128795
128796
128799
128817
128823
128828
128829
128842
128843
128846
128847
128853
128855
128856
128858
128861
128862
128881
128888
128899
128924
128927
128931
128933
128936
128952
128954
128957
128958
128959
128960
128961
128967
128970
128976
128987
128990
128997
128998
129008
129011
129020
129025
129034
129047
129048
129051
129052
129055
129061
129066
129076
129084
129085
129087
129090
129097
129098
129104
129108
129111
129134
129138
129153
129155
129158
129166
129193
129197
129199
129200
129213
129229
129240
129249
129256
129269
129278
129279
129290
129294
129295
129296
129309
129312
129318
129323
129325
129331
129332
129339
129343
129345
129346
129354
129366
129372
129373
129380
129382
129391
129392
129403
129404
129406
129408
129410
129415
129416
129421
129431
129437
129438
129455
129477
129493
129499
129500
129503
129506
129508
129513
129517
129533
129535
129539
129543
129547
129550
129563
129567
129568
129570
129574
129578
129580
129582
129585
129603
129613
129616
129618
129627
129631
129638
129642
129645
129651
129662
129665
129667
129669
129675
129676
129685
129687
129691
129694
129710
129711
129717
129729
129736
129738
129742
129746
129749
129760
129767
129770
129773
129774
129775
129783
129794
129795
129797
129801
129806
129807
129833
129841
129843
129844
129845
129847
129851
129852
129857
129858
129859
129861
129868
129876
129877
129889
129898
129900
129914
129921
129922
129923
129924
129931
129932
129944
129945
129946
129970
129971
129981
129996
129997
130012
130020
130021
130023
130028
130040
130041
130046
130048
130051
130056
130057
130063
130066
130069
130079
130092
130110
130112
130120
130130
130145
130156
130158
130159
130160
130163
130168
130173
130192
130193
130198
130199
130216
130222
130235
130237
130238
130239
130249
130250
130261
130268
130282
130292
130293
130297
130299
130301
130315
130324
130325
130326
130332
130337
130339
130348
130365
130377
130379
130380
130383
130400
130401
130403
130410
130411
130414
130418
130424
130442
130443
130450
130463
130471
130477
130479
130482
130492
130501
130503
130504
130507
130510
130511
130512
130513
130518
130521
130522
130524
130526
130527
130529
130535
130539
130540
130542
130557
130560
130565
130584
130585
130589
130590
130592
130597
130598
130601
130611
130616
130624
130629
130632
130637
130641
130643
130661
130665
130667
130677
130684
130685
130691
130711
130719
130724
130738
130739
130741
130752
130758
130762
130763
130767
130771
130772
130774
130775
130786
130800
130814
130818
130822
130824
130827
130831
130832
130837
130847
130848
130850
130853
130854
130855
130866
130868
130875
130876
130893
130894
130895
130896
130902
130908
130910
130916
130918
130927
130938
130950
130960
130979
130988
130990
131001
131007
131025
131036
131050
131052
131069
131071
131077
131078
131089
131113
131120
131122
131123
131132
131137
131139
131165
131172
131182
131183
131185
131192
131197
131198
131201
131202
131204
131208
131213
131218
131226
131227
131233
131235
131237
131250
131253
131257
131264
131265
131269
131283
131288
131289
131292
131294
131295
131305
131308
131311
131312
131322
131323
131328
131332
131333
131342
131344
131348
131352
131354
131357
131365
131367
131377
131382
131385
131387
131400
131404
131408
131419
131425
131428
131429
131431
131435
131442
131453
131457
131464
131467
131477
131491
131494
131495
131510
131522
131530
131531
131534
131536
131540
131545
131554
131568
131580
131585
131589
131592
131594
131595
131605
131606
131613
131631
131633
131645
131647
131651
131661
131663
131671
131684
131690
131691
131692
131702
131705
131714
131725
131734
131743
131748
131756
131761
131765
131766
131769
131771
131772
131798
131810
131822
131830
131833
131840
131841
131851
131854
131856
131877
131882
131888
131891
131894
131895
131897
131902
131908
131909
131910
131916
131918
131921
131926
131936
131937
131939
131941
131942
131951
131957
131964
131967
131979
132001
132007
132013
132019
132020
132026
132031
132034
132036
132037
132051
132055
132067
132071
132072
132075
132081
132096
132113
132120
132122
132125
132128
132140
132146
132152
132153
132159
132160
132165
132168
132170
132174
132175
132195
132208
132209
132215
132232
132237
132241
132244
132255
132265
132266
132269
132272
132278
132286
132289
132294
132295
132296
132302
132307
132313
132316
132330
132338
132340
132346
132352
132368
132370
132377
132392
132397
132398
132399
132400
132406
132408
132414
132415
132429
132432
132433
132436
132439
132442
132443
132444
132446
132453
132454
132458
132459
132466
132468
132469
132472
132478
132483
132492
132494
132504
132506
132508
132517
132536
132539
132545
132561
132562
132566
132573
132579
132580
132583
132584
132588
132595
132599
132605
132608
132611
132616
132633
132634
132636
132640
132647
132648
132650
132652
132664
132665
132666
132668
132670
132676
132677
132681
132693
132694
132702
132703
132708
132724
132725
132727
132745
132747
132748
132760
132768
132769
132778
132783
132786
132789
132793
132795
132796
132797
132803
132806
132817
132819
132820
132821
132824
132828
132849
132877
132879
132891
132893
132896
132902
132907
132909
132926
132938
132940
132942
132952
132953
132958
132968
132969
132972
132973
132974
132981
132988
132991
133002
133003
133007
133008
133016
133022
133031
133034
133036
133042
133045
133046
133052
133054
133055
133065
133069
133073
133074
133093
133101
133111
133114
133115
133121
133125
133126
133148
133156
133158
133169
133173
133175
133180
133185
133194
133199
133202
133203
133204
133213
133222
133227
133229
133248
133262
133265
133271
133272
133275
133314
133338
133349
133350
133352
133360
133364
133369
133374
133387
133406
133412
133417
133422
133426
133437
133445
133452
133453
133454
133456
133464
133471
133472
133481
133482
133483
133490
133496
133503
133506
133514
133519
133532
133533
133535
133546
133547
133549
133570
133571
133577
133578
133581
133584
133591
133598
133601
133615
133616
133619
133622
133630
133635
133653
133666
133670
133674
133680
133684
133686
133688
133694
133698
133700
133704
133711
133714
133715
133722
133723
133728
133729
133733
133739
133741
133742
133753
133755
133756
133757
133760
133762
133771
133777
133778
133779
133787
133790
133795
133800
133802
133817
133821
133822
133824
133827
133828
133841
133851
133852
133858
133859
133861
133867
133873
133892
133893
133898
133904
133906
133916
133918
133928
133929
133933
133935
133939
133941
133955
133956
133957
133967
133968
133969
134003
134005
134022
134039
134052
134053
134065
134066
134072
134082
134087
134093
134098
134101
134109
134122
134129
134137
134158
134161
134165
134174
134184
134194
134197
134202
134203
134208
134209
134215
134217
134228
134244
134245
134246
134272
134288
134297
134301
134303
134310
134317
134334
134346
134349
134351
134354
134360
134364
134375
134378
134383
134388
134389
134392
134418
134419
134420
134428
134429
134434
134456
134458
134463
134464
134470
134473
134475
134477
134479
134482
134486
134490
134492
134494
134497
134501
134505
134520
134522
134525
134532
134534
134537
134540
134541
134555
134558
134563
134564
134565
134583
134584
134585
134595
134597
134604
134607
134608
134612
134626
134627
134628
134636
134637
134644
134652
134660
134661
134666
134673
134681
134687
134700
134723
134735
134740
134742
134751
134752
134754
134756
134762
134770
134772
134773
134774
134775
134777
134799
134801
134806
134819
134828
134831
134832
134834
134838
134851
134855
134856
134863
134874
134876
134883
134884
134889
134890
134900
134902
134903
134904
134912
134918
134920
134927
134929
134957
134959
134977
134981
134985
134992
134996
134998
135013
135019
135021
135025
135026
135030
135042
135043
135052
135053
135058
135065
135066
135068
135072
135076
135078
135081
135087
135091
135096
135102
135104
135105
135113
135119
135121
135126
135131
135132
135134
135136
135142
135151
135167
135190
135193
135194
135205
135211
135228
135257
135262
135264
135281
135284
135289
135293
135303
135307
135324
135325
135327
135328
135341
135346
135356
135361
135373
135374
135376
135385
135392
135396
135397
135398
135399
135401
135406
135411
135416
135419
135423
135431
135440
135441
135443
135451
135452
135461
135462
135476
135484
135498
135499
135501
135520
135524
135531
135535
135537
135545
135547
135548
135549
135551
135559
135571
135572
135575
135580
135581
135582
135583
135589
135594
135599
135602
135603
135609
135616
135619
135634
135639
135640
135641
135653
135658
135659
135665
135677
135682
135690
135695
135696
135700
135707
135710
135712
135725
135726
135727
135738
135746
135753
135759
135766
135767
135777
135793
135816
135824
135826
135835
135839
135841
135847
135848
135849
135852
135859
135868
135869
135873
135874
135875
135886
135898
135903
135915
135920
135921
135945
135950
135951
135959
135970
135973
135974
135975
135987
135988
135991
135998
136001
136010
136013
136020
136027
136039
136040
136051
136059
136074
136107
136112
136121
136122
136124
136134
136135
136147
136148
136156
136157
136166
136170
136177
136183
136185
136187
136188
136190
136196
136197
136199
136202
136215
136219
136227
136231
136235
136240
136248
136262
136263
136272
136284
136292
136298
136309
136313
136319
136329
136333
136334
136335
136336
136341
136344
136346
136364
136369
136384
136386
136390
136393
136394
136405
136407
136422
136430
136438
136452
136463
136464
136466
136468
136473
136475
136477
136503
136507
136520
136521
136524
136535
136538
136546
136548
136549
136550
136577
136578
136581
136585
136596
136599
136619
136623
136642
136643
136644
136649
136652
136660
136668
136669
136670
136682
136683
136692
136694
136695
136697
136712
136713
136718
136729
136730
136731
136732
136738
136740
136751
136754
136764
136766
136770
136771
136772
136773
136780
136796
136797
136815
136830
136835
136842
136853
136854
136855
136866
136885
136898
136901
136903
136909
136910
136912
136920
136933
136934
136935
136937
136938
136940
136948
136995
136996
137007
137008
137010
137018
137026
137029
137063
137080
137082
137093
137094
137099
137104
137112
137116
137117
137129
137135
137149
137153
137155
137157
137162
137163
137165
137166
137171
137173
137180
137183
137194
137196
137202
137208
137211
137213
137225
137227
137230
137231
137236
137242
137247
137257
137265
137266
137277
137280
137283
137285
137291
137295
137296
137305
137308
137320
137333
137354
137355
137362
137385
137386
137394
137396
137408
137411
137419
137422
137423
137428
137429
137431
137433
137434
137442
137446
137460
137464
137470
137476
137477
137479
137488
137489
137495
137504
137517
137519
137526
137528
137531
137540
137568
137573
137577
137582
137585
137592
137593
137594
137595
137597
137601
137609
137617
137628
137655
137660
137662
137667
137670
137680
137685
137693
137694
137695
137697
137705
137709
137712
137724
137729
137730
137741
137745
137746
137760
137763
137771
137772
137782
137792
137793
137795
137803
137804
137813
137828
137831
137832
137836
137837
137838
137843
137856
137858
137860
137862
137874
137875
137881
137886
137893
137894
137898
137904
137906
137911
137914
137916
137917
137921
137931
137932
137945
137946
137947
137972
137976
137989
138003
138007
138029
138055
138058
138065
138066
138080
138086
138095
138105
138118
138126
138128
138131
138133
138134
138136
138141
138149
138150
138152
138154
138156
138159
138170
138171
138178
138179
138187
138188
138189
138199
138217
138231
138235
138238
138239
138243
138248
138250
138253
138254
138258
138260
138261
138267
138269
138278
138288
138307
138310
138334
138345
138357
138359
138364
138368
138370
138395
138405
138407
138417
138420
138421
138424
138425
138427
138437
138456
138461
138463
138468
138476
138478
138489
138492
138494
138497
138504
138509
138521
138523
138524
138528
138555
138567
138569
138570
138571
138572
138580
138588
138594
138595
138600
138602
138611
138623
138636
138640
138641
138642
138674
138683
138684
138685
138688
138689
138691
138703
138729
138748
138749
138761
138768
138771
138772
138778
138783
138793
138810
138813
138814
138815
138816
138824
138825
138826
138829
138831
138833
138854
138855
138857
138869
138886
138904
138907
138918
138922
138924
138935
138936
138937
138952
138960
138989
138994
139032
139038
139048
139050
139056
139064
139068
139069
139070
139073
139084
139086
139099
139100
139106
139111
139116
139124
139131
139133
139160
139165
139175
139183
139188
139190
139196
139206
139207
139209
139222
139244
139245
139246
139254
139257
139259
139261
139270
139271
139273
139276
139282
139285
139296
139298
139299
139322
139337
139340
139347
139348
139351
139354
139359
139370
139376
139378
139380
139384
139385
139392
139403
139406
139421
139426
139429
139433
139464
139476
139478
139479
139483
139492
139505
139507
139520
139535
139537
139552
139556
139569
139577
139581
139583
139597
139598
139599
139602
139611
139614
139630
139631
139636
139637
139644
139645
139647
139665
139676
139677
139680
139683
139713
139715
139720
139723
139729
139733
139751
139752
139753
139761
139768
139774
139784
139792
139817
139818
139836
139837
139841
139849
139856
139889
139891
139896
139905
139906
139911
139924
139928
139944
139952
139954
139958
139959
139970
139974
139975
140012
140014
140015
140018
140019
140029
140030
140031
140046
140052
140054
140056
140057
140058
140059
140062
140072
140099
140101
140105
140113
140117
140118
140121
140135
140137
140144
140146
140147
140149
140153
140161
140178
140190
140191
140193
140197
140201
140207
140238
140242
140243
140244
140254
140255
140259
140268
140271
140277
140281
140282
140285
140287
140305
140308
140310
140320
140322
140345
140346
140351
140376
140381
140382
140398
140402
140411
140412
140413
140418
140419
140425
140426
140445
140446
140447
140448
140461
140471
140472
140477
140478
140497
140517
140531
140539
140544
140546
140557
140571
140576
140582
140585
140589
140591
140595
140627
140628
140635
140650
140658
140668
140671
140682
140692
140700
140710
140712
140721
140726
140727
140738
140745
140752
140762
140769
140770
140771
140775
140776
140778
140782
140793
140800
140801
140809
140810
140816
140820
140830
140833
140838
140851
140863
140864
140877
140878
140884
140917
140918
140925
140926
140928
140930
140960
140965
140972
140976
140983
140987
140988
140991
141005
141009
141018
141025
141026
141039
141062
141064
141066
141067
141080
141089
141091
141092
141093
141098
141106
141107
141110
141124
141126
141141
141144
141150
141161
141162
141182
141186
141199
141210
141224
141226
141237
141239
141258
141259
141261
141262
141274
141278
141284
141285
141294
141298
141303
141313
141314
141320
141321
141326
141334
141339
141346
141354
141362
141364
141366
141381
141382
141398
141405
141406
141407
141419
141421
141423
141429
141436
141437
141445
141456
141457
141461
141468
141472
141481
141485
141503
141505
141507
141511
141516
141518
141530
141536
141537
141543
141550
141556
141559
141570
141572
141574
141575
141588
141593
141601
141612
141614
141616
141631
141640
141641
141643
141657
141658
141667
141676
141683
141684
141685
141692
141696
141697
141712
141728
141732
141734
141748
141751
141753
141769
141771
141776
141791
141796
141807
141813
141823
141826
141829
141839
141853
141854
141858
141860
141873
141874
141875
141878
141892
141893
141894
141907
141909
141916
141947
141948
141952
141954
141969
141983
141984
142003
142023
142024
142025
142026
142036
142041
142057
142059
142061
142066
142079
142081
142083
142099
142100
142121
142124
142140
142143
142145
142159
142160
142161
142165
142167
142168
142172
142192
142194
142197
142202
142221
142223
142232
142239
142240
142259
142260
142266
142268
142295
142303
142311
142321
142340
142357
142371
142373
142377
142379
142384
142391
142394
142395
142411
142413
142417
142419
142470
142472
142473
142478
142510
142511
142514
142520
142525
142530
142531
142536
142538
142546
142560
142562
142563
142581
142582
142586
142595
142599
142624
142628
142630
142633
142638
142641
142651
142652
142654
142655
142658
142662
142664
142668
142679
142681
142683
142689
142690
142693
142696
142703
142705
142706
142707
142723
142725
142727
142731
142733
142734
142736
142737
142744
142748
142750
142751
142765
142773
142788
142792
142794
142797
142798
142799
142817
142820
142821
142823
142836
142841
142851
142862
142866
142870
142875
142876
142887
142888
142892
142893
142917
142920
142922
142923
142928
142935
142942
142950
142951
142963
142967
142968
142971
142986
142987
143019
143020
143034
143037
143044
143048
143049
143050
143053
143055
143065
143067
143069
143076
143084
143085
143109
143110
143114
143117
143120
143124
143136
143141
143155
143159
143163
143172
143191
143194
143204
143205
143206
143217
143228
143229
143233
143234
143244
143246
143249
143251
143262
143264
143267
143271
143274
143289
143291
143292
143293
143294
143296
143307
143325
143326
143332
143333
143334
143335
143336
143374
143380
143400
143415
143419
143425
143431
143432
143455
143456
143461
143476
143485
143486
143491
143493
143495
143513
143515
143519
143525
143526
143537
143546
143549
143551
143552
143574
143577
143589
143591
143595
143597
143602
143607
143618
143619
143630
143639
143640
143659
143668
143671
143673
143687
143711
143729
143734
143739
143740
143744
143752
143758
143768
143772
143773
143776
143785
143792
143803
143804
143807
143812
143816
143817
143819
143824
143826
143829
143836
143837
143841
143843
143849
143858
143859
143867
143868
143880
143892
143897
143915
143917
143926
143929
143942
143943
143944
143959
143961
143963
143975
143983
143984
143985
143987
143988
143991
143998
144000
144001
144013
144014
144020
144021
144044
144046
144065
144071
144072
144093
144094
144103
144106
144114
144118
144120
144127
144130
144133
144137
144139
144143
144144
144147
144149
144157
144162
144167
144176
144181
144182
144184
144195
144201
144203
144204
144206
144218
144220
144222
144225
144228
144241
144246
144248
144266
144267
144269
144298
144300
144309
144311
144316
144317
144321
144324
144325
144338
144342
144344
144346
144353
144355
144356
144358
144371
144376
144377
144378
144379
144383
144392
144402
144404
144407
144421
144425
144426
144428
144438
144459
144461
144463
144464
144484
144485
144490
144511
144512
144514
144515
144520
144521
144525
144527
144530
144545
144555
144563
144587
144591
144600
144601
144602
144604
144608
144629
144632
144677
144678
144684
144704
144721
144722
144723
144746
144763
144773
144775
144780
144787
144804
144806
144823
144824
144827
144829
144834
144840
144842
144852
144853
144864
144874
144875
144876
144877
144894
144895
144897
144898
144899
144901
144917
144928
144929
144936
144944
144945
144948
144950
144954
144963
144980
144981
144985
144991
145007
145009
145010
145037
145038
145043
145045
145055
145063
145065
145067
145080
145088
145096
145116
145122
145124
145132
145139
145146
145153
145164
145169
145172
145189
145202
145203
145204
145216
145227
145230
145244
145249
145252
145271
145272
145273
145277
145291
145310
145315
145325
145335
145336
145339
145341
145342
145351
145361
145377
145378
145379
145381
145386
145389
145400
145401
145403
145405
145427
145428
145430
145437
145445
145447
145454
145465
145469
145471
145473
145494
145497
145498
145502
145510
145518
145519
145527
145534
145535
145536
145537
145567
145568
145569
145570
145572
145580
145592
145598
145599
145609
145612
145613
145621
145627
145629
145640
145645
145649
145656
145668
145670
145689
145694
145699
145707
145708
145709
145710
145713
145715
145733
145735
145771
145772
145775
145780
145791
145794
145797
145801
145802
145806
145807
145808
145809
145810
145814
145822
145823
145824
145826
145830
145836
145850
145866
145872
145873
145874
145875
145878
145892
145898
145918
145921
145931
145934
145942
145951
145952
145960
145965
145970
145982
145984
145985
146001
146002
146019
146025
146027
146037
146039
146041
146043
146044
146048
146061
146066
146074
146077
146083
146105
146125
146126
146134
146138
146160
146179
146183
146184
146189
146199
146205
146209
146210
146212
146259
146278
146280
146282
146308
146311
146314
146322
146326
146330
146333
146356
146360
146361
146362
146377
146378
146379
146380
146382
146386
146407
146408
146422
146425
146428
146429
146431
146432
146433
146435
146439
146442
146453
146458
146460
146461
146464
146481
146486
146490
146491
146494
146512
146513
146514
146516
146522
146535
146540
146554
146557
146558
146571
146574
146575
146577
146592
146593
146596
146609
146611
146616
146657
146660
146661
146672
146673
146687
146688
146689
146692
146693
146701
146705
146720
146724
146728
146744
146745
146769
146772
146775
146777
146796
146809
146814
146829
146837
146841
146849
146850
146853
146873
146874
146877
146878
146879
146896
146899
146903
146927
146928
146930
146949
146951
146953
146971
146973
146974
146978
146983
146989
146995
146996
146999
147004
147008
147009
147013
147014
147017
147038
147050
147052
147053
147058
147062
147072
147074
147076
147080
147129
147134
147138
147153
147171
147184
147187
147205
147216
147226
147253
147270
147272
147273
147275
147294
147309
147313
147317
147331
147332
147339
147351
147355
147363
147366
147386
147387
147388
147389
147399
147409
147412
147413
147415
147431
147433
147440
147460
147461
147463
147479
147482
147511
147512
147518
147520
147529
147532
147543
147544
147545
147547
147548
147566
147571
147583
147590
147602
147606
147608
147610
147612
147613
147627
147628
147632
147649
147656
147663
147672
147681
147685
147698
147699
147701
147720
147725
147726
147738
147740
147749
147759
147760
147761
147763
147769
147775
147778
147779
147795
147799
147800
147815
147839
147841
147845
147853
147855
147858
147859
147862
147875
147876
147880
147886
147891
147919
147920
147921
147925
147945
147947
147956
147958
147979
147981
147989
148003
148005
148006
148015
148021
148025
148032
148035
148037
148048
148055
148085
148104
148105
148108
148109
148130
148139
148153
148169
148171
148173
148175
148184
148185
148196
148204
148218
148219
148220
148221
148224
148226
148243
148248
148249
148250
148251
148254
148268
148270
148275
148276
148277
148279
148280
148281
148282
148283
148284
148288
148290
148292
148293
148294
148296
148298
148299
148300
148301
148303
148304
148307
148309
148310
148314
148316
148317
148318
148319
148320
148321
148324
148325
148326
148327
148330
148331
148333
148334
148335
148336
148339
148340
148341
148342
148344
148353
148354
148355
148356
148357
148358
148360
148361
148366
148367
148368
148369
148371
148373
148376
148377
148378
148380
148382
148386
148387
148388
148389
148390
148393
148397
148398
148399
148400
148401
148403
148404
148405
148408
148409
148412
148413
148414
148415
148419
148420
148421
148424
148426
148428
148430
148433
148434
148436
148437
148439
148441
148445
148447
148449
148452
148454
148455
148457
148459
148461
148465
148466
148467
148469
148470
148472
148473
148476
148477
148481
148485
148487
148490
148493
148497
148498
148500
148502
148503
148504
148505
148506
148509
148510
148511
148513
148514
148515
148517
148518
148519
148520
148521
148522
148524
148526
148530
148531
148532
148534
148536
148538
148539
148540
148542
148543
148544
148547
148548
148552
148555
148556
148557
148558
148559
148561
148562
148564
148565
148566
148567
148569
148570
148574
148576
148579
148583
148584
148587
148590
148593
148594
148595
148598
148601
148606
148609
148610
148611
148621
148622
148624
148625
148628
148629
148636
148637
148638
148643
148644
148645
148646
148648
148650
148651
148652
148653
148654
148656
148659
148660
148662
148663
148668
148672
148675
148676
148677
148678
148679
148681
148682
148684
148685
148687
148689
148690
148691
148695
148698
148699
148702
148703
148704
148710
148712
148715
148716
148718
148726
148727
148729
148732
148733
148734
148735
148737
148738
148740
148742
148743
148744
148748
148750
148754
148758
148761
148763
148766
148767
148768
148769
148771
148772
148773
148774
148778
148779
148782
148784
148787
148791
148792
148794
148795
148799
148800
148801
148802
148804
148806
148807
148809
148810
148812
148813
148814
148817
148823
148824
148826
148828
148831
148834
148835
148837
148839
148841
148842
148843
148844
148845
148848
148850
148856
148857
148859
148860
148861
148864
148865
148866
148867
148870
148871
148875
148877
148880
148881
148882
148883
148884
148885
148886
148887
148889
148892
148893
148894
148895
148896
148903
148905
148907
148908
148912
148916
148917
148921
148923
148924
148925
148926
148927
148928
148929
148930
148933
148934
148935
148938
148941
148942
148943
148953
148954
148959
148962
148963
148965
148971
148975
148976
148977
148978
148980
148981
148982
148983
148984
148985
148986
148988
148993
148994
149000
149001
149003
149005
149007
149010
149019
149026
149027
149028
149029
149030
149031
149037
149038
149040
149042
149043
149047
149048
149049
149050
149053
149054
149055
149056
149058
149061
149063
149064
149065
149069
149070
149075
149078
149079
149080
149081
149086
149087
149089
149093
149095
149098
149099
149103
149104
149105
149106
149107
149108
149112
149113
149115
149120
149127
149130
149131
149132
149133
149135
149137
149142
149145
149149
149153
149155
149165
149166
149169
149171
149172
149173
149174
149175
149176
149177
149179
149182
149185
149186
149187
149191
149193
149198
149201
149204
149206
149207
149208
149209
149210
149211
149215
149219
149221
149222
149225
149237
149243
149244
149247
149248
149249
149251
149252
149253
149254
149255
149257
149259
149260
149261
149263
149267
149269
149273
149274
149276
149278
149280
149287
149292
149298
149299
149302
149303
149307
149310
149313
149314
149319
149320
149321
149324
149325
149329
149331
149339
149340
149350
149351
149355
149356
149357
149358
149359
149360
149362
149363
149365
149367
149368
149370
149374
149380
149381
149382
149385
149399
149400
149402
149403
149405
149409
149410
149411
149413
149414
149419
149420
149421
149428
149429
149437
149439
149443
149451
149452
149458
149461
149468
149469
149470
149473
149474
149475
149478
149486
149488
149489
149490
149492
149494
149500
149501
149502
149503
149509
149512
149513
149514
149515
149516
149518
149519
149526
149527
149537
149542
149544
149546
149550
149554
149557
149559
149562
149565
149574
149576
149581
149585
149588
149589
149590
149591
149596
149602
149603
149604
149605
149608
149609
149610
149611
149612
149613
149615
149617
149618
149619
149623
149624
149628
149632
149633
149639
149640
149641
149642
149643
149644
149648
149650
149657
149658
149660
149663
149666
149667
149668
149670
149671
149673
149674
149675
149677
149680
149682
149683
149686
149687
149691
149693
149694
149698
149700
149701
149704
149705
149706
149708
149712
149713
149717
149724
149727
149729
149734
149739
149752
149753
149754
149755
149756
149757
149759
149765
149766
149767
149768
149770
149771
149772
149773
149775
149777
149779
149790
149793
149800
149804
149808
149821
149822
149825
149827
149828
149832
149833
149834
149837
149840
149842
149844
149848
149851
149854
149857
149858
149859
149863
149864
149871
149877
149879
149880
149882
149886
149888
149890
149894
149896
149901
149902
149904
149912
149916
149918
149933
149935
149937
149940
149942
149943
149946
149951
149952
149956
149960
149961
149964
149965
149966
149967
149968
149969
149970
149971
149972
149973
149976
149978
149979
149980
149982
149983
149984
149985
149988
149989
149990
149994
150000
150003
150004
150006
150007
150009
150011
150021
150024
150031
150033
150034
150037
150039
150041
150047
150061
150066
150071
150075
150078
150080
150085
150087
150089
150094
150098
150104
150106
150107
150109
150110
150112
150118
150119
150120
150127
150129
150133
150134
150138
150139
150152
150153
150168
150175
150179
150180
150193
150194
150195
150198
150201
150202
150204
150206
150207
150209
150213
150214
150216
150219
150221
150225
150226
150228
150229
150235
150243
150246
150247
150250
150252
150253
150254
150256
150259
150263
150264
150272
150273
150283
150290
150291
150295
150301
150308
150309
150310
150313
150315
150316
150318
150323
150324
150325
150326
150331
150333
150335
150340
150342
150343
150345
150347
150360
150365
150371
150373
150375
150382
150390
150391
150393
150398
150400
150422
150424
150430
150435
150436
150442
150443
150446
150452
150456
150457
150458
150465
150473
150476
150483
150484
150485
150486
150487
150491
150493
150494
150496
150499
150501
150502
150503
150507
150509
150512
150516
150517
150518
150519
150521
150522
150523
150528
150532
150541
150546
150547
150553
150558
150565
150568
150571
150578
150579
150581
150590
150593
150606
150608
150612
150614
150615
150619
150620
150621
150626
150637
150639
150643
150647
150649
150650
150651
150659
150660
150661
150666
150668
150670
150671
150673
150674
150676
150679
150682
150689
150691
150696
150702
150703
150705
150706
150708
150715
150718
150720
150725
150726
150728
150733
150734
150735
150737
150750
150751
150752
150753
150755
150756
150757
150765
150772
150775
150783
150784
150792
150803
150808
150840
150853
150854
150855
150856
150858
150859
150863
150865
150867
150869
150870
150871
150872
150874
150875
150876
150877
150882
150884
150887
150889
150895
150897
150898
150901
150906
150907
150908
150913
150914
150915
150918
150922
150923
150928
150939
150949
150950
150958
150961
150965
150972
150975
150979
150983
150985
150988
150991
150992
150993
150999
151000
151003
151006
151007
151009
151011
151012
151016
151017
151018
151027
151029
151034
151035
151040
151042
151044
151045
151053
151057
151063
151064
151066
151068
151075
151076
151079
151085
151091
151095
151096
151099
151100
151102
151104
151106
151110
151112
151115
151126
151129
151131
151134
151136
151137
151140
151146
151152
151154
151156
151160
151162
151164
151168
151170
151171
151173
151180
151186
151188
151189
151194
151197
151199
151200
151204
151205
151221
151224
151226
151234
151242
151243
151245
151251
151261
151262
151265
151267
151271
151272
151279
151285
151286
151287
151293
151310
151311
151313
151316
151318
151319
151320
151321
151322
151323
151326
151328
151334
151338
151339
151341
151342
151343
151346
151356
151359
151365
151367
151374
151375
151376
151380
151393
151395
151401
151402
151409
151410
151415
151430
151437
151440
151448
151451
151459
151464
151467
151468
151469
151482
151483
151484
151487
151499
151503
151504
151507
151519
151520
151522
151529
151535
151538
151541
151545
151552
151553
151557
151558
151570
151572
151573
151578
151580
151581
151582
151583
151597
151598
151600
151602
151612
151614
151617
151618
151620
151629
151639
151641
151642
151647
151653
151658
151659
151660
151663
151669
151673
151676
151677
151680
151681
151683
151687
151696
151697
151698
151700
151705
151708
151710
151713
151714
151716
151717
151726
151731
151733
151734
151739
151743
151750
151751
151753
151771
151777
151778
151783
151786
151787
151788
151791
151794
151796
151798
151800
151808
151811
151821
151824
151825
151826
151829
151845
151847
151853
151854
151857
151858
151859
151862
151864
151865
151883
151886
151888
151901
151902
151903
151904
151907
151916
151921
151922
151926
151931
151933
151936
151937
151952
151979
151982
151987
151992
151993
152015
152026
152027
152029
152030
152031
152034
152037
152038
152040
152041
152042
152045
152052
152054
152059
152062
152070
152072
152080
152081
152082
152083
152084
152088
152094
152096
152098
152107
152108
152116
152121
152122
152127
152128
152137
152138
152141
152142
152143
152147
152148
152151
152157
152159
152162
152164
152165
152173
152176
152178
152179
152180
152183
152184
152187
152190
152193
152194
152195
152198
152201
152202
152206
152219
152220
152222
152228
152235
152236
152242
152245
152246
152247
152250
152255
152257
152259
152266
152268
152270
152278
152279
152282
152288
152291
152292
152293
152294
152296
152298
152299
152302
152303
152305
152308
152315
152318
152324
152329
152331
152335
152336
152340
152342
152349
152352
152357
152362
152363
152368
152372
152383
152385
152386
152389
152390
152391
152393
152397
152402
152409
152411
152412
152415
152421
152422
152425
152446
152450
152460
152464
152465
152468
152471
152474
152478
152481
152484
152485
152487
152489
152495
152497
152499
152501
152502
152505
152508
152510
152520
152531
152534
152535
152539
152543
152550
152553
152562
152563
152565
152570
152571
152583
152584
152586
152587
152590
152604
152607
152611
152613
152617
152619
152620
152622
152629
152632
152635
152636
152638
152639
152642
152646
152647
152650
152655
152663
152665
152668
152672
152680
152681
152686
152688
152695
152696
152701
152702
152707
152710
152717
152724
152728
152738
152745
152755
152758
152766
152767
152769
152781
152782
152783
152785
152786
152787
152790
152802
152814
152815
152819
152826
152833
152834
152838
152850
152859
152864
152867
152874
152880
152886
152894
152900
152903
152904
152927
152937
152939
152941
152942
152950
152954
152958
152959
152963
152964
152965
152969
152973
152974
152977
152978
153003
153004
153015
153022
153025
153026
153042
153045
153048
153051
153054
153058
153059
153061
153062
153064
153065
153066
153069
153071
153075
153079
153080
153083
153084
153085
153088
153089
153090
153094
153095
153102
153107
153113
153117
153121
153122
153125
153130
153135
153137
153148
153150
153152
153154
153161
153162
153167
153171
153175
153178
153180
153181
153182
153185
153188
153196
153203
153205
153206
153209
153211
153217
153218
153219
153223
153226
153228
153233
153236
153241
153243
153250
153251
153253
153254
153258
153259
153264
153267
153273
153290
153292
153299
153306
153310
153311
153322
153323
153324
153325
153328
153329
153331
153332
153333
153337
153348
153349
153353
153355
153359
153364
153370
153373
153374
153376
153393
153399
153400
153403
153404
153405
153407
153409
153415
153417
153420
153425
153428
153429
153430
153444
153448
153455
153456
153458
153460
153464
153468
153469
153471
153473
153475
153477
153487
153492
153493
153495
153499
153500
153503
153504
153505
153507
153511
153517
153521
153527
153532
153533
153540
153553
153558
153563
153568
153570
153573
153582
153585
153588
153590
153591
153593
153598
153601
153604
153607
153608
153611
153624
153628
153629
153632
153638
153645
153646
153659
153665
153667
153675
153677
153686
153688
153691
153693
153699
153702
153705
153706
153710
153711
153718
153722
153727
153733
153736
153743
153745
153746
153753
153754
153755
153759
153761
153762
153775
153776
153779
153781
153783
153786
153793
153797
153800
153802
153803
153804
153819
153823
153824
153825
153827
153828
153831
153833
153836
153837
153838
153847
153860
153863
153868
153872
153877
153878
153883
153887
153895
153908
153910
153915
153917
153919
153923
153924
153926
153934
153936
153950
153953
153960
153962
153963
153966
153984
153987
154011
154012
154022
154023
154026
154031
154036
154041
154042
154047
154050
154051
154052
154053
154059
154060
154073
154074
154075
154082
154085
154087
154088
154089
154098
154099
154100
154102
154103
154104
154110
154124
154125
154131
154134
154137
154138
154148
154150
154152
154156
154164
154176
154177
154179
154182
154183
154186
154191
154192
154194
154199
154200
154208
154209
154228
154229
154230
154231
154233
154236
154237
154238
154240
154243
154244
154257
154259
154263
154269
154272
154288
154289
154295
154299
154309
154315
154323
154330
154337
154338
154340
154344
154348
154351
154352
154356
154357
154359
154361
154368
154369
154373
154374
154377
154384
154386
154391
154404
154407
154409
154416
154420
154421
154423
154425
154433
154437
154439
154441
154456
154459
154460
154461
154462
154469
154470
154474
154476
154478
154488
154495
154496
154506
154510
154515
154517
154518
154519
154528
154532
154533
154534
154538
154540
154546
154548
154549
154550
154555
154571
154572
154591
154593
154595
154596
154599
154616
154617
154618
154627
154632
154634
154642
154644
154654
154655
154664
154669
154671
154675
154676
154681
154684
154693
154699
154700
154701
154705
154706
154707
154708
154720
154723
154724
154731
154734
154738
154749
154750
154751
154755
154762
154770
154780
154782
154789
154793
154795
154797
154799
154800
154804
154811
154812
154815
154822
154823
154824
154831
154832
154833
154836
154845
154848
154849
154851
154855
154858
154861
154862
154866
154867
154868
154869
154871
154874
154876
154877
154884
154886
154887
154890
154892
154898
154904
154905
154906
154909
154913
154917
154920
154934
154935
154941
154944
154945
154948
154949
154957
154976
154980
154981
154982
154984
154987
154988
154990
154992
154994
154995
154999
155002
155003
155004
155012
155013
155014
155019
155023
155025
155027
155029
155039
155041
155042
155053
155055
155058
155059
155066
155072
155075
155080
155082
155085
155086
155096
155097
155105
155107
155108
155109
155111
155117
155119
155124
155126
155127
155129
155132
155134
155139
155140
155145
155146
155149
155160
155163
155166
155167
155170
155172
155177
155182
155189
155193
155194
155196
155200
155211
155221
155226
155230
155232
155233
155235
155237
155238
155240
155242
155244
155246
155248
155251
155261
155263
155264
155270
155272
155273
155277
155278
155284
155286
155287
155288
155291
155296
155300
155311
155314
155317
155320
155321
155322
155323
155328
155330
155331
155334
155336
155342
155347
155355
155360
155361
155362
155366
155372
155376
155377
155379
155380
155389
155391
155399
155401
155403
155404
155408
155413
155415
155418
155421
155425
155426
155433
155434
155436
155439
155448
155449
155452
155454
155455
155473
155474
155476
155482
155486
155487
155489
155503
155505
155510
155511
155512
155513
155514
155515
155516
155519
155520
155521
155522
155523
155529
155531
155535
155542
155543
155547
155549
155557
155559
155560
155563
155565
155567
155572
155574
155576
155581
155588
155596
155598
155602
155604
155606
155608
155611
155613
155618
155622
155623
155625
155626
155628
155630
155635
155645
155647
155648
155652
155654
155655
155657
155659
155661
155666
155667
155668
155670
155672
155673
155677
155681
155684
155687
155694
155696
155697
155700
155702
155705
155710
155712
155718
155719
155721
155723
155725
155727
155738
155755
155758
155767
155768
155769
155770
155772
155780
155785
155788
155792
155793
155794
155796
155801
155802
155803
155806
155808
155812
155813
155815
155817
155823
155830
155832
155833
155837
155838
155839
155845
155846
155850
155851
155852
155856
155857
155858
155860
155862
155865
155866
155867
155875
155880
155881
155883
155884
155893
155906
155911
155917
155919
155921
155922
155926
155928
155931
155932
155936
155940
155943
155946
155947
155953
155954
155959
155962
155963
155973
155974
155979
155980
155982
155984
155988
155999
156004
156007
156008
156012
156013
156019
156022
156023
156026
156028
156036
156039
156041
156043
156046
156052
156062
156063
156067
156068
156069
156070
156076
156077
156078
156083
156086
156089
156091
156093
156095
156096
156098
156100
156101
156102
156103
156105
156108
156111
156129
156133
156137
156142
156144
156148
156153
156156
156164
156168
156169
156172
156177
156181
156184
156189
156195
156196
156204
156212
156216
156223
156224
156226
156228
156229
156232
156234
156236
156242
156245
156254
156257
156259
156262
156263
156264
156265
156268
156272
156284
156286
156288
156293
156301
156304
156312
156315
156318
156327
156333
156334
156338
156341
156342
156344
156347
156348
156354
156357
156363
156371
156377
156382
156383
156391
156403
156406
156408
156418
156423
156424
156429
156432
156433
156439
156440
156444
156447
156453
156454
156455
156457
156458
156466
156470
156473
156474
156475
156482
156484
156487
156488
156490
156503
156505
156510
156513
156514
156519
156524
156525
156526
156528
156532
156546
156549
156556
156570
156571
156572
156619
156622
156623
156627
156633
156639
156640
156643
156648
156649
156656
156658
156662
156663
156666
156669
156670
156671
156679
156682
156697
156698
156703
156706
156709
156716
156717
156728
156733
156746
156749
156750
156755
156758
156763
156770
156773
156780
156782
156783
156785
156795
156798
156804
156806
156811
156812
156815
156827
156829
156836
156837
156839
156840
156851
156854
156856
156857
156860
156864
156865
156866
156868
156876
156877
156878
156879
156880
156881
156885
156890
156893
156900
156901
156905
156912
156916
156923
156924
156925
156926
156930
156931
156932
156939
156941
156944
156947
156950
156955
156958
156961
156962
156969
156970
156983
156988
156990
156994
156998
157000
157001
157004
157016
157022
157030
157034
157035
157041
157044
157045
157046
157047
157057
157060
157061
157067
157085
157093
157106
157108
157115
157117
157119
157120
157121
157134
157141
157149
157152
157153
157159
157160
157161
157162
157167
157168
157179
157183
157193
157194
157211
157214
157216
157217
157220
157233
157239
157240
157243
157244
157257
157268
157270
157290
157293
157299
157303
157305
157312
157316
157321
157326
157332
157333
157334
157342
157348
157349
157353
157359
157360
157362
157363
157364
157365
157373
157379
157385
157387
157397
157400
157402
157407
157415
157422
157423
157424
157427
157429
157430
157431
157433
157443
157448
157449
157456
157457
157466
157469
157470
157472
157477
157478
157486
157489
157491
157498
157499
157500
157502
157504
157517
157522
157526
157527
157536
157537
157542
157547
157548
157550
157554
157561
157563
157564
157576
157581
157583
157601
157611
157612
157617
157625
157626
157632
157633
157638
157643
157648
157650
157664
157666
157671
157673
157676
157677
157679
157684
157692
157702
157703
157706
157707
157715
157727
157729
157731
157732
157733
157734
157744
157745
157748
157751
157761
157767
157769
157773
157775
157776
157777
157780
157787
157806
157807
157826
157829
157830
157832
157834
157835
157838
157846
157857
157859
157864
157867
157870
157872
157873
157875
157876
157887
157904
157909
157912
157914
157924
157927
157931
157932
157939
157945
157946
157952
157956
157958
157960
157966
157972
157975
157979
157980
157988
157989
157993
157997
157999
158000
158001
158004
158006
158017
158020
158026
158032
158034
158047
158054
158056
158057
158062
158065
158069
158072
158076
158078
158098
158100
158104
158129
158130
158132
158134
158139
158145
158148
158149
158152
158153
158154
158157
158170
158171
158174
158182
158190
158198
158200
158203
158213
158215
158217
158218
158219
158221
158222
158227
158231
158233
158246
158250
158252
158255
158259
158270
158275
158278
158279
158293
158297
158306
158313
158318
158323
158332
158334
158335
158340
158343
158344
158346
158347
158369
158406
158408
158409
158410
158414
158417
158421
158434
158435
158436
158439
158440
158450
158459
158465
158477
158482
158491
158492
158496
158506
158507
158512
158513
158514
158519
158523
158524
158531
158534
158545
158548
158553
158555
158559
158564
158568
158578
158579
158584
158591
158592
158593
158595
158598
158617
158628
158630
158634
158638
158651
158654
158660
158671
158674
158677
158679
158684
158685
158704
158705
158723
158738
158740
158741
158743
158745
158747
158748
158751
158752
158754
158755
158756
158758
158760
158764
158765
158768
158770
158778
158779
158782
158783
158785
158792
158797
158800
158801
158805
158808
158809
158810
158812
158814
158815
158819
158821
158825
158827
158837
158838
158842
158844
158847
158849
158855
158856
158858
158868
158869
158871
158875
158890
158893
158906
158907
158912
158916
158919
158926
158931
158936
158938
158944
158947
158949
158952
158956
158957
158959
158961
158962
158971
158973
158981
158982
158992
158998
159001
159008
159010
159016
159024
159029
159030
159033
159034
159042
159050
159053
159067
159071
159072
159086
159089
159091
159093
159097
159098
159102
159105
159112
159113
159115
159122
159123
159126
159127
159130
159132
159133
159135
159136
159137
159155
159156
159157
159164
159174
159182
159183
159197
159198
159202
159205
159211
159212
159213
159216
159217
159220
159221
159222
159230
159233
159234
159235
159249
159251
159254
159255
159259
159262
159264
159265
159266
159269
159274
159275
159284
159288
159290
159292
159295
159296
159303
159305
159314
159317
159324
159332
159337
159341
159342
159353
159365
159366
159367
159375
159378
159383
159386
159391
159394
159397
159400
159401
159404
159405
159406
159409
159410
159415
159417
159429
159432
159439
159440
159444
159447
159453
159455
159456
159462
159467
159471
159472
159476
159478
159480
159481
159489
159491
159505
159508
159511
159513
159518
159521
159524
159525
159526
159532
159534
159537
159538
159539
159541
159543
159546
159547
159548
159550
159553
159555
159559
159564
159567
159572
159573
159574
159575
159578
159579
159582
159584
159594
159599
159601
159602
159603
159608
159609
159611
159612
159613
159615
159620
159621
159627
159632
159636
159637
159639
159643
159647
159653
159656
159661
159662
159665
159674
159677
159682
159689
159690
159691
159692
159695
159702
159711
159717
159719
159722
159725
159731
159732
159733
159735
159738
159743
159744
159746
159747
159748
159751
159752
159754
159757
159758
159763
159764
159765
159767
159778
159779
159788
159795
159796
159801
159804
159805
159806
159815
159816
159825
159829
159836
159837
159838
159840
159844
159845
159846
159847
159856
159860
159862
159865
159867
159868
159870
159878
159879
159880
159883
159885
159893
159896
159900
159906
159909
159910
159911
159917
159920
159922
159927
159929
159930
159931
159933
159936
159940
159947
159952
159953
159955
159957
159959
159962
159963
159971
159985
159986
159990
159992
159998
159999
160003
160007
160009
160010
160013
160014
160017
160025
160026
160029
160040
160041
160042
160045
160046
160052
160053
160054
160056
160058
160059
160072
160075
160081
160082
160085
160091
160092
160099
160100
160101
160102
160103
160104
160111
160113
160115
160119
160127
160131
160132
160136
160138
160144
160148
160151
160153
160155
160157
160160
160161
160166
160171
160174
160175
160176
160182
160187
160188
160198
160202
160203
160205
160215
160218
160219
160225
160226
160227
160228
160235
160236
160237
160242
160243
160245
160249
160251
160255
160256
160257
160259
160263
160268
160274
160276
160277
160281
160283
160289
160291
160292
160305
160306
160311
160313
160317
160318
160326
160329
160335
160342
160343
160347
160349
160350
160351
160352
160354
160356
160357
160361
160363
160365
160367
160369
160370
160385
160390
160393
160395
160398
160399
160406
160417
160420
160422
160423
160425
160427
160429
160433
160434
160441
160443
160448
160450
160451
160454
160457
160459
160462
160463
160468
160472
160474
160476
160481
160483
160490
160503
160504
160512
160513
160514
160515
160519
160520
160529
160531
160535
160536
160537
160539
160543
160545
160546
160550
160552
160553
160554
160557
160572
160573
160577
160580
160583
160585
160587
160593
160594
160595
160596
160597
160598
160605
160606
160608
160609
160611
160612
160614
160617
160618
160620
160645
160646
160649
160650
160651
160657
160661
160662
160663
160666
160668
160670
160678
160679
160680
160681
160685
160686
160687
160690
160691
160694
160696
160699
160704
160706
160708
160714
160716
160719
160723
160725
160727
160730
160733
160737
160740
160742
160743
160751
160755
160757
160763
160767
160773
160774
160775
160777
160780
160781
160784
160786
160790
160797
160800
160801
160804
160805
160806
160810
160811
160819
160820
160823
160828
160830
160833
160834
160835
160836
160840
160843
160844
160845
160848
160854
160856
160857
160861
160862
160864
160867
160868
160876
160880
160882
160886
160887
160889
160891
160895
160900
160907
160914
160927
160934
160935
160939
160941
160947
160949
160950
160954
160957
160960
160963
160965
160975
160981
160984
160986
160990
160992
160994
160996
160997
161008
161012
161013
161014
161015
161017
161020
161025
161032
161033
161034
161035
161038
161041
161044
161049
161054
161057
161058
161063
161068
161069
161072
161075
161076
161082
161083
161085
161089
161090
161092
161093
161102
161105
161107
161116
161117
161121
161122
161126
161128
161129
161133
161134
161145
161148
161151
161153
161154
161157
161158
161159
161160
161162
161165
161166
161171
161175
161179
161181
161184
161185
161186
161190
161200
161201
161202
161210
161212
161213
161219
161220
161222
161224
161238
161239
161243
161252
161253
161260
161261
161263
161265
161270
161272
161274
161281
161282
161284
161287
161289
161293
161304
161305
161307
161310
161312
161314
161316
161320
161321
161330
161331
161336
161338
161340
161344
161347
161349
161350
161361
161362
161369
161371
161377
161380
161381
161382
161393
161398
161402
161408
161421
161422
161425
161427
161431
161439
161441
161442
161448
161464
161476
161479
161480
161482
161484
161490
161491
161494
161495
161499
161500
161501
161503
161508
161512
161513
161514
161516
161519
161520
161529
161530
161532
161541
161544
161546
161549
161553
161555
161557
161572
161574
161580
161586
161587
161590
161592
161593
161595
161597
161604
161605
161607
161611
161616
161619
161628
161629
161631
161632
161634
161637
161642
161647
161655
161656
161657
161660
161661
161664
161666
161670
161672
161674
161680
161687
161688
161690
161699
161703
161704
161705
161706
161707
161709
161716
161726
161729
161730
161731
161736
161737
161740
161741
161746
161747
161752
161753
161757
161758
161760
161762
161774
161778
161781
161782
161793
161795
161798
161800
161802
161804
161805
161806
161816
161820
161821
161824
161826
161827
161828
161829
161830
161836
161840
161841
161844
161847
161848
161850
161851
161854
161858
161860
161863
161864
161867
161870
161872
161875
161877
161880
161881
161886
161887
161888
161889
161898
161899
161902
161905
161909
161910
161919
161921
161923
161929
161931
161934
161938
161943
161948
161955
161956
161964
161967
161968
161971
161972
161974
161979
161981
161982
161983
161986
161988
161991
161996
161999
162000
162002
162010
162011
162014
162016
162021
162027
162029
162030
162040
162043
162044
162047
162057
162062
162066
162068
162074
162076
162081
162084
162085
162092
162093
162095
162096
162098
162099
162103
162109
162114
162118
162123
162124
162129
162136
162141
162148
162152
162155
162156
162163
162173
162174
162175
162182
162183
162186
162188
162193
162197
162198
162209
162210
162211
162215
162216
162217
162222
162237
162239
162247
162248
162251
162254
162262
162263
162265
162266
162268
162269
162270
162272
162276
162277
162278
162279
162281
162282
162283
162284
162285
162286
162289
162307
162308
162309
162313
162318
162320
162322
162324
162325
162329
162336
162343
162345
162347
162354
162357
162358
162359
162362
162365
162368
162371
162376
162380
162381
162391
162395
162396
162398
162405
162423
162424
162426
162428
162430
162437
162445
162446
162447
162448
162451
162452
162455
162462
162465
162480
162482
162484
162488
162494
162495
162506
162508
162520
162527
162531
162532
162533
162534
162537
162538
162542
162547
162554
162559
162562
162572
162574
162575
162581
162585
162587
162588
162592
162593
162598
162600
162605
162609
162611
162619
162620
162626
162636
162641
162648
162650
162652
162657
162659
162663
162665
162666
162674
162679
162691
162695
162702
162704
162712
162714
162715
162719
162721
162726
162728
162735
162748
162750
162754
162756
162758
162759
162762
162764
162766
162778
162780
162784
162785
162792
162800
162804
162805
162808
162811
162814
162817
162819
162822
162824
162826
162828
162831
162834
162836
162837
162838
162842
162844
162845
162847
162852
162853
162855
162856
162861
162863
162868
162871
162877
162878
162880
162881
162888
162889
162890
162891
162893
162894
162898
162900
162905
162906
162908
162910
162912
162915
162920
162922
162932
162934
162944
162963
162967
162968
162971
162975
162976
162984
162987
162991
162993
162995
162997
162998
163001
163003
163005
163009
163019
163023
163025
163026
163028
163029
163037
163039
163041
163043
163045
163046
163050
163053
163060
163064
163066
163069
163072
163082
163083
163084
163085
163095
163096
163098
163103
163104
163106
163113
163114
163116
163119
163128
163130
163135
163137
163142
163143
163144
163147
163149
163152
163154
163160
163166
163175
163176
163180
163190
163197
163200
163206
163207
163212
163218
163228
163235
163239
163245
163247
163255
163258
163261
163264
163265
163268
163271
163272
163276
163280
163282
163289
163291
163296
163298
163309
163310
163312
163314
163315
163320
163322
163324
163325
163329
163330
163331
163339
163340
163341
163344
163346
163353
163354
163360
163364
163366
163368
163369
163372
163373
163380
163381
163382
163387
163390
163396
163398
163400
163401
163403
163405
163409
163410
163412
163414
163421
163426
163430
163435
163440
163446
163448
163453
163457
163460
163464
163465
163468
163478
163484
163486
163487
163488
163489
163495
163501
163512
163514
163516
163520
163528
163539
163543
163544
163549
163555
163557
163561
163575
163580
163581
163584
163587
163589
163590
163595
163598
163600
163605
163607
163613
163618
163620
163626
163632
163638
163639
163641
163648
163649
163651
163652
163659
163663
163664
163669
163670
163679
163680
163691
163694
163696
163701
163706
163707
163715
163717
163718
163721
163723
163724
163726
163727
163728
163729
163732
163740
163749
163752
163755
163758
163759
163763
163771
163772
163774
163780
163785
163790
163794
163798
163799
163800
163803
163809
163817
163822
163830
163834
163836
163845
163847
163849
163858
163861
163865
163866
163874
163876
163883
163884
163887
163889
163893
163904
163905
163910
163911
163913
163914
163915
163919
163920
163926
163933
163935
163936
163944
163948
163951
163953
163956
163961
163963
163965
163967
163971
163972
163973
163980
163981
163989
163993
164002
164005
164007
164008
164010
164014
164016
164020
164022
164025
164027
164029
164033
164034
164042
164046
164048
164049
164053
164055
164056
164057
164064
164075
164089
164091
164095
164098
164102
164103
164104
164105
164106
164114
164119
164120
164126
164128
164135
164136
164137
164141
164145
164149
164151
164153
164156
164164
164165
164167
164168
164172
164173
164180
164181
164182
164191
164196
164205
164213
164215
164220
164226
164235
164236
164237
164238
164241
164249
164258
164260
164263
164265
164272
164274
164275
164276
164283
164287
164288
164289
164290
164293
164295
164296
164300
164302
164306
164311
164324
164325
164330
164331
164332
164345
164346
164356
164359
164360
164362
164365
164367
164369
164372
164376
164377
164379
164383
164385
164387
164389
164390
164393
164395
164396
164397
164398
164401
164419
164424
164426
164428
164432
164433
164434
164435
164436
164440
164443
164447
164449
164460
164465
164467
164470
164475
164480
164486
164488
164489
164495
164496
164497
164509
164525
164527
164528
164545
164550
164553
164565
164569
164570
164573
164574
164575
164577
164578
164583
164584
164593
164594
164600
164610
164614
164617
164620
164631
164635
164641
164643
164653
164663
164675
164678
164680
164687
164690
164691
164694
164696
164700
164702
164703
164707
164709
164711
164712
164713
164714
164728
164729
164733
164734
164736
164738
164740
164753
164759
164774
164777
164779
164781
164785
164788
164790
164792
164793
164807
164814
164817
164819
164823
164825
164829
164832
164834
164836
164837
164838
164840
164841
164847
164854
164863
164869
164877
164887
164889
164890
164891
164895
164896
164901
164902
164910
164915
164924
164925
164927
164930
164933
164934
164936
164943
164944
164950
164951
164959
164962
164965
164966
164968
164971
164972
164973
164975
164983
164985
164986
164989
164992
164993
165005
165007
165008
165010
165023
165024
165025
165030
165033
165034
165037
165041
165042
165046
165050
165051
165059
165060
165076
165086
165088
165089
165091
165092
165093
165095
165098
165099
165101
165104
165109
165116
165119
165120
165132
165135
165138
165139
165142
165153
165158
165165
165177
165186
165198
165199
165200
165202
165203
165208
165209
165224
165230
165233
165234
165235
165236
165237
165242
165243
165245
165246
165256
165271
165273
165277
165286
165291
165294
165295
165296
165298
165302
165303
165308
165311
165313
165320
165322
165326
165328
165334
165337
165338
165341
165350
165352
165357
165364
165372
165375
165376
165393
165399
165401
165403
165408
165409
165411
165412
165416
165418
165420
165429
165434
165435
165438
165440
165446
165452
165456
165466
165472
165473
165475
165484
165495
165499
165500
165503
165508
165513
165515
165522
165523
165528
165530
165538
165541
165547
165549
165550
165552
165553
165554
165577
165579
165582
165605
165606
165620
165627
165628
165629
165632
165635
165639
165643
165644
165646
165647
165650
165659
165660
165663
165670
165673
165680
165690
165691
165692
165695
165703
165706
165708
165721
165724
165725
165733
165734
165735
165757
165765
165771
165776
165782
165786
165787
165798
165800
165803
165807
165808
165812
165814
165816
165819
165823
165826
165831
165833
165841
165843
165845
165847
165853
165857
165867
165870
165879
165880
165882
165885
165891
165894
165896
165898
165899
165911
165913
165916
165923
165925
165928
165947
165949
165950
165959
165969
165978
165980
165992
165996
166001
166002
166007
166017
166019
166020
166028
166034
166035
166036
166039
166042
166054
166057
166058
166064
166073
166074
166076
166087
166091
166097
166107
166109
166112
166127
166129
166131
166132
166137
166140
166152
166155
166161
166165
166167
166180
166189
166197
166200
166203
166208
166212
166225
166228
166230
166234
166236
166240
166244
166248
166250
166257
166258
166261
166269
166272
166276
166280
166283
166301
166302
166305
166321
166326
166333
166337
166341
166351
166354
166359
166365
166367
166375
166376
166378
166386
166400
166406
166408
166413
166416
166419
166420
166421
166426
166427
166431
166433
166451
166452
166453
166454
166456
166459
166465
166468
166471
166472
166474
166486
166489
166492
166499
166500
166507
166515
166517
166519
166522
166523
166525
166527
166528
166530
166533
166536
166541
166544
166546
166559
166561
166565
166568
166569
166574
166575
166577
166581
166588
166593
166594
166599
166600
166602
166603
166605
166607
166613
166616
166619
166620
166626
166628
166634
166645
166646
166648
166649
166656
166664
166666
166682
166683
166692
166693
166697
166707
166713
166725
166732
166738
166741
166743
166756
166760
166762
166771
166775
166776
166789
166790
166791
166802
166819
166830
166832
166833
166842
166843
166845
166847
166850
166862
166870
166871
166875
166876
166883
166885
166886
166891
166892
166897
166899
166901
166903
166912
166916
166926
166927
166931
166933
166937
166941
166943
166945
166953
166959
166960
166961
166967
166985
166990
166991
166997
167005
167009
167011
167018
167020
167023
167024
167027
167035
167039
167040
167054
167056
167063
167075
167079
167086
167087
167089
167096
167108
167111
167115
167116
167122
167131
167137
167138
167144
167152
167157
167164
167167
167173
167175
167188
167190
167202
167212
167215
167216
167218
167223
167231
167233
167237
167239
167242
167248
167249
167250
167251
167253
167267
167268
167274
167278
167280
167281
167287
167293
167294
167298
167300
167313
167319
167326
167352
167361
167363
167368
167371
167372
167375
167376
167380
167381
167392
167393
167395
167401
167402
167403
167409
167412
167414
167415
167417
167418
167421
167424
167427
167428
167434
167442
167444
167449
167468
167472
167475
167479
167490
167500
167518
167520
167523
167532
167534
167551
167558
167560
167565
167567
167577
167581
167588
167589
167597
167600
167601
167602
167607
167608
167616
167620
167624
167633
167638
167639
167644
167647
167660
167661
167673
167677
167680
167684
167700
167701
167712
167720
167729
167737
167738
167739
167745
167750
167757
167772
167773
167782
167783
167785
167786
167796
167801
167802
167807
167810
167812
167816
167818
167819
167823
167829
167833
167841
167849
167852
167859
167862
167863
167864
167868
167870
167882
167883
167888
167890
167893
167897
167898
167900
167917
167921
167922
167926
167929
167933
167950
167956
167965
167967
167968
167974
167975
167978
167979
167980
167982
167985
167996
167999
168000
168001
168014
168016
168023
168024
168043
168046
168048
168051
168052
168053
168062
168066
168068
168071
168085
168086
168092
168101
168102
168103
168117
168119
168120
168130
168136
168138
168143
168144
168151
168157
168158
168160
168165
168167
168168
168170
168179
168185
168186
168190
168194
168201
168208
168215
168223
168227
168232
168237
168238
168241
168242
168245
168247
168249
168250
168256
168259
168262
168266
168276
168281
168285
168292
168293
168300
168315
168319
168321
168324
168331
168332
168335
168339
168343
168347
168354
168362
168363
168370
168372
168390
168393
168401
168402
168412
168427
168429
168430
168431
168436
168439
168445
168454
168459
168466
168491
168510
168516
168517
168518
168531
168533
168541
168546
168549
168551
168552
168556
168557
168558
168566
168575
168579
168589
168594
168600
168611
168618
168621
168634
168635
168642
168645
168651
168653
168655
168656
168660
168673
168675
168683
168684
168689
168690
168691
168695
168696
168697
168699
168701
168703
168705
168706
168709
168714
168723
168726
168732
168737
168741
168746
168752
168753
168770
168778
168780
168782
168783
168784
168804
168805
168809
168810
168814
168815
168820
168825
168830
168831
168835
168838
168839
168845
168848
168853
168863
168868
168869
168881
168882
168889
168890
168891
168892
168896
168904
168917
168934
168945
168948
168951
168952
168953
168955
168956
168957
168958
168959
168962
168964
168966
168971
168973
168975
168977
168979
168981
168986
168988
168998
168999
169001
169002
169005
169006
169014
169016
169019
169022
169023
169026
169031
169042
169043
169045
169049
169053
169054
169056
169057
169059
169062
169066
169080
169086
169088
169089
169091
169093
169094
169095
169100
169101
169103
169105
169111
169113
169120
169121
169127
169130
169132
169133
169134
169143
169151
169154
169156
169158
169173
169174
169175
169181
169182
169183
169189
169194
169197
169199
169200
169203
169206
169207
169210
169211
169212
169222
169227
169230
169237
169238
169239
169240
169246
169247
169248
169249
169253
169259
169260
169261
169262
169263
169272
169273
169283
169284
169286
169291
169309
169317
169318
169319
169323
169327
169346
169347
169350
169359
169361
169378
169382
169384
169389
169394
169398
169404
169412
169413
169415
169416
169417
169421
169424
169428
169438
169439
169450
169451
169456
169457
169462
169464
169469
169475
169479
169484
169489
169495
169503
169508
169512
169514
169517
169525
169526
169527
169535
169537
169539
169542
169551
169553
169558
169571
169575
169577
169579
169581
169583
169585
169587
169589
169590
169594
169600
169602
169612
169614
169615
169617
169619
169622
169626
169629
169631
169632
169634
169639
169641
169643
169646
169647
169650
169665
169666
169669
169670
169675
169682
169684
169689
169693
169694
169695
169699
169703
169706
169711
169712
169714
169717
169722
169723
169730
169733
169735
169749
169750
169753
169756
169760
169762
169771
169779
169786
169807
169808
169814
169817
169822
169823
169828
169838
169848
169882
169898
169917
169928
169932
169936
169939
169941
169943
169961
169968
169978
169980
169988
170016
170032
170034
170043
170044
170057
170064
170073
170074
170075
170080
170086
170096
170098
170103
170108
170112
170115
170127
170135
170137
170140
170144
170147
170149
170151
170153
170161
170162
170164
170166
170169
170196
170204
170208
170211
170242
170247
170248
170253
170264
170280
170286
170291
170305
170312
170313
170314
170319
170330
170332
170335
170341
170343
170349
170363
170367
170375
170381
170391
170398
170399
170400
170403
170410
170418
170437
170443
170449
170453
170454
170458
170465
170480
170486
170492
170496
170497
170500
170508
170514
170515
170517
170521
170523
170528
170533
170542
170546
170548
170561
170566
170568
170573
170582
170584
170585
170592
170596
170598
170605
170612
170618
170623
170641
170643
170646
170651
170653
170658
170660
170661
170667
170674
170687
170693
170717
170720
170721
170723
170728
170733
170742
170768
170770
170785
170795
170800
170801
170803
170809
170812
170821
170822
170824
170834
170848
170850
170851
170854
170856
170859
170872
170887
170888
170890
170894
170905
170912
170917
170920
170926
170929
170931
170937
170971
170977
170997
171001
171014
171016
171017
171021
171023
171024
171027
171033
171037
171041
171045
171047
171059
171067
171069
171070
171073
171076
171082
171084
171089
171092
171098
171099
171100
171118
171121
171132
171144
171153
171161
171169
171171
171172
171176
171184
171186
171188
171193
171202
171203
171204
171222
171233
171237
171240
171253
171270
171276
171277
171278
171291
171293
171298
171299
171300
171309
171313
171316
171323
171326
171328
171329
171334
171335
171347
171349
171354
171356
171368
171370
171372
171374
171375
171381
171382
171386
171397
171401
171407
171413
171432
171436
171442
171446
171449
171450
171453
171454
171458
171460
171462
171464
171465
171466
171470
171479
171489
171493
171499
171502
171506
171518
171520
171530
171541
171544
171546
171556
171571
171573
171574
171579
171583
171585
171588
171592
171597
171598
171601
171602
171604
171606
171607
171613
171622
171635
171643
171650
171654
171656
171657
171658
171665
171670
171674
171678
171680
171681
171683
171685
171690
171694
171695
171709
171710
171712
171716
171730
171739
171742
171743
171746
171747
171748
171750
171753
171759
171762
171769
171770
171773
171774
171780
171784
171786
171787
171801
171803
171806
171812
171814
171819
171824
171832
171836
171837
171841
171843
171855
171859
171868
171869
171878
171881
171893
171894
171903
171905
171907
171908
171909
171923
171929
171931
171937
171938
171945
171946
171950
171954
171961
171968
171970
171971
171972
171976
171989
171995
171997
172011
172020
172021
172023
172031
172037
172039
172042
172043
172044
172060
172064
172065
172066
172069
172080
172083
172088
172089
172093
172097
172100
172103
172113
172114
172118
172125
172129
172130
172131
172136
172139
172141
172143
172144
172145
172146
172148
172153
172168
172178
172179
172182
172185
172188
172189
172194
172195
172196
172214
172219
172226
172231
172239
172240
172242
172246
172248
172251
172253
172255
172258
172262
172263
172267
172281
172282
172284
172285
172286
172293
172299
172304
172305
172306
172308
172312
172325
172330
172339
172341
172342
172351
172357
172359
172361
172368
172370
172372
172373
172376
172378
172383
172388
172392
172396
172400
172401
172405
172411
172415
172429
172431
172436
172437
172438
172439
172445
172456
172463
172468
172475
172489
172491
172499
172501
172502
172503
172505
172508
172509
172510
172517
172522
172524
172527
172534
172544
172547
172553
172554
172560
172561
172565
172567
172568
172575
172581
172583
172584
172585
172587
172588
172590
172592
172600
172605
172619
172621
172622
172623
172630
172631
172646
172649
172650
172651
172656
172659
172662
172679
172686
172690
172700
172706
172707
172708
172709
172732
172735
172738
172750
172753
172763
172767
172776
172778
172780
172781
172783
172789
172799
172800
172803
172805
172808
172812
172814
172815
172817
172819
172822
172823
172825
172826
172827
172830
172840
172856
172857
172867
172871
172876
172892
172894
172895
172898
172903
172909
172915
172920
172921
172924
172930
172941
172946
172950
172951
172960
172980
172981
172982
172983
172987
172988
172989
172993
173001
173014
173016
173019
173020
173022
173023
173025
173031
173033
173038
173041
173046
173049
173054
173062
173068
173070
173071
173073
173085
173089
173105
173113
173114
173122
173124
173131
173137
173141
173166
173171
173174
173175
173181
173182
173191
173196
173206
173209
173215
173222
173223
173227
173229
173231
173234
173236
173238
173264
173273
173275
173276
173279
173284
173288
173289
173292
173300
173315
173316
173319
173328
173332
173340
173345
173348
173352
173357
173358
173362
173363
173374
173377
173382
173390
173392
173395
173397
173398
173399
173406
173414
173431
173435
173437
173445
173446
173448
173456
173462
173464
173470
173472
173483
173493
173499
173503
173505
173518
173519
173526
173528
173529
173530
173533
173534
173544
173545
173547
173562
173571
173574
173577
173580
173584
173585
173587
173589
173597
173600
173602
173608
173609
173618
173622
173630
173631
173633
173636
173637
173638
173639
173640
173647
173649
173650
173655
173656
173669
173676
173681
173687
173688
173695
173698
173700
173706
173714
173723
173735
173740
173741
173742
173743
173744
173759
173762
173775
173776
173782
173783
173787
173791
173792
173798
173799
173801
173804
173813
173817
173819
173820
173823
173824
173825
173830
173832
173838
173840
173849
173861
173874
173877
173884
173893
173894
173902
173906
173918
173920
173923
173924
173925
173928
173935
173938
173939
173941
173948
173950
173953
173962
173965
173968
173971
173972
173976
173977
173978
173982
173985
173994
173998
174007
174010
174014
174016
174018
174029
174030
174034
174036
174050
174051
174052
174061
174063
174067
174073
174091
174092
174094
174098
174100
174105
174109
174112
174119
174120
174132
174137
174140
174147
174154
174156
174158
174159
174163
174166
174167
174168
174171
174172
174176
174177
174179
174182
174183
174195
174211
174213
174216
174219
174221
174232
174242
174244
174256
174258
174262
174263
174267
174271
174272
174274
174277
174279
174282
174285
174286
174291
174297
174298
174299
174302
174303
174309
174311
174319
174322
174332
174338
174342
174344
174347
174349
174353
174363
174364
174365
174366
174367
174376
174391
174393
174394
174395
174400
174408
174415
174416
174417
174418
174419
174424
174426
174430
174435
174442
174445
174448
174454
174456
174467
174469
174471
174472
174481
174482
174485
174489
174499
174500
174503
174504
174505
174510
174514
174518
174520
174527
174529
174531
174534
174539
174546
174548
174555
174556
174564
174569
174571
174573
174574
174577
174580
174581
174582
174584
174589
174596
174628
174629
174632
174634
174635
174637
174639
174640
174641
174648
174649
174650
174653
174663
174664
174674
174675
174677
174679
174695
174697
174705
174709
174711
174713
174718
174730
174746
174747
174750
174753
174757
174759
174763
174765
174773
174775
174776
174784
174785
174786
174789
174793
174795
174796
174797
174806
174810
174818
174820
174839
174840
174850
174851
174855
174862
174864
174870
174871
174873
174875
174887
174889
174893
174904
174906
174907
174908
174909
174910
174911
174932
174937
174938
174941
174942
174945
174950
174951
174952
174954
174964
174966
174970
174978
174979
174985
174989
174990
174991
174992
174999
175001
175002
175004
175005
175018
175020
175025
175030
175031
175032
175033
175035
175037
175038
175043
175056
175061
175065
175066
175067
175068
175070
175080
175081
175085
175088
175099
175104
175107
175110
175111
175116
175117
175119
175125
175126
175130
175134
175137
175139
175142
175143
175146
175148
175150
175152
175154
175161
175163
175165
175166
175169
175177
175179
175183
175185
175191
175198
175213
175215
175221
175235
175236
175251
175257
175263
175267
175268
175273
175284
175286
175291
175292
175294
175295
175298
175302
175303
175307
175313
175316
175318
175321
175323
175325
175326
175330
175333
175334
175345
175351
175357
175360
175386
175389
175391
175392
175395
175410
175417
175418
175424
175432
175435
175437
175446
175452
175454
175465
175473
175476
175480
175481
175484
175487
175491
175492
175493
175509
175512
175513
175517
175522
175523
175525
175532
175533
175535
175543
175546
175548
175559
175561
175565
175566
175570
175575
175576
175578
175588
175592
175594
175595
175599
175613
175615
175617
175626
175627
175631
175632
175633
175636
175639
175642
175650
175660
175663
175668
175671
175672
175673
175675
175678
175685
175686
175688
175692
175693
175694
175696
175705
175721
175722
175724
175726
175727
175736
175741
175753
175757
175762
175764
175771
175779
175783
175785
175786
175789
175792
175793
175794
175796
175798
175806
175810
175811
175815
175817
175818
175820
175827
175831
175834
175836
175838
175840
175841
175842
175849
175850
175852
175853
175854
175858
175862
175863
175864
175865
175866
175869
175872
175874
175879
175880
175883
175898
175900
175901
175903
175911
175916
175917
175926
175930
175931
175935
175937
175939
175941
175943
175944
175948
175951
175956
175965
175967
175970
175973
175975
175978
175992
175994
175998
176001
176005
176010
176012
176013
176019
176028
176031
176034
176039
176042
176048
176050
176051
176053
176059
176060
176062
176064
176067
176068
176070
176071
176081
176083
176084
176087
176091
176100
176109
176110
176120
176122
176133
176134
176135
176144
176145
176153
176155
176156
176162
176163
176164
176170
176178
176191
176202
176205
176206
176215
176216
176217
176219
176222
176230
176231
176241
176248
176249
176255
176257
176278
176282
176288
176290
176294
176295
176304
176308
176310
176318
176320
176321
176322
176323
176325
176334
176335
176339
176342
176361
176363
176364
176365
176372
176373
176374
176376
176387
176390
176395
176396
176401
176405
176415
176421
176422
176423
176429
176431
176440
176447
176449
176456
176460
176465
176469
176471
176472
176473
176474
176480
176490
176498
176500
176502
176511
176517
176520
176521
176523
176524
176533
176540
176541
176543
176547
176549
176563
176565
176567
176570
176577
176578
176580
176585
176586
176587
176590
176591
176595
176603
176605
176606
176608
176643
176644
176645
176650
176652
176655
176659
176662
176667
176675
176681
176685
176689
176694
176703
176705
176707
176713
176720
176722
176729
176732
176733
176734
176742
176745
176751
176759
176768
176769
176772
176773
176781
176782
176790
176792
176793
176794
176799
176811
176816
176817
176821
176822
176831
176832
176844
176850
176862
176871
176878
176880
176881
176883
176885
176892
176893
176900
176904
176906
176909
176910
176914
176915
176916
176917
176923
176925
176926
176927
176929
176932
176935
176943
176946
176950
176969
176970
176971
176972
176975
176982
176986
176996
177001
177004
177005
177008
177014
177020
177022
177025
177026
177032
177033
177034
177039
177040
177054
177057
177063
177070
177071
177074
177082
177091
177097
177099
177101
177108
177113
177132
177143
177148
177150
177156
177160
177162
177164
177169
177170
177174
177182
177189
177190
177195
177197
177198
177204
177205
177209
177217
177218
177219
177224
177225
177228
177230
177234
177235
177237
177241
177242
177247
177251
177252
177255
177257
177260
177262
177264
177267
177274
177275
177280
177281
177283
177285
177286
177287
177289
177291
177292
177295
177296
177306
177307
177308
177311
177312
177315
177320
177322
177323
177325
177333
177344
177346
177347
177351
177354
177355
177365
177376
177377
177382
177390
177393
177401
177406
177407
177414
177418
177420
177422
177426
177428
177437
177443
177452
177455
177456
177460
177469
177470
177471
177474
177478
177481
177483
177485
177498
177507
177509
177512
177515
177519
177522
177524
177527
177529
177532
177537
177541
177551
177552
177556
177558
177569
177572
177574
177576
177578
177583
177593
177595
177597
177601
177603
177604
177606
177617
177621
177626
177635
177636
177638
177640
177650
177652
177653
177654
177656
177675
177685
177686
177688
177693
177694
177699
177719
177722
177724
177727
177730
177738
177751
177760
177761
177766
177775
177779
177783
177784
177785
177787
177791
177794
177799
177813
177817
177824
177833
177835
177838
177842
177843
177844
177853
177857
177858
177860
177868
177873
177874
177877
177878
177882
177883
177884
177885
177886
177888
177892
177897
177912
177919
177922
177923
177924
177932
177947
177949
177950
177955
177956
177967
177968
177973
177977
177981
177987
177995
177996
177997
178001
178003
178004
178005
178010
178012
178013
178020
178022
178030
178043
178045
178046
178048
178054
178058
178060
178065
178068
178086
178088
178091
178093
178099
178102
178103
178104
178106
178107
178109
178115
178116
178117
178120
178121
178122
178124
178126
178128
178129
178135
178136
178143
178150
178153
178156
178157
178161
178163
178164
178165
178166
178170
178171
178177
178187
178189
178192
178195
178196
178197
178198
178202
178203
178212
178214
178220
178221
178229
178242
178253
178255
178256
178262
178263
178264
178273
178277
178288
178291
178292
178308
178310
178311
178326
178331
178335
178337
178338
178344
178347
178349
178350
178351
178356
178358
178359
178368
178369
178370
178375
178381
178384
178393
178402
178414
178415
178421
178433
178442
178444
178446
178448
178454
178456
178457
178461
178462
178463
178465
178466
178467
178471
178478
178484
178490
178492
178493
178497
178498
178499
178501
178504
178520
178522
178523
178525
178532
178538
178540
178541
178547
178556
178571
178575
178583
178590
178596
178599
178606
178610
178612
178617
178633
178635
178642
178647
178649
178655
178657
178663
178669
178682
178685
178686
178687
178691
178696
178697
178698
178704
178706
178708
178709
178721
178723
178730
178734
178737
178738
178741
178748
178750
178757
178760
178761
178764
178773
178775
178781
178783
178792
178799
178800
178812
178814
178816
178817
178818
178831
178836
178837
178838
178848
178852
178862
178866
178868
178873
178874
178881
178885
178889
178895
178900
178903
178904
178907
178910
178912
178913
178919
178920
178924
178939
178941
178946
178947
178948
178954
178958
178959
178965
178968
178969
178970
178973
178975
178976
178977
178986
178987
178988
179001
179002
179027
179029
179033
179047
179049
179056
179058
179061
179063
179072
179081
179082
179093
179094
179102
179104
179106
179109
179119
179126
179129
179133
179141
179144
179147
179148
179151
179154
179164
179168
179171
179175
179183
179192
179213
179218
179221
179223
179228
179229
179232
179235
179249
179254
179256
179258
179266
179273
179285
179294
179299
179307
179311
179313
179314
179324
179326
179335
179337
179338
179340
179342
179343
179345
179346
179347
179348
179361
179367
179369
179378
179381
179389
179392
179395
179398
179403
179405
179412
179415
179416
179418
179419
179439
179442
179454
179462
179465
179470
179472
179476
179477
179488
179493
179499
179507
179508
179513
179522
179526
179539
179541
179543
179560
179561
179569
179573
179576
179582
179586
179587
179593
179595
179601
179610
179614
179615
179619
179620
179623
179624
179628
179636
179645
179651
179658
179664
179665
179666
179687
179691
179698
179701
179707
179714
179716
179724
179731
179733
179734
179735
179742
179743
179749
179750
179767
179768
179773
179776
179779
179781
179784
179785
179787
179797
179805
179807
179810
179812
179824
179828
179836
179842
179843
179857
179871
179875
179880
179881
179895
179896
179897
179899
179908
179909
179914
179923
179927
179928
179929
179935
179939
179940
179950
179952
179964
179977
179981
179993
179999
180004
180014
180017
180019
180022
180023
180025
180026
180035
180036
180037
180038
180039
180040
180048
180056
180057
180061
180075
180076
180088
180092
180094
180096
180098
180106
180108
180110
180118
180119
180123
180125
180130
180132
180133
180137
180139
180151
180159
180161
180163
180164
180165
180176
180178
180179
180183
180199
180202
180204
180215
180216
180225
180227
180231
180234
180237
180240
180248
180257
180264
180277
180282
180284
180296
180297
180305
180307
180308
180310
180311
180320
180331
180334
180343
180346
180352
180357
180358
180359
180364
180367
180371
180373
180376
180384
180387
180389
180394
180398
180405
180406
180407
180429
180430
180436
180440
180441
180446
180456
180457
180458
180465
180471
180473
180478
180479
180481
180494
180497
180500
180515
180522
180524
180544
180547
180548
180549
180555
180559
180560
180572
180573
180574
180576
180590
180591
180592
180613
180614
180629
180637
180653
180664
180667
180670
180671
180673
180677
180685
180690
180700
180702
180705
180713
180726
180729
180731
180733
180735
180736
180746
180752
180755
180756
180758
180766
180771
180774
180778
180783
180784
180794
180798
180801
180813
180817
180832
180835
180836
180848
180857
180859
180871
180872
180874
180878
180886
180889
180904
180907
180908
180915
180916
180920
180927
180934
180935
180938
180944
180945
180949
180952
180953
180959
180985
180994
180995
180998
181005
181008
181010
181012
181015
181022
181023
181025
181027
181028
181036
181041
181056
181059
181063
181067
181078
181088
181089
181094
181102
181109
181110
181111
181115
181119
181122
181130
181131
181132
181137
181140
181145
181147
181149
181155
181158
181159
181171
181175
181178
181182
181198
181199
181215
181218
181220
181221
181223
181228
181229
181234
181238
181243
181245
181247
181250
181256
181263
181264
181268
181278
181282
181283
181285
181286
181287
181290
181291
181299
181306
181316
181341
181343
181348
181352
181353
181362
181368
181377
181387
181393
181394
181396
181397
181399
181401
181404
181410
181429
181434
181440
181444
181447
181452
181462
181464
181467
181474
181476
181478
181479
181488
181493
181501
181502
181504
181506
181507
181509
181511
181521
181522
181531
181534
181546
181548
181549
181550
181554
181556
181560
181563
181567
181571
181573
181577
181580
181582
181583
181591
181597
181598
181604
181605
181609
181610
181615
181620
181623
181627
181632
181636
181637
181643
181650
181651
181652
181653
181661
181662
181664
181673
181677
181682
181683
181685
181693
181698
181705
181707
181711
181713
181716
181717
181727
181729
181735
181742
181743
181744
181751
181752
181755
181759
181761
181769
181784
181787
181788
181790
181792
181793
181796
181797
181801
181802
181804
181805
181815
181825
181826
181840
181842
181848
181849
181855
181866
181868
181872
181876
181878
181879
181880
181882
181887
181899
181902
181906
181910
181911
181912
181931
181933
181936
181938
181945
181954
181955
181963
181967
181971
181973
181977
181985
181990
181992
181993
182009
182013
182018
182020
182028
182029
182034
182036
182038
182041
182042
182047
182052
182055
182071
182076
182081
182082
182088
182094
182098
182102
182111
182112
182116
182117
182128
182129
182131
182141
182145
182150
182157
182161
182168
182178
182184
182187
182188
182193
182199
182203
182204
182217
182220
182222
182226
182228
182237
182238
182247
182248
182251
182252
182259
182262
182264
182272
182274
182275
182285
182287
182296
182301
182305
182309
182310
182317
182323
182326
182327
182330
182333
182334
182343
182346
182349
182350
182353
182357
182358
182359
182364
182365
182368
182371
182373
182374
182383
182385
182388
182389
182402
182405
182410
182413
182414
182417
182425
182432
182441
182446
182457
182463
182470
182475
182485
182495
182497
182499
182501
182503
182505
182513
182527
182550
182551
182552
182555
182556
182560
182561
182563
182564
182566
182569
182573
182581
182584
182594
182605
182612
182613
182621
182627
182640
182643
182648
182660
182661
182666
182667
182672
182675
182681
182691
182695
182697
182700
182705
182714
182721
182734
182745
182756
182760
182761
182765
182767
182776
182779
182788
182799
182801
182804
182807
182808
182809
182820
182825
182828
182839
182847
182848
182853
182862
182863
182864
182872
182874
182876
182877
182888
182902
182905
182920
182921
182923
182924
182926
182929
182936
182954
182955
182968
182975
182979
182985
183005
183012
183017
183027
183030
183034
183036
183043
183044
183047
183063
183080
183084
183085
183094
183096
183107
183108
183110
183114
183115
183117
183119
183120
183125
183128
183133
183136
183139
183142
183146
183149
183150
183162
183163
183167
183168
183169
183171
183173
183175
183178
183195
183197
183199
183204
183207
183216
183231
183239
183249
183256
183259
183262
183263
183264
183267
183268
183269
183276
183284
183304
183307
183315
183322
183331
183346
183352
183353
183358
183363
183367
183372
183382
183383
183384
183390
183397
183398
183399
183420
183425
183426
183430
183431
183438
183449
183451
183466
183481
183485
183497
183498
183504
183512
183515
183525
183526
183529
183533
183534
183536
183538
183547
183559
183560
183562
183564
183573
183579
183580
183583
183584
183585
183586
183596
183600
183604
183608
183610
183613
183631
183640
183641
183642
183646
183652
183660
183662
183668
183674
183681
183694
183708
183714
183716
183724
183727
183737
183741
183748
183763
183765
183766
183779
183781
183787
183788
183792
183802
183803
183816
183825
183826
183830
183834
183847
183866
183871
183878
183879
183881
183887
183890
183892
183915
183920
183924
183926
183933
183934
183941
183947
183960
183963
183985
183994
184001
184007
184009
184012
184013
184027
184032
184036
184050
184052
184073
184074
184077
184085
184086
184092
184093
184104
184105
184107
184124
184130
184131
184135
184140
184141
184143
184148
184153
184160
184163
184174
184175
184179
184182
184190
184196
184197
184198
184201
184203
184204
184218
184221
184223
184229
184237
184245
184247
184252
184253
184254
184262
184267
184274
184277
184284
184288
184289
184290
184295
184296
184298
184299
184302
184307
184308
184316
184317
184337
184344
184352
184364
184367
184368
184371
184376
184393
184396
184409
184414
184416
184419
184420
184423
184431
184433
184451
184452
184455
184461
184477
184482
184488
184493
184497
184504
184524
184526
184527
184536
184541
184544
184545
184550
184565
184568
184589
184590
184592
184595
184603
184607
184609
184610
184612
184613
184621
184645
184646
184656
184658
184659
184663
184668
184669
184676
184681
184686
184692
184695
184698
184700
184704
184706
184722
184725
184734
184739
184743
184744
184755
184757
184760
184761
184762
184767
184771
184782
184788
184794
184796
184798
184805
184809
184815
184824
184825
184834
184839
184843
184845
184849
184852
184853
184854
184862
184869
184883
184889
184894
184895
184896
184898
184900
184911
184918
184929
184943
184948
184949
184955
184962
184964
184974
184978
184980
184985
184992
184997
184998
185011
185015
185016
185018
185019
185020
185023
185024
185026
185037
185038
185048
185049
185050
185052
185053
185061
185075
185079
185082
185089
185090
185098
185104
185113
185117
185127
185129
185136
185144
185149
185150
185155
185165
185168
185169
185173
185175
185176
185184
185194
185204
185206
185210
185211
185212
185214
185219
185222
185223
185225
185229
185233
185245
185246
185248
185270
185272
185275
185281
185285
185286
185287
185288
185310
185319
185325
185327
185331
185338
185345
185350
185353
185357
185360
185361
185362
185364
185366
185374
185398
185399
185401
185404
185406
185413
185416
185419
185429
185430
185434
185440
185449
185450
185451
185457
185458
185472
185474
185479
185497
185501
185502
185504
185514
185515
185516
185520
185524
185533
185536
185540
185541
185544
185555
185570
185577
185587
185588
185589
185590
185594
185600
185604
185608
185613
185615
185622
185623
185624
185625
185629
185630
185634
185636
185639
185640
185659
185662
185669
185671
185672
185677
185680
185685
185688
185689
185696
185709
185710
185713
185716
185730
185735
185736
185741
185742
185745
185750
185757
185760
185763
185766
185767
185771
185773
185778
185779
185786
185799
185800
185810
185813
185814
185816
185824
185825
185826
185830
185832
185836
185847
185848
185851
185859
185860
185861
185865
185871
185875
185876
185878
185883
185888
185889
185899
185902
185903
185907
185908
185916
185918
185919
185921
185934
185936
185943
185952
185953
185958
185962
185969
185976
185977
185994
185996
185997
186000
186006
186009
186012
186025
186032
186034
186038
186039
186042
186043
186047
186049
186050
186054
186055
186059
186060
186072
186075
186081
186084
186090
186091
186094
186096
186104
186106
186107
186114
186121
186135
186143
186144
186162
186167
186170
186173
186200
186202
186203
186204
186206
186210
186212
186225
186232
186233
186239
186252
186257
186259
186260
186265
186271
186277
186283
186285
186292
186300
186301
186311
186312
186314
186326
186328
186353
186360
186361
186365
186366
186367
186382
186392
186399
186414
186415
186417
186420
186423
186427
186429
186430
186439
186455
186457
186458
186459
186460
186465
186468
186473
186488
186491
186492
186496
186498
186503
186518
186519
186524
186525
186527
186530
186532
186537
186544
186545
186548
186554
186556
186575
186576
186578
186581
186586
186628
186642
186648
186654
186662
186668
186669
186670
186672
186675
186683
186691
186696
186712
186713
186721
186728
186737
186741
186760
186761
186762
186767
186777
186779
186780
186784
186785
186786
186790
186809
186814
186825
186830
186831
186833
186836
186843
186844
186845
186846
186861
186863
186866
186870
186876
186879
186881
186885
186886
186890
186891
186893
186897
186901
186903
186910
186911
186914
186929
186932
186943
186946
186950
186963
186964
186965
186971
186974
186975
186976
186978
186984
186987
186988
186996
187003
187007
187020
187024
187027
187048
187049
187060
187069
187071
187079
187089
187090
187093
187098
187099
187107
187112
187119
187130
187138
187141
187142
187150
187156
187157
187158
187163
187164
187168
187169
187171
187173
187177
187178
187179
187182
187183
187185
187188
187205
187206
187208
187217
187218
187220
187221
187238
187240
187245
187252
187255
187259
187261
187264
187265
187273
187276
187279
187282
187283
187285
187301
187303
187306
187310
187314
187323
187332
187336
187343
187350
187352
187353
187356
187369
187375
187389
187398
187417
187423
187425
187429
187430
187431
187442
187445
187451
187461
187471
187482
187503
187511
187518
187519
187524
187525
187528
187531
187533
187543
187546
187547
187551
187558
187559
187564
187569
187576
187578
187581
187585
187592
187595
187600
187605
187606
187615
187616
187626
187627
187631
187637
187638
187640
187641
187651
187652
187655
187660
187668
187671
187674
187679
187680
187682
187690
187696
187697
187698
187699
187719
187736
187737
187740
187741
187746
187748
187751
187760
187762
187778
187787
187796
187797
187802
187813
187816
187836
187843
187852
187859
187860
187861
187866
187868
187877
187879
187887
187889
187894
187895
187897
187903
187907
187913
187916
187923
187924
187928
187930
187932
187933
187937
187941
187956
187957
187972
187977
187979
187981
187982
187988
187998
188005
188020
188023
188031
188040
188050
188051
188052
188059
188060
188061
188067
188073
188074
188079
188093
188095
188097
188101
188102
188114
188115
188121
188123
188125
188126
188129
188135
188144
188153
188154
188155
188163
188164
188168
188169
188172
188178
188180
188193
188194
188197
188202
188204
188205
188209
188226
188235
188236
188237
188241
188242
188245
188252
188256
188258
188263
188268
188290
188292
188293
188294
188302
188306
188311
188317
188335
188338
188339
188343
188347
188348
188350
188351
188356
188364
188375
188387
188388
188391
188395
188399
188401
188415
188419
188420
188424
188425
188428
188431
188432
188438
188444
188447
188451
188460
188461
188468
188471
188475
188480
188487
188488
188489
188492
188495
188497
188498
188502
188521
188523
188528
188537
188539
188545
188552
188555
188569
188570
188577
188579
188586
188587
188590
188597
188600
188606
188611
188621
188626
188631
188633
188634
188635
188640
188643
188651
188659
188660
188663
188671
188678
188694
188706
188713
188714
188719
188722
188757
188760
188761
188770
188773
188778
188780
188782
188787
188788
188789
188790
188791
188795
188796
188801
188807
188808
188810
188818
188822
188824
188826
188827
188828
188837
188840
188848
188858
188859
188871
188872
188875
188885
188889
188898
188899
188900
188903
188906
188912
188913
188917
188928
188933
188938
188941
188942
188947
188948
188955
188966
188974
188982
188987
188988
188990
188999
189002
189032
189033
189034
189035
189037
189042
189047
189050
189067
189068
189069
189070
189074
189075
189085
189086
189091
189094
189102
189107
189108
189114
189118
189123
189147
189151
189162
189163
189164
189168
189174
189184
189200
189201
189202
189203
189205
189206
189213
189220
189221
189226
189238
189239
189241
189246
189248
189260
189264
189265
189281
189282
189283
189288
189299
189304
189310
189312
189313
189323
189325
189326
189332
189333
189335
189337
189341
189346
189349
189351
189364
189375
189377
189387
189390
189391
189392
189395
189402
189403
189404
189406
189412
189414
189418
189424
189439
189440
189450
189451
189452
189454
189456
189459
189460
189466
189468
189473
189476
189499
189505
189507
189515
189516
189518
189520
189522
189526
189529
189539
189540
189541
189551
189552
189554
189558
189565
189566
189567
189569
189572
189581
189602
189606
189625
189628
189638
189641
189643
189648
189662
189664
189666
189667
189669
189672
189673
189678
189681
189682
189685
189686
189687
189688
189701
189702
189704
189716
189717
189726
189730
189743
189746
189749
189761
189766
189768
189772
189778
189786
189791
189796
189799
189801
189804
189809
189811
189813
189815
189816
189817
189824
189830
189831
189832
189840
189852
189860
189861
189863
189864
189867
189879
189888
189904
189908
189914
189917
189918
189927
189940
189944
189945
189947
189948
189952
189955
189976
189979
190000
190007
190013
190029
190034
190036
190039
190047
190048
190053
190066
190087
190092
190094
190095
190097
190103
190110
190111
190112
190128
190134
190137
190141
190145
190149
190156
190161
190169
190171
190183
190185
190186
190187
190193
190196
190202
190205
190208
190217
190223
190231
190240
190242
190252
190257
190263
190268
190272
190273
190284
190288
190296
190311
190312
190318
190321
190335
190343
190349
190355
190371
190382
190397
190400
190413
190414
190421
190422
190423
190428
190431
190439
190440
190441
190445
190451
190453
190457
190462
190463
190469
190488
190490
190499
190500
190503
190504
190505
190509
190516
190521
190522
190523
190526
190529
190533
190538
190540
190553
190561
190563
190565
190569
190571
190577
190578
190586
190589
190590
190600
190607
190608
190613
190616
190626
190627
190633
190634
190651
190652
190657
190660
190661
190662
190663
190664
190670
190681
190683
190684
190685
190690
190691
190692
190699
190701
190711
190719
190725
190727
190728
190731
190738
190740
190744
190745
190746
190752
190755
190758
190769
190770
190772
190775
190778
190781
190787
190788
190796
190802
190804
190808
190810
190814
190818
190825
190831
190839
190841
190850
190867
190871
190873
190876
190881
190882
190883
190886
190895
190898
190899
190900
190904
190924
190944
190948
190952
190961
190971
190972
190973
190982
190987
190992
190994
190995
190997
190998
191009
191010
191011
191016
191019
191021
191027
191040
191042
191047
191053
191054
191055
191056
191058
191061
191065
191066
191070
191071
191086
191087
191088
191107
191113
191119
191126
191133
191141
191145
191146
191156
191157
191161
191162
191188
191189
191198
191200
191201
191219
191220
191223
191224
191229
191231
191233
191241
191246
191258
191259
191260
191261
191263
191267
191278
191280
191281
191297
191299
191301
191302
191304
191305
191317
191320
191322
191328
191329
191349
191355
191357
191371
191372
191375
191383
191385
191394
191404
191406
191414
191419
191421
191427
191429
191435
191445
191458
191466
191476
191490
191497
191498
191500
191506
191518
191523
191530
191540
191545
191549
191551
191552
191553
191555
191563
191567
191573
191574
191596
191601
191602
191605
191608
191614
191615
191616
191622
191623
191624
191625
191627
191633
191637
191640
191641
191644
191658
191661
191663
191669
191673
191677
191687
191688
191693
191694
191695
191697
191698
191706
191707
191719
191723
191726
191733
191734
191735
191737
191741
191748
191751
191752
191759
191771
191772
191775
191781
191782
191793
191796
191802
191806
191816
191833
191839
191842
191854
191864
191865
191871
191872
191874
191880
191889
191895
191902
191908
191909
191911
191913
191919
191923
191924
191929
191934
191937
191940
191947
191949
191957
191959
191973
191975
191980
191981
191988
191994
191996
192002
192003
192011
192012
192013
192014
192021
192023
192026
192029
192036
192039
192042
192047
192048
192051
192057
192063
192065
192074
192089
192092
192095
192096
192118
192125
192129
192140
192145
192162
192163
192176
192177
192186
192190
192193
192200
192213
192224
192225
192232
192233
192235
192241
192243
192254
192257
192259
192263
192279
192280
192285
192292
192294
192297
192298
192305
192307
192315
192317
192321
192325
192327
192328
192329
192331
192333
192341
192342
192343
192346
192348
192351
192353
192364
192365
192367
192369
192373
192375
192380
192393
192394
192398
192400
192401
192402
192403
192405
192406
192410
192412
192425
192433
192437
192446
192452
192454
192456
192459
192465
192469
192478
192483
192485
192487
192493
192504
192507
192513
192517
192521
192558
192559
192560
192565
192566
192574
192575
192577
192582
192587
192590
192596
192600
192601
192606
192607
192609
192622
192625
192638
192640
192642
192660
192663
192666
192669
192671
192673
192678
192687
192691
192698
192699
192704
192708
192709
192711
192721
192722
192723
192725
192729
192742
192752
192754
192756
192761
192766
192771
192774
192788
192790
192798
192800
192808
192810
192811
192825
192826
192827
192841
192842
192845
192848
192852
192858
192859
192862
192863
192864
192865
192870
192875
192881
192882
192883
192891
192904
192905
192910
192914
192915
192917
192928
192935
192949
192953
192959
192960
192963
192972
192978
192979
192980
192987
192992
192995
192996
192999
193003
193013
193014
193029
193031
193032
193037
193039
193040
193044
193047
193051
193062
193063
193064
193091
193099
193101
193102
193108
193110
193111
193112
193121
193123
193129
193131
193137
193146
193147
193149
193156
193158
193165
193172
193180
193181
193183
193185
193189
193193
193197
193208
193214
193224
193226
193227
193230
193232
193233
193238
193241
193242
193243
193246
193250
193264
193269
193271
193277
193280
193285
193288
193291
193300
193301
193303
193307
193310
193315
193316
193319
193333
193335
193336
193340
193367
193371
193372
193373
193380
193381
193385
193386
193387
193395
193397
193400
193404
193417
193419
193420
193422
193428
193436
193438
193443
193444
193446
193454
193460
193465
193466
193469
193478
193480
193481
193485
193496
193511
193512
193521
193522
193524
193526
193537
193542
193549
193555
193563
193564
193568
193588
193589
193591
193638
193649
193650
193651
193660
193662
193663
193670
193671
193678
193689
193693
193698
193699
193706
193720
193722
193725
193729
193732
193739
193746
193748
193762
193767
193773
193791
193798
193799
193802
193808
193810
193814
193815
193817
193821
193825
193827
193828
193834
193837
193844
193857
193859
193860
193867
193873
193879
193881
193890
193891
193895
193903
193907
193917
193918
193928
193930
193933
193934
193940
193946
193953
193955
193964
193971
193972
193983
193993
194010
194011
194014
194037
194040
194044
194047
194048
194049
194053
194054
194061
194062
194064
194072
194074
194075
194076
194080
194095
194099
194100
194102
194109
194112
194119
194120
194121
194142
194143
194155
194156
194157
194166
194167
194175
194179
194196
194201
194209
194210
194217
194235
194237
194240
194241
194248
194256
194259
194276
194277
194278
194281
194283
194285
194293
194303
194306
194315
194317
194320
194323
194336
194340
194341
194345
194346
194356
194365
194371
194377
194385
194402
194403
194409
194418
194419
194420
194427
194432
194433
194434
194437
194440
194449
194460
194467
194469
194473
194478
194498
194503
194522
194538
194539
194540
194545
194549
194560
194565
194568
194594
194598
194604
194612
194614
194616
194617
194618
194628
194632
194638
194642
194646
194652
194657
194660
194666
194669
194672
194679
194681
194682
194688
194694
194695
194697
194705
194706
194707
194715
194716
194718
194722
194723
194724
194730
194749
194762
194764
194765
194767
194775
194786
194795
194806
194808
194814
194817
194821
194827
194828
194830
194835
194837
194838
194846
194847
194851
194855
194864
194870
194878
194886
194905
194907
194911
194919
194920
194922
194925
194938
194940
194947
194956
194958
194960
194964
194965
194970
194977
194978
194983
194984
194985
194988
194991
194993
194995
195000
195007
195010
195011
195013
195016
195030
195053
195056
195057
195066
195072
195080
195090
195099
195102
195104
195105
195107
195117
195118
195119
195121
195126
195128
195133
195135
195144
195145
195146
195164
195172
195173
195176
195177
195179
195182
195190
195191
195193
195200
195203
195207
195212
195220
195223
195226
195236
195243
195246
195247
195258
195259
195260
195261
195266
195274
195277
195290
195291
195293
195294
195295
195297
195300
195301
195308
195317
195318
195324
195327
195331
195337
195338
195340
195342
195351
195353
195357
195361
195362
195366
195379
195389
195395
195396
195397
195405
195406
195414
195422
195424
195433
195441
195446
195461
195466
195472
195476
195478
195482
195483
195487
195493
195503
195504
195507
195508
195510
195518
195519
195520
195521
195522
195525
195531
195543
195544
195556
195564
195565
195568
195579
195588
195593
195594
195597
195600
195612
195613
195621
195622
195628
195637
195643
195649
195659
195667
195670
195676
195689
195694
195695
195711
195718
195734
195739
195751
195753
195762
195766
195769
195778
195789
195793
195807
195812
195815
195831
195834
195836
195847
195849
195865
195868
195870
195880
195885
195889
195892
195896
195904
195909
195918
195921
195928
195931
195936
195942
195946
195947
195957
195961
195968
195972
195976
195978
195982
195984
195999
196002
196003
196005
196007
196030
196033
196040
196041
196044
196045
196057
196063
196071
196079
196081
196086
196093
196095
196100
196101
196102
196114
196118
196146
196147
196148
196151
196154
196156
196158
196159
196167
196169
196170
196171
196172
196177
196193
196198
196200
196203
196208
196219
196220
196221
196233
196234
196255
196259
196260
196264
196265
196266
196268
196281
196286
196288
196296
196302
196303
196307
196315
196323
196324
196336
196337
196338
196350
196352
196353
196361
196369
196380
196382
196386
196389
196395
196398
196400
196408
196433
196439
196450
196455
196457
196460
196468
196472
196479
196480
196482
196484
196494
196499
196505
196521
196523
196529
196531
196532
196534
196546
196547
196553
196570
196585
196587
196588
196607
196630
196633
196634
196635
196638
196639
196646
196655
196658
196665
196666
196669
196678
196688
196693
196702
196710
196712
196714
196716
196718
196726
196728
196729
196734
196740
196745
196746
196747
196758
196765
196774
196779
196780
196781
196788
196790
196791
196797
196798
196799
196805
196808
196811
196812
196818
196824
196829
196844
196845
196848
196849
196850
196856
196861
196864
196880
196886
196889
196890
196891
196895
196900
196903
196904
196909
196911
196914
196931
196932
196940
196952
196969
196972
196982
196993
196994
196995
197007
197012
197013
197019
197039
197040
197041
197055
197060
197062
197064
197068
197069
197071
197072
197074
197076
197087
197088
197098
197100
197106
197108
197126
197129
197137
197141
197145
197159
197163
197169
197175
197177
197184
197186
197201
197209
197214
197219
197220
197223
197233
197236
197244
197245
197248
197249
197257
197258
197260
197261
197271
197278
197284
197286
197289
197308
197312
197315
197316
197320
197323
197340
197345
197353
197365
197366
197372
197373
197378
197379
197386
197390
197392
197393
197397
197407
197410
197412
197417
197420
197436
197439
197441
197445
197455
197465
197466
197477
197482
197490
197500
197508
197510
197517
197523
197528
197536
197540
197549
197550
197554
197558
197559
197561
197569
197579
197580
197582
197593
197597
197601
197605
197611
197612
197613
197614
197616
197617
197622
197626
197633
197634
197647
197650
197651
197666
197669
197682
197683
197684
197687
197704
197705
197711
197722
197726
197733
197737
197741
197749
197750
197772
197773
197776
197792
197793
197799
197805
197806
197810
197811
197819
197821
197828
197844
197852
197854
197857
197865
197866
197871
197876
197877
197878
197881
197889
197912
197924
197926
197931
197935
197950
197951
197955
197975
197978
197985
197997
198000
198002
198020
198037
198040
198060
198070
198075
198078
198083
198084
198090
198096
198103
198105
198110
198111
198113
198114
198120
198125
198127
198128
198134
198138
198149
198152
198153
198159
198165
198167
198175
198178
198192
198196
198198
198203
198204
198205
198206
198208
198209
198210
198227
198241
198246
198253
198254
198258
198262
198267
198277
198280
198281
198283
198290
198292
198293
198294
198296
198310
198319
198322
198324
198326
198330
198338
198348
198359
198372
198379
198380
198381
198385
198395
198396
198401
198404
198405
198412
198415
198418
198421
198432
198437
198441
198442
198447
198465
198472
198482
198483
198485
198489
198497
198503
198504
198521
198525
198527
198535
198536
198537
198538
198539
198541
198542
198546
198547
198548
198550
198562
198565
198574
198587
198591
198595
198603
198605
198607
198611
198612
198613
198624
198625
198628
198629
198638
198639
198640
198642
198644
198658
198669
198673
198684
198688
198691
198695
198697
198698
198701
198702
198708
198710
198718
198719
198720
198722
198726
198734
198742
198747
198748
198753
198759
198765
198774
198778
198798
198808
198824
198825
198839
198842
198855
198856
198857
198867
198870
198875
198882
198883
198909
198912
198913
198915
198917
198919
198924
198927
198929
198934
198938
198940
198941
198945
198949
198958
198959
198963
198979
198980
198987
198996
198997
198998
198999
199011
199012
199015
199017
199028
199030
199032
199033
199047
199049
199071
199072
199077
199078
199085
199088
199090
199096
199098
199100
199118
199119
199126
199131
199139
199142
199151
199165
199169
199182
199188
199189
199191
199192
199196
199204
199209
199214
199231
199237
199238
199241
199247
199249
199252
199261
199263
199267
199279
199283
199296
199303
199307
199319
199321
199328
199339
199342
199348
199349
199351
199379
199385
199387
199391
199404
199406
199430
199442
199446
199448
199464
199466
199490
199499
199500
199501
199513
199515
199521
199522
199525
199534
199538
199545
199546
199548
199549
199550
199551
199555
199556
199559
199562
199566
199567
199577
199585
199586
199587
199592
199593
199594
199603
199604
199618
199627
199630
199633
199639
199640
199649
199662
199665
199667
199671
199676
199698
199701
199703
199714
199719
199724
199730
199736
199737
199739
199740
199754
199756
199758
199760
199764
199767
199768
199775
199801
199807
199808
199823
199836
199840
199841
199842
199844
199848
199856
199859
199860
199871
199872
199874
199878
199879
199888
199891
199908
199912
199913
199915
199916
199917
199921
199931
199933
199936
199941
199943
199946
199949
199956
199959
199960
199963
199964
199969
199975
199977
199980
199985
199987
199991
199994
200002
200003
200021
200025
200028
200032
200033
200035
200037
200041
200045
200049
200059
200061
200069
200075
200076
200077
200099
200100
200122
200123
200124
200129
200141
200142
200143
200150
200167
200169
200170
200173
200182
200185
200186
200187
200188
200190
200193
200205
200210
200216
200217
200227
200229
200230
200231
200233
200240
200241
200251
200252
200255
200256
200258
200267
200268
200271
200282
200285
200288
200289
200304
200305
200307
200308
200310
200311
200313
200316
200332
200335
200337
200338
200340
200358
200375
200401
200404
200420
200423
200427
200431
200437
200452
200455
200465
200468
200470
200474
200477
200481
200484
200489
200493
200494
200504
200507
200508
200519
200544
200545
200552
200554
200558
200560
200563
200567
200575
200578
200589
200591
200592
200597
200600
200611
200626
200633
200636
200637
200645
200647
200649
200656
200657
200667
200669
200676
200679
200680
200685
200696
200698
200699
200702
200709
200712
200713
200717
200730
200732
200733
200738
200746
200748
200753
200780
200781
200785
200789
200791
200795
200802
200804
200805
200806
200807
200809
200822
200826
200837
200838
200841
200847
200852
200866
200868
200880
200883
200894
200899
200901
200904
200907
200908
200911
200914
200919
200920
200929
200937
200940
200957
200958
200959
200960
200961
200962
200975
200976
200978
200979
200982
200985
200994
200999
201012
201017
201024
201027
201028
201036
201038
201039
201040
201056
201068
201069
201070
201077
201078
201092
201094
201103
201113
201115
201116
201123
201126
201127
201128
201143
201148
201149
201156
201159
201160
201162
201168
201170
201175
201178
201179
201181
201193
201194
201196
201197
201204
201206
201212
201226
201227
201228
201230
201235
201239
201243
201248
201252
201254
201264
201266
201267
201273
201277
201283
201288
201293
201296
201300
201303
201307
201308
201309
201315
201323
201330
201336
201343
201358
201359
201364
201365
201368
201380
201385
201386
201388
201404
201408
201413
201422
201447
201448
201473
201475
201479
201480
201497
201499
201503
201509
201515
201516
201520
201524
201539
201540
201543
201544
201555
201556
201569
201570
201576
201587
201589
201591
201593
201597
201599
201604
201613
201618
201621
201633
201639
201641
201644
201653
201662
201663
201665
201666
201668
201671
201673
201683
201696
201699
201700
201701
201718
201721
201722
201724
201728
201735
201736
201762
201777
201778
201779
201780
201781
201787
201788
201802
201804
201811
201822
201823
201825
201827
201837
201841
201843
201849
201852
201854
201860
201863
201872
201875
201877
201880
201882
201884
201886
201888
201900
201916
201917
201932
201943
201947
201949
201950
201959
201962
201965
201968
201969
201971
201974
201975
201981
201982
201992
201993
201994
201996
202009
202012
202023
202028
202032
202033
202047
202051
202059
202060
202062
202064
202072
202077
202078
202079
202082
202083
202094
202096
202104
202117
202145
202154
202155
202161
202162
202173
202175
202176
202186
202187
202189
202201
202204
202206
202210
202225
202236
202238
202242
202243
202257
202258
202259
202262
202266
202278
202280
202295
202300
202314
202321
202326
202332
202334
202335
202341
202344
202349
202353
202354
202356
202357
202360
202361
202363
202366
202368
202378
202379
202381
202382
202384
202393
202398
202405
202409
202411
202423
202429
202438
202457
202469
202471
202478
202483
202495
202499
202514
202517
202518
202523
202527
202528
202537
202560
202564
202565
202569
202579
202588
202589
202591
202608
202609
202619
202631
202641
202643
202655
202657
202661
202674
202679
202680
202681
202694
202696
202698
202699
202705
202709
202714
202723
202733
202734
202736
202745
202747
202776
202787
202797
202798
202805
202812
202813
202816
202821
202824
202837
202843
202844
202847
202849
202852
202865
202874
202877
202879
202890
202892
202893
202896
202898
202904
202906
202907
202911
202934
202944
202946
202964
202965
202967
202979
202983
202984
202986
202988
202989
202992
203002
203007
203019
203023
203024
203026
203034
203040
203041
203057
203065
203066
203072
203076
203088
203089
203090
203092
203093
203094
203099
203102
203107
203113
203124
203127
203128
203142
203143
203144
203148
203149
203152
203153
203171
203185
203194
203195
203204
203224
203231
203241
203246
203259
203260
203267
203268
203282
203289
203309
203310
203311
203316
203326
203332
203338
203340
203341
203349
203351
203353
203354
203359
203362
203363
203372
203377
203378
203383
203393
203400
203408
203413
203420
203424
203430
203431
203449
203460
203469
203472
203473
203474
203479
203481
203491
203499
203500
203505
203506
203527
203534
203539
203543
203546
203547
203561
203563
203565
203568
203570
203573
203580
203582
203584
203593
203599
203606
203608
203609
203610
203611
203612
203621
203629
203639
203640
203642
203645
203646
203651
203666
203667
203672
203673
203675
203676
203680
203681
203682
203683
203684
203686
203688
203709
203710
203713
203726
203738
203745
203746
203748
203749
203750
203759
203760
203776
203778
203789
203792
203798
203801
203805
203810
203811
203812
203820
203824
203830
203834
203836
203845
203847
203848
203849
203852
203857
203867
203872
203875
203894
203895
203900
203904
203909
203910
203925
203939
203942
203946
203947
203953
203956
203961
203962
203972
203973
203982
203997
204011
204012
204014
204015
204016
204023
204031
204039
204040
204041
204042
204043
204045
204049
204052
204065
204083
204084
204097
204103
204112
204113
204115
204127
204137
204142
204144
204145
204151
204155
204156
204158
204159
204160
204175
204181
204188
204189
204198
204205
204219
204228
204232
204233
204237
204245
204246
204248
204249
204278
204279
204301
204306
204320
204324
204327
204328
204330
204338
204363
204364
204366
204369
204371
204377
204391
204394
204406
204418
204419
204422
204434
204444
204446
204458
204459
204462
204466
204467
204473
204479
204482
204484
204485
204491
204495
204498
204499
204500
204504
204519
204535
204537
204543
204548
204559
204560
204563
204565
204569
204587
204588
204589
204591
204594
204595
204609
204611
204613
204614
204618
204628
204630
204631
204632
204645
204646
204651
204655
204657
204663
204665
204668
204677
204680
204683
204684
204688
204699
204700
204701
204704
204706
204708
204713
204723
204727
204744
204759
204770
204777
204792
204796
204804
204810
204811
204818
204820
204840
204842
204860
204862
204866
204867
204868
204871
204873
204877
204887
204888
204891
204898
204899
204909
204910
204915
204917
204941
204942
204945
204948
204955
204959
204966
204968
204972
204973
204976
204993
204996
204997
205001
205002
205011
205012
205034
205035
205042
205046
205049
205055
205057
205061
205064
205065
205074
205080
205093
205095
205097
205102
205106
205113
205118
205129
205132
205135
205137
205154
205156
205166
205172
205174
205176
205188
205193
205194
205195
205196
205199
205212
205213
205217
205218
205219
205221
205223
205228
205236
205243
205251
205257
205259
205262
205263
205266
205269
205270
205278
205281
205300
205303
205316
205320
205330
205334
205335
205338
205339
205342
205343
205367
205379
205384
205386
205394
205404
205405
205416
205419
205420
205422
205428
205433
205443
205449
205452
205453
205456
205463
205467
205468
205470
205473
205475
205480
205497
205498
205499
205503
205540
205554
205557
205564
205573
205585
205586
205591
205596
205614
205626
205627
205630
205637
205646
205648
205659
205674
205675
205686
205692
205694
205696
205709
205718
205720
205738
205752
205762
205766
205773
205774
205782
205783
205785
205788
205791
205802
205805
205809
205810
205817
205821
205822
205824
205832
205838
205841
205842
205846
205847
205848
205853
205862
205868
205872
205878
205889
205890
205898
205904
205906
205907
205914
205923
205930
205931
205936
205939
205944
205946
205955
205959
205962
205969
205973
205979
205983
205984
205989
205995
206001
206007
206013
206014
206015
206020
206036
206040
206045
206048
206055
206057
206059
206069
206072
206077
206078
206080
206085
206090
206096
206103
206104
206114
206122
206126
206128
206129
206154
206158
206163
206164
206169
206177
206182
206183
206185
206187
206188
206196
206197
206198
206203
206210
206213
206218
206227
206228
206233
206249
206251
206252
206255
206268
206279
206297
206299
206301
206304
206318
206339
206342
206343
206347
206348
206357
206359
206361
206362
206364
206379
206385
206390
206397
206401
206422
206423
206424
206425
206431
206433
206437
206444
206446
206447
206449
206458
206460
206461
206468
206469
206480
206482
206485
206491
206493
206509
206515
206516
206518
206522
206525
206540
206544
206546
206562
206563
206565
206566
206569
206596
206597
206601
206602
206612
206614
206615
206618
206619
206625
206626
206637
206638
206642
206649
206663
206664
206669
206670
206671
206672
206673
206678
206689
206690
206692
206695
206710
206713
206714
206716
206717
206718
206722
206737
206743
206744
206755
206757
206758
206768
206770
206772
206774
206779
206780
206788
206793
206794
206803
206804
206807
206808
206810
206812
206813
206817
206829
206832
206835
206840
206848
206851
206864
206874
206877
206879
206880
206881
206882
206884
206885
206890
206891
206893
206898
206902
206906
206911
206916
206920
206921
206933
206935
206939
206941
206951
206957
206964
206967
206982
206983
206988
206991
207002
207010
207013
207023
207025
207029
207030
207031
207041
207046
207055
207056
207072
207078
207079
207083
207088
207107
207110
207119
207135
207139
207145
207155
207157
207168
207170
207171
207175
207176
207177
207179
207180
207181
207182
207207
207212
207218
207222
207224
207229
207231
207239
207247
207251
207254
207261
207269
207270
207272
207273
207274
207277
207286
207290
207295
207296
207297
207298
207299
207304
207305
207319
207322
207324
207326
207339
207348
207349
207357
207363
207364
207371
207372
207378
207379
207401
207402
207404
207405
207411
207428
207431
207433
207434
207435
207447
207460
207461
207463
207464
207465
207466
207474
207475
207478
207490
207491
207492
207497
207515
207517
207520
207531
207548
207550
207555
207559
207565
207567
207571
207573
207576
207579
207582
207597
207615
207618
207620
207622
207648
207655
207671
207672
207675
207678
207683
207695
207712
207727
207742
207743
207759
207760
207762
207767
207771
207775
207784
207785
207786
207788
207792
207794
207795
207815
207816
207822
207829
207833
207853
207856
207857
207860
207861
207862
207865
207870
207876
207888
207889
207890
207892
207894
207895
207901
207902
207907
207914
207915
207918
207921
207926
207927
207930
207938
207940
207942
207944
207946
207948
207954
207956
207962
207964
207967
207968
207971
207972
207975
207982
207984
207985
207987
207988
207993
207994
207995
207997
207999
208015
208016
208017
208018
208049
208053
208054
208061
208079
208082
208084
208089
208096
208100
208101
208109
208113
208126
208127
208130
208134
208142
208159
208162
208164
208168
208170
208183
208201
208204
208207
208226
208227
208240
208241
208266
208268
208269
208270
208271
208273
208284
208288
208296
208306
208307
208308
208309
208310
208338
208339
208352
208360
208361
208362
208380
208387
208395
208423
208431
208432
208436
208438
208444
208452
208456
208461
208471
208472
208476
208477
208485
208487
208489
208496
208504
208508
208512
208517
208519
208522
208525
208543
208554
208580
208581
208582
208583
208584
208585
208586
208587
208588
208592
208598
208614
208615
208621
208628
208632
208637
208638
208639
208643
208649
208651
208653
208663
208665
208669
208672
208687
208690
208691
208701
208707
208709
208710
208711
208713
208722
208731
208733
208736
208737
208738
208739
208745
208756
208763
208768
208780
208781
208785
208786
208789
208791
208806
208809
208811
208813
208814
208821
208822
208826
208827
208832
208834
208835
208836
208847
208853
208860
208861
208869
208877
208882
208890
208891
208901
208902
208906
208907
208912
208916
208918
208933
208936
208937
208953
208954
208957
208958
208959
208972
208974
208975
208985
208986
208988
208991
208993
209002
209009
209010
209011
209014
209017
209019
209022
209037
209039
209052
209057
209060
209062
209069
209080
209081
209082
209084
209086
209092
209094
209097
209098
209105
209114
209115
209116
209126
209129
209137
209141
209144
209162
209178
209188
209190
209191
209195
209210
209213
209214
209218
209237
209239
209241
209260
209264
209265
209283
209284
209286
209290
209292
209311
209312
209328
209329
209330
209349
209358
209366
209370
209379
209380
209384
209387
209394
209402
209403
209404
209410
209437
209441
209442
209446
209449
209457
209480
209483
209490
209493
209494
209496
209497
209498
209523
209546
209552
209568
209590
209591
209593
209594
209596
209597
209606
209608
209615
209619
209626
209638
209645
209646
209662
209675
209679
209680
209681
209682
209683
209685
209693
209696
209702
209703
209713
209715
209738
209745
209754
209759
209760
209772
209790
209792
209793
209795
209810
209813
209819
209820
209821
209827
209829
209830
209834
209849
209854
209859
209861
209862
209867
209876
209880
209882
209884
209885
209897
209901
209904
209906
209908
209916
209926
209933
209935
209937
209938
209939
209940
209951
209958
209959
209961
209962
209963
209966
209968
209974
209977
209978
209981
209985
209987
209999
210000
210003
210012
210026
210027
210040
210046
210052
210058
210064
210066
210082
210083
210086
210087
210088
210089
210091
210092
210100
210111
210112
210113
210115
210118
210119
210126
210140
210147
210163
210164
210172
210176
210185
210186
210187
210191
210192
210198
210211
210217
210218
210219
210220
210237
210241
210242
210243
210262
210266
210273
210276
210283
210293
210297
210307
210321
210322
210333
210334
210338
210339
210342
210359
210367
210368
210371
210372
210373
210390
210396
210401
210430
210436
210450
210452
210470
210474
210486
210502
210504
210505
210508
210512
210518
210520
210525
210529
210530
210539
210554
210561
210565
210576
210583
210597
210606
210607
210623
210624
210625
210628
210652
210653
210659
210660
210662
210670
210673
210708
210709
210710
210711
210712
210718
210719
210720
210722
210724
210725
210727
210729
210730
210734
210749
210752
210753
210754
210755
210759
210778
210779
210794
210797
210801
210807
210810
210811
210812
210816
210820
210822
210832
210833
210835
210836
210838
210850
210852
210857
210863
210871
210872
210875
210878
210894
210895
210902
210904
210905
210914
210932
210937
210960
210977
210979
210981
210989
210994
210999
211000
211001
211004
211008
211012
211013
211014
211028
211035
211036
211052
211053
211055
211059
211073
211085
211097
211117
211118
211119
211120
211125
211142
211145
211146
211150
211171
211173
211174
211177
211178
211182
211197
211199
211204
211205
211211
211220
211224
211227
211230
211231
211235
211249
211251
211252
211253
211257
211261
211263
211271
211277
211278
211288
211290
211291
211293
211303
211304
211305
211315
211318
211319
211321
211323
211334
211342
211348
211352
211353
211354
211358
211364
211374
211375
211379
211380
211382
211385
211388
211405
211409
211410
211414
211436
211441
211442
211446
211447
211449
211455
211461
211464
211465
211471
211474
211476
211499
211503
211507
211508
211509
211510
211530
211531
211533
211540
211545
211546
211555
211557
211559
211567
211584
211587
211588
211591
211599
211614
211615
211616
211618
211620
211621
211624
211627
211632
211635
211640
211645
211647
211648
211652
211656
211657
211658
211660
211662
211666
211680
211683
211706
211714
211715
211719
211729
211737
211739
211744
211755
211756
211758
211767
211768
211771
211790
211797
211802
211803
211805
211809
211817
211833
211840
211856
211864
211866
211881
211886
211901
211906
211924
211926
211936
211945
211952
211957
211958
211960
211961
211966
211971
211976
211984
211985
211986
211987
211988
211991
211998
212007
212019
212025
212029
212035
212036
212042
212043
212044
212049
212064
212066
212069
212083
212086
212087
212094
212095
212097
212098
212103
212107
212109
212114
212117
212122
212124
212135
212140
212146
212149
212153
212159
212160
212161
212165
212167
212169
212172
212174
212175
212186
212189
212193
212199
212200
212208
212212
212213
212214
212215
212217
212221
212223
212236
212239
212242
212243
212256
212257
212261
212262
212263
212266
212285
212286
212288
212304
212306
212316
212318
212320
212325
212326
212336
212340
212342
212343
212352
212357
212358
212375
212388
212392
212393
212402
212410
212413
212414
212418
212421
212425
212426
212429
212430
212433
212434
212440
212443
212444
212454
212458
212461
212462
212472
212480
212489
212497
212498
212499
212507
212517
212523
212536
212544
212550
212552
212553
212554
212556
212564
212578
212581
212582
212586
212605
212615
212628
212631
212633
212634
212635
212636
212654
212656
212657
212667
212672
212677
212680
212691
212718
212719
212721
212725
212741
212742
212743
212746
212747
212748
212749
212752
212760
212767
212775
212776
212779
212790
212809
212810
212811
212815
212818
212823
212838
212844
212846
212851
212852
212858
212866
212879
212892
212893
212895
212897
212898
212900
212904
212917
212918
212923
212925
212928
212930
212961
212964
212981
212988
212995
212997
212998
213012
213017
213022
213028
213041
213046
213053
213056
213061
213080
213081
213082
213087
213098
213099
213100
213104
213105
213106
213108
213111
213112
213114
213117
213123
213124
213132
213137
213139
213144
213145
213154
213155
213159
213161
213164
213165
213166
213167
213174
213177
213202
213211
213224
213235
213236
213239
213250
213251
213254
213257
213258
213261
213283
213288
213294
213295
213308
213313
213314
213316
213318
213336
213337
213338
213342
213343
213358
213363
213374
213377
213382
213386
213387
213389
213390
213410
213411
213414
213415
213419
213420
213441
213445
213453
213473
213493
213495
213496
213497
213499
213510
213527
213528
213530
213531
213543
213556
213557
213566
213579
213580
213581
213589
213592
213596
213608
213611
213613
213618
213619
213634
213636
213640
213647
213655
213660
213662
213663
213664
213665
213668
213670
213672
213673
213675
213676
213681
213688
213695
213698
213703
213718
213720
213723
213731
213732
213735
213768
213769
213772
213798
213810
213828
213829
213836
213839
213842
213852
213854
213866
213870
213879
213882
213886
213887
213889
213890
213891
213898
213900
213903
213904
213905
213909
213914
213920
213921
213922
213929
213931
213937
213950
213951
213953
213955
213958
213963
213977
213982
213986
213993
214007
214008
214010
214011
214014
214017
214019
214026
214027
214041
214047
214048
214050
214054
214055
214060
214067
214072
214074
214075
214080
214081
214097
214103
214109
214116
214118
214127
214134
214136
214142
214144
214151
214156
214157
214162
214182
214183
214189
214192
214196
214201
214206
214210
214220
214221
214222
214227
214230
214233
214239
214240
214243
214258
214261
214264
214268
214281
214283
214287
214291
214295
214303
214324
214332
214333
214334
214336
214339
214340
214341
214351
214355
214356
214372
214381
214387
214396
214400
214403
214404
214405
214431
214434
214440
214443
214447
214452
214458
214460
214465
214472
214476
214479
214488
214490
214494
214497
214520
214522
214527
214531
214536
214540
214550
214551
214555
214557
214561
214574
214583
214597
214604
214605
214607
214613
214636
214637
214646
214663
214679
214688
214714
214715
214719
214736
214738
214739
214740
214741
214743
214744
214757
214769
214773
214775
214780
214790
214791
214805
214812
214818
214824
214825
214828
214833
214848
214852
214854
214857
214863
214867
214877
214879
214882
214892
214893
214895
214899
214917
214926
214927
214928
214929
214931
214934
214939
214951
214954
214955
214958
214959
214961
214962
214964
214970
214981
214982
214984
214993
215010
215012
215015
215020
215022
215023
215031
215050
215052
215056
215058
215062
215063
215068
215082
215088
215091
215092
215103
215113
215118
215133
215135
215136
215138
215140
215141
215159
215163
215164
215165
215166
215167
215169
215170
215173
215174
215176
215180
215184
215199
215201
215206
215217
215222
215230
215231
215233
215242
215244
215261
215263
215265
215267
215270
215273
215277
215278
215293
215295
215309
215321
215322
215325
215326
215327
215329
215330
215332
215334
215341
215360
215362
215363
215367
215379
215380
215385
215386
215390
215408
215409
215412
215413
215414
215420
215433
215435
215440
215442
215448
215459
215463
215464
215476
215479
215489
215492
215495
215496
215503
215506
215510
215517
215524
215525
215532
215539
215558
215577
215582
215587
215607
215608
215610
215615
215617
215618
215627
215635
215636
215644
215647
215661
215672
215674
215676
215680
215682
215688
215691
215694
215713
215714
215715
215717
215739
215741
215742
215746
215751
215756
215762
215800
215801
215806
215807
215812
215813
215870
215876
215878
215883
215884
215890
215891
215907
215919
215932
215941
215953
215954
215956
215959
215976
215989
215995
215998
216004
216006
216007
216017
216022
216027
216033
216034
216035
216041
216047
216048
216056
216057
216059
216062
216063
216064
216067
216068
216094
216102
216113
216114
216115
216119
216120
216122
216123
216124
216127
216128
216129
216131
216134
216136
216140
216161
216163
216166
216170
216174
216184
216188
216189
216200
216203
216211
216213
216250
216258
216267
216276
216277
216281
216282
216283
216284
216285
216292
216311
216312
216313
216314
216315
216317
216318
216321
216327
216344
216350
216352
216358
216359
216361
216372
216373
216374
216378
216380
216382
216395
216399
216402
216411
216422
216428
216430
216434
216451
216454
216455
216456
216461
216462
216471
216473
216477
216480
216486
216495
216501
216504
216520
216530
216532
216536
216537
216548
216567
216572
216577
216579
216582
216583
216594
216602
216603
216604
216607
216614
216615
216618
216622
216623
216638
216641
216642
216647
216670
216701
216702
216703
216705
216706
216709
216710
216714
216721
216724
216738
216746
216747
216751
216752
216754
216758
216773
216774
216777
216778
216780
216781
216786
216789
216805
216808
216811
216819
216825
216840
216841
216843
216863
216890
216892
216896
216899
216909
216923
216931
216933
216935
216938
216942
216946
216955
216959
216963
216970
216976
216981
216989
216990
216992
216993
216996
217006
217013
217014
217029
217030
217036
217048
217054
217059
217060
217070
217087
217094
217095
217096
217103
217109
217112
217114
217115
217132
217143
217149
217153
217154
217158
217169
217170
217171
217183
217184
217185
217190
217192
217200
217204
217220
217221
217222
217227
217228
217230
217231
217234
217244
217247
217252
217255
217270
217289
217294
217295
217302
217331
217358
217367
217369
217384
217385
217386
217388
217392
217393
217394
217401
217402
217403
217404
217415
217421
217422
217427
217432
217445
217448
217452
217453
217457
217461
217469
217473
217480
217485
217486
217487
217489
217490
217493
217494
217497
217505
217506
217511
217514
217518
217519
217525
217526
217527
217533
217534
217548
217557
217558
217562
217567
217569
217570
217573
217577
217582
217585
217589
217592
217595
217601
217624
217625
217626
217630
217631
217632
217640
217651
217653
217658
217660
217663
217665
217666
217668
217669
217682
217691
217692
217694
217695
217696
217704
217706
217707
217727
217728
217730
217741
217754
217755
217756
217763
217764
217772
217774
217775
217790
217796
217803
217807
217813
217821
217830
217831
217835
217837
217851
217852
217864
217866
217867
217875
217876
217892
217893
217905
217908
217912
217913
217915
217918
217919
217935
217947
217948
217951
217954
217956
217963
217965
217980
217986
217990
217991
217997
218007
218010
218014
218015
218017
218020
218021
218029
218042
218043
218046
218048
218052
218059
218075
218080
218082
218093
218112
218116
218119
218140
218156
218157
218165
218166
218167
218178
218180
218191
218194
218198
218210
218216
218217
218218
218222
218224
218229
218235
218236
218239
218246
218261
218275
218280
218281
218287
218292
218297
218298
218310
218313
218329
218337
218338
218343
218351
218361
218362
218366
218367
218373
218399
218400
218401
218403
218404
218406
218407
218423
218440
218441
218442
218454
218458
218465
218468
218484
218486
218489
218497
218511
218512
218514
218515
218517
218521
218522
218533
218538
218549
218552
218554
218556
218567
218568
218576
218577
218581
218608
218617
218627
218644
218647
218650
218661
218667
218671
218676
218677
218681
218682
218683
218693
218702
218703
218705
218709
218710
218730
218732
218733
218742
218746
218749
218750
218751
218767
218768
218775
218776
218780
218781
218782
218783
218784
218787
218797
218800
218802
218811
218812
218820
218821
218822
218828
218849
218850
218853
218854
218855
218856
218866
218869
218881
218883
218890
218894
218909
218912
218917
218939
218940
218951
218952
218957
218962
218976
218979
218980
218985
218988
218989
218990
219001
219002
219006
219023
219024
219026
219028
219039
219040
219042
219046
219047
219054
219055
219056
219057
219067
219069
219072
219076
219085
219101
219136
219138
219158
219171
219174
219177
219179
219190
219192
219193
219199
219201
219202
219203
219204
219205
219207
219214
219217
219229
219230
219232
219239
219240
219244
219248
219265
219267
219268
219269
219274
219294
219299
219307
219331
219333
219340
219342
219344
219345
219354
219364
219367
219368
219370
219371
219377
219378
219381
219382
219393
219394
219399
219403
219408
219416
219425
219426
219429
219430
219441
219459
219465
219503
219508
219509
219535
219550
219557
219560
219563
219597
219600
219601
219602
219606
219610
219611
219612
219618
219620
219621
219626
219631
219649
219651
219652
219653
219655
219657
219658
219659
219676
219678
219689
219698
219718
219719
219721
219722
219745
219747
219748
219749
219752
219754
219755
219760
219773
219781
219785
219786
219787
219792
219798
219805
219808
219812
219814
219816
219817
219818
219819
219820
219826
219856
219859
219863
219864
219868
219884
219887
219888
219896
219897
219899
219900
219902
219909
219929
219930
219931
219937
219948
219965
219970
219973
219976
219984
219988
220005
220006
220007
220008
220014
220030
220031
220055
220057
220088
220091
220093
220101
220105
220111
220112
220120
220128
220134
220146
220147
220148
220153
220154
220158
220168
220172
220186
220190
220192
220193
220194
220195
220200
220207
220263
220264
220274
220277
220281
220291
220303
220307
220308
220309
220310
220311
220315
220317
220319
220320
220338
220340
220344
220346
220347
220348
220351
220369
220373
220374
220379
220382
220390
220392
220413
220414
220417
220418
220419
220421
220457
220467
220478
220484
220490
220492
220493
220497
220498
220500
220501
220525
220527
220529
220531
220537
220542
220544
220545
220551
220552
220553
220554
220567
220570
220571
220576
220579
220597
220604
220607
220608
220617
220618
220619
220622
220625
220636
220637
220645
220648
220649
220650
220653
220667
220676
220677
220680
220687
220688
220694
220698
220706
220716
220717
220722
220723
220725
220741
220742
220752
220755
220756
220757
220758
220759
220764
220766
220769
220775
220799
220817
220821
220822
220823
220827
220830
220838
220841
220844
220850
220869
220870
220887
220888
220901
220906
220916
220921
220923
220927
220930
220934
220939
220943
220949
220958
220961
220962
220976
220977
221005
221006
221007
221008
221009
221010
221013
221016
221036
221037
221041
221046
221051
221052
221058
221060
221069
221070
221073
221080
221083
221087
221088
221089
221092
221097
221102
221110
221111
221113
221115
221125
221128
221135
221144
221146
221149
221150
221162
221176
221177
221182
221187
221197
221215
221216
221217
221224
221225
221226
221230
221233
221235
221242
221247
221249
221250
221257
221265
221274
221282
221283
221292
221295
221296
221304
221306
221307
221308
221316
221324
221328
221329
221346
221349
221350
221351
221352
221354
221355
221369
221374
221376
221381
221390
221393
221405
221411
221412
221413
221416
221417
221446
221450
221476
221477
221481
221501
221504
221506
221528
221543
221544
221547
221549
221553
221554
221561
221585
221587
221589
221590
221591
221594
221595
221598
221599
221601
221612
221624
221628
221629
221636
221646
221650
221654
221683
221684
221685
221691
221692
221714
221715
221719
221720
221731
221733
221737
221738
221744
221758
221760
221761
221768
221794
221798
221822
221825
221836
221838
221839
221840
221843
221845
221867
221872
221873
221879
221903
221906
221912
221915
221916
221917
221932
221938
221939
221946
221948
221949
221951
221955
221956
221966
221977
221986
221991
221992
221993
221994
221995
221996
222002
222005
222007
222017
222018
222023
222024
222026
222031
222034
222035
222044
222045
222048
222049
222063
222064
222067
222074
222077
222078
222080
222090
222091
222107
222108
222110
222112
222142
222149
222184
222185
222187
222194
222200
222214
222220
222227
222229
222234
222235
222237
222248
222251
222254
222266
222269
222276
222285
222302
222309
222316
222324
222329
222339
222341
222345
222347
222352
222371
222374
222390
222414
222416
222421
222426
222434
222436
222440
222441
222443
222447
222453
222454
222458
222465
222471
222491
222501
222516
222530
222533
222534
222538
222542
222543
222544
222551
222554
222556
222568
222569
222576
222578
222601
222609
222610
222611
222636
222640
222641
222642
222646
222648
222650
222653
222677
222678
222679
222685
222691
222693
222707
222711
222712
222714
222715
222716
222720
222721
222722
222731
222740
222742
222750
222751
222752
222761
222781
222789
222794
222796
222809
222815
222824
222828
222829
222834
222836
222839
222840
222843
222845
222850
222851
222864
222865
222868
222871
222881
222898
222905
222908
222911
222914
222915
222930
222931
222934
222937
222945
222953
222955
222957
222962
222963
222966
222967
222973
223001
223002
223004
223005
223006
223015
223016
223017
223030
223032
223042
223043
223045
223049
223053
223055
223074
223087
223088
223089
223090
223092
223094
223106
223120
223122
223128
223129
223130
223131
223138
223141
223148
223151
223154
223157
223170
223172
223178
223181
223182
223191
223198
223199
223201
223206
223208
223213
223217
223218
223223
223229
223240
223242
223245
223246
223248
223252
223263
223278
223280
223283
223285
223290
223302
223303
223305
223310
223323
223327
223333
223336
223358
223363
223367
223372
223384
223390
223391
223394
223395
223400
223403
223405
223407
223418
223432
223436
223437
223443
223445
223447
223464
223467
223478
223480
223487
223488
223489
223499
223523
223525
223528
223533
223543
223564
223568
223569
223573
223578
223582
223606
223607
223616
223617
223624
223652
223653
223655
223663
223665
223671
223672
223685
223686
223689
223692
223693
223695
223705
223723
223728
223731
223735
223736
223742
223761
223762
223767
223768
223771
223783
223786
223792
223795
223802
223803
223804
223805
223810
223811
223814
223816
223817
223819
223841
223842
223846
223849
223851
223857
223859
223864
223879
223880
223881
223883
223884
223885
223886
223887
223906
223909
223915
223916
223917
223943
223955
223956
223970
223973
223978
223986
223993
223996
223997
224002
224005
224006
224007
224008
224011
224013
224024
224028
224033
224040
224058
224068
224069
224070
224071
224072
224076
224079
224083
224084
224092
224095
224101
224113
224116
224118
224120
224122
224123
224143
224156
224157
224165
224188
224191
224194
224199
224202
224207
224234
224235
224238
224244
224245
224263
224264
224268
224272
224273
224274
224275
224277
224279
224283
224284
224289
224290
224291
224294
224296
224307
224313
224314
224316
224318
224319
224321
224322
224323
224324
224357
224358
224360
224369
224389
224395
224397
224401
224421
224422
224425
224433
224437
224438
224451
224452
224462
224463
224465
224466
224470
224471
224479
224482
224483
224500
224504
224507
224511
224529
224535
224549
224551
224552
224558
224571
224593
224603
224604
224605
224610
224611
224612
224621
224622
224624
224626
224649
224653
224654
224656
224662
224664
224665
224666
224667
224672
224673
224705
224706
224708
224714
224715
224716
224718
224726
224733
224734
224738
224744
224745
224752
224755
224769
224781
224790
224791
224794
224800
224811
224822
224825
224826
224834
224835
224836
224837
224851
224866
224869
224870
224873
224874
224875
224876
224877
224881
224885
224888
224906
224924
224925
224929
224935
224946
224947
224952
224953
224956
224957
224959
224978
224992
224994
224996
224997
224998
225001
225003
225013
225020
225025
225035
225042
225043
225052
225053
225057
225059
225062
225065
225068
225069
225077
225082
225083
225096
225103
225106
225113
225119
225126
225127
225154
225155
225170
225171
225175
225180
225185
225200
225204
225206
225210
225217
225235
225236
225237
225239
225246
225247
225250
225259
225268
225275
225276
225279
225280
225283
225288
225289
225290
225291
225292
225293
225299
225302
225313
225314
225319
225322
225333
225335
225346
225347
225352
225356
225357
225365
225368
225374
225385
225387
225389
225391
225399
225400
225403
225424
225425
225427
225431
225432
225440
225441
225458
225463
225464
225466
225470
225471
225476
225487
225495
225496
225503
225505
225506
225507
225511
225512
225514
225517
225534
225549
225551
225556
225557
225558
225559
225567
225571
225576
225588
225590
225592
225600
225604
225611
225617
225620
225621
225626
225638
225647
225648
225653
225654
225659
225681
225684
225685
225697
225704
225710
225720
225721
225731
225732
225733
225754
225760
225761
225762
225763
225767
225773
225774
225775
225802
225806
225812
225813
225820
225824
225830
225834
225846
225848
225852
225856
225857
225859
225871
225873
225882
225886
225889
225894
225902
225912
225917
225921
225935
225941
225943
225944
225947
225948
225949
225953
225959
225961
225975
225977
225978
225982
225983
225994
226001
226008
226009
226028
226029
226031
226036
226038
226041
226047
226059
226073
226085
226086
226088
226090
226095
226098
226115
226125
226126
226129
226130
226136
226138
226159
226163
226174
226178
226179
226185
226192
226196
226209
226211
226212
226221
226230
226232
226236
226258
226275
226278
226280
226287
226297
226310
226314
226319
226324
226325
226328
226342
226353
226354
226357
226366
226367
226369
226371
226382
226388
226394
226395
226401
226406
226408
226409
226410
226437
226438
226443
226444
226453
226476
226483
226484
226492
226493
226503
226504
226524
226526
226537
226538
226544
226559
226569
226570
226575
226582
226583
226584
226594
226595
226610
226615
226616
226617
226621
226623
226632
226649
226650
226655
226658
226659
226663
226669
226670
226696
226699
226703
226705
226706
226711
226713
226725
226760
226761
226764
226769
226771
226797
226803
226808
226814
226817
226834
226838
226842
226848
226852
226863
226880
226890
226903
226904
226905
226910
226911
226918
226921
226922
226927
226929
226934
226958
226959
226963
226965
226970
226971
226972
226976
226982
226997
227007
227011
227015
227017
227018
227019
227020
227023
227035
227051
227057
227059
227062
227074
227094
227103
227104
227126
227130
227135
227145
227146
227150
227151
227153
227155
227156
227161
227162
227165
227180
227182
227188
227196
227197
227198
227208
227214
227215
227217
227218
227220
227233
227236
227250
227251
227254
227258
227276
227293
227297
227320
227332
227333
227335
227342
227344
227350
227352
227362
227363
227364
227391
227392
227393
227394
227395
227396
227399
227404
227418
227421
227422
227427
227439
227442
227444
227469
227471
227475
227477
227485
227488
227489
227492
227493
227496
227509
227512
227516
227517
227519
227521
227522
227523
227524
227530
227537
227539
227552
227553
227564
227572
227602
227603
227609
227611
227612
227613
227614
227619
227628
227635
227641
227644
227654
227658
227661
227663
227664
227666
227667
227680
227692
227696
227697
227704
227707
227717
227723
227743
227747
227748
227753
227754
227755
227757
227758
227761
227777
227780
227792
227793
227794
227797
227802
227804
227805
227809
227822
227824
227839
227840
227849
227860
227862
227874
227875
227876
227882
227884
227885
227887
227888
227891
227916
227917
227919
227920
227923
227924
227927
227928
227930
227936
227938
227942
227948
227949
227953
227964
227965
227966
227971
227972
227986
227987
227991
228004
228006
228009
228010
228011
228033
228036
228048
228049
228051
228055
228059
228065
228067
228081
228091
228113
228114
228115
228116
228120
228121
228131
228133
228135
228148
228166
228167
228169
228170
228172
228173
228175
228176
228177
228178
228189
228207
228210
228216
228220
228255
228257
228260
228261
228264
228268
228271
228272
228273
228276
228289
228305
228306
228315
228326
228328
228329
228330
228332
228341
228343
228348
228350
228353
228354
228361
228368
228378
228379
228389
228393
228394
228421
228422
228426
228427
228428
228443
228452
228469
228470
228471
228472
228473
228474
228475
228487
228492
228500
228507
228514
228520
228521
228527
228530
228532
228535
228538
228539
228548
228549
228563
228564
228578
228581
228583
228589
228594
228600
228601
228603
228610
228613
228614
228615
228616
228617
228620
228625
228628
228630
228645
228657
228658
228660
228661
228662
228665
228671
228676
228679
228683
228698
228700
228701
228702
228716
228726
228734
228743
228744
228747
228749
228753
228757
228769
228771
228787
228790
228791
228811
228818
228820
228821
228824
228831
228843
228845
228849
228853
228858
228866
228881
228882
228894
228895
228897
228899
228906
228919
228938
228943
228946
228947
228953
228962
228981
228993
228994
228997
228998
229000
229001
229006
229009
229010
229017
229021
229022
229037
229038
229039
229040
229046
229051
229056
229077
229078
229102
229105
229109
229115
229116
229117
229120
229121
229145
229165
229166
229169
229173
229174
229175
229190
229215
229221
229222
229225
229242
229245
229248
229265
229266
229267
229272
229275
229285
229287
229289
229294
229297
229314
229316
229321
229325
229331
229333
229336
229337
229339
229345
229346
229352
229354
229363
229379
229385
229424
229427
229431
229432
229434
229435
229436
229454
229464
229472
229474
229475
229480
229481
229482
229483
229488
229492
229493
229512
229515
229523
229527
229528
229532
229538
229541
229544
229558
229565
229569
229570
229575
229577
229580
229583
229585
229588
229611
229615
229617
229618
229632
229654
229656
229657
229660
229666
229670
229676
229681
229693
229698
229700
229703
229704
229718
229719
229722
229724
229725
229748
229749
229755
229765
229772
229775
229777
229791
229792
229793
229796
229797
229805
229813
229829
229840
229841
229842
229844
229845
229851
229852
229853
229854
229855
229856
229859
229860
229864
229868
229870
229871
229884
229888
229901
229906
229909
229926
229935
229938
229943
229955
229967
229973
229975
229976
229977
229979
229980
229989
229997
230019
230020
230030
230037
230044
230046
230069
230070
230077
230078
230083
230093
230098
230105
230111
230123
230124
230125
230127
230129
230130
230131
230138
230140
230147
230149
230151
230163
230189
230196
230198
230205
230206
230207
230213
230218
230219
230234
230236
230237
230242
230250
230270
230271
230277
230279
230280
230281
230284
230285
230286
230288
230294
230296
230298
230299
230307
230328
230331
230336
230345
230349
230376
230386
230388
230389
230394
230395
230398
230409
230414
230420
230423
230426
230428
230430
230432
230433
230435
230448
230461
230462
230463
230466
230467
230471
230472
230480
230490
230501
230507
230508
230509
230510
230511
230513
230520
230525
230533
230537
230561
230565
230570
230571
230576
230595
230604
230605
230612
230620
230622
230638
230645
230653
230654
230663
230669
230681
230688
230692
230694
230695
230697
230701
230702
230709
230718
230719
230725
230729
230730
230732
230735
230736
230737
230740
230745
230746
230752
230785
230787
230796
230797
230803
230811
230833
230837
230842
230843
230849
230856
230857
230862
230874
230892
230893
230895
230896
230900
230901
230902
230903
230904
230906
230908
230909
230910
230918
230919
230932
230937
230938
230939
230943
230947
230953
230960
230962
230983
230985
230993
230998
231003
231010
231034
231039
231041
231042
231045
231048
231049
231057
231058
231064
231071
231076
231093
231096
231097
231098
231101
231104
231114
231122
231135
231136
231137
231138
231139
231142
231143
231150
231151
231153
231156
231158
231166
231169
231187
231188
231189
231193
231194
231199
231205
231208
231209
231210
231219
231235
231236
231240
231243
231249
231260
231271
231289
231291
231292
231293
231294
231295
231302
231306
231307
231340
231341
231342
231345
231351
231380
231383
231384
231385
231388
231389
231390
231416
231417
231419
231423
231424
231425
231426
231431
231440
231442
231470
231477
231480
231484
231485
231490
231492
231502
231513
231523
231530
231533
231540
231557
231570
231571
231579
231581
231584
231590
231592
231595
231600
231601
231608
231622
231629
231630
231635
231649
231675
231678
231681
231688
231708
231715
231717
231723
231733
231735
231750
231762
231763
231764
231768
231770
231771
231775
231777
231778
231786
231787
231788
231791
231792
231799
231802
231806
231807
231813
231817
231824
231830
231832
231833
231863
231864
231865
231867
231868
231873
231874
231875
231876
231883
231885
231894
231925
231933
231937
231943
231957
231965
231966
231967
231968
231975
231979
231980
231985
231995
232000
232001
232007
232014
232025
232034
232035
232045
232049
232065
232066
232075
232077
232078
232082
232083
232084
232097
232105
232113
232120
232124
232126
232128
232129
232133
232148
232170
232176
232177
232178
232182
232188
232218
232224
232230
232243
232245
232259
232261
232264
232272
232274
232285
232286
232312
232314
232315
232319
232320
232322
232324
232340
232353
232357
232358
232359
232364
232365
232371
232378
232382
232392
232393
232411
232414
232421
232422
232429
232430
232436
232438
232448
232482
232483
232490
232492
232493
232494
232499
232512
232513
232514
232532
232533
232539
232545
232548
232560
232564
232586
232589
232590
232591
232596
232639
232640
232641
232642
232644
232647
232670
232671
232692
232694
232697
232700
232702
232709
232717
232723
232730
232731
232732
232738
232742
232743
232749
232750
232753
232778
232786
232791
232794
232799
232800
232816
232827
232833
232834
232845
232846
232848
232854
232857
232865
232889
232892
232895
232896
232897
232904
232911
232936
232940
232942
232952
232960
232963
232981
232988
232995
232996
233003
233015
233026
233046
233047
233055
233063
233064
233071
233075
233095
233100
233104
233105
233111
233137
233138
233143
233144
233151
233154
233155
233169
233170
233173
233174
233179
233181
233182
233187
233193
233194
233199
233221
233222
233231
233237
233240
233246
233249
233250
233261
233272
233273
233275
233276
233285
233286
233290
233300
233304
233305
233312
233314
233320
233323
233325
233326
233332
233333
233335
233337
233356
233364
233370
233376
233377
233384
233387
233388
233390
233396
233397
233399
233412
233416
233433
233449
233454
233455
233459
233461
233462
233464
233465
233466
233468
233472
233474
233475
233478
233480
233500
233503
233508
233512
233518
233522
233526
233530
233531
233547
233550
233561
233564
233565
233570
233571
233577
233581
233583
233594
233601
233632
233633
233642
233662
233666
233667
233675
233677
233678
233685
233691
233692
233693
233694
233700
233709
233735
233737
233738
233739
233742
233743
233749
233750
233762
233765
233774
233785
233786
233794
233795
233798
233821
233838
233839
233841
233843
233848
233851
233856
233860
233861
233869
233873
233893
233894
233896
233903
233909
233910
233912
233913
233914
233917
233929
233937
233940
233955
233956
233962
233963
233969
233974
233983
233985
233988
233990
234002
234039
234044
234050
234070
234071
234076
234077
234078
234087
234088
234091
234092
234103
234105
234129
234131
234133
234134
234135
234140
234141
234142
234148
234149
234150
234172
234190
234192
234197
234200
234212
234213
234214
234218
234219
234240
234241
234242
234244
234251
234252
234262
234267
234268
234292
234299
234300
234301
234307
234313
234317
234323
234324
234335
234336
234337
234339
234356
234376
234381
234382
234387
234389
234390
234391
234392
234393
234402
234403
234404
234416
234425
234435
234440
234453
234456
234458
234459
234460
234463
234469
234481
234482
234490
234494
234504
234511
234520
234523
234526
234531
234570
234575
234576
234577
234578
234587
234590
234599
234606
234639
234641
234645
234646
234668
234680
234686
234688
234696
234707
234712
234713
234715
234741
234748
234750
234751
234752
234753
234757
234764
234770
234792
234800
234805
234810
234812
234816
234818
234825
234832
234833
234849
234850
234858
234861
234863
234869
234872
234879
234887
234891
234896
234904
234916
234918
234924
234937
234956
234958
234960
234965
234966
234977
234981
235013
235016
235019
235020
235022
235030
235036
235062
235063
235075
235079
235082
235086
235092
235093
235094
235100
235115
235116
235120
235130
235132
235133
235138
235139
235140
235143
235154
235155
235162
235164
235165
235181
235185
235189
235190
235192
235193
235194
235197
235200
235203
235208
235209
235212
235219
235232
235237
235238
235244
235245
235273
235276
235291
235298
235299
235304
235306
235311
235330
235331
235333
235342
235359
235367
235375
235382
235389
235407
235409
235416
235417
235418
235420
235423
235424
235429
235432
235434
235440
235441
235444
235445
235450
235457
235458
235461
235467
235474
235476
235481
235487
235489
235503
235516
235519
235523
235524
235526
235560
235577
235578
235579
235581
235582
235592
235594
235595
235597
235599
235638
235641
235648
235658
235660
235668
235671
235673
235674
235680
235696
235697
235703
235710
235723
235726
235727
235759
235768
235769
235777
235778
235779
235782
235801
235810
235826
235827
235829
235833
235834
235838
235839
235840
235844
235877
235884
235889
235891
235892
235896
235911
235913
235920
235941
235946
235947
235948
235955
235958
235986
235989
235996
235998
235999
236000
236001
236004
236016
236018
236022
236032
236033
236055
236056
236060
236061
236063
236072
236084
236108
236112
236116
236120
236121
236126
236127
236129
236131
236140
236143
236145
236158
236161
236167
236168
236174
236175
236176
236177
236181
236182
236187
236191
236194
236197
236200
236216
236218
236222
236223
236224
236230
236241
236246
236257
236271
236277
236278
236279
236280
236284
236292
236294
236296
236297
236305
236306
236313
236335
236338
236351
236352
236360
236362
236370
236387
236392
236393
236399
236436
236451
236454
236457
236459
236461
236462
236464
236473
236482
236493
236494
236497
236502
236503
236509
236510
236511
236513
236514
236516
236526
236527
236571
236576
236577
236607
236617
236628
236629
236630
236633
236640
236641
236644
236649
236651
236684
236685
236689
236690
236691
236692
236695
236706
236735
236737
236743
236745
236746
236762
236764
236772
236775
236789
236790
236791
236801
236802
236810
236813
236814
236822
236848
236865
236875
236876
236877
236881
236884
236888
236891
236905
236906
236908
236914
236917
236923
236924
236926
236927
236933
236934
236941
236942
236943
236944
236952
236953
236966
236974
236979
236985
236994
236995
237001
237005
237027
237031
237032
237041
237051
237052
237057
237058
237064
237065
237076
237084
237089
237093
237096
237097
237114
237117
237124
237125
237126
237136
237137
237157
237168
237174
237178
237180
237186
237187
237191
237195
237219
237229
237231
237232
237233
237239
237244
237250
237254
237256
237270
237272
237275
237287
237289
237293
237295
237305
237309
237315
237316
237320
237321
237322
237323
237344
237345
237346
237347
237352
237360
237362
237363
237371
237379
237390
237396
237397
237401
237403
237411
237415
237417
237419
237438
237444
237459
237460
237466
237467
237474
237476
237481
237482
237487
237491
237494
237511
237519
237520
237523
237524
237528
237536
237543
237544
237558
237559
237575
237576
237577
237583
237584
237585
237592
237593
237595
237597
237600
237610
237616
237621
237622
237623
237624
237625
237626
237634
237636
237642
237643
237651
237675
237684
237688
237689
237694
237696
237705
237707
237717
237718
237719
237730
237754
237760
237763
237764
237766
237768
237782
237784
237814
237815
237822
237829
237830
237833
237838
237840
237876
237877
237878
237880
237883
237887
237888
237895
237903
237904
237940
237941
237947
237949
237950
237954
237955
237959
237960
237976
237983
238003
238010
238011
238020
238027
238029
238058
238059
238060
238063
238072
238073
238099
238115
238116
238120
238121
238122
238130
238133
238141
238160
238169
238180
238182
238189
238190
238199
238240
238241
238242
238250
238255
238256
238261
238265
238266
238298
238299
238309
238310
238315
238317
238320
238327
238341
238342
238343
238360
238367
238368
238369
238370
238376
238381
238387
238390
238395
238412
238419
238421
238423
238430
238432
238448
238453
238469
238471
238473
238474
238477
238483
238484
238485
238494
238497
238499
238501
238504
238531
238532
238533
238534
238535
238536
238541
238545
238546
238547
238549
238553
238555
238572
238581
238584
238603
238604
238611
238616
238617
238620
238624
238625
238626
238627
238630
238632
238655
238658
238682
238685
238686
238687
238691
238692
238694
238696
238704
238715
238742
238743
238747
238752
238755
238765
238808
238809
238813
238814
238815
238816
238820
238822
238830
238835
238836
238838
238844
238846
238847
238869
238876
238877
238878
238883
238889
238904
238910
238911
238912
238913
238925
238926
238940
238941
238942
238945
238946
238953
238956
238958
238963
238964
238966
238968
238969
238972
238976
238987
238988
238990
238994
238996
239004
239005
239011
239020
239032
239041
239058
239059
239060
239070
239080
239085
239091
239094
239102
239134
239139
239145
239147
239153
239159
239164
239174
239175
239198
239206
239216
239224
239228
239230
239240
239241
239259
239266
239269
239273
239274
239275
239279
239283
239285
239340
239341
239342
239350
239356
239360
239364
239375
239401
239402
239409
239410
239411
239456
239457
239460
239464
239470
239481
239490
239508
239513
239516
239519
239524
239525
239526
239546
239552
239561
239565
239569
239570
239572
239575
239581
239582
239588
239628
239632
239637
239640
239643
239644
239646
239683
239684
239690
239692
239693
239695
239701
239702
239705
239706
239708
239709
239715
239716
239719
239721
239722
239723
239724
239728
239729
239735
239748
239766
239767
239768
239773
239774
239780
239783
239784
239811
239826
239830
239835
239836
239843
239852
239853
239856
239866
239876
239881
239882
239884
239886
239887
239888
239890
239892
239893
239897
239904
239906
239910
239927
239939
239941
239944
239945
239957
239958
239959
239980
239981
240003
240004
240005
240008
240010
240011
240013
240016
240030
240042
240050
240052
240055
240057
240058
240059
240070
240078
240083
240089
240107
240112
240126
240134
240137
240151
240160
240161
240165
240169
240170
240172
240184
240185
240187
240188
240191
240192
240197
240198
240199
240205
240245
240256
240258
240259
240262
240264
240265
240266
240283
240291
240312
240313
240331
240333
240334
240337
240341
240347
240364
240370
240371
240373
240376
240377
240385
240386
240389
240398
240404
240405
240416
240419
240420
240423
240424
240425
240427
240435
240438
240463
240475
240478
240484
240485
240490
240491
240494
240496
240497
240501
240504
240505
240524
240535
240536
240538
240542
240548
240552
240554
240558
240559
240560
240574
240576
240580
240598
240599
240607
240613
240621
240627
240634
240647
240649
240650
240656
240672
240675
240676
240683
240688
240693
240694
240695
240705
240733
240736
240738
240739
240740
240747
240752
240754
240759
240775
240788
240806
240809
240810
240811
240825
240826
240828
240830
240838
240857
240865
240883
240884
240885
240886
240893
240911
240914
240922
240925
240943
240944
240947
240950
240953
240954
240955
240956
240957
240959
240960
240975
240976
240991
240997
240998
240999
241000
241001
241004
241005
241006
241007
241009
241010
241017
241019
241022
241029
241035
241036
241066
241071
241076
241079
241083
241084
241091
241093
241110
241111
241119
241122
241132
241133
241135
241139
241142
241143
241149
241150
241151
241155
241157
241158
241182
241190
241194
241199
241212
241213
241228
241234
241236
241239
241244
241247
241248
241249
241256
241271
241272
241273
241280
241308
241309
241311
241314
241315
241316
241323
241326
241332
241334
241347
241358
241387
241396
241397
241399
241400
241405
241406
241411
241412
241431
241434
241435
241452
241455
241456
241459
241460
241462
241465
241466
241473
241474
241475
241482
241489
241490
241491
241498
241518
241521
241524
241525
241526
241527
241528
241536
241537
241538
241542
241543
241547
241548
241549
241551
241552
241568
241581
241589
241591
241595
241598
241605
241606
241607
241611
241624
241630
241645
241646
241649
241660
241662
241674
241675
241676
241686
241700
241724
241728
241729
241730
241736
241737
241773
241774
241783
241788
241806
241818
241819
241821
241830
241834
241835
241842
241843
241845
241853
241855
241857
241858
241866
241875
241877
241879
241888
241917
241921
241923
241931
241932
241936
241939
241941
241945
241960
241966
241977
241978
241980
241986
241987
241994
241998
241999
242007
242008
242022
242027
242039
242041
242042
242044
242052
242058
242059
242063
242066
242073
242074
242077
242093
242100
242111
242113
242115
242125
242126
242127
242128
242133
242134
242135
242136
242137
242144
242147
242153
242154
242155
242164
242185
242188
242189
242190
242191
242202
242203
242205
242210
242211
242214
242220
242223
242224
242229
242231
242236
242238
242253
242259
242260
242261
242269
242277
242287
242305
242331
242332
242333
242335
242339
242340
242342
242343
242346
242357
242360
242362
242382
242387
242400
242402
242404
242406
242423
242440
242451
242453
242457
242468
242471
242474
242476
242484
242490
242491
242501
242510
242512
242531
242536
242537
242540
242541
242545
242552
242566
242568
242574
242582
242591
242595
242597
242599
242602
242603
242607
242609
242633
242634
242676
242677
242684
242685
242687
242689
242692
242698
242699
242700
242703
242716
242734
242737
242738
242742
242743
242744
242745
242752
242761
242771
242785
242796
242801
242802
242803
242804
242810
242811
242812
242813
242815
242824
242840
242850
242857
242861
242866
242867
242868
242869
242880
242889
242892
242907
242908
242927
242940
242942
242946
242947
242949
242951
242956
242958
242959
242962
242963
242972
243010
243011
243012
243013
243014
243018
243020
243024
243025
243028
243035
243036
243057
243068
243076
243077
243079
243080
243084
243085
243088
243090
243091
243092
243096
243097
243099
243100
243101
243102
243114
243123
243148
243149
243156
243157
243162
243166
243167
243168
243177
243183
243187
243193
243196
243208
243210
243216
243217
243219
243220
243224
243226
243238
243246
243253
243262
243271
243272
243273
243284
243285
243290
243293
243298
243308
243315
243319
243332
243342
243344
243349
243351
243355
243357
243361
243366
243376
243380
243394
243396
243407
243417
243418
243424
243426
243437
243438
243439
243440
243444
243449
243453
243489
243491
243495
243496
243498
243499
243500
243502
243508
243510
243512
243515
243518
243526
243528
243533
243563
243568
243571
243575
243587
243605
243627
243629
243632
243637
243638
243639
243641
243643
243645
243650
243661
243662
243667
243668
243679
243693
243719
243724
243725
243726
243727
243728
243730
243736
243737
243739
243740
243741
243747
243748
243765
243789
243796
243798
243802
243803
243805
243812
243813
243814
243816
243819
243829
243835
243836
243841
243844
243856
243863
243869
243879
243880
243881
243892
243893
243902
243903
243933
243935
243938
243941
243943
243946
243948
243949
243957
243965
243978
243987
244012
244013
244014
244020
244032
244036
244039
244041
244048
244060
244068
244075
244079
244083
244085
244087
244089
244090
244101
244124
244125
244144
244145
244146
244147
244148
244149
244153
244154
244155
244156
244163
244170
244174
244178
244180
244188
244191
244195
244205
244217
244218
244219
244220
244225
244228
244229
244231
244236
244249
244261
244264
244287
244288
244299
244306
244308
244310
244311
244315
244317
244330
244353
244368
244370
244387
244398
244403
244404
244407
244411
244414
244434
244448
244451
244452
244457
244462
244464
244467
244468
244476
244480
244483
244485
244505
244527
244528
244529
244532
244540
244541
244543
244544
244553
244554
244572
244611
244615
244625
244628
244631
244632
244633
244636
244637
244641
244642
244647
244652
244659
244675
244676
244682
244694
244695
244701
244702
244705
244717
244719
244726
244727
244728
244729
244758
244759
244762
244764
244765
244769
244773
244774
244789
244797
244805
244806
244834
244839
244840
244841
244845
244854
244857
244859
244866
244881
244896
244919
244920
244924
244926
244928
244935
244941
244942
244952
244955
244958
244960
244965
244972
244978
244980
244982
244983
244992
244996
244997
244998
244999
245002
245003
245029
245038
245045
245046
245048
245056
245057
245058
245064
245066
245070
245080
245082
245083
245090
245097
245113
245117
245120
245121
245122
245123
245124
245125
245128
245129
245132
245135
245136
245144
245145
245146
245151
245161
245167
245180
245182
245196
245197
245198
245199
245206
245207
245208
245217
245218
245234
245235
245270
245271
245274
245275
245276
245277
245278
245279
245286
245292
245294
245302
245313
245320
245333
245335
245341
245342
245345
245346
245347
245357
245359
245360
245362
245374
245376
245384
245385
245402
245406
245428
245439
245440
245442
245449
245457
245462
245500
245502
245504
245505
245511
245512
245513
245514
245530
245539
245563
245577
245579
245580
245582
245586
245587
245593
245594
245596
245599
245607
245608
245610
245611
245613
245618
245619
245627
245642
245655
245658
245659
245666
245682
245684
245717
245720
245721
245727
245740
245744
245748
245787
245795
245796
245798
245804
245805
245806
245807
245826
245835
245857
245862
245869
245872
245875
245879
245882
245885
245889
245894
245896
245910
245938
245939
245941
245943
245948
245957
245959
245960
245981
245982
245983
245995
246016
246024
246027
246028
246029
246036
246050
246053
246054
246055
246057
246058
246069
246077
246078
246081
246098
246114
246115
246120
246124
246125
246131
246132
246136
246137
246138
246147
246149
246151
246154
246163
246166
246176
246206
246207
246215
246216
246217
246220
246223
246231
246232
246235
246236
246237
246241
246259
246260
246261
246262
246283
246296
246301
246305
246309
246322
246348
246349
246354
246355
246356
246357
246366
246381
246385
246388
246389
246390
246397
246402
246415
246433
246437
246438
246445
246446
246451
246462
246464
246465
246488
246489
246500
246503
246519
246522
246525
246526
246554
246558
246561
246572
246576
246585
246586
246587
246591
246595
246602
246603
246605
246610
246628
246633
246634
246637
246646
246647
246657
246669
246676
246684
246686
246688
246701
246712
246719
246720
246728
246732
246733
246746
246753
246768
246781
246782
246786
246787
246792
246793
246796
246803
246807
246808
246809
246810
246811
246812
246813
246814
246815
246816
246817
246818
246819
246820
246821
246822
246823
246824
246825
246826
246827
246828
246829
246830
246831
246832
246833
246834
246835
246836
246838
246839
246840
246841
246842
246843
246844
246845
246846
246847
246848
246849
246850
246851
246852
246853
246854
246855
246856
246857
246858
246859
246860
246861
246862
246863
246864
246865
246866
246868
246869
246870
246871
246872
246873
246874
246876
246877
246878
246879
246880
246881
246882
246883
246884
246885
246886
246887
246888
246889
246890
246891
246892
246893
246894
246895
246896
246897
246898
246899
246900
246901
246902
246903
246904
246905
246906
246907
246908
246909
246910
246911
246912
246913
246914
246915
246916
246917
246918
246919
246920
246921
246922
246923
246924
246925
246926
246927
246928
246929
246930
246931
246932
246933
246934
246935
246936
246937
246938
246939
246940
246941
246942
246943
246944
246945
246946
246947
246949
246950
246951
246952
246953
246954
246955
246956
246957
246958
246959
246960
246961
246962
246963
246964
246965
246966
246967
246968
246969
246970
246971
246972
246973
246974
246975
246976
246977
246978
246979
246980
246981
246982
246983
246985
246986
246987
246988
246989
246990
246991
246992
246993
246994
246995
246996
246997
246998
246999
247000
247001
247002
247003
247004
247005
247006
247007
247008
247009
247010
247011
247012
247013
247014
247015
247016
247017
247018
247019
247020
247021
247022
247023
247024
247025
247026
247027
247028
247029
247030
247031
247032
247033
247034
247035
247036
247037
247038
247039
247040
247041
247042
247043
247044
247045
247046
247047
247049
247050
247051
247052
247053
247054
247055
247056
247057
247058
247059
247060
247062
247063
247064
247065
247066
247067
247068
247069
247070
247072
247073
247074
247075
247076
247077
247078
247079
247080
247081
247082
247084
247085
247086
247087
247088
247089
247090
247091
247092
247095
247096
247097
247098
247099
247100
247101
247102
247103
247104
247106
247107
247108
247109
247110
247111
247112
247113
247114
247115
247117
247118
247119
247120
247121
247123
247124
247125
247126
247127
247129
247130
247131
247132
247133
247134
247135
247136
247137
247138
247139
247140
247141
247142
247143
247144
247145
247146
247147
247148
247149
247150
247151
247152
247153
247154
247156
247157
247158
247159
247160
247161
247162
247163
247164
247165
247166
247167
247168
247169
247170
247171
247173
247174
247175
247176
247177
247178
247179
247180
247181
247182
247183
247184
247185
247186
247187
247188
247189
247190
247191
247192
247193
247194
247195
247197
247198
247199
247200
247201
247202
247203
247204
247205
247206
247207
247208
247209
247210
247211
247212
247213
247214
247215
247216
247217
247218
247219
247220
247221
247222
247223
247224
247225
247226
247227
247228
247229
247230
247231
247232
247233
247234
247235
247236
247237
247238
247239
247240
247241
247242
247243
247244
247245
247246
247247
247248
247249
247250
247251
247252
247253
247254
247255
247256
247257
247258
247259
247260
247261
247262
247263
247264
247265
247266
247267
247268
247269
247270
247271
247272
247273
247274
247275
247276
247277
247278
247279
247280
247281
247282
247283
247284
247285
247286
247287
247288
247289
247290
247291
247292
247293
247294
247295
247296
247297
247298
247299
247300
247301
247302
247303
247304
247305
247306
247307
247308
247309
247310
247311
247312
247313
247314
247315
247316
247317
247318
247319
247320
247321
247322
247323
247324
247325
247326
247327
247328
247329
247330
247331
247332
247333
247334
247335
247336
247337
247338
247339
247340
247341
247342
247343
247344
247345
247346
247347
247348
247349
247350
247351
247352
247353
247354
247355
247356
247357
247358
247359
247360
247361
247362
247363
247364
247365
247366
247367
247368
247369
247370
247371
247372
247373
247374
247375
247376
247377
247378
247379
247380
247381
247382
247383
247384
247385
247386
247387
247388
247389
247390
247391
247392
247393
247394
247395
247396
247397
247398
247399
247400
247401
247402
247403
247404
247405
247406
247407
247408
247409
247410
247411
247412
247413
247414
247415
247416
247417
247418
247419
247420
247421
247422
247423
247424
247425
247426
247427
247428
247429
247430
247431
247432
247433
247434
247435
247436
247437
247438
247439
247440
247441
247442
247443
247444
247445
247446
247447
247448
247449
247450
247451
247452
247453
247454
247455
247456
247457
247458
247459
247460
247461
247462
247463
247464
247465
247466
247467
247468
247469
247470
247471
247472
247473
247474
247475
247476
247477
247478
247479
247480
247481
247482
247483
247484
247485
247486
247487
247488
247489
247490
247491
247492
247493
247494
247495
247496
247497
247498
247499
247500
247501
247502
247503
247504
247505
247506
247507
247508
247509
247510
247511
247512
247513
247514
247515
247516
247517
247518
247519
247520
247521
247522
247523
247524
247525
247526
247527
247528
247529
247530
247531
247532
247533
247534
247535
247536
247537
247538
247539
247540
247541
247542
247543
247544
247545
247546
247547
247548
247549
247550
247551
247552
247553
247554
247555
247556
247557
247558
247559
247560
247561
247562
247563
247564
247565
247566
247567
247568
247569
247570
247571
247572
247573
247575
247576
247577
247578
247579
247580
247581
247582
247583
247584
247585
247586
247587
247588
247589
247590
247591
247592
247593
247594
247595
247596
247597
247598
247599
247600
247601
247602
247603
247604
247605
247606
247607
247608
247609
247610
247611
247612
247613
247614
247615
247616
247617
247618
247619
247620
247621
247622
247623
247624
247625
247626
247627
247628
247629
247630
247631
247632
247633
247634
247635
247636
247637
247638
247639
247640
247641
247642
247643
247644
247645
247646
247647
247648
247649
247650
247651
247652
247653
247654
247655
247656
247657
247658
247659
247660
247661
247662
247663
247664
247665
247666
247667
247668
247669
247670
247671
247672
247673
247674
247675
247676
247677
247678
247679
247680
247681
247682
247683
247684
247685
247686
247687
247688
247689
247690
247691
247692
247693
247694
247695
247696
247697
247698
247699
247700
247701
247702
247703
247704
247705
247706
247707
247708
247709
247710
247711
247712
247713
247714
247715
247716
247717
247718
247719
247720
247721
247722
247723
247724
247725
247726
247727
247728
247729
247730
247731
247732
247733
247734
247735
247736
247737
247738
247739
247740
247741
247742
247743
247744
247745
247746
247747
247748
247749
247750
247751
247752
247753
247754
247755
247756
247757
247758
247759
247760
247761
247762
247763
247764
247765
247766
247767
247768
247769
247770
247771
247772
247773
247774
247775
247776
247777
247778
247779
247780
247781
247782
247783
247784
247785
247786
247787
247788
247789
247790
247791
247792
247793
247794
247795
247796
247797
247798
247799
247800
247801
247803
247804
247805
247806
247807
247808
247809
247810
247811
247812
247813
247814
247815
247816
247817
247818
247819
247820
247821
247822
247823
247824
247825
247827
247828
247829
247830
247831
247832
247833
247834
247835
247836
247837
247838
247839
247840
247841
247842
247843
247844
247845
247846
247847
247848
247849
247850
247851
247852
247853
247854
247855
247856
247857
247858
247859
247860
247861
247862
247863
247864
247865
247866
247867
247868
247869
247870
247871
247872
247873
247874
247875
247876
247877
247878
247879
247880
247881
247882
247883
247884
247885
247886
247887
247888
247889
247890
247891
247892
247893
247894
247895
247896
247897
247898
247899
247900
247901
247902
247903
247904
247905
247906
247907
247908
247909
247910
247911
247912
247913
247914
247915
247916
247917
247918
247919
247920
247921
247922
247923
247924
247925
247926
247927
247928
247929
247930
247931
247932
247933
247934
247935
247936
247937
247938
247939
247940
247941
247942
247943
247944
247945
247946
247947
247948
247949
247950
247951
247952
247953
247954
247955
247956
247957
247958
247959
247960
247961
247962
247963
247964
247965
247966
247967
247968
247969
247970
247971
247972
247973
247974
247975
247976
247977
247978
247979
247981
247982
247983
247984
247985
247986
247987
247988
247989
247990
247991
247992
247993
247994
247995
247996
247997
247998
247999
248000
248001
248002
248003
248004
248005
248006
248007
248008
248009
248010
248011
248012
248013
248014
248015
248016
248017
248018
248019
248020
248021
248022
248023
248024
248025
248026
248027
248028
248029
248030
248031
248033
248034
248035
248036
248037
248038
248039
248041
248042
248043
248044
248045
248046
248047
248048
248049
248050
248051
248052
248053
248054
248055
248056
248057
248058
248059
248060
248061
248062
248063
248064
248065
248066
248067
248068
248069
